country,state,city,station,last_update,latitude,longitude,pollutant_id,pollutant_min,pollutant_max,pollutant_avg
India,Bihar,Patna,"DRM Office Danapur, Patna - BSPCB","11-09-2026 05:00:00",25.586562,85.043586,OZONE,16,54,30
India,Bihar,Patna,"IGSC Planetarium Complex, Patna - BSPCB","11-09-2026 05:00:00",25.610369,85.132568,NO2,3,8,5
India,Bihar,Patna,"Govt. High School Shikarpur, Patna - BSPCB","11-09-2026 05:00:00",25.592539,85.227158,PM2.5,37,46,41
India,Bihar,Purnia,"Mariam Nagar, Purnia - BSPCB","11-09-2026 05:00:00",25.366336,87.117468,SO2,16,17,16
India,Bihar,Rajgir,"Dangi Tola, Rajgir - BSPCB","11-09-2026 05:00:00",25.0328,85.41948,PM2.5,22,72,26
India,Bihar,Rajgir,"Dangi Tola, Rajgir - BSPCB","11-09-2026 05:00:00",25.0328,85.41948,NH3,3,3,3
India,Bihar,Samastipur,"DM Office_Kasipur, Samastipur - BSPCB","11-09-2026 05:00:00",25.859655,85.77944,NO2,8,9,8
India,Bihar,Samastipur,"DM Office_Kasipur, Samastipur - BSPCB","11-09-2026 05:00:00",25.859655,85.77944,OZONE,5,6,6
India,Bihar,Sasaram,"Dada Peer, Sasaram - BSPCB","11-09-2026 05:00:00",24.952822,84.002396,SO2,1,7,4
India,Bihar,Sasaram,"Dada Peer, Sasaram - BSPCB","11-09-2026 05:00:00",24.952822,84.002396,CO,4,20,11
India,Chandigarh,Chandigarh,"Sector-25, Chandigarh - CPCC","11-09-2026 05:00:00",30.751462,76.762879,NH3,9,15,11
India,Chhattisgarh,Bhilai,"Civic Center, Bhilai - Bhilai Steel Plant","11-09-2026 05:00:00",21.185571,81.343175,NO2,15,16,16
India,"Andhra Pradesh",Tirumala,"Toll Gate, Tirumala - APPCB","11-09-2026 05:00:00",13.67,79.35,PM10,36,151,63
India,"Andhra Pradesh",Tirumala,"Toll Gate, Tirumala - APPCB","11-09-2026 05:00:00",13.67,79.35,NH3,2,4,3
India,"Andhra Pradesh",Tirumala,"Toll Gate, Tirumala - APPCB","11-09-2026 05:00:00",13.67,79.35,SO2,3,9,5
India,"Andhra Pradesh",Tirumala,"Toll Gate, Tirumala - APPCB","11-09-2026 05:00:00",13.67,79.35,CO,16,33,20
India,"Andhra Pradesh",Tirupati,"Vaikuntapuram, Tirupati - APPCB","11-09-2026 05:00:00",13.615387,79.40923,CO,26,30,28
India,"Andhra Pradesh",Vijayawada,"Rajiv Nagar, Vijayawada - APPCB","11-09-2026 05:00:00",16.554731,80.64911,PM10,52,86,61
India,"Andhra Pradesh",Vijayawada,"Rajiv Nagar, Vijayawada - APPCB","11-09-2026 05:00:00",16.554731,80.64911,CO,24,25,24
India,"Andhra Pradesh",Vijayawada,"HB Colony, Vijayawada - APPCB","11-09-2026 05:00:00",16.536107,80.594233,PM2.5,47,62,56
India,"Andhra Pradesh",Vijayawada,"Rajiv Gandhi Park, Vijayawada - APPCB","11-09-2026 05:00:00",16.509717,80.612222,SO2,11,16,14
India,"Andhra Pradesh",Visakhapatnam,"GVM Corporation, Visakhapatnam - APPCB","11-09-2026 05:00:00",17.72,83.3,PM2.5,9,94,49
India,"Andhra Pradesh",Visakhapatnam,"GVM Corporation, Visakhapatnam - APPCB","11-09-2026 05:00:00",17.72,83.3,NO2,15,134,66
India,"Andhra Pradesh",Visakhapatnam,"GVM Corporation, Visakhapatnam - APPCB","11-09-2026 05:00:00",17.72,83.3,NH3,2,3,2
India,Bihar,Araria,"Kharahiya Basti, Araria - BSPCB","11-09-2026 05:00:00",26.146529,87.454184,SO2,16,24,21
India,Bihar,Araria,"Kharahiya Basti, Araria - BSPCB","11-09-2026 05:00:00",26.146529,87.454184,OZONE,35,44,38
India,Bihar,Arrah,"New DM Office, Arrah - BSPCB","11-09-2026 05:00:00",25.5626095,84.663264,OZONE,5,14,7
India,Bihar,Begusarai,"Lohiyanagar, Begusarai - BSPCB","11-09-2026 05:00:00",25.42742023,86.13886079,NH3,2,3,3
India,Bihar,Bettiah,"Kamalnath Nagar, Bettiah - BSPCB","11-09-2026 05:00:00",26.80365,84.51954,NO2,18,40,27
India,Bihar,Bhagalpur,"Mayaganj, Bhagalpur - BSPCB","11-09-2026 05:00:00",25.265194,87.012947,PM10,21,176,45
India,Bihar,Bhagalpur,"DM Office_Kachari Chowk, Bhagalpur - BSPCB","11-09-2026 05:00:00",25.251013,86.989001,SO2,13,29,22
India,Bihar,"Bihar Sharif","D M Colony, Bihar Sharif - BSPCB","11-09-2026 05:00:00",25.204762,85.51496,NO2,9,10,9
India,Bihar,"Bihar Sharif","D M Colony, Bihar Sharif - BSPCB","11-09-2026 05:00:00",25.204762,85.51496,SO2,13,14,13
India,Bihar,Chhapra,"Darshan Nagar, Chhapra - BSPCB","11-09-2026 05:00:00",25.7808257,84.7446768,CO,79,94,85
India,Bihar,Gaya,"Kareemganj, Gaya - BSPCB","11-09-2026 05:00:00",24.792403,84.992416,SO2,44,48,47
India,Bihar,Gaya,"SFTI Kusdihra, Gaya - BSPCB","11-09-2026 05:00:00",24.762518,84.982348,NH3,4,7,6
India,Bihar,Gaya,"Collectorate, Gaya - BSPCB","11-09-2026 05:00:00",24.7955,84.9994,PM2.5,3,193,61
India,Bihar,Hajipur,"Industrial Area, Hajipur - BSPCB","11-09-2026 05:00:00",25.697189,85.2459,PM2.5,12,72,46
India,Bihar,Hajipur,"Industrial Area, Hajipur - BSPCB","11-09-2026 05:00:00",25.697189,85.2459,OZONE,18,26,21
India,Bihar,Katihar,"Mirchaibari, Katihar - BSPCB","11-09-2026 05:00:00",25.560083,87.553265,NH3,1,1,1
India,Bihar,Katihar,"Mirchaibari, Katihar - BSPCB","11-09-2026 05:00:00",25.560083,87.553265,CO,73,93,81
India,Assam,Guwahati,"Railway Colony, Guwahati - PCBA","11-09-2026 05:00:00",26.181742,91.78063,NH3,1,1,1
India,Assam,Guwahati,"Railway Colony, Guwahati - PCBA","11-09-2026 05:00:00",26.181742,91.78063,CO,19,25,22
India,Assam,Nagaon,"Christianpatty, Nagaon - PCBA","11-09-2026 05:00:00",26.349082,92.68449,OZONE,9,15,13
India,Assam,Nalbari,"Bata Chowk, Nalbari - PCBA","11-09-2026 05:00:00",26.446912,91.439057,PM2.5,31,111,74
India,Assam,Silchar,"Tarapur, Silchar - PCBA","11-09-2026 05:00:00",24.82827,92.79525,PM2.5,36,37,37
India,Assam,Sivasagar,"Girls College, Sivasagar - PCBA","11-09-2026 05:00:00",26.987634,94.636574,PM2.5,19,51,34
India,Assam,Sivasagar,"Girls College, Sivasagar - PCBA","11-09-2026 05:00:00",26.987634,94.636574,PM10,28,51,40
India,"Andhra Pradesh",Kurnool,"Sita Rama Nagar, Kurnool - APPCB","11-09-2026 05:00:00",15.83411,78.028546,PM2.5,39,69,55
India,"Andhra Pradesh",Kurnool,"Sita Rama Nagar, Kurnool - APPCB","11-09-2026 05:00:00",15.83411,78.028546,NH3,5,5,5
India,"Andhra Pradesh",Machilipatnam,"Srinivas Nagar Colony, Machilipatnam - APPCB","11-09-2026 05:00:00",16.186555,81.13219,CO,21,24,23
India,"Andhra Pradesh",Nellore,"Ambedkar Nagar, Nellore - APPCB ","11-09-2026 05:00:00",14.438164,79.966814,SO2,9,18,13
India,"Andhra Pradesh",Rajamahendravaram,"Anand Kala Kshetram, Rajamahendravaram - APPCB","11-09-2026 05:00:00",16.9872867,81.7363176,PM10,31,86,59
India,"Andhra Pradesh",Rajamahendravaram,"Anand Kala Kshetram, Rajamahendravaram - APPCB","11-09-2026 05:00:00",16.9872867,81.7363176,CO,11,21,16
India,Bihar,Manguraha,"Forest Rest House, Manguraha - BSPCB","11-09-2026 05:00:00",27.308328,84.531742,NO2,19,52,31
India,Bihar,Motihari,"Gandak Colony, Motihari - BSPCB","11-09-2026 05:00:00",26.63086,84.90051,NH3,1,1,1
India,Bihar,Munger,"Town Hall, Munger - BSPCB","11-09-2026 05:00:00",25.376776,86.471523,PM10,NA,NA,NA
India,Bihar,Munger,"Town Hall, Munger - BSPCB","11-09-2026 05:00:00",25.376776,86.471523,CO,35,36,36
India,Bihar,Muzaffarpur,"MIT-Daudpur Kothi, Muzaffarpur - BSPCB","11-09-2026 05:00:00",26.1403345,85.3650192,NH3,1,1,1
India,Assam,Byrnihat,"Central Academy for SFS, Byrnihat - PCBA","11-09-2026 05:00:00",26.071318,91.87488,NH3,4,6,4
India,Assam,Byrnihat,"Central Academy for SFS, Byrnihat - PCBA","11-09-2026 05:00:00",26.071318,91.87488,OZONE,17,18,17
India,Assam,Guwahati,"LGBI Airport, Guwahati - PCBA","11-09-2026 05:00:00",26.10887,91.589544,NO2,2,15,13
India,Assam,Guwahati,"LGBI Airport, Guwahati - PCBA","11-09-2026 05:00:00",26.10887,91.589544,CO,26,33,31
India,Assam,Guwahati,"Pan Bazaar, Guwahati - PCBA","11-09-2026 05:00:00",26.1875,91.744194,NO2,NA,NA,NA
India,"Andhra Pradesh",Guntur,"Rajendra Nagar North, Guntur - APPCB","11-09-2026 05:00:00",16.316553,80.413302,NO2,30,83,42
India,"Andhra Pradesh",Kadapa,"Yerramukkapalli, Kadapa - APPCB","11-09-2026 05:00:00",14.465052,78.824187,PM10,54,68,60
India,"Andhra Pradesh",Kakinada,"Rama Rao Peta, Kakinada - APPCB","11-09-2026 05:00:00",16.962488,82.229513,NO2,14,45,31
India,"Andhra Pradesh",Amaravati,"Secretariat, Amaravati - APPCB","11-09-2026 05:00:00",16.5150833,80.5181667,PM10,43,109,80
India,"Andhra Pradesh",Amaravati,"Secretariat, Amaravati - APPCB","11-09-2026 05:00:00",16.5150833,80.5181667,NH3,4,6,5
India,"Andhra Pradesh",Amaravati,"Secretariat, Amaravati - APPCB","11-09-2026 05:00:00",16.5150833,80.5181667,SO2,4,20,11
India,Delhi,Delhi,"Cantonment Area, Delhi - DPCC","11-09-2026 05:00:00",28.594169,77.1251,PM2.5,NA,NA,NA
India,Delhi,Delhi,"Cantonment Area, Delhi - DPCC","11-09-2026 05:00:00",28.594169,77.1251,NH3,2,4,3
India,Delhi,Delhi,"Major Dhyan Chand National Stadium, Delhi - DPCC","11-09-2026 05:00:00",28.611281,77.237738,PM2.5,2,55,28
India,Delhi,Delhi,"Major Dhyan Chand National Stadium, Delhi - DPCC","11-09-2026 05:00:00",28.611281,77.237738,PM10,81,120,105
India,Delhi,Delhi,"Major Dhyan Chand National Stadium, Delhi - DPCC","11-09-2026 05:00:00",28.611281,77.237738,SO2,3,9,5
India,Delhi,Delhi,"Major Dhyan Chand National Stadium, Delhi - DPCC","11-09-2026 05:00:00",28.611281,77.237738,CO,74,100,86
India,Delhi,Delhi,"Sonia Vihar, Delhi - DPCC","11-09-2026 05:00:00",28.710508,77.249485,CO,73,101,83
India,Delhi,Delhi,"Okhla Phase-2, Delhi - DPCC","11-09-2026 05:00:00",28.530785,77.271255,NH3,2,10,5
India,Delhi,Delhi,"Okhla Phase-2, Delhi - DPCC","11-09-2026 05:00:00",28.530785,77.271255,SO2,5,11,8
India,Delhi,Delhi,"Rohini, Delhi - DPCC","11-09-2026 05:00:00",28.732528,77.11992,PM10,100,177,140
India,Delhi,Delhi,"Rohini, Delhi - DPCC","11-09-2026 05:00:00",28.732528,77.11992,SO2,9,11,10
India,Delhi,Delhi,"Rohini, Delhi - DPCC","11-09-2026 05:00:00",28.732528,77.11992,OZONE,13,40,19
India,Delhi,Delhi,"Vivek Vihar, Delhi - DPCC","11-09-2026 05:00:00",28.672342,77.31526,OZONE,12,17,13
India,Delhi,Delhi,"Jahangirpuri, Delhi - DPCC","11-09-2026 05:00:00",28.73282,77.170633,PM2.5,10,237,84
India,Delhi,Delhi,"Jahangirpuri, Delhi - DPCC","11-09-2026 05:00:00",28.73282,77.170633,PM10,109,182,143
India,Delhi,Delhi,"Jahangirpuri, Delhi - DPCC","11-09-2026 05:00:00",28.73282,77.170633,CO,52,67,56
India,Delhi,Delhi,"Jahangirpuri, Delhi - DPCC","11-09-2026 05:00:00",28.73282,77.170633,OZONE,11,12,12
India,Delhi,Delhi,"IHBAS, Dilshad Garden, Delhi - CPCB","11-09-2026 05:00:00",28.6811736,77.3025234,NH3,4,5,5
India,Delhi,Delhi,"Sri Aurobindo Marg, Delhi - DPCC","11-09-2026 05:00:00",28.531346,77.190156,PM10,79,143,105
India,Delhi,Delhi,"Nehru Nagar, Delhi - DPCC","11-09-2026 05:00:00",28.56789,77.250515,SO2,3,109,13
India,Delhi,Delhi,"Nehru Nagar, Delhi - DPCC","11-09-2026 05:00:00",28.56789,77.250515,CO,25,89,60
India,Delhi,Delhi,"Nehru Nagar, Delhi - DPCC","11-09-2026 05:00:00",28.56789,77.250515,OZONE,5,12,8
India,Delhi,Delhi,"Patparganj, Delhi - DPCC","11-09-2026 05:00:00",28.623763,77.287209,PM10,105,187,126
India,Delhi,Delhi,"Jawaharlal Nehru Stadium, Delhi - DPCC","11-09-2026 05:00:00",28.58028,77.233829,CO,101,110,106
India,Delhi,Delhi,"NSUT Jaffarpur, Delhi - DPCC","11-09-2026 05:00:00",28.594004,76.909423,PM10,67,137,103
India,Delhi,Delhi,"NSUT Jaffarpur, Delhi - DPCC","11-09-2026 05:00:00",28.594004,76.909423,OZONE,2,5,4
India,Delhi,Delhi,"Punjabi Bagh, Delhi - DPCC","11-09-2026 05:00:00",28.674045,77.131023,NO2,23,54,36
India,Delhi,Delhi,"Punjabi Bagh, Delhi - DPCC","11-09-2026 05:00:00",28.674045,77.131023,NH3,2,4,3
India,Delhi,Delhi,"Punjabi Bagh, Delhi - DPCC","11-09-2026 05:00:00",28.674045,77.131023,CO,36,74,51
India,Delhi,Delhi,"Wazirpur, Delhi - DPCC","11-09-2026 05:00:00",28.699793,77.165453,PM2.5,40,107,72
India,Delhi,Delhi,"Wazirpur, Delhi - DPCC","11-09-2026 05:00:00",28.699793,77.165453,PM10,133,374,180
India,Delhi,Delhi,"Wazirpur, Delhi - DPCC","11-09-2026 05:00:00",28.699793,77.165453,OZONE,4,7,5
India,Delhi,Delhi,"DTU, Delhi - CPCB","11-09-2026 05:00:00",28.7500499,77.1112615,PM2.5,28,277,83
India,Delhi,Delhi,"DTU, Delhi - CPCB","11-09-2026 05:00:00",28.7500499,77.1112615,SO2,30,32,31
India,Delhi,Delhi,"DTU, Delhi - CPCB","11-09-2026 05:00:00",28.7500499,77.1112615,CO,14,23,20
India,Delhi,Delhi,"Dwarka-Sector 8, Delhi - DPCC ","11-09-2026 05:00:00",28.5710274,77.0719006,CO,14,27,19
India,Delhi,Delhi,"Dr. Karni Singh Shooting Range, Delhi - DPCC","11-09-2026 05:00:00",28.498571,77.26484,OZONE,5,7,6
India,Delhi,Delhi,"IGI Airport (T3), Delhi - IITM","11-09-2026 05:00:00",28.5627763,77.1180053,NH3,NA,NA,NA
India,Delhi,Delhi,"IGNOU_Maidan Garhi, Delhi - DPCC","11-09-2026 05:00:00",28.493624,77.201159,NH3,1,8,4
India,Delhi,Delhi,"IGNOU_Maidan Garhi, Delhi - DPCC","11-09-2026 05:00:00",28.493624,77.201159,CO,62,75,70
India,Delhi,Delhi,"Commonwealth Sports Complex, Delhi - DPCC","11-09-2026 05:00:00",28.615828,77.271992,PM10,87,127,109
India,Delhi,Delhi,"Commonwealth Sports Complex, Delhi - DPCC","11-09-2026 05:00:00",28.615828,77.271992,SO2,1,9,3
India,Delhi,Delhi,"Talkatora Garden, Delhi - DPCC","11-09-2026 05:00:00",28.62181,77.1944633,PM10,72,119,102
India,Delhi,Delhi,"Talkatora Garden, Delhi - DPCC","11-09-2026 05:00:00",28.62181,77.1944633,NO2,8,44,26
India,Delhi,Delhi,"NSIT Dwarka, Delhi - CPCB","11-09-2026 05:00:00",28.60909,77.0325413,SO2,1,16,5
India,Delhi,Delhi,"Mundka, Delhi - DPCC","11-09-2026 05:00:00",28.684678,77.076574,PM2.5,15,103,47
India,Delhi,Delhi,"Mundka, Delhi - DPCC","11-09-2026 05:00:00",28.684678,77.076574,NH3,4,7,6
India,Delhi,Delhi,"Mundka, Delhi - DPCC","11-09-2026 05:00:00",28.684678,77.076574,CO,49,61,54
India,Delhi,Delhi,"Shadipur, Delhi - CPCB","11-09-2026 05:00:00",28.6514781,77.1473105,CO,27,74,46
India,Delhi,Delhi,"Pusa, Delhi - DPCC","11-09-2026 05:00:00",28.639652,77.146275,PM2.5,32,78,52
India,Delhi,Delhi,"Sirifort, Delhi - CPCB","11-09-2026 05:00:00",28.5504249,77.2159377,PM10,103,193,128
India,Delhi,Delhi,"Sirifort, Delhi - CPCB","11-09-2026 05:00:00",28.5504249,77.2159377,CO,49,61,57
India,Delhi,Delhi,"Sirifort, Delhi - CPCB","11-09-2026 05:00:00",28.5504249,77.2159377,OZONE,17,31,23
India,Delhi,Delhi,"Chandni Chowk, Delhi - IITM","11-09-2026 05:00:00",28.656756,77.227234,OZONE,2,6,3
India,Delhi,Delhi,"Ashok Vihar, Delhi - DPCC","11-09-2026 05:00:00",28.695381,77.181665,PM2.5,52,93,69
India,Delhi,Delhi,"Ashok Vihar, Delhi - DPCC","11-09-2026 05:00:00",28.695381,77.181665,PM10,111,169,139
India,Delhi,Delhi,"Ashok Vihar, Delhi - DPCC","11-09-2026 05:00:00",28.695381,77.181665,NO2,15,59,31
India,Delhi,Delhi,"Ashok Vihar, Delhi - DPCC","11-09-2026 05:00:00",28.695381,77.181665,NH3,4,7,5
India,Delhi,Delhi,"Anand Vihar, Delhi - DPCC","11-09-2026 05:00:00",28.647622,77.315809,PM10,21,124,77
India,Chhattisgarh,Bhilai,"Civic Center, Bhilai - Bhilai Steel Plant","11-09-2026 05:00:00",21.185571,81.343175,NH3,1,2,1
India,Chhattisgarh,Bhilai,"Civic Center, Bhilai - Bhilai Steel Plant","11-09-2026 05:00:00",21.185571,81.343175,OZONE,11,12,11
India,Chhattisgarh,Bhilai,"32Bungalows, Bhilai - CECB","11-09-2026 05:00:00",21.194815,81.31477,PM10,16,59,36
India,Chhattisgarh,Bhilai,"32Bungalows, Bhilai - CECB","11-09-2026 05:00:00",21.194815,81.31477,OZONE,6,22,16
India,Chhattisgarh,Bhilai,"Hathkhoj, Bhilai - CECB","11-09-2026 05:00:00",21.224231,81.40835,PM2.5,14,76,36
India,Chhattisgarh,Bhilai,"Hathkhoj, Bhilai - CECB","11-09-2026 05:00:00",21.224231,81.40835,NO2,5,33,16
India,Chhattisgarh,Bhilai,"Hathkhoj, Bhilai - CECB","11-09-2026 05:00:00",21.224231,81.40835,NH3,4,12,7
India,Chhattisgarh,Bilaspur,"Mangala, Bilaspur - NTPC","11-09-2026 05:00:00",22.08815,82.13737,NO2,13,24,18
India,Chhattisgarh,Chhal,"Nawapara SECL Colony, Chhal - CECB","11-09-2026 05:00:00",22.118125,83.140608,NH3,2,2,2
India,Chhattisgarh,Chhal,"Nawapara SECL Colony, Chhal - CECB","11-09-2026 05:00:00",22.118125,83.140608,CO,14,20,16
India,Chhattisgarh,Korba,"Rampur, Korba - CECB","11-09-2026 05:00:00",22.368195,82.746431,PM2.5,2,19,8
India,Chhattisgarh,Korba,"Rampur, Korba - CECB","11-09-2026 05:00:00",22.368195,82.746431,NH3,1,1,1
India,Chhattisgarh,Korba,"Urja Nagar, Korba - CECB","11-09-2026 05:00:00",22.348441,82.549611,PM2.5,7,19,10
India,Gujarat,Ankleshwar,"GIDC, Ankleshwar - GPCB","11-09-2026 05:00:00",21.613267,73.010555,PM2.5,26,68,43
India,Gujarat,Ankleshwar,"GIDC, Ankleshwar - GPCB","11-09-2026 05:00:00",21.613267,73.010555,OZONE,39,40,39
India,Gujarat,Bhavnagar,"Vidhyanagar, Bhavnagar - Nexteng Enviro","11-09-2026 05:00:00",21.755417,72.139056,NO2,37,51,44
India,Gujarat,Gandhinagar,"Sector-10, Gandhinagar - GPCB","11-09-2026 05:00:00",23.221714,72.654328,NH3,1,1,1
India,Gujarat,Gandhinagar,"GIFT City, Gandhinagar - IITM","11-09-2026 05:00:00",23.163798,72.677768,NO2,19,76,36
India,Gujarat,Gandhinagar,"GIFT City, Gandhinagar - IITM","11-09-2026 05:00:00",23.163798,72.677768,OZONE,2,7,4
India,Gujarat,Gandhinagar,"IIPHG Lekawada, Gandhinagar - IITM","11-09-2026 05:00:00",23.243639,72.68994,NH3,4,9,5
India,Gujarat,Gandhinagar,"IIPHG Lekawada, Gandhinagar - IITM","11-09-2026 05:00:00",23.243639,72.68994,SO2,1,3,2
India,Gujarat,Gandhinagar,"IIPHG Lekawada, Gandhinagar - IITM","11-09-2026 05:00:00",23.243639,72.68994,CO,19,39,26
India,Gujarat,Gandhinagar,"IIPHG Lekawada, Gandhinagar - IITM","11-09-2026 05:00:00",23.243639,72.68994,OZONE,1,2,1
India,Gujarat,Nandesari,"GIDC, Nandesari - Nandesari Ind. Association","11-09-2026 05:00:00",22.410802,73.097923,PM10,32,81,49
India,Gujarat,Nandesari,"GIDC, Nandesari - Nandesari Ind. Association","11-09-2026 05:00:00",22.410802,73.097923,NO2,0,58,14
India,Delhi,Delhi,"ITO, Delhi - CPCB","11-09-2026 05:00:00",28.628624,77.24106,NH3,3,6,5
India,Delhi,Delhi,"ITO, Delhi - CPCB","11-09-2026 05:00:00",28.628624,77.24106,CO,43,75,60
India,Delhi,Delhi,"R K Puram, Delhi - DPCC","11-09-2026 05:00:00",28.563262,77.186937,NH3,4,5,4
India,Delhi,Delhi,"Aya Nagar, Delhi - IITM","11-09-2026 05:00:00",28.4706914,77.1099364,NO2,3,22,13
India,Delhi,Delhi,"CRRI Mathura Road, Delhi - IITM","11-09-2026 05:00:00",28.5512005,77.2735737,NH3,NA,NA,NA
India,Delhi,Delhi,"CRRI Mathura Road, Delhi - IITM","11-09-2026 05:00:00",28.5512005,77.2735737,SO2,NA,NA,NA
India,Delhi,Delhi,"Burari Crossing, Delhi - IITM","11-09-2026 05:00:00",28.7256504,77.2011573,CO,18,28,23
India,Delhi,Delhi,"IMD Lodhi Road, Delhi - IITM","11-09-2026 05:00:00",28.5918245,77.2273074,CO,29,37,32
India,Gujarat,Ahmedabad,"Rakhial, Ahmedabad - IITM","11-09-2026 05:00:00",23.016834,72.625775,SO2,5,13,8
India,Gujarat,Ahmedabad,"Maninagar, Ahmedabad - GPCB","11-09-2026 05:00:00",23.002657,72.591912,PM2.5,NA,NA,NA
India,Chhattisgarh,Kunjemura,"OP Jindal School, Kunjemura - CECB","11-09-2026 05:00:00",22.12665,83.483212,NO2,4,15,8
India,Chhattisgarh,Milupara,"Govt. Higher Secondary School, Milupara - CECB","11-09-2026 05:00:00",22.1910172,83.5197009,PM2.5,NA,NA,NA
India,Chhattisgarh,Milupara,"Govt. Higher Secondary School, Milupara - CECB","11-09-2026 05:00:00",22.1910172,83.5197009,PM10,NA,NA,NA
India,Chhattisgarh,Milupara,"Govt. Higher Secondary School, Milupara - CECB","11-09-2026 05:00:00",22.1910172,83.5197009,SO2,NA,NA,NA
India,Chhattisgarh,Raipur,"Krishak Nagar, Raipur - CECB","11-09-2026 05:00:00",21.237755,81.705301,PM2.5,13,58,36
India,Chhattisgarh,Raipur,"Krishak Nagar, Raipur - CECB","11-09-2026 05:00:00",21.237755,81.705301,NO2,5,23,12
India,Chhattisgarh,Raipur,"Krishak Nagar, Raipur - CECB","11-09-2026 05:00:00",21.237755,81.705301,SO2,0,11,7
India,Delhi,Delhi,"Narela, Delhi - DPCC","11-09-2026 05:00:00",28.822836,77.101981,NH3,3,4,3
India,Delhi,Delhi,"Narela, Delhi - DPCC","11-09-2026 05:00:00",28.822836,77.101981,SO2,9,23,12
India,Gujarat,Ahmedabad,"SVPI Airport Hansol, Ahmedabad - IITM","11-09-2026 05:00:00",23.076793,72.627874,NO2,9,48,22
India,Gujarat,Ahmedabad,"SVPI Airport Hansol, Ahmedabad - IITM","11-09-2026 05:00:00",23.076793,72.627874,SO2,6,101,24
India,Gujarat,Ahmedabad,"SVPI Airport Hansol, Ahmedabad - IITM","11-09-2026 05:00:00",23.076793,72.627874,CO,19,47,29
India,Gujarat,Ahmedabad,"Gyaspur, Ahmedabad - IITM","11-09-2026 05:00:00",22.977134,72.553024,NO2,36,63,44
India,Gujarat,Ahmedabad,"SAC ISRO Satellite, Ahmedabad - IITM","11-09-2026 05:00:00",23.023389,72.515201,NH3,1,2,1
India,Gujarat,Ahmedabad,"SAC ISRO Satellite, Ahmedabad - IITM","11-09-2026 05:00:00",23.023389,72.515201,CO,14,47,29
India,Gujarat,Ahmedabad,"Raikhad, Ahmedabad - IITM","11-09-2026 05:00:00",23.020509,72.579261,PM10,45,122,72
India,Gujarat,Ahmedabad,"Raikhad, Ahmedabad - IITM","11-09-2026 05:00:00",23.020509,72.579261,OZONE,3,7,6
India,Gujarat,Rajkot,"Mavdi, Rajkot - Nexteng Enviro ","11-09-2026 05:00:00",22.248853,70.776774,CO,26,28,27
India,Gujarat,Surat,"Science Center, Surat - SMC","11-09-2026 05:00:00",21.170046,72.795405,CO,49,55,52
India,Gujarat,Surat,"Katargam, Surat - Nexteng Enviro","11-09-2026 05:00:00",21.217779,72.834787,PM2.5,21,81,44
India,Gujarat,Surat,"Katargam, Surat - Nexteng Enviro","11-09-2026 05:00:00",21.217779,72.834787,NO2,2,26,15
India,Gujarat,Surat,"Katargam, Surat - Nexteng Enviro","11-09-2026 05:00:00",21.217779,72.834787,NH3,1,1,1
India,Gujarat,Surat,"Katargam, Surat - Nexteng Enviro","11-09-2026 05:00:00",21.217779,72.834787,CO,28,33,30
India,Haryana,Ambala,"Patti Mehar, Ambala - HSPCB","11-09-2026 05:00:00",30.379589,76.778328,CO,10,36,21
India,Haryana,Bahadurgarh,"Arya Nagar, Bahadurgarh - HSPCB","11-09-2026 05:00:00",28.6701,76.9254,NH3,7,9,8
India,Haryana,Bahadurgarh,"Arya Nagar, Bahadurgarh - HSPCB","11-09-2026 05:00:00",28.6701,76.9254,CO,23,27,25
India,Haryana,Ballabgarh,"Nathu Colony, Ballabgarh - HSPCB","11-09-2026 05:00:00",28.3419248,77.319699,PM10,107,172,137
India,Haryana,Ballabgarh,"Nathu Colony, Ballabgarh - HSPCB","11-09-2026 05:00:00",28.3419248,77.319699,CO,15,26,21
India,Haryana,"Charkhi Dadri","Mini Secretariat, Charkhi Dadri - HSPCB","11-09-2026 05:00:00",28.593883,76.270653,PM10,34,103,78
India,Haryana,"Charkhi Dadri","Mini Secretariat, Charkhi Dadri - HSPCB","11-09-2026 05:00:00",28.593883,76.270653,NO2,9,23,16
India,Haryana,"Charkhi Dadri","Mini Secretariat, Charkhi Dadri - HSPCB","11-09-2026 05:00:00",28.593883,76.270653,NH3,5,8,6
India,Haryana,"Charkhi Dadri","Mini Secretariat, Charkhi Dadri - HSPCB","11-09-2026 05:00:00",28.593883,76.270653,CO,9,25,15
India,Haryana,Dharuhera,"Municipal Corporation Office, Dharuhera -  HSPCB","11-09-2026 05:00:00",28.2068,76.7997,PM10,1,99,64
India,Haryana,Dharuhera,"Municipal Corporation Office, Dharuhera -  HSPCB","11-09-2026 05:00:00",28.2068,76.7997,NH3,NA,NA,NA
India,Haryana,Dharuhera,"Municipal Corporation Office, Dharuhera -  HSPCB","11-09-2026 05:00:00",28.2068,76.7997,OZONE,10,25,12
India,Karnataka,Yadgir,"Collector Office, Yadgir - KSPCB","11-09-2026 05:00:00",16.7602,77.1428,SO2,10,18,13
India,Kerala,Thiruvananthapuram,"Plammoodu, Thiruvananthapuram - Kerala PCB","11-09-2026 05:00:00",8.5149093,76.9435879,PM2.5,15,37,26
India,Kerala,Thiruvananthapuram,"Plammoodu, Thiruvananthapuram - Kerala PCB","11-09-2026 05:00:00",8.5149093,76.9435879,CO,5,14,8
India,Kerala,Thiruvananthapuram,"Kariavattom, Thiruvananthapuram - Kerala PCB","11-09-2026 05:00:00",8.5637,76.8865,NH3,0,0,0
India,Kerala,Thrissur,"Corporation Ground, Thrissur - Kerala PCB","11-09-2026 05:00:00",10.5324,76.2159,SO2,0,0,0
India,"Madhya Pradesh",Bhopal,"Idgah Hills, Bhopal - MPPCB","11-09-2026 05:00:00",23.264759,77.381568,PM2.5,35,68,45
India,"Madhya Pradesh",Bhopal,"Idgah Hills, Bhopal - MPPCB","11-09-2026 05:00:00",23.264759,77.381568,PM10,47,86,58
India,"Madhya Pradesh",Bhopal,"Paryavaran Parisar, Bhopal - MPPCB","11-09-2026 05:00:00",23.210494,77.425409,PM2.5,28,67,46
India,"Madhya Pradesh",Bhopal,"Paryavaran Parisar, Bhopal - MPPCB","11-09-2026 05:00:00",23.210494,77.425409,SO2,5,8,6
India,"Madhya Pradesh",Bhopal,"T T Nagar, Bhopal - MPPCB","11-09-2026 05:00:00",23.233584,77.400574,SO2,18,23,20
India,"Madhya Pradesh",Bhopal,"T T Nagar, Bhopal - MPPCB","11-09-2026 05:00:00",23.233584,77.400574,CO,5,10,7
India,"Madhya Pradesh",Dewas,"Bhopal Chauraha, Dewas - MPPCB","11-09-2026 05:00:00",22.9682591,76.064118,NO2,53,81,64
India,"Madhya Pradesh",Dewas,"Bhopal Chauraha, Dewas - MPPCB","11-09-2026 05:00:00",22.9682591,76.064118,OZONE,40,43,42
India,"Madhya Pradesh",Gwalior,"Deen Dayal Nagar, Gwalior - MPPCB","11-09-2026 05:00:00",26.259242,78.216432,NO2,18,59,40
India,"Madhya Pradesh",Gwalior,"Deen Dayal Nagar, Gwalior - MPPCB","11-09-2026 05:00:00",26.259242,78.216432,NH3,4,5,4
India,Karnataka,Chikkaballapur,"Chikkaballapur Rural, Chikkaballapur - KSPCB","11-09-2026 05:00:00",13.428828,77.731418,PM10,22,138,72
India,Karnataka,Chikkaballapur,"Chikkaballapur Rural, Chikkaballapur - KSPCB","11-09-2026 05:00:00",13.428828,77.731418,NH3,1,1,1
India,Karnataka,Gadag,"Panchal Nagar, Gadag - KSPCB","11-09-2026 05:00:00",15.411456,75.638133,NO2,20,27,24
India,Karnataka,Gadag,"Panchal Nagar, Gadag - KSPCB","11-09-2026 05:00:00",15.411456,75.638133,NH3,4,6,5
India,Karnataka,Gadag,"Panchal Nagar, Gadag - KSPCB","11-09-2026 05:00:00",15.411456,75.638133,SO2,30,35,33
India,Karnataka,Kalaburagi,"Mahatma Basaveswar Colony, Kalaburgi - KSPCB","11-09-2026 05:00:00",17.336318,76.847397,PM10,22,54,38
India,Karnataka,Kalaburagi,"Mahatma Basaveswar Colony, Kalaburgi - KSPCB","11-09-2026 05:00:00",17.336318,76.847397,NO2,10,17,14
India,Karnataka,Kalaburagi,"Mahatma Basaveswar Colony, Kalaburgi - KSPCB","11-09-2026 05:00:00",17.336318,76.847397,CO,31,56,40
India,Karnataka,Karwar,"KHB Colony, Karwar - KSPCB","11-09-2026 05:00:00",14.816666,74.141003,NO2,9,15,11
India,Karnataka,Madikeri,"Stuart Hill, Madikeri - KSPCB","11-09-2026 05:00:00",12.415911,75.73505,CO,7,19,12
India,Karnataka,Madikeri,"Stuart Hill, Madikeri - KSPCB","11-09-2026 05:00:00",12.415911,75.73505,OZONE,1,4,2
India,Karnataka,Ramanagara,"Vijay Nagar, Ramanagara - KSPCB","11-09-2026 05:00:00",12.733409,77.298051,PM10,23,108,42
India,Haryana,Manesar,"Sector-2 IMT, Manesar - HSPCB","11-09-2026 05:00:00",28.360699,76.93609,SO2,7,41,15
India,Haryana,Narnaul,"Shastri Nagar, Narnaul - HSPCB","11-09-2026 05:00:00",28.060249,76.113115,NH3,5,12,8
India,Haryana,Narnaul,"Shastri Nagar, Narnaul - HSPCB","11-09-2026 05:00:00",28.060249,76.113115,SO2,5,18,10
India,Haryana,Narnaul,"Shastri Nagar, Narnaul - HSPCB","11-09-2026 05:00:00",28.060249,76.113115,CO,22,25,24
India,Haryana,Palwal,"Shyam Nagar, Palwal - HSPCB","11-09-2026 05:00:00",28.1485564,77.3320667,SO2,NA,NA,NA
India,Haryana,Panchgaon,"Amity University, Panchgaon - IITM","11-09-2026 05:00:00",28.3153,76.9143,SO2,8,22,14
India,Haryana,Panchkula,"Sector-6, Panchkula - HSPCB ","11-09-2026 05:00:00",30.7057778,76.8531805555555,NO2,28,33,30
India,Haryana,Panchkula,"Sector-6, Panchkula - HSPCB ","11-09-2026 05:00:00",30.7057778,76.8531805555555,CO,19,20,19
India,Haryana,Panchkula,"Sector-6, Panchkula - HSPCB ","11-09-2026 05:00:00",30.7057778,76.8531805555555,OZONE,31,36,34
India,Haryana,Panipat,"Sector-18, Panipat - HSPCB","11-09-2026 05:00:00",29.432304,76.972765,PM2.5,40,336,245
India,Haryana,Rohtak,"MD University, Rohtak - HSPCB","11-09-2026 05:00:00",28.52123,76.37138,OZONE,2,18,9
India,Karnataka,Bengaluru,"Hombegowda Nagar, Bengaluru - KSPCB","11-09-2026 05:00:00",12.938539,77.5901,PM2.5,15,59,33
India,Karnataka,Bengaluru,"Hombegowda Nagar, Bengaluru - KSPCB","11-09-2026 05:00:00",12.938539,77.5901,PM10,24,140,71
India,Karnataka,Bengaluru,"Hombegowda Nagar, Bengaluru - KSPCB","11-09-2026 05:00:00",12.938539,77.5901,NO2,10,76,25
India,Karnataka,Bengaluru,"Hombegowda Nagar, Bengaluru - KSPCB","11-09-2026 05:00:00",12.938539,77.5901,SO2,1,9,5
India,Karnataka,Bengaluru,"Hombegowda Nagar, Bengaluru - KSPCB","11-09-2026 05:00:00",12.938539,77.5901,OZONE,6,25,19
India,Karnataka,Bengaluru,"Peenya, Bengaluru - CPCB","11-09-2026 05:00:00",13.0270199,77.494094,NO2,21,24,23
India,Karnataka,Bengaluru,"Peenya, Bengaluru - CPCB","11-09-2026 05:00:00",13.0270199,77.494094,OZONE,21,22,21
India,Karnataka,Bengaluru,"Shivapura_Peenya, Bengaluru - KSPCB","11-09-2026 05:00:00",13.0246342,77.5080115,PM2.5,36,44,39
India,Karnataka,Bengaluru,"Shivapura_Peenya, Bengaluru - KSPCB","11-09-2026 05:00:00",13.0246342,77.5080115,OZONE,24,25,25
India,Karnataka,Chamarajanagar,"Urban, Chamarajanagar - KSPCB","11-09-2026 05:00:00",11.55358,76.55521,PM2.5,16,49,32
India,Karnataka,Chamarajanagar,"Urban, Chamarajanagar - KSPCB","11-09-2026 05:00:00",11.55358,76.55521,OZONE,22,29,28
India,Haryana,Gurugram,"Vikas Sadan, Gurugram - HSPCB","11-09-2026 05:00:00",28.4501238,77.0263051,CO,11,58,36
India,Haryana,Hisar,"Urban Estate-II, Hisar - HSPCB","11-09-2026 05:00:00",29.14056,75.744941,SO2,11,133,52
India,Haryana,Hisar,"Urban Estate-II, Hisar - HSPCB","11-09-2026 05:00:00",29.14056,75.744941,OZONE,NA,NA,NA
India,Haryana,Jind,"Police Lines, Jind - HSPCB","11-09-2026 05:00:00",29.307814,76.337619,NO2,12,14,13
India,Haryana,Jind,"Police Lines, Jind - HSPCB","11-09-2026 05:00:00",29.307814,76.337619,CO,4,9,7
India,Haryana,Karnal,"Sector-12, Karnal - HSPCB","11-09-2026 05:00:00",29.6953,77.0027,NO2,9,21,15
India,Haryana,Kurukshetra,"Sector-7, Kurukshetra - HSPCB","11-09-2026 05:00:00",29.966942,76.875879,CO,9,27,17
India,Haryana,Faridabad,"New Industrial Town, Faridabad - HSPCB","11-09-2026 05:00:00",28.39072,77.30059,NO2,24,26,25
India,Haryana,Faridabad,"New Industrial Town, Faridabad - HSPCB","11-09-2026 05:00:00",28.39072,77.30059,SO2,1,9,6
India,Haryana,Faridabad,"Sector 11, Faridabad - HSPCB","11-09-2026 05:00:00",28.376058,77.315741,NH3,6,9,7
India,Haryana,Gurugram,"NISE Gwal Pahari, Gurugram - IITM","11-09-2026 05:00:00",28.422681,77.148944,PM2.5,33,102,60
India,Haryana,Gurugram,"NISE Gwal Pahari, Gurugram - IITM","11-09-2026 05:00:00",28.422681,77.148944,CO,34,46,41
India,Haryana,Gurugram,"Sector-51, Gurugram - HSPCB","11-09-2026 05:00:00",28.4227,77.0667,NH3,7,16,11
India,Haryana,Gurugram,"Teri Gram, Gurugram - HSPCB","11-09-2026 05:00:00",28.4275,77.1465,PM10,15,103,78
India,Haryana,Sonipat,"Murthal, Sonipat - HSPCB","11-09-2026 05:00:00",29.0272,77.0621,NO2,6,8,7
India,Haryana,Sonipat,"Murthal, Sonipat - HSPCB","11-09-2026 05:00:00",29.0272,77.0621,NH3,8,9,9
India,"Himachal Pradesh",Baddi,"HIMUDA Complex Phase-1, Baddi - HPPCB","11-09-2026 05:00:00",30.943887,76.801991,NO2,4,19,11
India,"Himachal Pradesh",Baddi,"HIMUDA Complex Phase-1, Baddi - HPPCB","11-09-2026 05:00:00",30.943887,76.801991,NH3,2,3,3
India,"Jammu and Kashmir",Srinagar,"Rajbagh, Srinagar - JKPCC","11-09-2026 05:00:00",34.066206,74.81982,NO2,19,19,19
India,"Jammu and Kashmir",Srinagar,"Rajbagh, Srinagar - JKPCC","11-09-2026 05:00:00",34.066206,74.81982,SO2,3,4,3
India,Jharkhand,Jorapokhar,"Tata Stadium, Jorapokhar - JSPCB","11-09-2026 05:00:00",23.707909,86.41467,SO2,21,21,21
India,Karnataka,Bengaluru,"Silk Board, Bengaluru - KSPCB","11-09-2026 05:00:00",12.917348,77.622813,NO2,16,18,17
India,Karnataka,Bengaluru,"Silk Board, Bengaluru - KSPCB","11-09-2026 05:00:00",12.917348,77.622813,NH3,2,2,2
India,Karnataka,Bengaluru,"Bapuji Nagar, Bengaluru - KSPCB","11-09-2026 05:00:00",12.951913,77.539784,CO,6,32,20
India,Maharashtra,Chandrapur,"Chauhan Colony, Chandrapur - MPCB","11-09-2026 05:00:00",19.9629,79.298714,NH3,0,1,1
India,Maharashtra,Dhule,"Deopur, Dhule - MPCB","11-09-2026 05:00:00",20.918946,74.776388,NH3,1,2,2
India,Maharashtra,Dhule,"Deopur, Dhule - MPCB","11-09-2026 05:00:00",20.918946,74.776388,SO2,0,6,3
India,Maharashtra,Dombivli,"Kalu Nagar, Dombivli - MPCB","11-09-2026 05:00:00",19.2268427,73.0788456,PM10,6,49,19
India,Maharashtra,Dombivli,"Kalu Nagar, Dombivli - MPCB","11-09-2026 05:00:00",19.2268427,73.0788456,NH3,1,3,2
India,Maharashtra,Hingoli,"Ashta Vinayak Nagar, Hingoli - MPCB","11-09-2026 05:00:00",19.710842,77.151824,PM10,59,118,88
India,Maharashtra,Hingoli,"Ashta Vinayak Nagar, Hingoli - MPCB","11-09-2026 05:00:00",19.710842,77.151824,NH3,1,5,2
India,Maharashtra,Hingoli,"Ashta Vinayak Nagar, Hingoli - MPCB","11-09-2026 05:00:00",19.710842,77.151824,OZONE,21,38,28
India,Maharashtra,Jalgaon,"Prabhat Colony, Jalgaon - MPCB","11-09-2026 05:00:00",21.001264,75.565602,PM10,22,61,46
India,Maharashtra,Jalna,"Old MIDC, Jalna - MPCB","11-09-2026 05:00:00",19.854616,75.905894,PM10,NA,NA,NA
India,Maharashtra,Jalna,"Old MIDC, Jalna - MPCB","11-09-2026 05:00:00",19.854616,75.905894,CO,101,105,102
India,Maharashtra,Jalna,"Old MIDC, Jalna - MPCB","11-09-2026 05:00:00",19.854616,75.905894,OZONE,3,9,7
India,Maharashtra,Kalyan,"Pimpleshwar Mandir, Kalyan - MPCB","11-09-2026 05:00:00",19.192056,72.9585188,CO,111,115,114
India,Maharashtra,Kalyan,"Pimpleshwar Mandir, Kalyan - MPCB","11-09-2026 05:00:00",19.192056,72.9585188,OZONE,8,8,8
India,Maharashtra,Kolhapur,"Sinchan Bhavan, Kolhapur - MPCB","11-09-2026 05:00:00",16.7143745,74.2426398,NO2,0,8,4
India,Maharashtra,Kolhapur,"Sinchan Bhavan, Kolhapur - MPCB","11-09-2026 05:00:00",16.7143745,74.2426398,NH3,0,5,1
India,Maharashtra,Kolhapur,"Sinchan Bhavan, Kolhapur - MPCB","11-09-2026 05:00:00",16.7143745,74.2426398,SO2,0,2,1
India,Maharashtra,Kolhapur,"Shivaji University, Kolhapur - MPCB","11-09-2026 05:00:00",16.6870449,74.2505872,SO2,NA,NA,NA
India,Maharashtra,Kolhapur,"Shivaji University, Kolhapur - MPCB","11-09-2026 05:00:00",16.6870449,74.2505872,OZONE,5,8,7
India,Maharashtra,Latur,"Sawe Wadi, Latur - MPCB","11-09-2026 05:00:00",18.39963,76.57452,NO2,4,12,7
India,"Madhya Pradesh",Jabalpur,"Govindh Bhavan Colony, Jabalpur - JMC","11-09-2026 05:00:00",23.163174,79.973061,OZONE,14,58,41
India,"Madhya Pradesh",Mandideep,"Sector-D Industrial Area, Mandideep - MPPCB","11-09-2026 05:00:00",23.10844,77.511428,PM10,40,146,103
India,"Madhya Pradesh",Pithampur,"Sector-2 Industrial Area, Pithampur - MPPCB","11-09-2026 05:00:00",22.624758,75.675238,PM10,68,162,110
India,"Madhya Pradesh",Ratlam,"Shasthri Nagar, Ratlam - IPCA Lab","11-09-2026 05:00:00",23.331731,75.045981,PM2.5,13,82,44
India,"Madhya Pradesh",Ratlam,"Shasthri Nagar, Ratlam - IPCA Lab","11-09-2026 05:00:00",23.331731,75.045981,PM10,28,64,47
India,"Madhya Pradesh",Ratlam,"Shasthri Nagar, Ratlam - IPCA Lab","11-09-2026 05:00:00",23.331731,75.045981,OZONE,NA,NA,NA
India,"Madhya Pradesh",Sagar,"Civil Lines, Sagar - MPPCB","11-09-2026 05:00:00",23.838586,78.759431,NH3,2,2,2
India,"Madhya Pradesh",Satna,"Bandhavgar Colony, Satna - Birla Cement","11-09-2026 05:00:00",24.58434363,80.8549414,SO2,NA,NA,NA
India,"Madhya Pradesh",Ujjain,"Mahashweta Nagar, Ujjain - MPPCB","11-09-2026 05:00:00",23.1633321,75.800225,SO2,1,3,2
India,Maharashtra,Ahmednagar,"Tarakpur, Ahmednagar - MPCB","11-09-2026 05:00:00",19.10122,74.73339,PM10,22,45,29
India,Maharashtra,Akola,"Ramdaspeth, Akola - MPCB","11-09-2026 05:00:00",20.719516,77.000253,PM10,27,49,37
India,Maharashtra,Akola,"Ramdaspeth, Akola - MPCB","11-09-2026 05:00:00",20.719516,77.000253,NO2,22,39,25
India,Maharashtra,Ambernath,"Chinchpada, Ambernath - MPCB","11-09-2026 05:00:00",19.215784,73.199781,OZONE,0,1,0
India,Maharashtra,Amravati,"Shri Shivaji Science College, Amravati - MPCB","11-09-2026 05:00:00",20.939198,77.765701,NH3,2,3,3
India,"Madhya Pradesh",Gwalior,"Maharaj Bada, Gwalior - MPPCB","11-09-2026 05:00:00",26.200388,78.147714,CO,1,155,61
India,"Madhya Pradesh",Gwalior,"City Center, Gwalior - MPPCB","11-09-2026 05:00:00",26.203442,78.193251,PM2.5,45,91,62
India,"Madhya Pradesh",Gwalior,"City Center, Gwalior - MPPCB","11-09-2026 05:00:00",26.203442,78.193251,NH3,1,2,2
India,"Madhya Pradesh",Gwalior,"City Center, Gwalior - MPPCB","11-09-2026 05:00:00",26.203442,78.193251,OZONE,30,42,35
India,"Madhya Pradesh",Indore,"Maguda Nagar, Indore - IMC","11-09-2026 05:00:00",22.7524,75.8872,CO,36,36,36
India,"Madhya Pradesh",Indore,"Maguda Nagar, Indore - IMC","11-09-2026 05:00:00",22.7524,75.8872,OZONE,10,12,11
India,"Madhya Pradesh",Indore,"Airport Area, Indore - IMC","11-09-2026 05:00:00",22.7289,75.8076,PM10,12,72,50
India,"Madhya Pradesh",Indore,"Airport Area, Indore - IMC","11-09-2026 05:00:00",22.7289,75.8076,NH3,0,1,0
India,"Madhya Pradesh",Indore,"Airport Area, Indore - IMC","11-09-2026 05:00:00",22.7289,75.8076,OZONE,5,5,5
India,"Madhya Pradesh",Indore,"Regional Park, Indore - IMC","11-09-2026 05:00:00",22.678,75.8559,OZONE,4,6,5
India,"Madhya Pradesh",Indore,"Chhoti Gwaltoli, Indore - MPPCB","11-09-2026 05:00:00",22.431,75.5213,NO2,42,72,60
India,"Madhya Pradesh",Indore,"Chhoti Gwaltoli, Indore - MPPCB","11-09-2026 05:00:00",22.431,75.5213,NH3,5,9,8
India,"Madhya Pradesh",Jabalpur,"Marhatal, Jabalpur - MPPCB","11-09-2026 05:00:00",23.168606,79.932247,PM10,NA,NA,NA
India,"Madhya Pradesh",Jabalpur,"Marhatal, Jabalpur - MPPCB","11-09-2026 05:00:00",23.168606,79.932247,NO2,72,86,76
India,"Madhya Pradesh",Jabalpur,"Marhatal, Jabalpur - MPPCB","11-09-2026 05:00:00",23.168606,79.932247,CO,53,100,69
India,"Madhya Pradesh",Jabalpur,"Suhagi, Jabalpur - JMC","11-09-2026 05:00:00",23.218135,79.95777,NH3,6,6,6
India,"Madhya Pradesh",Jabalpur,"Suhagi, Jabalpur - JMC","11-09-2026 05:00:00",23.218135,79.95777,SO2,6,7,7
India,"Madhya Pradesh",Jabalpur,"Suhagi, Jabalpur - JMC","11-09-2026 05:00:00",23.218135,79.95777,OZONE,12,67,45
India,"Madhya Pradesh",Jabalpur,"Govindh Bhavan Colony, Jabalpur - JMC","11-09-2026 05:00:00",23.163174,79.973061,PM10,21,77,55
India,Maharashtra,Mumbai,"Khindipada-Bhandup West, Mumbai - IITM","11-09-2026 05:00:00",19.1653323,72.922099,NO2,7,19,12
India,Maharashtra,Mumbai,"Khindipada-Bhandup West, Mumbai - IITM","11-09-2026 05:00:00",19.1653323,72.922099,CO,32,37,34
India,Maharashtra,Mumbai,"Kandivali West, Mumbai - BMC","11-09-2026 05:00:00",19.215859,72.831718,NH3,2,5,3
India,Maharashtra,Mumbai,"Chembur, Mumbai - MPCB","11-09-2026 05:00:00",19.0364585,72.8954371,SO2,1,3,2
India,Maharashtra,Mumbai,"Bandra Kurla Complex, Mumbai - MPCB","11-09-2026 05:00:00",19.065931,72.862131,OZONE,8,9,9
India,Maharashtra,Mumbai,"Sion, Mumbai - MPCB","11-09-2026 05:00:00",19.047,72.8746,CO,18,20,19
India,Maharashtra,Nagpur,"Mahal, Nagpur - MPCB","11-09-2026 05:00:00",21.14472,79.107595,PM2.5,36,58,52
India,Maharashtra,Nagpur,"Mahal, Nagpur - MPCB","11-09-2026 05:00:00",21.14472,79.107595,PM10,39,63,56
India,Maharashtra,Nagpur,"Mahal, Nagpur - MPCB","11-09-2026 05:00:00",21.14472,79.107595,NH3,2,4,2
India,Maharashtra,Nagpur,"Mahal, Nagpur - MPCB","11-09-2026 05:00:00",21.14472,79.107595,CO,6,35,15
India,Maharashtra,Nagpur,"Opp GPO Civil Lines, Nagpur - MPCB","11-09-2026 05:00:00",21.152875,79.0517531,PM2.5,25,73,44
India,Maharashtra,Nagpur,"Opp GPO Civil Lines, Nagpur - MPCB","11-09-2026 05:00:00",21.152875,79.0517531,SO2,3,8,5
India,Maharashtra,Nagpur,"Opp GPO Civil Lines, Nagpur - MPCB","11-09-2026 05:00:00",21.152875,79.0517531,CO,14,38,24
India,Maharashtra,Nagpur,"Ram Nagar, Nagpur - MPCB","11-09-2026 05:00:00",21.143383,79.048912,PM10,34,70,57
India,Maharashtra,Nagpur,"Ram Nagar, Nagpur - MPCB","11-09-2026 05:00:00",21.143383,79.048912,CO,9,13,12
India,Maharashtra,Nagpur,"Ram Nagar, Nagpur - MPCB","11-09-2026 05:00:00",21.143383,79.048912,OZONE,22,27,25
India,Maharashtra,Nagpur,"Ambazari, Nagpur - MPCB","11-09-2026 05:00:00",21.121801,79.04952,PM2.5,28,65,47
India,Maharashtra,Nagpur,"Ambazari, Nagpur - MPCB","11-09-2026 05:00:00",21.121801,79.04952,NH3,1,3,1
India,Maharashtra,Nanded,"Sneh Nagar, Nanded - MPCB","11-09-2026 05:00:00",19.173852,77.296291,CO,21,24,23
India,Maharashtra,Nashik,"Hirawadi, Nashik - MPCB","11-09-2026 05:00:00",20.021503,73.813844,NO2,0,19,4
India,Maharashtra,Nashik,"Hirawadi, Nashik - MPCB","11-09-2026 05:00:00",20.021503,73.813844,NH3,1,2,1
India,Maharashtra,Nashik,"MIDC Ambad, Nashik - MPCB","11-09-2026 05:00:00",19.95022,73.73148,PM2.5,24,58,34
India,Maharashtra,Nashik,"MIDC Ambad, Nashik - MPCB","11-09-2026 05:00:00",19.95022,73.73148,SO2,1,3,2
India,Maharashtra,Nashik,"Gangapur Road, Nashik - MPCB","11-09-2026 05:00:00",20.0073285,73.7762427,PM2.5,12,43,20
India,Maharashtra,Nashik,"Pandav Nagari, Nashik - MPCB","11-09-2026 05:00:00",19.9591346,73.7788008,PM2.5,24,41,34
India,Maharashtra,Nashik,"Pandav Nagari, Nashik - MPCB","11-09-2026 05:00:00",19.9591346,73.7788008,NH3,0,2,1
India,Maharashtra,"Navi Mumbai","Kopripada-Vashi, Navi Mumbai - MPCB","11-09-2026 05:00:00",19.090337,73.014232,PM2.5,29,450,78
India,Maharashtra,"Navi Mumbai","Kopripada-Vashi, Navi Mumbai - MPCB","11-09-2026 05:00:00",19.090337,73.014232,NO2,0,14,8
India,Maharashtra,"Navi Mumbai","Kopripada-Vashi, Navi Mumbai - MPCB","11-09-2026 05:00:00",19.090337,73.014232,OZONE,2,6,5
India,Maharashtra,"Navi Mumbai","Tondare-Taloja, Navi Mumbai - MPCB","11-09-2026 05:00:00",19.063,73.1209,NH3,2,11,7
India,Maharashtra,"Navi Mumbai","Tondare-Taloja, Navi Mumbai - MPCB","11-09-2026 05:00:00",19.063,73.1209,SO2,1,6,2
India,Maharashtra,"Navi Mumbai","Tondare-Taloja, Navi Mumbai - MPCB","11-09-2026 05:00:00",19.063,73.1209,OZONE,19,20,20
India,Maharashtra,"Navi Mumbai","Sector-2E Kalamboli, Navi Mumbai - MPCB","11-09-2026 05:00:00",19.02579,73.10297,PM10,32,93,57
India,Maharashtra,"Navi Mumbai","Sector-2E Kalamboli, Navi Mumbai - MPCB","11-09-2026 05:00:00",19.02579,73.10297,NO2,0,12,6
India,Maharashtra,"Navi Mumbai","Sector-2E Kalamboli, Navi Mumbai - MPCB","11-09-2026 05:00:00",19.02579,73.10297,SO2,4,5,4
India,Maharashtra,"Navi Mumbai","Sector-2E Kalamboli, Navi Mumbai - MPCB","11-09-2026 05:00:00",19.02579,73.10297,CO,19,31,24
India,Maharashtra,Latur,"Sawe Wadi, Latur - MPCB","11-09-2026 05:00:00",18.39963,76.57452,OZONE,21,29,25
India,Maharashtra,Mahad,"Kamble Tarf Birwadi, Mahad - MPCB","11-09-2026 05:00:00",18.1023399,73.4783687,PM10,55,127,88
India,Maharashtra,Mahad,"Kamble Tarf Birwadi, Mahad - MPCB","11-09-2026 05:00:00",18.1023399,73.4783687,NH3,5,5,5
India,Maharashtra,Mahad,"Kamble Tarf Birwadi, Mahad - MPCB","11-09-2026 05:00:00",18.1023399,73.4783687,SO2,9,90,20
India,Maharashtra,Mahad,"Kamble Tarf Birwadi, Mahad - MPCB","11-09-2026 05:00:00",18.1023399,73.4783687,OZONE,8,21,13
India,Maharashtra,Malegaon,"Mahesh Nagar, Malegaon - MPCB","11-09-2026 05:00:00",20.555712,74.529236,PM10,40,110,64
India,Maharashtra,Mumbai,"Shivaji Nagar, Mumbai - BMC","11-09-2026 05:00:00",19.060498,72.923356,PM2.5,10,39,24
India,Maharashtra,Mumbai,"Navy Nagar-Colaba, Mumbai - IITM","11-09-2026 05:00:00",18.897756,72.81332,SO2,0,14,5
India,Maharashtra,Mumbai,"Sewri, Mumbai - BMC","11-09-2026 05:00:00",19.000084,72.85673,PM10,34,49,39
India,Maharashtra,Mumbai,"Mindspace-Malad West, Mumbai - MPCB","11-09-2026 05:00:00",19.1878657,72.8304069,PM10,7,46,24
India,Maharashtra,Mumbai,"Mindspace-Malad West, Mumbai - MPCB","11-09-2026 05:00:00",19.1878657,72.8304069,CO,15,16,15
India,Maharashtra,Mumbai,"Byculla, Mumbai - BMC","11-09-2026 05:00:00",18.9767,72.838,PM10,8,48,17
India,Maharashtra,Mumbai,"Byculla, Mumbai - BMC","11-09-2026 05:00:00",18.9767,72.838,NO2,6,22,11
India,Maharashtra,Amravati,"Shri Shivaji Science College, Amravati - MPCB","11-09-2026 05:00:00",20.939198,77.765701,OZONE,27,36,31
India,Maharashtra,Aurangabad,"MIDC Chilkalthana, Aurangabad - MPCB","11-09-2026 05:00:00",19.87562,75.38731,PM10,44,45,44
India,Maharashtra,Aurangabad,"MIDC Chilkalthana, Aurangabad - MPCB","11-09-2026 05:00:00",19.87562,75.38731,NO2,4,4,4
India,Maharashtra,Aurangabad,"Rachnakar Colony, Aurangabad - MPCB","11-09-2026 05:00:00",19.863756,75.321188,PM10,49,93,67
India,Maharashtra,Aurangabad,"More Chowk Waluj, Aurangabad - MPCB","11-09-2026 05:00:00",19.8389439,75.244448,PM2.5,22,46,33
India,Maharashtra,Badlapur,"Katrap, Badlapur - MPCB","11-09-2026 05:00:00",19.16485,73.23409,SO2,1,1,1
India,Maharashtra,Beed,"Bir, Beed - MPCB","11-09-2026 05:00:00",18.988474,75.753873,PM2.5,17,53,28
India,Maharashtra,Beed,"Bir, Beed - MPCB","11-09-2026 05:00:00",18.988474,75.753873,PM10,24,117,51
India,Maharashtra,Beed,"Bir, Beed - MPCB","11-09-2026 05:00:00",18.988474,75.753873,NO2,7,63,18
India,Maharashtra,Bhiwandi,"Gokul Nagar, Bhiwandi - MPCB","11-09-2026 05:00:00",19.309073,73.057223,PM2.5,26,28,27
India,Maharashtra,Boisar,"Khaira, Boisar - MPCB","11-09-2026 05:00:00",19.786089,72.757971,SO2,NA,NA,NA
India,Maharashtra,Boisar,"Khaira, Boisar - MPCB","11-09-2026 05:00:00",19.786089,72.757971,CO,32,33,33
India,Maharashtra,Parbhani,"Masoom Colony, Parbhani - MPCB","11-09-2026 05:00:00",19.265594,76.761463,PM2.5,49,72,60
India,Maharashtra,Parbhani,"Masoom Colony, Parbhani - MPCB","11-09-2026 05:00:00",19.265594,76.761463,CO,9,14,12
India,Maharashtra,Pimpri-Chinchwad,"Transport Nagar-Nigdi, Pune - IITM","11-09-2026 05:00:00",18.664282,73.763966,PM2.5,21,57,37
India,Maharashtra,Pimpri-Chinchwad,"Transport Nagar-Nigdi, Pune - IITM","11-09-2026 05:00:00",18.664282,73.763966,PM10,42,72,56
India,Maharashtra,Pimpri-Chinchwad,"Transport Nagar-Nigdi, Pune - IITM","11-09-2026 05:00:00",18.664282,73.763966,NH3,NA,NA,NA
India,Maharashtra,Pimpri-Chinchwad,"Bhumkar Nagar, Pune - IITM","11-09-2026 05:00:00",18.60577,73.749976,PM2.5,12,60,26
India,Maharashtra,Pimpri-Chinchwad,"Gavalinagar, Pimpri Chinchwad - MPCB","11-09-2026 05:00:00",18.63673,73.82487,PM2.5,17,45,24
India,Maharashtra,Pimpri-Chinchwad,"Park Street Wakad, Pimpri Chinchwad - MPCB","11-09-2026 05:00:00",18.59051,73.77946,NH3,NA,NA,NA
India,Maharashtra,Pimpri-Chinchwad,"Park Street Wakad, Pimpri Chinchwad - MPCB","11-09-2026 05:00:00",18.59051,73.77946,SO2,NA,NA,NA
India,Maharashtra,Pimpri-Chinchwad,"Park Street Wakad, Pimpri Chinchwad - MPCB","11-09-2026 05:00:00",18.59051,73.77946,CO,9,19,15
India,Maharashtra,Pimpri-Chinchwad,"Bhosari, Pune - IITM","11-09-2026 05:00:00",18.640051,73.848956,SO2,NA,NA,NA
India,Maharashtra,Pimpri-Chinchwad,"Savta Mali Nagar, Pimpri-Chinchwad - IITM","11-09-2026 05:00:00",18.614767,73.799516,CO,32,38,34
India,Maharashtra,Pimpri-Chinchwad,"Thergaon, Pimpri Chinchwad - MPCB","11-09-2026 05:00:00",18.616318,73.765797,PM10,33,50,42
India,Maharashtra,Mumbai,"Kherwadi_Bandra East, Mumbai - MPCB","11-09-2026 05:00:00",19.0632143,72.8456324,NH3,5,5,5
India,Maharashtra,Mumbai,"Kherwadi_Bandra East, Mumbai - MPCB","11-09-2026 05:00:00",19.0632143,72.8456324,OZONE,15,19,16
India,Maharashtra,Mumbai,"Siddharth Nagar-Worli, Mumbai - IITM","11-09-2026 05:00:00",19.000083,72.813993,PM2.5,NA,NA,NA
India,Maharashtra,Mumbai,"Malad West, Mumbai - IITM","11-09-2026 05:00:00",19.19709,72.82204,PM2.5,2,18,7
India,Maharashtra,Mumbai,"Malad West, Mumbai - IITM","11-09-2026 05:00:00",19.19709,72.82204,PM10,8,43,23
India,Maharashtra,Mumbai,"Malad West, Mumbai - IITM","11-09-2026 05:00:00",19.19709,72.82204,NO2,4,10,7
India,Maharashtra,Mumbai,"Borivali East, Mumbai - MPCB","11-09-2026 05:00:00",19.2243333,72.8658113,PM10,8,34,18
India,Maharashtra,Mumbai,"Powai, Mumbai - MPCB","11-09-2026 05:00:00",19.1375,72.915056,PM2.5,1,500,83
India,Maharashtra,Mumbai,"Powai, Mumbai - MPCB","11-09-2026 05:00:00",19.1375,72.915056,PM10,13,209,53
India,Maharashtra,Mumbai,"Powai, Mumbai - MPCB","11-09-2026 05:00:00",19.1375,72.915056,SO2,8,19,9
India,Maharashtra,Mumbai,"Kurla, Mumbai - MPCB","11-09-2026 05:00:00",19.0863,72.8888,NH3,2,2,2
India,Maharashtra,Mumbai,"Ghatkopar, Mumbai - BMC","11-09-2026 05:00:00",19.083694,72.920967,NH3,5,25,11
India,Maharashtra,Mumbai,"Deonar, Mumbai - IITM","11-09-2026 05:00:00",19.04946,72.923,SO2,0,5,3
India,Maharashtra,Mumbai,"Deonar, Mumbai - IITM","11-09-2026 05:00:00",19.04946,72.923,OZONE,1,3,2
India,Odisha,Bhubaneswar,"Patia, Bhubaneswar - OSPCB","11-09-2026 05:00:00",20.34652,85.8163,SO2,3,22,11
India,Odisha,Bhubaneswar,"Patia, Bhubaneswar - OSPCB","11-09-2026 05:00:00",20.34652,85.8163,CO,12,51,34
India,Odisha,Bhubaneswar,"Lingraj Mandir, Bhubaneswar - OSPCB","11-09-2026 05:00:00",20.24079,85.836784,NO2,8,40,20
India,Odisha,Bhubaneswar,"Lingraj Mandir, Bhubaneswar - OSPCB","11-09-2026 05:00:00",20.24079,85.836784,OZONE,7,17,12
India,Odisha,Bileipada,"Tata Township, Bileipada - OSPCB","11-09-2026 05:00:00",22.06156703,85.47409613,NH3,NA,NA,NA
India,Odisha,Bileipada,"Tata Township, Bileipada - OSPCB","11-09-2026 05:00:00",22.06156703,85.47409613,OZONE,17,18,17
India,Odisha,Byasanagar,"Ferro Chrome Colony, Byasanagar - OSPCB","11-09-2026 05:00:00",20.94185,86.1151,NO2,5,13,8
India,Odisha,Cuttack,"CDA Area, Cuttack - OSPCB","11-09-2026 05:00:00",20.48891,85.84768,PM10,29,107,57
India,Odisha,Cuttack,"CDA Area, Cuttack - OSPCB","11-09-2026 05:00:00",20.48891,85.84768,OZONE,6,27,21
India,Odisha,Keonjhar,"Jagamohanpur, Keonjhar - OSPCB","11-09-2026 05:00:00",21.6439,85.599355,NO2,13,17,15
India,Odisha,Keonjhar,"Jagamohanpur, Keonjhar - OSPCB","11-09-2026 05:00:00",21.6439,85.599355,CO,43,44,44
India,Odisha,Nayagarh,"Dabuna, Nayagarh - OSPCB","11-09-2026 05:00:00",21.847279,85.416905,NO2,6,7,7
India,Odisha,Nayagarh,"Dabuna, Nayagarh - OSPCB","11-09-2026 05:00:00",21.847279,85.416905,OZONE,16,17,17
India,Odisha,Paradeep,"Nua Sandhakuda, Paradeep - OSPCB","11-09-2026 05:00:00",20.258828,86.665185,CO,82,84,83
India,Odisha,Paradeep,"Nua Sandhakuda, Paradeep - OSPCB","11-09-2026 05:00:00",20.258828,86.665185,OZONE,37,40,38
India,Odisha,Rairangpur,"Divisional Forest Office, Rairangpur - OSPCB","11-09-2026 05:00:00",22.265816,86.174829,PM2.5,21,24,22
India,Odisha,Rairangpur,"Divisional Forest Office, Rairangpur - OSPCB","11-09-2026 05:00:00",22.265816,86.174829,NO2,6,7,6
India,Odisha,Rairangpur,"Divisional Forest Office, Rairangpur - OSPCB","11-09-2026 05:00:00",22.265816,86.174829,OZONE,3,6,5
India,Odisha,Rourkela,"Fertilizer Township, Rourkela - OSPCB","11-09-2026 05:00:00",22.18972222,84.86277778,CO,18,32,24
India,Maharashtra,Pune,"Mhada Colony, Pune - IITM","11-09-2026 05:00:00",18.57304,73.927715,CO,28,51,38
India,Maharashtra,Pune,"Mhada Colony, Pune - IITM","11-09-2026 05:00:00",18.57304,73.927715,OZONE,4,7,5
India,Maharashtra,Pune,"Savitribai Phule Pune University, Pune - MPCB","11-09-2026 05:00:00",18.547056,73.826908,NO2,1,16,10
India,Maharashtra,Pune,"Hadapsar, Pune - IITM","11-09-2026 05:00:00",18.501793,73.927532,PM10,28,121,72
India,Maharashtra,Pune,"Hadapsar, Pune - IITM","11-09-2026 05:00:00",18.501793,73.927532,OZONE,7,20,10
India,Maharashtra,Pune,"Katraj Dairy, Pune - MPCB","11-09-2026 05:00:00",18.45445,73.854155,NO2,9,16,12
India,Maharashtra,Pune,"Panchawati_Pashan, Pune - IITM","11-09-2026 05:00:00",18.536457,73.805454,PM2.5,27,51,38
India,Maharashtra,Pune,"Panchawati_Pashan, Pune - IITM","11-09-2026 05:00:00",18.536457,73.805454,NH3,NA,NA,NA
India,Maharashtra,Pune,"Panchawati_Pashan, Pune - IITM","11-09-2026 05:00:00",18.536457,73.805454,CO,19,46,33
India,Maharashtra,Pune,"Dhankawadi, Pune - IITM","11-09-2026 05:00:00",18.459883,73.852193,PM2.5,19,49,35
India,Maharashtra,Pune,"Revenue Colony-Shivajinagar, Pune - IITM","11-09-2026 05:00:00",18.530085,73.849598,NH3,NA,NA,NA
India,Maharashtra,Pune,"Revenue Colony-Shivajinagar, Pune - IITM","11-09-2026 05:00:00",18.530085,73.849598,SO2,5,20,13
India,Maharashtra,Sangli,"Vijay Nagar, Sangli - MPCB","11-09-2026 05:00:00",16.5038,74.3623,PM2.5,4,48,31
India,Maharashtra,Satara,"Koyana Nagar, Satara - MPCB","11-09-2026 05:00:00",17.696651,74.003387,CO,12,18,14
India,Maharashtra,Solapur,"Ratandeep Housing Society, Solapur - MPCB","11-09-2026 05:00:00",17.65439,75.90649,NH3,2,10,4
India,Maharashtra,Solapur,"Dnyaneshwar Nagar, Solapur - MPCB","11-09-2026 05:00:00",17.6336264,75.9132495,CO,6,23,9
India,Maharashtra,Thane,"Kasarvadavali, Thane - MPCB","11-09-2026 05:00:00",19.26777,72.97182,SO2,0,1,1
India,Rajasthan,Kota,"Nayapura, Kota - RSPCB","11-09-2026 05:00:00",25.196024,75.855668,PM10,61,138,85
India,Rajasthan,Kota,"Nayapura, Kota - RSPCB","11-09-2026 05:00:00",25.196024,75.855668,SO2,4,5,5
India,Rajasthan,Kota,"Nayapura, Kota - RSPCB","11-09-2026 05:00:00",25.196024,75.855668,OZONE,21,29,26
India,Rajasthan,Nagaur,"Karni Colony, Nagaur - RSPCB","11-09-2026 05:00:00",27.213494,73.734444,NO2,3,12,6
India,Rajasthan,Pratapgarh,"Pragati Nagar, Pratapgarh - RSPCB","11-09-2026 05:00:00",24.041198,74.780702,PM2.5,27,57,38
India,Rajasthan,Pratapgarh,"Pragati Nagar, Pratapgarh - RSPCB","11-09-2026 05:00:00",24.041198,74.780702,PM10,50,123,79
India,Rajasthan,Pratapgarh,"Pragati Nagar, Pratapgarh - RSPCB","11-09-2026 05:00:00",24.041198,74.780702,SO2,0,2,1
India,Rajasthan,Pratapgarh,"Pragati Nagar, Pratapgarh - RSPCB","11-09-2026 05:00:00",24.041198,74.780702,OZONE,33,42,39
India,Rajasthan,"Sawai Madhopur","Sahu Nagar, Sawai Madhopur - RSPCB","11-09-2026 05:00:00",26.031443,76.359327,PM2.5,17,202,58
India,Rajasthan,"Sawai Madhopur","Sahu Nagar, Sawai Madhopur - RSPCB","11-09-2026 05:00:00",26.031443,76.359327,SO2,2,9,6
India,Rajasthan,Sikar,"Radhakishan Pura, Sikar - RSPCB","11-09-2026 05:00:00",27.608912,75.153302,PM10,NA,NA,NA
India,Rajasthan,"Sri Ganganagar","Old City, Sri Ganganagar - RSPCB","11-09-2026 05:00:00",29.931624,73.864511,PM10,56,165,113
India,Rajasthan,"Sri Ganganagar","Old City, Sri Ganganagar - RSPCB","11-09-2026 05:00:00",29.931624,73.864511,NO2,29,62,38
India,Rajasthan,"Sri Ganganagar","Old City, Sri Ganganagar - RSPCB","11-09-2026 05:00:00",29.931624,73.864511,SO2,1,3,2
India,Rajasthan,Tonk,"Shastri Nagar, Tonk - RSPCB","11-09-2026 05:00:00",26.159933,75.780517,PM2.5,37,78,51
India,Rajasthan,Tonk,"Shastri Nagar, Tonk - RSPCB","11-09-2026 05:00:00",26.159933,75.780517,PM10,55,200,107
India,Rajasthan,Tonk,"Shastri Nagar, Tonk - RSPCB","11-09-2026 05:00:00",26.159933,75.780517,NH3,NA,NA,NA
India,Rajasthan,Tonk,"Shastri Nagar, Tonk - RSPCB","11-09-2026 05:00:00",26.159933,75.780517,CO,5,48,22
India,Rajasthan,Udaipur,"Ashok Nagar, Udaipur - RSPCB","11-09-2026 05:00:00",24.5886166,73.6321397,PM10,61,157,93
India,Maharashtra,Thane,"Upvan Fort, Thane - MPCB","11-09-2026 05:00:00",19.222279,72.957979,NH3,1,5,3
India,Maharashtra,Ulhasnagar,"Sidhi Vinayak Nagar, Ulhasnagar - MPCB","11-09-2026 05:00:00",19.235581,73.159121,NO2,9,12,10
India,Maharashtra,Ulhasnagar,"Vithalwadi, Ulhasnagar - MPCB","11-09-2026 05:00:00",19.2307571,73.155192,PM10,34,101,57
India,Meghalaya,Shillong,"Lumpyngngad, Shillong - Meghalaya PCB","11-09-2026 05:00:00",25.5586,91.8985,NO2,0,1,0
India,Mizoram,Aizawl,"Sikulpuikawn, Aizawl - Mizoram PCB","11-09-2026 05:00:00",23.7176342,92.7192841,OZONE,0,0,0
India,Nagaland,Kohima,"PWD Junction, Kohima - NPCB","11-09-2026 05:00:00",25.6635413,94.0989878,PM2.5,1,49,17
India,Nagaland,Kohima,"PWD Junction, Kohima - NPCB","11-09-2026 05:00:00",25.6635413,94.0989878,PM10,6,43,16
India,Nagaland,Kohima,"PWD Junction, Kohima - NPCB","11-09-2026 05:00:00",25.6635413,94.0989878,NO2,3,4,3
India,Nagaland,Kohima,"PWD Junction, Kohima - NPCB","11-09-2026 05:00:00",25.6635413,94.0989878,OZONE,NA,NA,NA
India,Odisha,Balasore,"Kalidaspur, Balasore - OSPCB","11-09-2026 05:00:00",21.51161,86.89088,CO,40,46,43
India,Odisha,Barbil,"Forest Office, Barbil - OSPCB","11-09-2026 05:00:00",22.1166054,85.3945546,SO2,8,18,12
India,Odisha,Baripada,"Meher Colony, Baripada - OSPCB","11-09-2026 05:00:00",21.941841,86.728318,PM10,8,52,22
India,Odisha,Baripada,"Meher Colony, Baripada - OSPCB","11-09-2026 05:00:00",21.941841,86.728318,NH3,0,3,1
India,Odisha,Baripada,"Meher Colony, Baripada - OSPCB","11-09-2026 05:00:00",21.941841,86.728318,CO,3,30,13
India,Odisha,Bhubaneswar,"Patia, Bhubaneswar - OSPCB","11-09-2026 05:00:00",20.34652,85.8163,PM2.5,10,52,31
India,Punjab,Rupnagar,"Ratanpura, Rupnagar - Ambuja Cements","11-09-2026 05:00:00",31.0325454,76.5623046,PM2.5,9,82,28
India,Punjab,Rupnagar,"Ratanpura, Rupnagar - Ambuja Cements","11-09-2026 05:00:00",31.0325454,76.5623046,NH3,NA,NA,NA
India,Rajasthan,Ajmer,"Civil Lines,  Ajmer - RSPCB","11-09-2026 05:00:00",26.470859,74.646594,PM2.5,51,104,71
India,Rajasthan,Alwar,"Vigyan Nagar, Alwar - RSPCB","11-09-2026 05:00:00",27.598796,76.63861,PM10,106,163,123
India,Rajasthan,Alwar,"Vigyan Nagar, Alwar - RSPCB","11-09-2026 05:00:00",27.598796,76.63861,SO2,6,7,7
India,Rajasthan,Alwar,"Moti Doongri, Alwar - RSPCB","11-09-2026 05:00:00",27.554793,76.611536,NO2,26,102,56
India,Rajasthan,Alwar,"Moti Doongri, Alwar - RSPCB","11-09-2026 05:00:00",27.554793,76.611536,OZONE,20,49,30
India,Rajasthan,Banswara,"Rati Talai, Banswara - RSPCB","11-09-2026 05:00:00",23.55519,74.44001,PM10,53,103,74
India,Rajasthan,Banswara,"Rati Talai, Banswara - RSPCB","11-09-2026 05:00:00",23.55519,74.44001,NO2,23,54,34
India,Rajasthan,Banswara,"Rati Talai, Banswara - RSPCB","11-09-2026 05:00:00",23.55519,74.44001,CO,14,23,16
India,Rajasthan,Baran,"Bamboliya, Baran - RSPCB","11-09-2026 05:00:00",25.106006,76.469948,NO2,13,27,21
India,Rajasthan,Barmer,"Railway Colony, Barmer - RSPCB","11-09-2026 05:00:00",25.747299,71.393989,PM2.5,5,22,13
India,Rajasthan,Barmer,"Railway Colony, Barmer - RSPCB","11-09-2026 05:00:00",25.747299,71.393989,SO2,4,6,5
India,Rajasthan,Bharatpur,"Krishna Nagar, Bharatpur - RSPCB","11-09-2026 05:00:00",27.215415,77.50873,CO,23,32,28
India,Rajasthan,Bhilwara,"Pratap Nagar, Bhilwara - RSPCB","11-09-2026 05:00:00",25.339605,74.618883,PM10,83,144,103
India,Rajasthan,Hanumangarh,"Housing Board, Hanumangarh - RSPCB","11-09-2026 05:00:00",29.61075,74.283608,PM2.5,7,72,30
India,Rajasthan,Jaipur,"Sector-2 Murlipura, Jaipur - RSPCB","11-09-2026 05:00:00",26.960669,75.771817,NH3,4,7,6
India,Rajasthan,Jaipur,"RIICO Sitapura, Jaipur - RSPCB","11-09-2026 05:00:00",26.786682,75.827928,CO,26,66,38
India,Rajasthan,Jaipur,"Shastri Nagar, Jaipur - RSPCB","11-09-2026 05:00:00",26.9502929,75.730943,CO,21,71,37
India,Rajasthan,Jaipur,"Police Commissionerate, Jaipur - RSPCB","11-09-2026 05:00:00",26.9164092,75.7994901,SO2,24,40,33
India,Rajasthan,Jaipur,"Mansarovar Sector-12, Jaipur - RSPCB","11-09-2026 05:00:00",26.843698,75.766894,NO2,5,41,20
India,Rajasthan,Jaipur,"Mansarovar Sector-12, Jaipur - RSPCB","11-09-2026 05:00:00",26.843698,75.766894,SO2,NA,NA,NA
India,Rajasthan,Jaisalmer,"Sadar Bazar, Jaisalmer - RSPCB","11-09-2026 05:00:00",26.912329,70.909168,NO2,37,58,50
India,Rajasthan,Jaisalmer,"Sadar Bazar, Jaisalmer - RSPCB","11-09-2026 05:00:00",26.912329,70.909168,NH3,7,12,9
India,Rajasthan,Jaisalmer,"Sadar Bazar, Jaisalmer - RSPCB","11-09-2026 05:00:00",26.912329,70.909168,SO2,1,7,2
India,Rajasthan,Jalore,"Mudtra Sili, Jalore - RSPCB","11-09-2026 05:00:00",25.344694,72.626208,PM10,44,87,65
India,Rajasthan,Jhalawar,"Rajlaxmi Nagar, Jhalawar - RSPCB","11-09-2026 05:00:00",24.588397,76.172782,NH3,2,10,5
India,Rajasthan,Jhalawar,"Rajlaxmi Nagar, Jhalawar - RSPCB","11-09-2026 05:00:00",24.588397,76.172782,SO2,3,19,11
India,Rajasthan,Jhunjhunu,"Indra Nagar, Jhunjhunu - RSPCB","11-09-2026 05:00:00",28.108988,75.386577,SO2,2,5,3
India,Odisha,Rourkela,"Sector-2, Rourkela - OSPCB","11-09-2026 05:00:00",22.245,84.88111111,PM10,32,32,32
India,Odisha,Rourkela,"Sector-2, Rourkela - OSPCB","11-09-2026 05:00:00",22.245,84.88111111,OZONE,NA,NA,NA
India,Odisha,Rourkela,"Raghunathpali, Rourkela - OSPCB","11-09-2026 05:00:00",22.220833,84.809444,SO2,3,7,5
India,Odisha,Rourkela,"Raghunathpali, Rourkela - OSPCB","11-09-2026 05:00:00",22.220833,84.809444,OZONE,11,12,11
India,Odisha,Tensa,"Barsua Iron Ore Mines, Tensa - OSPCB","11-09-2026 05:00:00",21.869985,85.167016,NH3,NA,NA,NA
India,Puducherry,Puducherry,"Jawahar Nagar, Puducherry - PPCC","11-09-2026 05:00:00",11.9309,79.8027,NO2,4,26,12
India,Punjab,Amritsar,"Golden Temple, Amritsar - PPCB","11-09-2026 05:00:00",31.62,74.876512,PM2.5,87,115,101
India,Punjab,Amritsar,"Golden Temple, Amritsar - PPCB","11-09-2026 05:00:00",31.62,74.876512,PM10,80,98,91
India,Punjab,Amritsar,"Golden Temple, Amritsar - PPCB","11-09-2026 05:00:00",31.62,74.876512,OZONE,9,33,14
India,Punjab,Bathinda,"Hardev Nagar, Bathinda - PPCB","11-09-2026 05:00:00",30.233011,74.907758,PM10,33,145,65
India,Punjab,Bathinda,"Hardev Nagar, Bathinda - PPCB","11-09-2026 05:00:00",30.233011,74.907758,NO2,23,31,27
India,Punjab,Bathinda,"Hardev Nagar, Bathinda - PPCB","11-09-2026 05:00:00",30.233011,74.907758,OZONE,NA,NA,NA
India,Punjab,Jalandhar,"Civil Line, Jalandhar - PPCB","11-09-2026 05:00:00",31.321907,75.578914,OZONE,12,23,16
India,Punjab,Khanna,"Kalal Majra, Khanna - PPCB","11-09-2026 05:00:00",30.736056,76.209694,SO2,6,18,11
India,Punjab,Khanna,"Kalal Majra, Khanna - PPCB","11-09-2026 05:00:00",30.736056,76.209694,CO,40,102,70
India,Rajasthan,Jodhpur,"Collectorate, Jodhpur - RSPCB","11-09-2026 05:00:00",26.268249,73.0193853,NH3,1,8,5
India,Rajasthan,Jodhpur,"Digari Kalan, Jodhpur - RSPCB","11-09-2026 05:00:00",26.29581,73.082283,PM2.5,8,47,25
India,Rajasthan,Jodhpur,"Digari Kalan, Jodhpur - RSPCB","11-09-2026 05:00:00",26.29581,73.082283,NO2,11,33,17
India,Rajasthan,Jodhpur,"Samrat Ashok Udhyan, Jodhpur - RSPCB","11-09-2026 05:00:00",26.253384,72.976571,PM2.5,12,48,26
India,Rajasthan,Jodhpur,"Samrat Ashok Udhyan, Jodhpur - RSPCB","11-09-2026 05:00:00",26.253384,72.976571,CO,7,19,11
India,Rajasthan,Jodhpur,"Jhalamand, Jodhpur - RSPCB","11-09-2026 05:00:00",26.215415,73.070156,SO2,2,3,2
India,Rajasthan,Jodhpur,"Jhalamand, Jodhpur - RSPCB","11-09-2026 05:00:00",26.215415,73.070156,CO,9,15,11
India,Rajasthan,Jodhpur,"Mandor, Jodhpur - RSPCB","11-09-2026 05:00:00",26.358805,73.047444,PM2.5,10,40,24
India,Rajasthan,Karauli,"Satyawati Vihar, Karauli - RSPCB","11-09-2026 05:00:00",26.506177,77.025989,PM2.5,27,68,36
India,Rajasthan,Karauli,"Satyawati Vihar, Karauli - RSPCB","11-09-2026 05:00:00",26.506177,77.025989,OZONE,3,27,13
India,Rajasthan,Khairthal,"New Anaj Mandi, Khairthal - RSPCB","11-09-2026 05:00:00",27.8015617,76.6365217,OZONE,14,23,19
India,Rajasthan,Kota,"Shrinath Puram, Kota - RSPCB","11-09-2026 05:00:00",25.14389,75.821256,PM10,54,93,65
India,Rajasthan,Kota,"Shrinath Puram, Kota - RSPCB","11-09-2026 05:00:00",25.14389,75.821256,NH3,1,12,7
India,Rajasthan,Kota,"Dhanmandi, Kota - RSPCB","11-09-2026 05:00:00",25.16409,75.858137,SO2,2,9,5
India,Rajasthan,Kota,"Dhanmandi, Kota - RSPCB","11-09-2026 05:00:00",25.16409,75.858137,OZONE,27,43,37
India,Rajasthan,Bhiwadi,"RIICO Ind. Area III, Bhiwadi - RSPCB","11-09-2026 05:00:00",28.194909,76.862296,PM10,106,193,147
India,Rajasthan,Bhiwadi,"Vasundhara Nagar_UIT, Bhiwadi - RSPCB","11-09-2026 05:00:00",28.207266,76.829265,CO,36,54,42
India,Rajasthan,Bikaner,"MM Ground, Bikaner - RSPCB","11-09-2026 05:00:00",28.018792,73.292658,NO2,6,57,14
India,Rajasthan,Bikaner,"MM Ground, Bikaner - RSPCB","11-09-2026 05:00:00",28.018792,73.292658,SO2,3,8,5
India,Rajasthan,Bundi,"New Colony, Bundi - RSPCB","11-09-2026 05:00:00",25.435774,75.644272,NO2,12,53,23
India,Rajasthan,Churu,"Subash Chowk, Churu - RSPCB","11-09-2026 05:00:00",28.296139,74.961696,SO2,3,9,5
India,Rajasthan,Dausa,"Khatikan Mohalla, Dausa - RSPCB","11-09-2026 05:00:00",26.895552,76.334753,PM2.5,20,57,34
India,Rajasthan,Dholpur,"Raja Ganj, Dholpur - RSPCB","11-09-2026 05:00:00",26.699557,77.898881,NO2,2,20,10
India,Telangana,Hyderabad,"Kompally Municipal Office, Hyderabad - TSPCB","11-09-2026 05:00:00",17.544899,78.486949,CO,12,20,17
India,Telangana,Hyderabad,"Zoo Park, Hyderabad - TSPCB","11-09-2026 05:00:00",17.349694,78.451437,NH3,2,2,2
India,Telangana,Hyderabad,"ICRISAT Patancheru, Hyderabad - TSPCB","11-09-2026 05:00:00",17.5184,78.278777,NH3,1,2,2
India,Telangana,Hyderabad,"Sanathnagar, Hyderabad - TSPCB","11-09-2026 05:00:00",17.4559458,78.4332152,PM2.5,28,100,41
India,Telangana,Hyderabad,"Sanathnagar, Hyderabad - TSPCB","11-09-2026 05:00:00",17.4559458,78.4332152,PM10,NA,NA,NA
India,Telangana,Hyderabad,"IDA Pashamylaram, Hyderabad - TSPCB","11-09-2026 05:00:00",17.5316895,78.218939,CO,3,20,11
India,Telangana,Hyderabad,"Bollaram Industrial Area, Hyderabad - TSPCB","11-09-2026 05:00:00",17.518,78.383,PM2.5,25,55,36
India,Telangana,Hyderabad,"Bollaram Industrial Area, Hyderabad - TSPCB","11-09-2026 05:00:00",17.518,78.383,NO2,20,29,25
India,Telangana,Hyderabad,"Bollaram Industrial Area, Hyderabad - TSPCB","11-09-2026 05:00:00",17.518,78.383,SO2,11,16,14
India,Telangana,Hyderabad,"IITH Kandi, Hyderabad - TSPCB","11-09-2026 05:00:00",17.585705,78.126199,PM2.5,29,51,38
India,Telangana,Hyderabad,"IITH Kandi, Hyderabad - TSPCB","11-09-2026 05:00:00",17.585705,78.126199,SO2,8,16,12
India,Telangana,Hyderabad,"Nacharam_TSIIC IALA, Hyderabad - TSPCB","11-09-2026 05:00:00",17.429398,78.569354,SO2,7,18,11
India,Telangana,Hyderabad,"Nacharam_TSIIC IALA, Hyderabad - TSPCB","11-09-2026 05:00:00",17.429398,78.569354,CO,21,23,22
India,Telangana,Hyderabad,"New Malakpet, Hyderabad - TSPCB","11-09-2026 05:00:00",17.37206,78.50864,NO2,12,18,15
India,Tripura,Agartala,"Bardowali, Agartala - Tripura SPCB","11-09-2026 05:00:00",23.8175497,91.2726974,CO,25,34,29
India,Tripura,Agartala,"Bardowali, Agartala - Tripura SPCB","11-09-2026 05:00:00",23.8175497,91.2726974,OZONE,2,2,2
India,"Uttar Pradesh",Agra,"Sector-3B Avas Vikas Colony, Agra - UPPCB","11-09-2026 05:00:00",27.19412,77.96237,NO2,35,35,35
India,Sikkim,Gangtok,"Zero Point GICI, Gangtok - SSPCB","11-09-2026 05:00:00",27.33853,88.614099,PM2.5,8,25,18
India,Sikkim,Gangtok,"Zero Point GICI, Gangtok - SSPCB","11-09-2026 05:00:00",27.33853,88.614099,OZONE,1,1,1
India,"Tamil Nadu",Chennai,"Manali, Chennai - CPCB","11-09-2026 05:00:00",13.164544,80.26285,PM2.5,9,76,43
India,"Tamil Nadu",Chennai,"Manali, Chennai - CPCB","11-09-2026 05:00:00",13.164544,80.26285,CO,16,66,43
India,"Tamil Nadu",Chennai,"Manali Village, Chennai - TNPCB","11-09-2026 05:00:00",13.1662,80.2584,PM10,36,110,69
India,"Tamil Nadu",Coimbatore,"SIDCO Kurichi, Coimbatore - TNPCB","11-09-2026 05:00:00",10.942451,76.978996,NH3,1,1,1
India,"Tamil Nadu",Coimbatore,"SIDCO Kurichi, Coimbatore - TNPCB","11-09-2026 05:00:00",10.942451,76.978996,CO,40,44,42
India,"Tamil Nadu",Gummidipoondi,"Anthoni Pillai Nagar, Gummidipoondi - TNPCB","11-09-2026 05:00:00",13.4127,80.1081,PM2.5,74,379,141
India,"Tamil Nadu",Gummidipoondi,"Anthoni Pillai Nagar, Gummidipoondi - TNPCB","11-09-2026 05:00:00",13.4127,80.1081,NH3,2,9,8
India,Telangana,Hyderabad,"Kokapet, Hyderabad - TSPCB","11-09-2026 05:00:00",17.393559,78.339194,NH3,2,3,2
India,Telangana,Hyderabad,"Ramachandrapuram, Hyderabad - TSPCB","11-09-2026 05:00:00",17.528544,78.286195,CO,22,23,23
India,Telangana,Hyderabad,"Ramachandrapuram, Hyderabad - TSPCB","11-09-2026 05:00:00",17.528544,78.286195,OZONE,17,17,17
India,Telangana,Hyderabad,"Somajiguda, Hyderabad - TSPCB","11-09-2026 05:00:00",17.417094,78.457437,NH3,5,5,5
India,Telangana,Hyderabad,"Somajiguda, Hyderabad - TSPCB","11-09-2026 05:00:00",17.417094,78.457437,CO,10,41,18
India,Telangana,Hyderabad,"Kompally Municipal Office, Hyderabad - TSPCB","11-09-2026 05:00:00",17.544899,78.486949,PM2.5,27,41,34
India,"Uttar Pradesh",Varanasi,"Maldahiya, Varanasi - UPPCB","11-09-2026 05:00:00",25.32393,82.99687,OZONE,4,4,4
India,"Uttar Pradesh",Varanasi,"IESD Banaras Hindu University, Varanasi - UPPCB","11-09-2026 05:00:00",25.262326,82.995408,NO2,2,2,2
India,"Uttar Pradesh",Vrindavan,"Omex Eternity, Vrindavan - UPPCB","11-09-2026 05:00:00",27.571409,77.655757,NO2,27,27,27
India,"Uttar Pradesh",Vrindavan,"Omex Eternity, Vrindavan - UPPCB","11-09-2026 05:00:00",27.571409,77.655757,NH3,7,9,8
India,"Uttar Pradesh",Vrindavan,"Omex Eternity, Vrindavan - UPPCB","11-09-2026 05:00:00",27.571409,77.655757,CO,7,9,8
India,"Uttar Pradesh",Vrindavan," Chhatikara, Vrindavan - UPPCB","11-09-2026 05:00:00",27.57194,77.62346,CO,135,136,136
India,Uttarakhand,Dehradun,"Doon University, Dehradun - UKPCB","11-09-2026 05:00:00",30.269444,78.044167,NH3,NA,NA,NA
India,Uttarakhand,Kashipur,"Govt. Girls Inter College, Kashipur - UKPCB","11-09-2026 05:00:00",29.2124114,78.9611753,CO,9,20,15
India,Uttarakhand,Rishikesh,"Shivaji Nagar, Rishikesh - UKPCB","11-09-2026 05:00:00",30.075911,78.2859547,SO2,1,1,1
India,"West Bengal",Asansol,"Asansol Court Area, Asansol - WBPCB","11-09-2026 05:00:00",23.685297,86.945968,PM10,21,50,36
India,"West Bengal",Asansol,"Asansol Court Area, Asansol - WBPCB","11-09-2026 05:00:00",23.685297,86.945968,SO2,8,19,13
India,"West Bengal",Asansol,"Trivenidevi Bhalotia College, Asansol - WBPCB","11-09-2026 05:00:00",23.616515,87.119133,PM10,12,68,20
India,"West Bengal",Asansol,"Evelyn Lodge, Asansol - WBPCB","11-09-2026 05:00:00",23.697936,86.944395,CO,9,29,17
India,"Uttar Pradesh",Noida,"Sector - 62, Noida - IITM","11-09-2026 05:00:00",28.6245479,77.3577104,PM10,100,157,123
India,"Uttar Pradesh",Noida,"Sector - 62, Noida - IITM","11-09-2026 05:00:00",28.6245479,77.3577104,NH3,NA,NA,NA
India,"Uttar Pradesh",Prayagraj,"Nagar Nigam, Prayagraj - UPPCB","11-09-2026 05:00:00",25.44919916,81.82735986,PM2.5,8,80,19
India,"Uttar Pradesh",Prayagraj,"Nagar Nigam, Prayagraj - UPPCB","11-09-2026 05:00:00",25.44919916,81.82735986,OZONE,11,11,11
India,"Uttar Pradesh",Prayagraj,"Motilal Nehru NIT, Prayagraj - UPPCB","11-09-2026 05:00:00",25.494,81.863,NH3,8,8,8
India,"Uttar Pradesh",Prayagraj,"Motilal Nehru NIT, Prayagraj - UPPCB","11-09-2026 05:00:00",25.494,81.863,CO,8,24,14
India,"Uttar Pradesh",Raebareli," Indira Nagar, Raebareli - NTPC Unchahar","11-09-2026 05:00:00",26.207781,81.245571,NO2,16,35,24
India,"Uttar Pradesh",Raebareli," Indira Nagar, Raebareli - NTPC Unchahar","11-09-2026 05:00:00",26.207781,81.245571,CO,50,67,61
India,"Uttar Pradesh",Raebareli,"Anand Nagar, Raebareli - UPPCB","11-09-2026 05:00:00",26.219512,81.237648,OZONE,45,54,49
India,"Uttar Pradesh",Shamli,"New Tehsil, Shamli - UPPCB","11-09-2026 05:00:00",29.4603683,77.3410291,NH3,0,1,1
India,"Uttar Pradesh",Shamli,"New Tehsil, Shamli - UPPCB","11-09-2026 05:00:00",29.4603683,77.3410291,SO2,1,2,2
India,"Uttar Pradesh",Shamli,"New Tehsil, Shamli - UPPCB","11-09-2026 05:00:00",29.4603683,77.3410291,CO,10,74,44
India,"Uttar Pradesh",Varanasi,"Bhelupur, Varanasi - UPPCB","11-09-2026 05:00:00",25.301778,82.996789,NO2,7,8,8
India,"Uttar Pradesh",Varanasi,"Bhelupur, Varanasi - UPPCB","11-09-2026 05:00:00",25.301778,82.996789,NH3,1,1,1
India,"Uttar Pradesh",Varanasi,"Bhelupur, Varanasi - UPPCB","11-09-2026 05:00:00",25.301778,82.996789,OZONE,8,11,9
India,"Uttar Pradesh",Varanasi,"Ardhali Bazar, Varanasi - UPPCB","11-09-2026 05:00:00",25.3505986,82.9083074,PM10,24,83,46
India,"Uttar Pradesh",Moradabad,"Employment Office, Moradabad - UPPCB","11-09-2026 05:00:00",28.88528,78.7388,PM2.5,44,142,75
India,"Uttar Pradesh",Moradabad,"Employment Office, Moradabad - UPPCB","11-09-2026 05:00:00",28.88528,78.7388,NH3,3,3,3
India,"Uttar Pradesh",Moradabad,"Jigar Colony, Moradabad - UPPCB","11-09-2026 05:00:00",28.856664,78.772638,PM2.5,32,124,56
India,"Uttar Pradesh",Moradabad,"Eco Herbal Park, Moradabad - UPPCB","11-09-2026 05:00:00",28.840739,78.697531,NO2,15,36,21
India,"Uttar Pradesh",Moradabad,"Kashiram Nagar, Moradabad - UPPCB","11-09-2026 05:00:00",28.849399,78.742362,PM10,43,183,99
India,"Uttar Pradesh",Moradabad,"Kashiram Nagar, Moradabad - UPPCB","11-09-2026 05:00:00",28.849399,78.742362,SO2,33,53,41
India,"Uttar Pradesh",Moradabad,"Transport Nagar, Moradabad - UPPCB","11-09-2026 05:00:00",28.802625,78.753728,PM10,63,154,120
India,"Uttar Pradesh",Moradabad,"Buddhi Vihar, Moradabad - UPPCB","11-09-2026 05:00:00",28.83526,78.7446,NH3,5,5,5
India,"Uttar Pradesh",Muzaffarnagar,"New Mandi, Muzaffarnagar - UPPCB","11-09-2026 05:00:00",29.4723508,77.7194031,NO2,12,32,24
India,"Uttar Pradesh",Noida,"Sector-1, Noida - UPPCB","11-09-2026 05:00:00",28.5898,77.3101,PM2.5,30,158,57
India,"Uttar Pradesh",Noida,"Sector-1, Noida - UPPCB","11-09-2026 05:00:00",28.5898,77.3101,PM10,115,187,141
India,"Uttar Pradesh",Noida,"Sector-1, Noida - UPPCB","11-09-2026 05:00:00",28.5898,77.3101,CO,28,110,83
India,"Uttar Pradesh",Noida,"Sector-1, Noida - UPPCB","11-09-2026 05:00:00",28.5898,77.3101,OZONE,6,27,15
India,"Uttar Pradesh","Greater Noida","Knowledge Park - V, Greater Noida - UPPCB","11-09-2026 05:00:00",28.557054,77.453663,NO2,28,70,47
India,"Uttar Pradesh","Greater Noida","Knowledge Park - III, Greater Noida - UPPCB","11-09-2026 05:00:00",28.47272,77.482,PM10,64,187,125
India,"Uttar Pradesh","Greater Noida","Knowledge Park - III, Greater Noida - UPPCB","11-09-2026 05:00:00",28.47272,77.482,CO,27,38,33
India,"Uttar Pradesh",Jhansi,"Shivaji Nagar, Jhansi - UPPCB","11-09-2026 05:00:00",25.4547,78.6039,PM10,65,105,85
India,"Uttar Pradesh",Jhansi,"Shivaji Nagar, Jhansi - UPPCB","11-09-2026 05:00:00",25.4547,78.6039,NO2,5,6,6
India,"Uttar Pradesh",Kanpur,"FTI Kidwai Nagar, Kanpur - UPPCB","11-09-2026 05:00:00",26.428282,80.327067,NH3,3,3,3
India,"Uttar Pradesh",Kanpur,"NSI Kalyanpur, Kanpur - UPPCB","11-09-2026 05:00:00",26.509954,80.249612,PM10,59,114,79
India,"Uttar Pradesh",Kanpur,"NSI Kalyanpur, Kanpur - UPPCB","11-09-2026 05:00:00",26.509954,80.249612,CO,13,15,14
India,"Uttar Pradesh",Khora,"Prashant Garden, Khora - UPPCB","11-09-2026 05:00:00",28.61119,77.34206,SO2,NA,NA,NA
India,"Uttar Pradesh",Khurja,"Kalindi Kunj, Khurja - UPPCB","11-09-2026 05:00:00",28.2348927,77.8683002,PM2.5,NA,NA,NA
India,"Uttar Pradesh",Khurja,"Kalindi Kunj, Khurja - UPPCB","11-09-2026 05:00:00",28.2348927,77.8683002,NO2,NA,NA,NA
India,"Uttar Pradesh",Khurja,"Kalindi Kunj, Khurja - UPPCB","11-09-2026 05:00:00",28.2348927,77.8683002,NH3,NA,NA,NA
India,"Uttar Pradesh",Khurja,"Kalindi Kunj, Khurja - UPPCB","11-09-2026 05:00:00",28.2348927,77.8683002,CO,7,85,55
India,"Uttar Pradesh","Fatehpur Sikri","Dadupura, Fatehpur Sikri - UPPCB","11-09-2026 05:00:00",27.097694,77.671335,SO2,10,11,11
India,"Uttar Pradesh",Firozabad,"Nagla Bhau, Firozabad - UPPCB","11-09-2026 05:00:00",27.168897,78.37696,PM10,NA,NA,NA
India,"Uttar Pradesh",Gajraula,"Rajanpur, Gajraula - UPPCB","11-09-2026 05:00:00",28.829109,78.248796,SO2,9,13,11
India,"Uttar Pradesh",Ghaziabad,"Vasundhara, Ghaziabad - UPPCB","11-09-2026 05:00:00",28.6603346,77.3572563,NH3,5,8,7
India,"Uttar Pradesh",Ghaziabad,"Vasundhara, Ghaziabad - UPPCB","11-09-2026 05:00:00",28.6603346,77.3572563,SO2,4,18,11
India,"Uttar Pradesh",Ghaziabad,"Ved Vihar-Loni, Ghaziabad - UPPCB","11-09-2026 05:00:00",28.739153,77.273668,NH3,4,21,10
India,"Uttar Pradesh",Ghaziabad,"Ved Vihar-Loni, Ghaziabad - UPPCB","11-09-2026 05:00:00",28.739153,77.273668,OZONE,3,8,5
India,"Uttar Pradesh",Ghaziabad,"Wave City, Ghaziabad - UPPCB","11-09-2026 05:00:00",28.646675,77.489049,OZONE,2,7,4
India,"Uttar Pradesh",Ghaziabad,"Indirapuram, Ghaziabad - UPPCB","11-09-2026 05:00:00",28.646233,77.358075,NO2,20,55,32
India,"Uttar Pradesh",Ghaziabad,"Govindpuram, Ghaziabad - UPPCB","11-09-2026 05:00:00",28.694528,77.494705,OZONE,4,13,8
India,"Uttar Pradesh",Gorakhpur,"Madan Mohan Malaviya University of Technology, Gorakhpur - UPPCB","11-09-2026 05:00:00",26.730136,83.433859,PM2.5,NA,NA,NA
India,"Uttar Pradesh",Lucknow,"Kukrail Picnic Spot-1, Lucknow - UPPCB","11-09-2026 05:00:00",26.90723,80.98579,NH3,6,6,6
India,"Uttar Pradesh",Lucknow,"Kukrail Picnic Spot-1, Lucknow - UPPCB","11-09-2026 05:00:00",26.90723,80.98579,SO2,28,31,29
India,"Uttar Pradesh",Lucknow,"Kukrail Picnic Spot-1, Lucknow - UPPCB","11-09-2026 05:00:00",26.90723,80.98579,CO,14,15,14
India,"Uttar Pradesh",Lucknow,"Gomti Nagar, Lucknow - UPPCB","11-09-2026 05:00:00",26.86812,81.005119,SO2,11,11,11
India,"Uttar Pradesh",Lucknow,"Gomti Nagar, Lucknow - UPPCB","11-09-2026 05:00:00",26.86812,81.005119,OZONE,39,40,39
India,"Uttar Pradesh",Lucknow,"Lalbagh, Lucknow - CPCB","11-09-2026 05:00:00",26.8458805,80.9365541,PM2.5,29,49,36
India,"Uttar Pradesh",Lucknow,"Lalbagh, Lucknow - CPCB","11-09-2026 05:00:00",26.8458805,80.9365541,NH3,10,21,15
India,"Uttar Pradesh",Lucknow,"Lalbagh, Lucknow - CPCB","11-09-2026 05:00:00",26.8458805,80.9365541,SO2,3,11,6
India,"Uttar Pradesh",Lucknow,"Lalbagh, Lucknow - CPCB","11-09-2026 05:00:00",26.8458805,80.9365541,CO,10,28,21
India,"Uttar Pradesh",Lucknow,"B R Ambedkar University, Lucknow - UPPCB","11-09-2026 05:00:00",26.766433,80.927299,NH3,3,3,3
India,"Uttar Pradesh",Mathura,"Pali Dungra, Mathura - UPPCB","11-09-2026 05:00:00",27.410954,77.550619,OZONE,6,9,7
India,"Uttar Pradesh",Meerut,"Jai Bhim Nagar, Meerut - UPPCB","11-09-2026 05:00:00",28.9535882,77.7622941,CO,7,9,8
India,"Uttar Pradesh",Meerut,"Ganga Nagar, Meerut - UPPCB","11-09-2026 05:00:00",28.999264,77.7590354,CO,45,59,49
India,"Uttar Pradesh",Agra,"Manoharpur, Agra - UPPCB","11-09-2026 05:00:00",27.23711,78.01936,OZONE,6,6,6
India,"Uttar Pradesh",Agra,"Sanjay Palace, Agra - UPPCB","11-09-2026 05:00:00",27.19865833,78.00598056,PM2.5,NA,NA,NA
India,"Uttar Pradesh",Agra,"Sanjay Palace, Agra - UPPCB","11-09-2026 05:00:00",27.19865833,78.00598056,NO2,NA,NA,NA
India,"Uttar Pradesh",Agra,"Rohta, Agra - UPPCB","11-09-2026 05:00:00",27.106972,78.000111,CO,34,36,35
India,"Uttar Pradesh",Agra,"Shastripuram, Agra - UPPCB","11-09-2026 05:00:00",27.19862,77.92066,PM10,23,83,45
India,"Uttar Pradesh",Agra,"Shastripuram, Agra - UPPCB","11-09-2026 05:00:00",27.19862,77.92066,NO2,58,59,59
India,"Uttar Pradesh",Agra,"Shastripuram, Agra - UPPCB","11-09-2026 05:00:00",27.19862,77.92066,OZONE,3,40,13
India,"Uttar Pradesh",Baghpat,"Sardar Patel Inter College, Baghpat - UPPCB","11-09-2026 05:00:00",28.964949,77.278761,PM10,33,109,78
India,"Uttar Pradesh",Bareilly,"Rajendra Nagar, Bareilly - UPPCB","11-09-2026 05:00:00",28.38910936,79.42963708,NH3,1,1,1
India,"Uttar Pradesh",Bareilly,"Rajendra Nagar, Bareilly - UPPCB","11-09-2026 05:00:00",28.38910936,79.42963708,SO2,11,12,11
India,"Uttar Pradesh","Fatehpur Sikri","Dadupura, Fatehpur Sikri - UPPCB","11-09-2026 05:00:00",27.097694,77.671335,PM10,51,97,74
India,"West Bengal",Asansol,"Mahabir Colliery, Asansol - WBPCB","11-09-2026 05:00:00",23.618183,87.105718,OZONE,9,12,10
India,"West Bengal",Durgapur,"PCBL Residential Complex, Durgapur - WBPCB","11-09-2026 05:00:00",23.508764,87.35444,PM2.5,6,15,10
India,"West Bengal",Durgapur,"PCBL Residential Complex, Durgapur - WBPCB","11-09-2026 05:00:00",23.508764,87.35444,PM10,6,24,14
India,"West Bengal",Durgapur,"Mahishkapur Road_B-Zone, Durgapur - WBPCB","11-09-2026 05:00:00",23.567923,87.306843,PM10,2,20,10
India,"West Bengal",Durgapur,"Mahishkapur Road_B-Zone, Durgapur - WBPCB","11-09-2026 05:00:00",23.567923,87.306843,SO2,1,2,2
India,"West Bengal",Haldia,"Priyambada Housing Estate, Haldia - WBPCB","11-09-2026 05:00:00",22.06047,88.109737,PM10,19,45,31
India,"West Bengal",Howrah,"Belur Math, Howrah - WBPCB","11-09-2026 05:00:00",22.629801,88.352017,PM10,29,56,43
India,"West Bengal",Howrah,"Padmapukur, Howrah - WBPCB","11-09-2026 05:00:00",22.5687319,88.2797276,PM2.5,14,29,20
India,"West Bengal",Howrah,"Padmapukur, Howrah - WBPCB","11-09-2026 05:00:00",22.5687319,88.2797276,NH3,3,11,7
India,"West Bengal",Howrah,"Padmapukur, Howrah - WBPCB","11-09-2026 05:00:00",22.5687319,88.2797276,CO,56,57,56
India,"West Bengal",Howrah,"Botanical Garden, Howrah - WBPCB","11-09-2026 05:00:00",22.554954,88.292568,PM10,13,76,46
India,"West Bengal",Kolkata,"Fort William, Kolkata - WBPCB","11-09-2026 05:00:00",22.55664,88.342674,PM2.5,23,50,35
India,"West Bengal",Kolkata,"Rabindra Sarobar, Kolkata - WBPCB","11-09-2026 05:00:00",22.51106,88.35142,NO2,13,38,23
India,"West Bengal",Kolkata,"Rabindra Bharati University, Kolkata - WBPCB","11-09-2026 05:00:00",22.627847,88.380669,NH3,4,9,5
India,"West Bengal",Kolkata,"Bidhannagar, Kolkata - WBPCB","11-09-2026 05:00:00",22.58157048,88.41002457,PM2.5,8,37,19
India,"West Bengal",Kolkata,"Bidhannagar, Kolkata - WBPCB","11-09-2026 05:00:00",22.58157048,88.41002457,PM10,32,66,42
India,"West Bengal",Kolkata,"Bidhannagar, Kolkata - WBPCB","11-09-2026 05:00:00",22.58157048,88.41002457,CO,17,22,18
India,"West Bengal",Siliguri,"Ward-32 Bapupara, Siliguri - WBPCB","11-09-2026 05:00:00",26.6879226,88.4152495,NH3,8,8,8
India,"West Bengal",Siliguri,"Ward-32 Bapupara, Siliguri - WBPCB","11-09-2026 05:00:00",26.6879226,88.4152495,CO,17,60,36
India,Bihar,"Bihar Sharif","D M Colony, Bihar Sharif - BSPCB","11-09-2026 05:00:00",25.204762,85.51496,CO,11,12,12
India,Bihar,"Bihar Sharif","D M Colony, Bihar Sharif - BSPCB","11-09-2026 05:00:00",25.204762,85.51496,OZONE,1,2,2
India,Bihar,Chhapra,"Darshan Nagar, Chhapra - BSPCB","11-09-2026 05:00:00",25.7808257,84.7446768,PM10,108,116,112
India,Bihar,Chhapra,"Darshan Nagar, Chhapra - BSPCB","11-09-2026 05:00:00",25.7808257,84.7446768,NH3,0,1,0
India,Bihar,Chhapra,"Darshan Nagar, Chhapra - BSPCB","11-09-2026 05:00:00",25.7808257,84.7446768,SO2,26,30,28
India,Bihar,Chhapra,"Darshan Nagar, Chhapra - BSPCB","11-09-2026 05:00:00",25.7808257,84.7446768,OZONE,0,2,1
India,Bihar,Gaya,"Kareemganj, Gaya - BSPCB","11-09-2026 05:00:00",24.792403,84.992416,PM2.5,2,190,45
India,Bihar,Gaya,"SFTI Kusdihra, Gaya - BSPCB","11-09-2026 05:00:00",24.762518,84.982348,PM10,17,111,39
India,Bihar,Gaya,"SFTI Kusdihra, Gaya - BSPCB","11-09-2026 05:00:00",24.762518,84.982348,CO,12,28,21
India,Bihar,Gaya,"SFTI Kusdihra, Gaya - BSPCB","11-09-2026 05:00:00",24.762518,84.982348,OZONE,6,16,9
India,Bihar,Hajipur,"Industrial Area, Hajipur - BSPCB","11-09-2026 05:00:00",25.697189,85.2459,NH3,11,15,13
India,Bihar,Hajipur,"Industrial Area, Hajipur - BSPCB","11-09-2026 05:00:00",25.697189,85.2459,CO,16,37,30
India,Bihar,Katihar,"Mirchaibari, Katihar - BSPCB","11-09-2026 05:00:00",25.560083,87.553265,OZONE,13,45,28
India,Bihar,Patna,"DRM Office Danapur, Patna - BSPCB","11-09-2026 05:00:00",25.586562,85.043586,NH3,8,9,9
India,Bihar,Patna,"IGSC Planetarium Complex, Patna - BSPCB","11-09-2026 05:00:00",25.610369,85.132568,CO,7,11,9
India,Bihar,Patna,"Govt. High School Shikarpur, Patna - BSPCB","11-09-2026 05:00:00",25.592539,85.227158,PM10,52,106,84
India,Bihar,Patna,"Govt. High School Shikarpur, Patna - BSPCB","11-09-2026 05:00:00",25.592539,85.227158,NH3,6,7,6
India,Bihar,Purnia,"Mariam Nagar, Purnia - BSPCB","11-09-2026 05:00:00",25.366336,87.117468,OZONE,15,35,24
India,Bihar,Rajgir,"Dangi Tola, Rajgir - BSPCB","11-09-2026 05:00:00",25.0328,85.41948,OZONE,4,27,11
India,Bihar,Samastipur,"DM Office_Kasipur, Samastipur - BSPCB","11-09-2026 05:00:00",25.859655,85.77944,PM2.5,NA,NA,NA
India,Bihar,Sasaram,"Dada Peer, Sasaram - BSPCB","11-09-2026 05:00:00",24.952822,84.002396,PM2.5,NA,NA,NA
India,Chandigarh,Chandigarh,"Sector-25, Chandigarh - CPCC","11-09-2026 05:00:00",30.751462,76.762879,SO2,4,8,6
India,Chandigarh,Chandigarh,"Sector-25, Chandigarh - CPCC","11-09-2026 05:00:00",30.751462,76.762879,OZONE,8,15,11
India,Assam,Sivasagar,"Girls College, Sivasagar - PCBA","11-09-2026 05:00:00",26.987634,94.636574,SO2,6,8,7
India,Bihar,Araria,"Kharahiya Basti, Araria - BSPCB","11-09-2026 05:00:00",26.146529,87.454184,CO,24,36,28
India,Bihar,Arrah,"New DM Office, Arrah - BSPCB","11-09-2026 05:00:00",25.5626095,84.663264,SO2,4,6,5
India,Bihar,Begusarai,"Lohiyanagar, Begusarai - BSPCB","11-09-2026 05:00:00",25.42742023,86.13886079,PM2.5,7,73,49
India,Bihar,Begusarai,"Lohiyanagar, Begusarai - BSPCB","11-09-2026 05:00:00",25.42742023,86.13886079,CO,52,71,62
India,Bihar,Bettiah,"Kamalnath Nagar, Bettiah - BSPCB","11-09-2026 05:00:00",26.80365,84.51954,PM2.5,22,24,23
India,Bihar,Bhagalpur,"DM Office_Kachari Chowk, Bhagalpur - BSPCB","11-09-2026 05:00:00",25.251013,86.989001,CO,27,31,28
India,Bihar,Bhagalpur,"DM Office_Kachari Chowk, Bhagalpur - BSPCB","11-09-2026 05:00:00",25.251013,86.989001,OZONE,18,20,19
India,Bihar,"Bihar Sharif","D M Colony, Bihar Sharif - BSPCB","11-09-2026 05:00:00",25.204762,85.51496,PM2.5,NA,NA,NA
India,Bihar,"Bihar Sharif","D M Colony, Bihar Sharif - BSPCB","11-09-2026 05:00:00",25.204762,85.51496,NH3,3,3,3
India,Chhattisgarh,Bhilai,"32Bungalows, Bhilai - CECB","11-09-2026 05:00:00",21.194815,81.31477,CO,4,10,6
India,Chhattisgarh,Bhilai,"Hathkhoj, Bhilai - CECB","11-09-2026 05:00:00",21.224231,81.40835,PM10,20,83,47
India,Chhattisgarh,Bhilai,"Hathkhoj, Bhilai - CECB","11-09-2026 05:00:00",21.224231,81.40835,SO2,1,26,5
India,Chhattisgarh,Bilaspur,"Mangala, Bilaspur - NTPC","11-09-2026 05:00:00",22.08815,82.13737,PM10,29,80,43
India,Chhattisgarh,Bilaspur,"Mangala, Bilaspur - NTPC","11-09-2026 05:00:00",22.08815,82.13737,CO,14,35,23
India,Chhattisgarh,Bilaspur,"Mangala, Bilaspur - NTPC","11-09-2026 05:00:00",22.08815,82.13737,OZONE,NA,NA,NA
India,Chhattisgarh,Korba,"Rampur, Korba - CECB","11-09-2026 05:00:00",22.368195,82.746431,PM10,6,106,32
India,Chhattisgarh,Korba,"Rampur, Korba - CECB","11-09-2026 05:00:00",22.368195,82.746431,NO2,8,29,13
India,Chhattisgarh,Korba,"Rampur, Korba - CECB","11-09-2026 05:00:00",22.368195,82.746431,CO,6,14,9
India,Chhattisgarh,Korba,"Urja Nagar, Korba - CECB","11-09-2026 05:00:00",22.348441,82.549611,CO,14,16,15
India,Chhattisgarh,Korba,"Urja Nagar, Korba - CECB","11-09-2026 05:00:00",22.348441,82.549611,OZONE,5,5,5
India,Chhattisgarh,Kunjemura,"OP Jindal School, Kunjemura - CECB","11-09-2026 05:00:00",22.12665,83.483212,PM2.5,3,11,6
India,"Andhra Pradesh",Nellore,"Ambedkar Nagar, Nellore - APPCB ","11-09-2026 05:00:00",14.438164,79.966814,NH3,6,8,7
India,"Andhra Pradesh",Rajamahendravaram,"Anand Kala Kshetram, Rajamahendravaram - APPCB","11-09-2026 05:00:00",16.9872867,81.7363176,NH3,2,3,3
India,"Andhra Pradesh",Tirumala,"Toll Gate, Tirumala - APPCB","11-09-2026 05:00:00",13.67,79.35,PM2.5,28,157,54
India,"Andhra Pradesh",Tirumala,"Toll Gate, Tirumala - APPCB","11-09-2026 05:00:00",13.67,79.35,OZONE,9,34,26
India,"Andhra Pradesh",Tirupati,"Vaikuntapuram, Tirupati - APPCB","11-09-2026 05:00:00",13.615387,79.40923,NO2,26,34,28
India,"Andhra Pradesh",Tirupati,"Vaikuntapuram, Tirupati - APPCB","11-09-2026 05:00:00",13.615387,79.40923,NH3,5,7,6
India,"Andhra Pradesh",Tirupati,"Vaikuntapuram, Tirupati - APPCB","11-09-2026 05:00:00",13.615387,79.40923,SO2,13,22,17
India,"Andhra Pradesh",Tirupati,"Vaikuntapuram, Tirupati - APPCB","11-09-2026 05:00:00",13.615387,79.40923,OZONE,21,22,21
India,"Andhra Pradesh",Vijayawada,"HB Colony, Vijayawada - APPCB","11-09-2026 05:00:00",16.536107,80.594233,PM10,54,67,64
India,"Andhra Pradesh",Vijayawada,"HB Colony, Vijayawada - APPCB","11-09-2026 05:00:00",16.536107,80.594233,CO,30,31,30
India,"Andhra Pradesh",Kadapa,"Yerramukkapalli, Kadapa - APPCB","11-09-2026 05:00:00",14.465052,78.824187,PM2.5,51,70,58
India,"Andhra Pradesh",Kadapa,"Yerramukkapalli, Kadapa - APPCB","11-09-2026 05:00:00",14.465052,78.824187,NH3,2,5,4
India,"Andhra Pradesh",Kakinada,"Rama Rao Peta, Kakinada - APPCB","11-09-2026 05:00:00",16.962488,82.229513,PM2.5,NA,NA,NA
India,"Andhra Pradesh",Kakinada,"Rama Rao Peta, Kakinada - APPCB","11-09-2026 05:00:00",16.962488,82.229513,PM10,20,102,52
India,"Andhra Pradesh",Kurnool,"Sita Rama Nagar, Kurnool - APPCB","11-09-2026 05:00:00",15.83411,78.028546,NO2,27,38,31
India,"Andhra Pradesh",Machilipatnam,"Srinivas Nagar Colony, Machilipatnam - APPCB","11-09-2026 05:00:00",16.186555,81.13219,PM2.5,37,91,64
India,"Andhra Pradesh",Machilipatnam,"Srinivas Nagar Colony, Machilipatnam - APPCB","11-09-2026 05:00:00",16.186555,81.13219,SO2,13,28,17
India,"Andhra Pradesh",Nellore,"Ambedkar Nagar, Nellore - APPCB ","11-09-2026 05:00:00",14.438164,79.966814,PM10,61,75,66
India,"Andhra Pradesh",Visakhapatnam,"GVM Corporation, Visakhapatnam - APPCB","11-09-2026 05:00:00",17.72,83.3,CO,2,9,6
India,"Arunachal Pradesh",Naharlagun,"Naharlagun, Naharlagun - APSPCB","11-09-2026 05:00:00",27.103358,93.679645,CO,8,14,11
India,Assam,Guwahati,"LGBI Airport, Guwahati - PCBA","11-09-2026 05:00:00",26.10887,91.589544,PM2.5,28,69,54
India,Assam,Guwahati,"LGBI Airport, Guwahati - PCBA","11-09-2026 05:00:00",26.10887,91.589544,PM10,21,55,42
India,Assam,Guwahati,"LGBI Airport, Guwahati - PCBA","11-09-2026 05:00:00",26.10887,91.589544,NH3,3,7,4
India,Assam,Guwahati,"Pan Bazaar, Guwahati - PCBA","11-09-2026 05:00:00",26.1875,91.744194,NH3,NA,NA,NA
India,Assam,Guwahati,"IITG, Guwahati - PCBA","11-09-2026 05:00:00",26.2028636,91.70046436,PM10,NA,NA,NA
India,Assam,Guwahati,"IITG, Guwahati - PCBA","11-09-2026 05:00:00",26.2028636,91.70046436,SO2,32,34,33
India,Bihar,Kishanganj,"SDM Office_Khagra, Kishanganj - BSPCB","11-09-2026 05:00:00",26.0881305,87.93840336,NH3,2,3,3
India,Bihar,Motihari,"Gandak Colony, Motihari - BSPCB","11-09-2026 05:00:00",26.63086,84.90051,PM2.5,13,30,15
India,Bihar,Munger,"Town Hall, Munger - BSPCB","11-09-2026 05:00:00",25.376776,86.471523,NH3,3,3,3
India,Bihar,Muzaffarpur,"Buddha Colony, Muzaffarpur - BSPCB","11-09-2026 05:00:00",26.11442,85.39813,PM10,29,75,51
India,Bihar,Patna,"Rajbansi Nagar, Patna - BSPCB","11-09-2026 05:00:00",25.599486,85.113666,NH3,2,3,3
India,Bihar,Patna,"Muradpur, Patna - BSPCB","11-09-2026 05:00:00",25.619651,85.147382,PM2.5,48,53,50
India,Bihar,Patna,"Muradpur, Patna - BSPCB","11-09-2026 05:00:00",25.619651,85.147382,SO2,8,9,8
India,Assam,Guwahati,"Railway Colony, Guwahati - PCBA","11-09-2026 05:00:00",26.181742,91.78063,PM2.5,28,81,47
India,Assam,Nagaon,"Christianpatty, Nagaon - PCBA","11-09-2026 05:00:00",26.349082,92.68449,PM2.5,38,71,56
India,Assam,Nagaon,"Christianpatty, Nagaon - PCBA","11-09-2026 05:00:00",26.349082,92.68449,SO2,10,17,14
India,Assam,Nalbari,"Bata Chowk, Nalbari - PCBA","11-09-2026 05:00:00",26.446912,91.439057,CO,21,22,21
India,Assam,Silchar,"Tarapur, Silchar - PCBA","11-09-2026 05:00:00",24.82827,92.79525,PM10,40,62,48
India,Assam,Silchar,"Tarapur, Silchar - PCBA","11-09-2026 05:00:00",24.82827,92.79525,OZONE,5,7,6
India,"Andhra Pradesh",Amaravati,"Secretariat, Amaravati - APPCB","11-09-2026 05:00:00",16.5150833,80.5181667,PM2.5,35,73,47
India,"Andhra Pradesh",Amaravati,"Secretariat, Amaravati - APPCB","11-09-2026 05:00:00",16.5150833,80.5181667,CO,23,28,25
India,"Andhra Pradesh",Anantapur,"Gulzarpet, Anantapur - APPCB","11-09-2026 05:00:00",14.675886,77.593027,SO2,11,18,15
India,"Andhra Pradesh",Eluru,"District Court, Eluru - APPCB","11-09-2026 05:00:00",16.711754,81.092095,NO2,10,27,18
India,"Andhra Pradesh",Eluru,"District Court, Eluru - APPCB","11-09-2026 05:00:00",16.711754,81.092095,NH3,2,5,3
India,"Andhra Pradesh",Eluru,"District Court, Eluru - APPCB","11-09-2026 05:00:00",16.711754,81.092095,OZONE,9,21,15
India,Delhi,Delhi,"R K Puram, Delhi - DPCC","11-09-2026 05:00:00",28.563262,77.186937,PM10,107,171,135
India,Delhi,Delhi,"R K Puram, Delhi - DPCC","11-09-2026 05:00:00",28.563262,77.186937,NO2,13,71,38
India,Delhi,Delhi,"R K Puram, Delhi - DPCC","11-09-2026 05:00:00",28.563262,77.186937,SO2,19,20,20
India,Delhi,Delhi,"R K Puram, Delhi - DPCC","11-09-2026 05:00:00",28.563262,77.186937,CO,81,105,95
India,Delhi,Delhi,"North Campus, DU, Delhi - IITM","11-09-2026 05:00:00",28.6573814,77.1585447,NH3,NA,NA,NA
India,Delhi,Delhi,"Aya Nagar, Delhi - IITM","11-09-2026 05:00:00",28.4706914,77.1099364,PM2.5,30,78,49
India,Delhi,Delhi,"Aya Nagar, Delhi - IITM","11-09-2026 05:00:00",28.4706914,77.1099364,NH3,NA,NA,NA
India,Delhi,Delhi,"Aya Nagar, Delhi - IITM","11-09-2026 05:00:00",28.4706914,77.1099364,CO,32,47,38
India,Delhi,Delhi,"Aya Nagar, Delhi - IITM","11-09-2026 05:00:00",28.4706914,77.1099364,OZONE,2,8,4
India,Delhi,Delhi,"CRRI Mathura Road, Delhi - IITM","11-09-2026 05:00:00",28.5512005,77.2735737,PM2.5,36,140,71
India,Delhi,Delhi,"CRRI Mathura Road, Delhi - IITM","11-09-2026 05:00:00",28.5512005,77.2735737,CO,52,112,81
India,Delhi,Delhi,"CRRI Mathura Road, Delhi - IITM","11-09-2026 05:00:00",28.5512005,77.2735737,OZONE,21,28,24
India,Delhi,Delhi,"Alipur, Delhi - DPCC","11-09-2026 05:00:00",28.815329,77.15301,NH3,NA,NA,NA
India,Delhi,Delhi,"Burari Crossing, Delhi - IITM","11-09-2026 05:00:00",28.7256504,77.2011573,NO2,1,119,44
India,Delhi,Delhi,"IMD Lodhi Road, Delhi - IITM","11-09-2026 05:00:00",28.5918245,77.2273074,NH3,NA,NA,NA
India,Delhi,Delhi,"JNU, Delhi - DPCC","11-09-2026 05:00:00",28.540721,77.168544,PM2.5,14,108,59
India,Delhi,Delhi,"JNU, Delhi - DPCC","11-09-2026 05:00:00",28.540721,77.168544,CO,65,87,76
India,Gujarat,Ahmedabad,"Maninagar, Ahmedabad - GPCB","11-09-2026 05:00:00",23.002657,72.591912,NO2,19,63,33
India,Gujarat,Ahmedabad,"Maninagar, Ahmedabad - GPCB","11-09-2026 05:00:00",23.002657,72.591912,OZONE,21,28,24
India,Gujarat,Ahmedabad,"SAC ISRO Bopal, Ahmedabad - IITM","11-09-2026 05:00:00",23.041137,72.456691,NO2,8,10,9
India,Chhattisgarh,Kunjemura,"OP Jindal School, Kunjemura - CECB","11-09-2026 05:00:00",22.12665,83.483212,NH3,2,2,2
India,Chhattisgarh,Kunjemura,"OP Jindal School, Kunjemura - CECB","11-09-2026 05:00:00",22.12665,83.483212,CO,21,41,28
India,Chhattisgarh,Milupara,"Govt. Higher Secondary School, Milupara - CECB","11-09-2026 05:00:00",22.1910172,83.5197009,NO2,NA,NA,NA
India,Chhattisgarh,Milupara,"Govt. Higher Secondary School, Milupara - CECB","11-09-2026 05:00:00",22.1910172,83.5197009,OZONE,3,3,3
India,Chhattisgarh,Raipur,"AIIMS, Raipur - CECB","11-09-2026 05:00:00",21.258815,81.578979,PM2.5,12,27,20
India,Chhattisgarh,Raipur,"AIIMS, Raipur - CECB","11-09-2026 05:00:00",21.258815,81.578979,NH3,2,3,2
India,Chhattisgarh,Raipur,"AIIMS, Raipur - CECB","11-09-2026 05:00:00",21.258815,81.578979,SO2,3,5,4
India,Chhattisgarh,Raipur,"AIIMS, Raipur - CECB","11-09-2026 05:00:00",21.258815,81.578979,OZONE,6,8,7
India,Chhattisgarh,Raipur,"Bhatagaon New ISBT, Raipur - CECB","11-09-2026 05:00:00",21.219665,81.630094,PM10,8,56,31
India,Chhattisgarh,Raipur,"Bhatagaon New ISBT, Raipur - CECB","11-09-2026 05:00:00",21.219665,81.630094,SO2,0,3,1
India,Chhattisgarh,Raipur,"Siltara Phase-II, Raipur - CECB","11-09-2026 05:00:00",21.371751,81.664929,OZONE,2,4,3
India,Chhattisgarh,Tumidih,"OP Jindal Industrial Park, Tumidih - CECB","11-09-2026 05:00:00",22.06631475,83.33820077,PM2.5,13,31,20
India,Chhattisgarh,Tumidih,"OP Jindal Industrial Park, Tumidih - CECB","11-09-2026 05:00:00",22.06631475,83.33820077,CO,18,26,21
India,Delhi,Delhi,"Narela, Delhi - DPCC","11-09-2026 05:00:00",28.822836,77.101981,PM2.5,20,290,76
India,Delhi,Delhi,"Narela, Delhi - DPCC","11-09-2026 05:00:00",28.822836,77.101981,CO,50,63,57
India,Delhi,Delhi,"Narela, Delhi - DPCC","11-09-2026 05:00:00",28.822836,77.101981,OZONE,4,14,8
India,Delhi,Delhi,"DTU, Delhi - CPCB","11-09-2026 05:00:00",28.7500499,77.1112615,OZONE,6,18,12
India,Delhi,Delhi,"Dwarka-Sector 8, Delhi - DPCC ","11-09-2026 05:00:00",28.5710274,77.0719006,NO2,17,55,31
India,Delhi,Delhi,"Dwarka-Sector 8, Delhi - DPCC ","11-09-2026 05:00:00",28.5710274,77.0719006,SO2,14,22,18
India,Delhi,Delhi,"Dr. Karni Singh Shooting Range, Delhi - DPCC","11-09-2026 05:00:00",28.498571,77.26484,PM2.5,23,140,55
India,Delhi,Delhi,"Dr. Karni Singh Shooting Range, Delhi - DPCC","11-09-2026 05:00:00",28.498571,77.26484,SO2,4,9,6
India,Delhi,Delhi,"IIT Delhi, Delhi - IITM","11-09-2026 05:00:00",28.54246,77.191651,NO2,12,48,30
India,Delhi,Delhi,"IGNOU_Maidan Garhi, Delhi - DPCC","11-09-2026 05:00:00",28.493624,77.201159,PM2.5,11,31,21
India,Delhi,Delhi,"IGNOU_Maidan Garhi, Delhi - DPCC","11-09-2026 05:00:00",28.493624,77.201159,NO2,6,20,10
India,Delhi,Delhi,"Commonwealth Sports Complex, Delhi - DPCC","11-09-2026 05:00:00",28.615828,77.271992,NH3,1,3,2
India,Delhi,Delhi,"Commonwealth Sports Complex, Delhi - DPCC","11-09-2026 05:00:00",28.615828,77.271992,OZONE,4,10,7
India,Delhi,Delhi,"Talkatora Garden, Delhi - DPCC","11-09-2026 05:00:00",28.62181,77.1944633,NH3,1,4,2
India,Delhi,Delhi,"NSIT Dwarka, Delhi - CPCB","11-09-2026 05:00:00",28.60909,77.0325413,OZONE,71,74,73
India,Delhi,Delhi,"ITO, Delhi - CPCB","11-09-2026 05:00:00",28.628624,77.24106,PM2.5,12,97,53
India,Gujarat,Surat,"Science Center, Surat - SMC","11-09-2026 05:00:00",21.170046,72.795405,SO2,16,18,17
India,Gujarat,Vadodara,"Bapunagar, Vadodara - Nexteng Enviro","11-09-2026 05:00:00",22.320153,73.216285,PM2.5,16,75,43
India,Gujarat,Vadodara,"Bapunagar, Vadodara - Nexteng Enviro","11-09-2026 05:00:00",22.320153,73.216285,NH3,2,2,2
India,Gujarat,Vadodara,"Bapunagar, Vadodara - Nexteng Enviro","11-09-2026 05:00:00",22.320153,73.216285,SO2,8,8,8
India,Gujarat,Vatva,"Phase-4 GIDC, Vatva - GPCB","11-09-2026 05:00:00",22.969611,72.6435,PM2.5,44,169,106
India,Haryana,Ambala,"Patti Mehar, Ambala - HSPCB","11-09-2026 05:00:00",30.379589,76.778328,OZONE,2,17,9
India,Haryana,Ballabgarh,"Nathu Colony, Ballabgarh - HSPCB","11-09-2026 05:00:00",28.3419248,77.319699,SO2,2,4,2
India,Haryana,"Charkhi Dadri","Mini Secretariat, Charkhi Dadri - HSPCB","11-09-2026 05:00:00",28.593883,76.270653,OZONE,17,22,19
India,Haryana,Dharuhera,"Municipal Corporation Office, Dharuhera -  HSPCB","11-09-2026 05:00:00",28.2068,76.7997,CO,26,40,33
India,Haryana,Faridabad,"New Industrial Town, Faridabad - HSPCB","11-09-2026 05:00:00",28.39072,77.30059,PM10,142,161,150
India,Haryana,Faridabad,"New Industrial Town, Faridabad - HSPCB","11-09-2026 05:00:00",28.39072,77.30059,NH3,11,12,11
India,Delhi,Delhi,"Sri Aurobindo Marg, Delhi - DPCC","11-09-2026 05:00:00",28.531346,77.190156,PM2.5,3,80,57
India,Delhi,Delhi,"Sri Aurobindo Marg, Delhi - DPCC","11-09-2026 05:00:00",28.531346,77.190156,NO2,4,22,13
India,Delhi,Delhi,"Sri Aurobindo Marg, Delhi - DPCC","11-09-2026 05:00:00",28.531346,77.190156,CO,56,70,63
India,Delhi,Delhi,"Nehru Nagar, Delhi - DPCC","11-09-2026 05:00:00",28.56789,77.250515,PM2.5,20,250,88
India,Delhi,Delhi,"Nehru Nagar, Delhi - DPCC","11-09-2026 05:00:00",28.56789,77.250515,NO2,16,53,35
India,Delhi,Delhi,"Nehru Nagar, Delhi - DPCC","11-09-2026 05:00:00",28.56789,77.250515,NH3,6,11,8
India,Delhi,Delhi,"Patparganj, Delhi - DPCC","11-09-2026 05:00:00",28.623763,77.287209,PM2.5,3,233,51
India,Delhi,Delhi,"Patparganj, Delhi - DPCC","11-09-2026 05:00:00",28.623763,77.287209,NO2,15,63,31
India,Delhi,Delhi,"Patparganj, Delhi - DPCC","11-09-2026 05:00:00",28.623763,77.287209,SO2,5,9,7
India,Delhi,Delhi,"Patparganj, Delhi - DPCC","11-09-2026 05:00:00",28.623763,77.287209,OZONE,11,14,12
India,Delhi,Delhi,"Jawaharlal Nehru Stadium, Delhi - DPCC","11-09-2026 05:00:00",28.58028,77.233829,PM2.5,30,93,58
India,Delhi,Delhi,"Jawaharlal Nehru Stadium, Delhi - DPCC","11-09-2026 05:00:00",28.58028,77.233829,SO2,36,45,40
India,Delhi,Delhi,"Najafgarh, Delhi - DPCC","11-09-2026 05:00:00",28.570173,76.933762,NO2,7,31,15
India,Delhi,Delhi,"Najafgarh, Delhi - DPCC","11-09-2026 05:00:00",28.570173,76.933762,SO2,16,21,18
India,Delhi,Delhi,"Punjabi Bagh, Delhi - DPCC","11-09-2026 05:00:00",28.674045,77.131023,PM2.5,27,123,70
India,Gujarat,Ankleshwar,"GIDC, Ankleshwar - GPCB","11-09-2026 05:00:00",21.613267,73.010555,NO2,27,33,31
India,Gujarat,Bhavnagar,"Vidhyanagar, Bhavnagar - Nexteng Enviro","11-09-2026 05:00:00",21.755417,72.139056,CO,63,63,63
India,Gujarat,Bhavnagar,"Vidhyanagar, Bhavnagar - Nexteng Enviro","11-09-2026 05:00:00",21.755417,72.139056,OZONE,11,27,18
India,Gujarat,Gandhinagar,"GIFT City, Gandhinagar - IITM","11-09-2026 05:00:00",23.163798,72.677768,NH3,3,5,3
India,Gujarat,Gandhinagar,"IIPHG Lekawada, Gandhinagar - IITM","11-09-2026 05:00:00",23.243639,72.68994,PM2.5,32,66,50
India,Gujarat,Gandhinagar,"IIPHG Lekawada, Gandhinagar - IITM","11-09-2026 05:00:00",23.243639,72.68994,PM10,41,90,62
India,Gujarat,Nandesari,"GIDC, Nandesari - Nandesari Ind. Association","11-09-2026 05:00:00",22.410802,73.097923,NH3,NA,NA,NA
India,Gujarat,Nandesari,"GIDC, Nandesari - Nandesari Ind. Association","11-09-2026 05:00:00",22.410802,73.097923,CO,21,56,37
India,Gujarat,Rajkot,"Mavdi, Rajkot - Nexteng Enviro ","11-09-2026 05:00:00",22.248853,70.776774,PM10,17,85,42
India,Gujarat,Rajkot,"Mavdi, Rajkot - Nexteng Enviro ","11-09-2026 05:00:00",22.248853,70.776774,NO2,4,12,6
India,Gujarat,Surat,"Science Center, Surat - SMC","11-09-2026 05:00:00",21.170046,72.795405,PM10,17,79,33
India,Delhi,Delhi,"Shadipur, Delhi - CPCB","11-09-2026 05:00:00",28.6514781,77.1473105,PM2.5,22,68,41
India,Delhi,Delhi,"Shadipur, Delhi - CPCB","11-09-2026 05:00:00",28.6514781,77.1473105,NO2,59,87,68
India,Delhi,Delhi,"Shadipur, Delhi - CPCB","11-09-2026 05:00:00",28.6514781,77.1473105,SO2,2,16,11
India,Delhi,Delhi,"Mandir Marg, Delhi - DPCC","11-09-2026 05:00:00",28.636429,77.201067,PM2.5,27,123,47
India,Delhi,Delhi,"Mandir Marg, Delhi - DPCC","11-09-2026 05:00:00",28.636429,77.201067,PM10,107,129,116
India,Delhi,Delhi,"Chandni Chowk, Delhi - IITM","11-09-2026 05:00:00",28.656756,77.227234,CO,63,75,68
India,Delhi,Delhi,"Pusa, Delhi - IITM","11-09-2026 05:00:00",28.63611,77.173332,NH3,NA,NA,NA
India,Delhi,Delhi,"Pusa, Delhi - IITM","11-09-2026 05:00:00",28.63611,77.173332,CO,35,60,48
India,Delhi,Delhi,"Anand Vihar, Delhi - DPCC","11-09-2026 05:00:00",28.647622,77.315809,SO2,25,34,30
India,Delhi,Delhi,"DTU, Delhi - CPCB","11-09-2026 05:00:00",28.7500499,77.1112615,NO2,18,31,23
India,Delhi,Delhi,"DTU, Delhi - CPCB","11-09-2026 05:00:00",28.7500499,77.1112615,NH3,3,9,7
India,Delhi,Delhi,"Cantonment Area, Delhi - DPCC","11-09-2026 05:00:00",28.594169,77.1251,NO2,6,18,11
India,Delhi,Delhi,"Cantonment Area, Delhi - DPCC","11-09-2026 05:00:00",28.594169,77.1251,CO,47,93,77
India,Delhi,Delhi,"Sonia Vihar, Delhi - DPCC","11-09-2026 05:00:00",28.710508,77.249485,NO2,11,35,23
India,Delhi,Delhi,"Bawana, Delhi - DPCC","11-09-2026 05:00:00",28.7762,77.051074,NH3,4,9,6
India,Delhi,Delhi,"Bawana, Delhi - DPCC","11-09-2026 05:00:00",28.7762,77.051074,SO2,8,10,9
India,Delhi,Delhi,"Rohini, Delhi - DPCC","11-09-2026 05:00:00",28.732528,77.11992,NH3,3,4,3
India,Delhi,Delhi,"Vivek Vihar, Delhi - DPCC","11-09-2026 05:00:00",28.672342,77.31526,NO2,29,95,48
India,Delhi,Delhi,"Vivek Vihar, Delhi - DPCC","11-09-2026 05:00:00",28.672342,77.31526,SO2,6,10,7
India,Delhi,Delhi,"Jahangirpuri, Delhi - DPCC","11-09-2026 05:00:00",28.73282,77.170633,NH3,9,10,10
India,Delhi,Delhi,"IHBAS, Dilshad Garden, Delhi - CPCB","11-09-2026 05:00:00",28.6811736,77.3025234,PM10,87,136,105
India,Gujarat,Ahmedabad,"SAC ISRO Bopal, Ahmedabad - IITM","11-09-2026 05:00:00",23.041137,72.456691,SO2,3,3,3
India,Gujarat,Ahmedabad,"SVPI Airport Hansol, Ahmedabad - IITM","11-09-2026 05:00:00",23.076793,72.627874,NH3,2,7,4
India,Gujarat,Ahmedabad,"Gyaspur, Ahmedabad - IITM","11-09-2026 05:00:00",22.977134,72.553024,SO2,11,31,19
India,Gujarat,Ahmedabad,"Gyaspur, Ahmedabad - IITM","11-09-2026 05:00:00",22.977134,72.553024,CO,55,62,58
India,Gujarat,Ahmedabad,"SAC ISRO Satellite, Ahmedabad - IITM","11-09-2026 05:00:00",23.023389,72.515201,PM2.5,22,42,33
India,Gujarat,Ahmedabad,"SAC ISRO Satellite, Ahmedabad - IITM","11-09-2026 05:00:00",23.023389,72.515201,NO2,17,27,21
India,Gujarat,Ahmedabad,"Chandkheda, Ahmedabad - IITM","11-09-2026 05:00:00",23.107969,72.574648,CO,20,68,37
India,Haryana,Hisar,"Urban Estate-II, Hisar - HSPCB","11-09-2026 05:00:00",29.14056,75.744941,PM2.5,NA,NA,NA
India,Haryana,Hisar,"Urban Estate-II, Hisar - HSPCB","11-09-2026 05:00:00",29.14056,75.744941,NO2,20,25,23
India,Haryana,Jind,"Police Lines, Jind - HSPCB","11-09-2026 05:00:00",29.307814,76.337619,NH3,4,6,5
India,Haryana,Kaithal,"Rishi Nagar, Kaithal - HSPCB","11-09-2026 05:00:00",29.8006,76.4155,NH3,4,6,5
India,Haryana,Kaithal,"Rishi Nagar, Kaithal - HSPCB","11-09-2026 05:00:00",29.8006,76.4155,SO2,29,33,31
India,Haryana,Kaithal,"Rishi Nagar, Kaithal - HSPCB","11-09-2026 05:00:00",29.8006,76.4155,CO,10,23,17
India,Haryana,Karnal,"Sector-12, Karnal - HSPCB","11-09-2026 05:00:00",29.6953,77.0027,CO,43,57,49
India,Haryana,Kurukshetra,"Sector-7, Kurukshetra - HSPCB","11-09-2026 05:00:00",29.966942,76.875879,OZONE,9,22,15
India,Haryana,Manesar,"Sector-2 IMT, Manesar - HSPCB","11-09-2026 05:00:00",28.360699,76.93609,NO2,16,77,32
India,Haryana,Narnaul,"Shastri Nagar, Narnaul - HSPCB","11-09-2026 05:00:00",28.060249,76.113115,PM2.5,51,80,69
India,Haryana,Narnaul,"Shastri Nagar, Narnaul - HSPCB","11-09-2026 05:00:00",28.060249,76.113115,OZONE,11,16,13
India,Haryana,Palwal,"Shyam Nagar, Palwal - HSPCB","11-09-2026 05:00:00",28.1485564,77.3320667,PM2.5,18,55,33
India,Haryana,Palwal,"Shyam Nagar, Palwal - HSPCB","11-09-2026 05:00:00",28.1485564,77.3320667,PM10,41,51,44
India,Karnataka,Hubballi,"Lingaraj Nagar, Hubballi - KSPCB","11-09-2026 05:00:00",15.3714823,75.1160168,PM2.5,25,46,37
India,Karnataka,Hubballi,"Lingaraj Nagar, Hubballi - KSPCB","11-09-2026 05:00:00",15.3714823,75.1160168,NO2,7,13,10
India,Karnataka,Hubballi,"Lingaraj Nagar, Hubballi - KSPCB","11-09-2026 05:00:00",15.3714823,75.1160168,SO2,2,7,2
India,Karnataka,Kalaburagi,"Mahatma Basaveswar Colony, Kalaburgi - KSPCB","11-09-2026 05:00:00",17.336318,76.847397,PM2.5,17,40,28
India,Karnataka,Kalaburagi,"Mahatma Basaveswar Colony, Kalaburgi - KSPCB","11-09-2026 05:00:00",17.336318,76.847397,NH3,2,3,2
India,Karnataka,Karwar,"KHB Colony, Karwar - KSPCB","11-09-2026 05:00:00",14.816666,74.141003,OZONE,NA,NA,NA
India,Karnataka,Madikeri,"Stuart Hill, Madikeri - KSPCB","11-09-2026 05:00:00",12.415911,75.73505,PM2.5,20,48,30
India,Karnataka,Madikeri,"Stuart Hill, Madikeri - KSPCB","11-09-2026 05:00:00",12.415911,75.73505,SO2,7,8,8
India,Karnataka,Ramanagara,"Vijay Nagar, Ramanagara - KSPCB","11-09-2026 05:00:00",12.733409,77.298051,NH3,NA,NA,NA
India,Karnataka,Ramanagara,"Vijay Nagar, Ramanagara - KSPCB","11-09-2026 05:00:00",12.733409,77.298051,CO,31,41,35
India,Karnataka,Yadgir,"Collector Office, Yadgir - KSPCB","11-09-2026 05:00:00",16.7602,77.1428,PM10,46,74,61
India,Karnataka,Bengaluru,"Jayanagar 5th Block, Bengaluru - KSPCB","11-09-2026 05:00:00",12.920984,77.584908,PM2.5,24,78,45
India,Karnataka,Bengaluru,"Jayanagar 5th Block, Bengaluru - KSPCB","11-09-2026 05:00:00",12.920984,77.584908,CO,7,59,20
India,Karnataka,Bengaluru,"Peenya, Bengaluru - CPCB","11-09-2026 05:00:00",13.0270199,77.494094,NH3,5,5,5
India,Karnataka,Bengaluru,"Peenya, Bengaluru - CPCB","11-09-2026 05:00:00",13.0270199,77.494094,SO2,5,14,9
India,Karnataka,Bengaluru,"Shivapura_Peenya, Bengaluru - KSPCB","11-09-2026 05:00:00",13.0246342,77.5080115,NO2,39,41,40
India,Karnataka,Bengaluru,"Shivapura_Peenya, Bengaluru - KSPCB","11-09-2026 05:00:00",13.0246342,77.5080115,NH3,3,3,3
India,Karnataka,Bengaluru,"Shivapura_Peenya, Bengaluru - KSPCB","11-09-2026 05:00:00",13.0246342,77.5080115,SO2,3,7,4
India,Karnataka,Bengaluru,"Shivapura_Peenya, Bengaluru - KSPCB","11-09-2026 05:00:00",13.0246342,77.5080115,CO,NA,NA,NA
India,Karnataka,Bengaluru,"Hebbal, Bengaluru - KSPCB","11-09-2026 05:00:00",13.029152,77.585901,SO2,NA,NA,NA
India,Karnataka,Chamarajanagar,"Urban, Chamarajanagar - KSPCB","11-09-2026 05:00:00",11.55358,76.55521,PM10,30,59,46
India,Karnataka,Chamarajanagar,"Urban, Chamarajanagar - KSPCB","11-09-2026 05:00:00",11.55358,76.55521,NO2,16,35,28
India,Karnataka,Dharwad,"Kalabhavan, Dharwad - KSPCB","11-09-2026 05:00:00",15.459706,75.008381,CO,27,35,29
India,Kerala,Thiruvananthapuram,"Plammoodu, Thiruvananthapuram - Kerala PCB","11-09-2026 05:00:00",8.5149093,76.9435879,PM10,22,55,39
India,Kerala,Thiruvananthapuram,"Plammoodu, Thiruvananthapuram - Kerala PCB","11-09-2026 05:00:00",8.5149093,76.9435879,NH3,1,1,1
India,Kerala,Thrissur,"Corporation Ground, Thrissur - Kerala PCB","11-09-2026 05:00:00",10.5324,76.2159,CO,20,26,23
India,"Madhya Pradesh",Bhopal,"Idgah Hills, Bhopal - MPPCB","11-09-2026 05:00:00",23.264759,77.381568,NH3,3,4,3
India,"Madhya Pradesh",Bhopal,"T T Nagar, Bhopal - MPPCB","11-09-2026 05:00:00",23.233584,77.400574,PM10,55,117,90
India,"Madhya Pradesh",Bhopal,"T T Nagar, Bhopal - MPPCB","11-09-2026 05:00:00",23.233584,77.400574,OZONE,21,35,27
India,"Madhya Pradesh",Dewas,"Bhopal Chauraha, Dewas - MPPCB","11-09-2026 05:00:00",22.9682591,76.064118,CO,13,31,19
India,"Madhya Pradesh",Gwalior,"Deen Dayal Nagar, Gwalior - MPPCB","11-09-2026 05:00:00",26.259242,78.216432,SO2,4,12,8
India,"Madhya Pradesh",Gwalior,"Maharaj Bada, Gwalior - MPPCB","11-09-2026 05:00:00",26.200388,78.147714,NH3,2,6,4
India,Haryana,Panchgaon,"Amity University, Panchgaon - IITM","11-09-2026 05:00:00",28.3153,76.9143,PM2.5,66,162,111
India,Haryana,Panchgaon,"Amity University, Panchgaon - IITM","11-09-2026 05:00:00",28.3153,76.9143,NO2,32,63,45
India,Haryana,Panchgaon,"Amity University, Panchgaon - IITM","11-09-2026 05:00:00",28.3153,76.9143,OZONE,3,17,7
India,Haryana,Panchkula,"Sector-6, Panchkula - HSPCB ","11-09-2026 05:00:00",30.7057778,76.8531805555555,PM10,NA,NA,NA
India,Haryana,Panchkula,"Sector-6, Panchkula - HSPCB ","11-09-2026 05:00:00",30.7057778,76.8531805555555,NH3,NA,NA,NA
India,Haryana,Panipat,"Sector-18, Panipat - HSPCB","11-09-2026 05:00:00",29.432304,76.972765,OZONE,41,43,42
India,Haryana,Rohtak,"MD University, Rohtak - HSPCB","11-09-2026 05:00:00",28.52123,76.37138,SO2,9,12,11
India,Haryana,Sirsa,"F-Block, Sirsa - HSPCB","11-09-2026 05:00:00",29.5364,75.0158,OZONE,12,51,31
India,Haryana,Sonipat,"Murthal, Sonipat - HSPCB","11-09-2026 05:00:00",29.0272,77.0621,PM2.5,33,306,107
India,Haryana,Sonipat,"Murthal, Sonipat - HSPCB","11-09-2026 05:00:00",29.0272,77.0621,CO,47,76,61
India,Haryana,Fatehabad,"Huda Sector, Fatehabad - HSPCB","11-09-2026 05:00:00",29.503664,75.467934,PM2.5,55,121,85
India,Haryana,Fatehabad,"Huda Sector, Fatehabad - HSPCB","11-09-2026 05:00:00",29.503664,75.467934,NO2,18,21,19
India,Haryana,Fatehabad,"Huda Sector, Fatehabad - HSPCB","11-09-2026 05:00:00",29.503664,75.467934,NH3,13,15,14
India,Haryana,Fatehabad,"Huda Sector, Fatehabad - HSPCB","11-09-2026 05:00:00",29.503664,75.467934,SO2,2,10,6
India,Haryana,Gurugram,"NISE Gwal Pahari, Gurugram - IITM","11-09-2026 05:00:00",28.422681,77.148944,NH3,NA,NA,NA
India,Haryana,Gurugram,"NISE Gwal Pahari, Gurugram - IITM","11-09-2026 05:00:00",28.422681,77.148944,SO2,NA,NA,NA
India,Haryana,Gurugram,"NISE Gwal Pahari, Gurugram - IITM","11-09-2026 05:00:00",28.422681,77.148944,OZONE,7,10,8
India,Haryana,Gurugram,"Sector-51, Gurugram - HSPCB","11-09-2026 05:00:00",28.4227,77.0667,PM10,40,128,86
India,Haryana,Gurugram,"Sector-51, Gurugram - HSPCB","11-09-2026 05:00:00",28.4227,77.0667,SO2,6,9,8
India,Haryana,Gurugram,"Sector-51, Gurugram - HSPCB","11-09-2026 05:00:00",28.4227,77.0667,CO,23,37,31
India,Haryana,Gurugram,"Vikas Sadan, Gurugram - HSPCB","11-09-2026 05:00:00",28.4501238,77.0263051,PM2.5,71,403,214
India,"Madhya Pradesh",Gwalior,"City Center, Gwalior - MPPCB","11-09-2026 05:00:00",26.203442,78.193251,CO,24,78,50
India,"Madhya Pradesh",Indore,"Regional Park, Indore - IMC","11-09-2026 05:00:00",22.678,75.8559,NH3,NA,NA,NA
India,"Madhya Pradesh",Jabalpur,"Suhagi, Jabalpur - JMC","11-09-2026 05:00:00",23.218135,79.95777,PM2.5,22,78,44
India,"Madhya Pradesh",Jabalpur,"Govindh Bhavan Colony, Jabalpur - JMC","11-09-2026 05:00:00",23.163174,79.973061,PM2.5,18,52,37
India,"Madhya Pradesh",Jabalpur,"Govindh Bhavan Colony, Jabalpur - JMC","11-09-2026 05:00:00",23.163174,79.973061,SO2,1,2,2
India,"Madhya Pradesh",Jabalpur,"Govindh Bhavan Colony, Jabalpur - JMC","11-09-2026 05:00:00",23.163174,79.973061,CO,23,33,26
India,"Madhya Pradesh",Katni,"Gole Bazar, Katni - MPPCB","11-09-2026 05:00:00",23.50016,80.23284,NH3,3,4,3
India,"Jammu and Kashmir",Srinagar,"Rajbagh, Srinagar - JKPCC","11-09-2026 05:00:00",34.066206,74.81982,PM2.5,23,52,33
India,"Jammu and Kashmir",Srinagar,"Rajbagh, Srinagar - JKPCC","11-09-2026 05:00:00",34.066206,74.81982,CO,11,13,12
India,"Jammu and Kashmir",Srinagar,"Rajbagh, Srinagar - JKPCC","11-09-2026 05:00:00",34.066206,74.81982,OZONE,0,0,0
India,Jharkhand,Dhanbad,"Sardar Patel Nagar, Dhanbad - JSPCB","11-09-2026 05:00:00",23.80569,86.44268,NH3,NA,NA,NA
India,Jharkhand,Jorapokhar,"Tata Stadium, Jorapokhar - JSPCB","11-09-2026 05:00:00",23.707909,86.41467,PM10,38,251,96
India,Karnataka,Bengaluru,"Silk Board, Bengaluru - KSPCB","11-09-2026 05:00:00",12.917348,77.622813,PM10,83,421,208
India,Maharashtra,"Navi Mumbai","Sanpada, Navi Mumbai - MPCB","11-09-2026 05:00:00",19.0575752,73.0151367,SO2,1,6,2
India,Maharashtra,"Navi Mumbai","Sector-2E Kalamboli, Navi Mumbai - MPCB","11-09-2026 05:00:00",19.02579,73.10297,PM2.5,26,63,42
India,Maharashtra,"Navi Mumbai","Mahape, Navi Mumbai - MPCB","11-09-2026 05:00:00",19.1135051,73.008978,PM2.5,7,72,40
India,Maharashtra,"Navi Mumbai","Mahape, Navi Mumbai - MPCB","11-09-2026 05:00:00",19.1135051,73.008978,PM10,32,164,99
India,Maharashtra,"Navi Mumbai","Mahape, Navi Mumbai - MPCB","11-09-2026 05:00:00",19.1135051,73.008978,NH3,1,1,1
India,Maharashtra,"Navi Mumbai","Nerul, Navi Mumbai - MPCB","11-09-2026 05:00:00",19.008751,73.01662,PM2.5,NA,NA,NA
India,Maharashtra,"Navi Mumbai","Nerul, Navi Mumbai - MPCB","11-09-2026 05:00:00",19.008751,73.01662,NH3,0,0,0
India,Maharashtra,Parbhani,"Masoom Colony, Parbhani - MPCB","11-09-2026 05:00:00",19.265594,76.761463,PM10,70,102,85
India,Maharashtra,Parbhani,"Masoom Colony, Parbhani - MPCB","11-09-2026 05:00:00",19.265594,76.761463,NO2,6,10,8
India,Maharashtra,Pimpri-Chinchwad,"Transport Nagar-Nigdi, Pune - IITM","11-09-2026 05:00:00",18.664282,73.763966,CO,15,25,21
India,Maharashtra,Pimpri-Chinchwad,"Bhumkar Nagar, Pune - IITM","11-09-2026 05:00:00",18.60577,73.749976,PM10,42,93,62
India,Maharashtra,Pimpri-Chinchwad,"Bhumkar Nagar, Pune - IITM","11-09-2026 05:00:00",18.60577,73.749976,NH3,NA,NA,NA
India,Maharashtra,Pimpri-Chinchwad,"Gavalinagar, Pimpri Chinchwad - MPCB","11-09-2026 05:00:00",18.63673,73.82487,NO2,6,21,15
India,Maharashtra,Pimpri-Chinchwad,"Gavalinagar, Pimpri Chinchwad - MPCB","11-09-2026 05:00:00",18.63673,73.82487,SO2,1,2,2
India,Maharashtra,Pimpri-Chinchwad,"Gavalinagar, Pimpri Chinchwad - MPCB","11-09-2026 05:00:00",18.63673,73.82487,OZONE,2,8,4
India,Maharashtra,Pimpri-Chinchwad,"Park Street Wakad, Pimpri Chinchwad - MPCB","11-09-2026 05:00:00",18.59051,73.77946,PM10,30,92,46
India,Maharashtra,Pimpri-Chinchwad,"Bhosari, Pune - IITM","11-09-2026 05:00:00",18.640051,73.848956,CO,2,24,13
India,Maharashtra,Pimpri-Chinchwad,"Bhosari, Pune - IITM","11-09-2026 05:00:00",18.640051,73.848956,OZONE,4,11,7
India,"Madhya Pradesh",Katni,"Gole Bazar, Katni - MPPCB","11-09-2026 05:00:00",23.50016,80.23284,SO2,8,38,24
India,"Madhya Pradesh",Katni,"Gole Bazar, Katni - MPPCB","11-09-2026 05:00:00",23.50016,80.23284,OZONE,19,45,31
India,"Madhya Pradesh",Mandideep,"Sector-D Industrial Area, Mandideep - MPPCB","11-09-2026 05:00:00",23.10844,77.511428,PM2.5,32,124,80
India,"Madhya Pradesh",Mandideep,"Sector-D Industrial Area, Mandideep - MPPCB","11-09-2026 05:00:00",23.10844,77.511428,NO2,36,66,48
India,"Madhya Pradesh",Mandideep,"Sector-D Industrial Area, Mandideep - MPPCB","11-09-2026 05:00:00",23.10844,77.511428,SO2,4,59,12
India,"Madhya Pradesh",Mandideep,"Sector-D Industrial Area, Mandideep - MPPCB","11-09-2026 05:00:00",23.10844,77.511428,OZONE,25,45,33
India,"Madhya Pradesh",Sagar,"Civil Lines, Sagar - MPPCB","11-09-2026 05:00:00",23.838586,78.759431,SO2,5,6,6
India,"Madhya Pradesh",Ujjain,"Mahashweta Nagar, Ujjain - MPPCB","11-09-2026 05:00:00",23.1633321,75.800225,PM10,54,114,73
India,"Madhya Pradesh",Ujjain,"Mahashweta Nagar, Ujjain - MPPCB","11-09-2026 05:00:00",23.1633321,75.800225,NO2,6,25,14
India,Maharashtra,Ahmednagar,"Tarakpur, Ahmednagar - MPCB","11-09-2026 05:00:00",19.10122,74.73339,PM2.5,6,26,16
India,Maharashtra,Ahmednagar,"Tarakpur, Ahmednagar - MPCB","11-09-2026 05:00:00",19.10122,74.73339,NH3,0,3,1
India,Maharashtra,Akola,"Ramdaspeth, Akola - MPCB","11-09-2026 05:00:00",20.719516,77.000253,NH3,6,9,7
India,Maharashtra,Ambernath,"Chinchpada, Ambernath - MPCB","11-09-2026 05:00:00",19.215784,73.199781,SO2,20,28,24
India,Maharashtra,Amravati,"Shivneri Colony, Amravati - MPCB","11-09-2026 05:00:00",20.9402359,77.7895248,PM10,43,66,55
India,Maharashtra,Amravati,"Shri Shivaji Science College, Amravati - MPCB","11-09-2026 05:00:00",20.939198,77.765701,PM10,50,89,72
India,Maharashtra,Kolhapur,"Shivaji University, Kolhapur - MPCB","11-09-2026 05:00:00",16.6870449,74.2505872,NO2,5,20,13
India,Maharashtra,Kolhapur,"Shivaji University, Kolhapur - MPCB","11-09-2026 05:00:00",16.6870449,74.2505872,CO,4,16,9
India,Maharashtra,Latur,"Sawe Wadi, Latur - MPCB","11-09-2026 05:00:00",18.39963,76.57452,PM10,21,51,37
India,Maharashtra,Latur,"Sawe Wadi, Latur - MPCB","11-09-2026 05:00:00",18.39963,76.57452,NH3,1,4,2
India,Maharashtra,Latur,"Sawe Wadi, Latur - MPCB","11-09-2026 05:00:00",18.39963,76.57452,SO2,0,7,5
India,Maharashtra,Malegaon,"Mahesh Nagar, Malegaon - MPCB","11-09-2026 05:00:00",20.555712,74.529236,SO2,2,5,3
India,Maharashtra,Mira-Bhayandar,"Bhayandar West, Mira-Bhayandar - MPCB","11-09-2026 05:00:00",19.296481,72.840923,SO2,3,5,4
India,Maharashtra,Mumbai,"Shivaji Nagar, Mumbai - BMC","11-09-2026 05:00:00",19.060498,72.923356,SO2,0,13,8
India,Maharashtra,Mumbai,"Navy Nagar-Colaba, Mumbai - IITM","11-09-2026 05:00:00",18.897756,72.81332,PM2.5,10,54,26
India,Maharashtra,Mumbai,"Navy Nagar-Colaba, Mumbai - IITM","11-09-2026 05:00:00",18.897756,72.81332,NH3,1,2,2
India,Maharashtra,Mumbai,"Navy Nagar-Colaba, Mumbai - IITM","11-09-2026 05:00:00",18.897756,72.81332,CO,11,16,13
India,Maharashtra,Mumbai,"Mulund West, Mumbai - MPCB","11-09-2026 05:00:00",19.175,72.9419,PM10,9,70,33
India,Maharashtra,Mumbai,"Mulund West, Mumbai - MPCB","11-09-2026 05:00:00",19.175,72.9419,OZONE,NA,NA,NA
India,Maharashtra,Mumbai,"Worli, Mumbai - MPCB","11-09-2026 05:00:00",18.9936162,72.8128113,PM2.5,2,35,12
India,Maharashtra,Mumbai,"Worli, Mumbai - MPCB","11-09-2026 05:00:00",18.9936162,72.8128113,CO,35,43,39
India,Maharashtra,Mumbai,"Sewri, Mumbai - BMC","11-09-2026 05:00:00",19.000084,72.85673,NO2,4,37,25
India,Maharashtra,Mumbai,"Sewri, Mumbai - BMC","11-09-2026 05:00:00",19.000084,72.85673,NH3,1,7,4
India,Maharashtra,Amravati,"Shri Shivaji Science College, Amravati - MPCB","11-09-2026 05:00:00",20.939198,77.765701,NO2,2,10,5
India,Maharashtra,Amravati,"Shri Shivaji Science College, Amravati - MPCB","11-09-2026 05:00:00",20.939198,77.765701,CO,22,26,24
India,Maharashtra,Aurangabad,"MIDC Chilkalthana, Aurangabad - MPCB","11-09-2026 05:00:00",19.87562,75.38731,PM2.5,13,73,38
India,Maharashtra,Aurangabad,"Rachnakar Colony, Aurangabad - MPCB","11-09-2026 05:00:00",19.863756,75.321188,OZONE,9,10,10
India,Maharashtra,Aurangabad,"More Chowk Waluj, Aurangabad - MPCB","11-09-2026 05:00:00",19.8389439,75.244448,PM10,23,48,35
India,Maharashtra,Aurangabad,"More Chowk Waluj, Aurangabad - MPCB","11-09-2026 05:00:00",19.8389439,75.244448,NH3,6,8,7
India,Maharashtra,Aurangabad,"More Chowk Waluj, Aurangabad - MPCB","11-09-2026 05:00:00",19.8389439,75.244448,SO2,0,8,4
India,Maharashtra,Aurangabad,"More Chowk Waluj, Aurangabad - MPCB","11-09-2026 05:00:00",19.8389439,75.244448,CO,18,106,51
India,Maharashtra,Aurangabad,"More Chowk Waluj, Aurangabad - MPCB","11-09-2026 05:00:00",19.8389439,75.244448,OZONE,17,25,20
India,Maharashtra,Badlapur,"Katrap, Badlapur - MPCB","11-09-2026 05:00:00",19.16485,73.23409,NO2,18,19,19
India,Maharashtra,Belapur,"CBD Belapur, Belapur - MPCB","11-09-2026 05:00:00",19.0243902,73.0406721,CO,54,54,54
India,Maharashtra,Bhiwandi,"Gokul Nagar, Bhiwandi - MPCB","11-09-2026 05:00:00",19.309073,73.057223,OZONE,26,31,28
India,Maharashtra,Boisar,"Khaira, Boisar - MPCB","11-09-2026 05:00:00",19.786089,72.757971,NO2,NA,NA,NA
India,Maharashtra,Chandrapur,"MIDC Khutala, Chandrapur - MPCB","11-09-2026 05:00:00",19.9775302,79.2337086,PM2.5,33,39,38
India,Maharashtra,Nagpur,"Ram Nagar, Nagpur - MPCB","11-09-2026 05:00:00",21.143383,79.048912,NH3,1,2,2
India,Maharashtra,Nagpur,"Ambazari, Nagpur - MPCB","11-09-2026 05:00:00",21.121801,79.04952,PM10,50,70,58
India,Maharashtra,Nagpur,"Ambazari, Nagpur - MPCB","11-09-2026 05:00:00",21.121801,79.04952,NO2,4,13,8
India,Maharashtra,Nagpur,"Ambazari, Nagpur - MPCB","11-09-2026 05:00:00",21.121801,79.04952,CO,10,16,12
India,Maharashtra,Nagpur,"Ambazari, Nagpur - MPCB","11-09-2026 05:00:00",21.121801,79.04952,OZONE,19,24,22
India,Maharashtra,Nanded,"Sneh Nagar, Nanded - MPCB","11-09-2026 05:00:00",19.173852,77.296291,NH3,2,5,4
India,Maharashtra,Nashik,"Hirawadi, Nashik - MPCB","11-09-2026 05:00:00",20.021503,73.813844,SO2,5,16,9
India,Maharashtra,Nashik,"MIDC Ambad, Nashik - MPCB","11-09-2026 05:00:00",19.95022,73.73148,PM10,47,109,72
India,Maharashtra,Nashik,"MIDC Ambad, Nashik - MPCB","11-09-2026 05:00:00",19.95022,73.73148,NH3,2,4,3
India,Maharashtra,Nashik,"Gangapur Road, Nashik - MPCB","11-09-2026 05:00:00",20.0073285,73.7762427,PM10,18,77,36
India,Maharashtra,Nashik,"Gangapur Road, Nashik - MPCB","11-09-2026 05:00:00",20.0073285,73.7762427,NO2,5,5,5
India,Maharashtra,Nashik,"Gangapur Road, Nashik - MPCB","11-09-2026 05:00:00",20.0073285,73.7762427,SO2,1,5,3
India,Maharashtra,Nashik,"Pandav Nagari, Nashik - MPCB","11-09-2026 05:00:00",19.9591346,73.7788008,CO,9,14,10
India,Maharashtra,"Navi Mumbai","Kopripada-Vashi, Navi Mumbai - MPCB","11-09-2026 05:00:00",19.090337,73.014232,CO,60,101,82
India,Maharashtra,"Navi Mumbai","Tondare-Taloja, Navi Mumbai - MPCB","11-09-2026 05:00:00",19.063,73.1209,PM2.5,23,62,40
India,Maharashtra,Mumbai,"Mindspace-Malad West, Mumbai - MPCB","11-09-2026 05:00:00",19.1878657,72.8304069,NH3,7,8,8
India,Maharashtra,Mumbai,"Kherwadi_Bandra East, Mumbai - MPCB","11-09-2026 05:00:00",19.0632143,72.8456324,NO2,3,8,5
India,Maharashtra,Mumbai,"Kherwadi_Bandra East, Mumbai - MPCB","11-09-2026 05:00:00",19.0632143,72.8456324,SO2,3,6,4
India,Maharashtra,Mumbai,"Siddharth Nagar-Worli, Mumbai - IITM","11-09-2026 05:00:00",19.000083,72.813993,NH3,NA,NA,NA
India,Maharashtra,Mumbai,"Malad West, Mumbai - IITM","11-09-2026 05:00:00",19.19709,72.82204,OZONE,5,6,6
India,Maharashtra,Mumbai,"Borivali East, Mumbai - MPCB","11-09-2026 05:00:00",19.2243333,72.8658113,SO2,16,19,17
India,Maharashtra,Mumbai,"Borivali East, Mumbai - MPCB","11-09-2026 05:00:00",19.2243333,72.8658113,OZONE,NA,NA,NA
India,Maharashtra,Mumbai,"Mazgaon, Mumbai - IITM","11-09-2026 05:00:00",18.96702,72.84214,NO2,11,16,13
India,Maharashtra,Mumbai,"Mazgaon, Mumbai - IITM","11-09-2026 05:00:00",18.96702,72.84214,OZONE,10,13,12
India,Maharashtra,Mumbai,"Chakala-Andheri East, Mumbai - IITM","11-09-2026 05:00:00",19.11074,72.86084,PM10,23,75,47
India,Maharashtra,Mumbai,"Chakala-Andheri East, Mumbai - IITM","11-09-2026 05:00:00",19.11074,72.86084,NO2,NA,NA,NA
India,Maharashtra,Mumbai,"Ghatkopar, Mumbai - BMC","11-09-2026 05:00:00",19.083694,72.920967,PM10,29,48,38
India,Maharashtra,Mumbai,"Ghatkopar, Mumbai - BMC","11-09-2026 05:00:00",19.083694,72.920967,SO2,1,4,2
India,Maharashtra,Mumbai,"Ghatkopar, Mumbai - BMC","11-09-2026 05:00:00",19.083694,72.920967,OZONE,3,5,4
India,Maharashtra,Mumbai,"Deonar, Mumbai - IITM","11-09-2026 05:00:00",19.04946,72.923,PM10,27,87,58
India,Maharashtra,Mumbai,"Deonar, Mumbai - IITM","11-09-2026 05:00:00",19.04946,72.923,NH3,5,8,6
India,Maharashtra,Chandrapur,"Chauhan Colony, Chandrapur - MPCB","11-09-2026 05:00:00",19.9629,79.298714,NO2,12,20,16
India,Maharashtra,Dhule,"Deopur, Dhule - MPCB","11-09-2026 05:00:00",20.918946,74.776388,PM10,35,88,62
India,Maharashtra,Dombivli,"Kalu Nagar, Dombivli - MPCB","11-09-2026 05:00:00",19.2268427,73.0788456,SO2,24,52,28
India,Maharashtra,Dombivli,"Kalu Nagar, Dombivli - MPCB","11-09-2026 05:00:00",19.2268427,73.0788456,CO,15,48,23
India,Maharashtra,Hingoli,"Ashta Vinayak Nagar, Hingoli - MPCB","11-09-2026 05:00:00",19.710842,77.151824,PM2.5,35,75,50
India,Maharashtra,Hingoli,"Ashta Vinayak Nagar, Hingoli - MPCB","11-09-2026 05:00:00",19.710842,77.151824,NO2,4,17,7
India,Maharashtra,Hingoli,"Ashta Vinayak Nagar, Hingoli - MPCB","11-09-2026 05:00:00",19.710842,77.151824,SO2,3,11,4
India,Maharashtra,Jalgaon,"Prabhat Colony, Jalgaon - MPCB","11-09-2026 05:00:00",21.001264,75.565602,SO2,2,3,2
India,Maharashtra,Jalgaon,"Prabhat Colony, Jalgaon - MPCB","11-09-2026 05:00:00",21.001264,75.565602,CO,7,26,13
India,Maharashtra,Kalyan,"Khadakpada, Kalyan - MPCB","11-09-2026 05:00:00",19.25292,73.142019,PM10,22,72,40
India,Maharashtra,Kalyan,"Khadakpada, Kalyan - MPCB","11-09-2026 05:00:00",19.25292,73.142019,OZONE,8,8,8
India,Maharashtra,Kolhapur,"Shivaji University, Kolhapur - MPCB","11-09-2026 05:00:00",16.6870449,74.2505872,PM2.5,9,36,22
India,Maharashtra,Mumbai,"Chhatrapati Shivaji Intl. Airport (T2), Mumbai - MPCB","11-09-2026 05:00:00",19.10078,72.87462,PM2.5,15,36,28
India,Maharashtra,Mumbai,"Chhatrapati Shivaji Intl. Airport (T2), Mumbai - MPCB","11-09-2026 05:00:00",19.10078,72.87462,NO2,13,13,13
India,Maharashtra,Mumbai,"Chhatrapati Shivaji Intl. Airport (T2), Mumbai - MPCB","11-09-2026 05:00:00",19.10078,72.87462,NH3,1,1,1
India,Maharashtra,Mumbai,"Bandra Kurla Complex, Mumbai - IITM","11-09-2026 05:00:00",19.053536,72.84643,SO2,2,5,4
India,Maharashtra,Mumbai,"Bandra Kurla Complex, Mumbai - IITM","11-09-2026 05:00:00",19.053536,72.84643,CO,2,14,9
India,Maharashtra,Mumbai,"Kandivali West, Mumbai - BMC","11-09-2026 05:00:00",19.215859,72.831718,SO2,0,2,1
India,Maharashtra,Mumbai,"Kandivali West, Mumbai - BMC","11-09-2026 05:00:00",19.215859,72.831718,CO,7,16,10
India,Maharashtra,Mumbai,"Chembur, Mumbai - MPCB","11-09-2026 05:00:00",19.0364585,72.8954371,NO2,4,14,8
India,Maharashtra,Mumbai,"Chembur, Mumbai - MPCB","11-09-2026 05:00:00",19.0364585,72.8954371,OZONE,0,8,3
India,Maharashtra,Mumbai,"Bandra Kurla Complex, Mumbai - MPCB","11-09-2026 05:00:00",19.065931,72.862131,PM2.5,8,35,20
India,Maharashtra,Mumbai,"Bandra Kurla Complex, Mumbai - MPCB","11-09-2026 05:00:00",19.065931,72.862131,PM10,34,50,42
India,Maharashtra,Mumbai,"Bandra Kurla Complex, Mumbai - MPCB","11-09-2026 05:00:00",19.065931,72.862131,NO2,1,28,11
India,Maharashtra,Mumbai,"Bandra Kurla Complex, Mumbai - MPCB","11-09-2026 05:00:00",19.065931,72.862131,CO,20,25,23
India,Maharashtra,Nagpur,"Mahal, Nagpur - MPCB","11-09-2026 05:00:00",21.14472,79.107595,SO2,1,28,7
India,Maharashtra,Pimpri-Chinchwad,"Savta Mali Nagar, Pimpri-Chinchwad - IITM","11-09-2026 05:00:00",18.614767,73.799516,PM10,36,75,58
India,Maharashtra,Pimpri-Chinchwad,"Savta Mali Nagar, Pimpri-Chinchwad - IITM","11-09-2026 05:00:00",18.614767,73.799516,SO2,NA,NA,NA
India,Maharashtra,Pimpri-Chinchwad,"Thergaon, Pimpri Chinchwad - MPCB","11-09-2026 05:00:00",18.616318,73.765797,SO2,1,3,2
India,Maharashtra,Pune,"Mhada Colony, Pune - IITM","11-09-2026 05:00:00",18.57304,73.927715,NO2,9,20,13
India,Maharashtra,Pune,"Savitribai Phule Pune University, Pune - MPCB","11-09-2026 05:00:00",18.547056,73.826908,SO2,1,5,4
India,Maharashtra,Pune,"Hadapsar, Pune - IITM","11-09-2026 05:00:00",18.501793,73.927532,CO,29,57,36
India,Maharashtra,Pune,"Katraj Dairy, Pune - MPCB","11-09-2026 05:00:00",18.45445,73.854155,PM10,33,98,61
India,Maharashtra,Pune,"Katraj Dairy, Pune - MPCB","11-09-2026 05:00:00",18.45445,73.854155,SO2,1,3,3
India,Maharashtra,Pune,"Dhankawadi, Pune - IITM","11-09-2026 05:00:00",18.459883,73.852193,PM10,48,110,75
India,Maharashtra,Pune,"Revenue Colony-Shivajinagar, Pune - IITM","11-09-2026 05:00:00",18.530085,73.849598,PM2.5,17,50,37
India,Maharashtra,Pune,"Revenue Colony-Shivajinagar, Pune - IITM","11-09-2026 05:00:00",18.530085,73.849598,NO2,21,48,29
India,Mizoram,Aizawl,"Sikulpuikawn, Aizawl - Mizoram PCB","11-09-2026 05:00:00",23.7176342,92.7192841,CO,3,3,3
India,Nagaland,Kohima,"PWD Junction, Kohima - NPCB","11-09-2026 05:00:00",25.6635413,94.0989878,CO,5,10,7
India,Odisha,Angul,"Hakimapada, Angul - OSPCB","11-09-2026 05:00:00",20.832874,85.104082,PM10,27,401,80
India,Odisha,Angul,"Hakimapada, Angul - OSPCB","11-09-2026 05:00:00",20.832874,85.104082,NH3,1,13,4
India,Odisha,Balasore,"Kalidaspur, Balasore - OSPCB","11-09-2026 05:00:00",21.51161,86.89088,PM2.5,3,58,21
India,Odisha,Balasore,"Kalidaspur, Balasore - OSPCB","11-09-2026 05:00:00",21.51161,86.89088,NO2,4,14,8
India,Odisha,Barbil,"Forest Office, Barbil - OSPCB","11-09-2026 05:00:00",22.1166054,85.3945546,NH3,1,2,2
India,Odisha,Baripada,"Meher Colony, Baripada - OSPCB","11-09-2026 05:00:00",21.941841,86.728318,NO2,3,36,18
India,Odisha,Bhubaneswar,"Patia, Bhubaneswar - OSPCB","11-09-2026 05:00:00",20.34652,85.8163,PM10,21,58,40
India,Odisha,Bhubaneswar,"Patia, Bhubaneswar - OSPCB","11-09-2026 05:00:00",20.34652,85.8163,OZONE,9,23,17
India,Odisha,Bhubaneswar,"Lingraj Mandir, Bhubaneswar - OSPCB","11-09-2026 05:00:00",20.24079,85.836784,PM2.5,10,31,19
India,Odisha,Bhubaneswar,"Lingraj Mandir, Bhubaneswar - OSPCB","11-09-2026 05:00:00",20.24079,85.836784,PM10,19,57,36
India,Odisha,Bhubaneswar,"Lingraj Mandir, Bhubaneswar - OSPCB","11-09-2026 05:00:00",20.24079,85.836784,CO,36,64,46
India,Odisha,Bileipada,"Tata Township, Bileipada - OSPCB","11-09-2026 05:00:00",22.06156703,85.47409613,PM2.5,NA,NA,NA
India,Odisha,Bileipada,"Tata Township, Bileipada - OSPCB","11-09-2026 05:00:00",22.06156703,85.47409613,PM10,NA,NA,NA
India,Odisha,Bileipada,"Tata Township, Bileipada - OSPCB","11-09-2026 05:00:00",22.06156703,85.47409613,NO2,NA,NA,NA
India,Odisha,Bileipada,"Tata Township, Bileipada - OSPCB","11-09-2026 05:00:00",22.06156703,85.47409613,CO,28,32,31
India,Rajasthan,Nagaur,"Karni Colony, Nagaur - RSPCB","11-09-2026 05:00:00",27.213494,73.734444,PM10,45,120,83
India,Rajasthan,Nagaur,"Karni Colony, Nagaur - RSPCB","11-09-2026 05:00:00",27.213494,73.734444,CO,9,14,11
India,Rajasthan,Pali,"Indira Colony Vistar, Pali - RSPCB","11-09-2026 05:00:00",25.771061,73.340227,OZONE,8,10,9
India,Rajasthan,Pratapgarh,"Pragati Nagar, Pratapgarh - RSPCB","11-09-2026 05:00:00",24.041198,74.780702,NH3,4,5,5
India,Rajasthan,Rajsamand,"Dhoinda, Rajsamand - RSPCB","11-09-2026 05:00:00",25.03636,73.883502,SO2,2,6,4
India,Rajasthan,Rajsamand,"Dhoinda, Rajsamand - RSPCB","11-09-2026 05:00:00",25.03636,73.883502,CO,11,22,14
India,Rajasthan,"Sawai Madhopur","Sahu Nagar, Sawai Madhopur - RSPCB","11-09-2026 05:00:00",26.031443,76.359327,NO2,8,43,18
India,Rajasthan,"Sawai Madhopur","Sahu Nagar, Sawai Madhopur - RSPCB","11-09-2026 05:00:00",26.031443,76.359327,OZONE,26,54,39
India,Rajasthan,Sikar,"Radhakishan Pura, Sikar - RSPCB","11-09-2026 05:00:00",27.608912,75.153302,SO2,1,4,3
India,Rajasthan,Sikar,"Radhakishan Pura, Sikar - RSPCB","11-09-2026 05:00:00",27.608912,75.153302,CO,19,27,22
India,Rajasthan,"Sri Ganganagar","Old City, Sri Ganganagar - RSPCB","11-09-2026 05:00:00",29.931624,73.864511,CO,37,59,45
India,Rajasthan,Tonk,"Shastri Nagar, Tonk - RSPCB","11-09-2026 05:00:00",26.159933,75.780517,SO2,0,2,1
India,Rajasthan,Udaipur,"Ashok Nagar, Udaipur - RSPCB","11-09-2026 05:00:00",24.5886166,73.6321397,NH3,2,5,4
India,Sikkim,Gangtok,"Zero Point GICI, Gangtok - SSPCB","11-09-2026 05:00:00",27.33853,88.614099,NO2,7,8,8
India,Maharashtra,Sangli,"Vijay Nagar, Sangli - MPCB","11-09-2026 05:00:00",16.5038,74.3623,SO2,4,10,6
India,Maharashtra,Satara,"Koyana Nagar, Satara - MPCB","11-09-2026 05:00:00",17.696651,74.003387,PM10,32,137,87
India,Maharashtra,Satara,"Koyana Nagar, Satara - MPCB","11-09-2026 05:00:00",17.696651,74.003387,SO2,2,7,4
India,Maharashtra,Solapur,"Ratandeep Housing Society, Solapur - MPCB","11-09-2026 05:00:00",17.65439,75.90649,PM2.5,36,103,56
India,Maharashtra,Thane,"Kasarvadavali, Thane - MPCB","11-09-2026 05:00:00",19.26777,72.97182,PM10,39,100,62
India,Maharashtra,Thane,"Kasarvadavali, Thane - MPCB","11-09-2026 05:00:00",19.26777,72.97182,NO2,NA,NA,NA
India,Maharashtra,Thane,"Kasarvadavali, Thane - MPCB","11-09-2026 05:00:00",19.26777,72.97182,OZONE,4,8,5
India,Maharashtra,Ulhasnagar,"Sidhi Vinayak Nagar, Ulhasnagar - MPCB","11-09-2026 05:00:00",19.235581,73.159121,OZONE,1,10,4
India,Maharashtra,Ulhasnagar,"Vithalwadi, Ulhasnagar - MPCB","11-09-2026 05:00:00",19.2307571,73.155192,NO2,4,10,7
India,Maharashtra,Ulhasnagar,"Vithalwadi, Ulhasnagar - MPCB","11-09-2026 05:00:00",19.2307571,73.155192,SO2,7,12,9
India,Maharashtra,Ulhasnagar,"Vithalwadi, Ulhasnagar - MPCB","11-09-2026 05:00:00",19.2307571,73.155192,CO,19,32,24
India,Maharashtra,Virar,"Bolinj, Virar - MPCB","11-09-2026 05:00:00",19.445821,72.7988231,NH3,4,7,5
India,Meghalaya,Shillong,"Lumpyngngad, Shillong - Meghalaya PCB","11-09-2026 05:00:00",25.5586,91.8985,PM10,NA,NA,NA
India,Meghalaya,Shillong,"Lumpyngngad, Shillong - Meghalaya PCB","11-09-2026 05:00:00",25.5586,91.8985,NH3,0,0,0
India,Mizoram,Aizawl,"Sikulpuikawn, Aizawl - Mizoram PCB","11-09-2026 05:00:00",23.7176342,92.7192841,PM10,6,37,16
India,Odisha,Byasanagar,"Ferro Chrome Colony, Byasanagar - OSPCB","11-09-2026 05:00:00",20.94185,86.1151,NH3,1,2,1
India,Odisha,Byasanagar,"Ferro Chrome Colony, Byasanagar - OSPCB","11-09-2026 05:00:00",20.94185,86.1151,SO2,5,10,7
India,Odisha,Nayagarh,"Dabuna, Nayagarh - OSPCB","11-09-2026 05:00:00",21.847279,85.416905,PM2.5,11,35,25
India,Odisha,Nayagarh,"Dabuna, Nayagarh - OSPCB","11-09-2026 05:00:00",21.847279,85.416905,PM10,23,51,32
India,Odisha,Nayagarh,"Dabuna, Nayagarh - OSPCB","11-09-2026 05:00:00",21.847279,85.416905,CO,12,15,14
India,Odisha,Paradeep,"Nua Sandhakuda, Paradeep - OSPCB","11-09-2026 05:00:00",20.258828,86.665185,NO2,12,31,17
India,Odisha,Paradeep,"Nua Sandhakuda, Paradeep - OSPCB","11-09-2026 05:00:00",20.258828,86.665185,NH3,5,6,6
India,Odisha,Rairangpur,"Divisional Forest Office, Rairangpur - OSPCB","11-09-2026 05:00:00",22.265816,86.174829,PM10,24,53,36
India,Odisha,Rairangpur,"Divisional Forest Office, Rairangpur - OSPCB","11-09-2026 05:00:00",22.265816,86.174829,NH3,3,3,3
India,Odisha,Rairangpur,"Divisional Forest Office, Rairangpur - OSPCB","11-09-2026 05:00:00",22.265816,86.174829,CO,13,20,17
India,Odisha,Rourkela,"Fertilizer Township, Rourkela - OSPCB","11-09-2026 05:00:00",22.18972222,84.86277778,NH3,NA,NA,NA
India,Odisha,Rourkela,"Fertilizer Township, Rourkela - OSPCB","11-09-2026 05:00:00",22.18972222,84.86277778,OZONE,NA,NA,NA
India,Odisha,Rourkela,"Sector-2, Rourkela - OSPCB","11-09-2026 05:00:00",22.245,84.88111111,SO2,NA,NA,NA
India,Odisha,Rourkela,"Raghunathpali, Rourkela - OSPCB","11-09-2026 05:00:00",22.220833,84.809444,PM2.5,1,37,12
India,Odisha,Rourkela,"Raghunathpali, Rourkela - OSPCB","11-09-2026 05:00:00",22.220833,84.809444,PM10,8,44,23
India,Odisha,Rourkela,"Raghunathpali, Rourkela - OSPCB","11-09-2026 05:00:00",22.220833,84.809444,NO2,9,9,9
India,Rajasthan,Jaipur,"Adarsh Nagar, Jaipur - RSPCB","11-09-2026 05:00:00",26.902909,75.836858,PM10,70,124,93
India,Rajasthan,Jaipur,"Adarsh Nagar, Jaipur - RSPCB","11-09-2026 05:00:00",26.902909,75.836858,NH3,4,13,7
India,Rajasthan,Jaipur,"RIICO Sitapura, Jaipur - RSPCB","11-09-2026 05:00:00",26.786682,75.827928,PM10,85,206,122
India,Rajasthan,Jaipur,"RIICO Sitapura, Jaipur - RSPCB","11-09-2026 05:00:00",26.786682,75.827928,OZONE,22,56,39
India,Rajasthan,Jaipur,"Shastri Nagar, Jaipur - RSPCB","11-09-2026 05:00:00",26.9502929,75.730943,NH3,NA,NA,NA
India,Rajasthan,Jaipur,"Shastri Nagar, Jaipur - RSPCB","11-09-2026 05:00:00",26.9502929,75.730943,SO2,NA,NA,NA
India,Rajasthan,Jaipur,"Police Commissionerate, Jaipur - RSPCB","11-09-2026 05:00:00",26.9164092,75.7994901,CO,44,85,62
India,Rajasthan,Jaipur,"Mansarovar Sector-12, Jaipur - RSPCB","11-09-2026 05:00:00",26.843698,75.766894,NH3,1,5,3
India,Rajasthan,Jaipur,"Mansarovar Sector-12, Jaipur - RSPCB","11-09-2026 05:00:00",26.843698,75.766894,CO,8,22,12
India,Rajasthan,Jaisalmer,"Sadar Bazar, Jaisalmer - RSPCB","11-09-2026 05:00:00",26.912329,70.909168,PM10,30,93,64
India,Rajasthan,Jaisalmer,"Sadar Bazar, Jaisalmer - RSPCB","11-09-2026 05:00:00",26.912329,70.909168,CO,4,14,7
India,Rajasthan,Jalore,"Mudtra Sili, Jalore - RSPCB","11-09-2026 05:00:00",25.344694,72.626208,NO2,5,10,7
India,Rajasthan,Jhalawar,"Rajlaxmi Nagar, Jhalawar - RSPCB","11-09-2026 05:00:00",24.588397,76.172782,PM2.5,20,73,45
India,Rajasthan,Jhunjhunu,"Indra Nagar, Jhunjhunu - RSPCB","11-09-2026 05:00:00",28.108988,75.386577,CO,16,22,18
India,Odisha,Tensa,"Barsua Iron Ore Mines, Tensa - OSPCB","11-09-2026 05:00:00",21.869985,85.167016,CO,16,41,30
India,Puducherry,Puducherry,"Jawahar Nagar, Puducherry - PPCC","11-09-2026 05:00:00",11.9309,79.8027,NH3,1,4,2
India,Puducherry,Puducherry,"Jawahar Nagar, Puducherry - PPCC","11-09-2026 05:00:00",11.9309,79.8027,CO,13,23,17
India,Puducherry,Puducherry,"Jawahar Nagar, Puducherry - PPCC","11-09-2026 05:00:00",11.9309,79.8027,OZONE,22,42,29
India,Punjab,Amritsar,"Golden Temple, Amritsar - PPCB","11-09-2026 05:00:00",31.62,74.876512,NO2,19,59,25
India,Punjab,Bathinda,"Hardev Nagar, Bathinda - PPCB","11-09-2026 05:00:00",30.233011,74.907758,NH3,NA,NA,NA
India,Punjab,Jalandhar,"Civil Line, Jalandhar - PPCB","11-09-2026 05:00:00",31.321907,75.578914,NH3,3,5,4
India,Punjab,Khanna,"Kalal Majra, Khanna - PPCB","11-09-2026 05:00:00",30.736056,76.209694,NH3,4,10,6
India,Punjab,"Mandi Gobindgarh","RIMT University, Mandi Gobindgarh - PPCB","11-09-2026 05:00:00",30.649961,76.331442,NH3,5,5,5
India,Punjab,Patiala,"Model Town, Patiala - PPCB","11-09-2026 05:00:00",30.349388,76.366642,CO,20,27,24
India,Punjab,Patiala,"Model Town, Patiala - PPCB","11-09-2026 05:00:00",30.349388,76.366642,OZONE,11,23,17
India,Rajasthan,Alwar,"Vigyan Nagar, Alwar - RSPCB","11-09-2026 05:00:00",27.598796,76.63861,NH3,11,16,13
India,Rajasthan,Jodhpur,"Digari Kalan, Jodhpur - RSPCB","11-09-2026 05:00:00",26.29581,73.082283,CO,9,24,12
India,Rajasthan,Jodhpur,"Samrat Ashok Udhyan, Jodhpur - RSPCB","11-09-2026 05:00:00",26.253384,72.976571,PM10,36,116,65
India,Rajasthan,Jodhpur,"Samrat Ashok Udhyan, Jodhpur - RSPCB","11-09-2026 05:00:00",26.253384,72.976571,NO2,1,17,6
India,Rajasthan,Jodhpur,"Samrat Ashok Udhyan, Jodhpur - RSPCB","11-09-2026 05:00:00",26.253384,72.976571,NH3,4,5,5
India,Rajasthan,Jodhpur,"Mandor, Jodhpur - RSPCB","11-09-2026 05:00:00",26.358805,73.047444,PM10,32,80,52
India,Rajasthan,Jodhpur,"Mandor, Jodhpur - RSPCB","11-09-2026 05:00:00",26.358805,73.047444,NH3,3,4,3
India,Rajasthan,Jodhpur,"Mandor, Jodhpur - RSPCB","11-09-2026 05:00:00",26.358805,73.047444,OZONE,51,86,63
India,Rajasthan,Khairthal,"New Anaj Mandi, Khairthal - RSPCB","11-09-2026 05:00:00",27.8015617,76.6365217,NO2,27,64,38
India,Rajasthan,Khairthal,"New Anaj Mandi, Khairthal - RSPCB","11-09-2026 05:00:00",27.8015617,76.6365217,NH3,2,7,3
India,Rajasthan,Kota,"Shrinath Puram, Kota - RSPCB","11-09-2026 05:00:00",25.14389,75.821256,PM2.5,41,62,54
India,Rajasthan,Kota,"Nayapura, Kota - RSPCB","11-09-2026 05:00:00",25.196024,75.855668,PM2.5,18,58,42
India,Rajasthan,Bundi,"New Colony, Bundi - RSPCB","11-09-2026 05:00:00",25.435774,75.644272,PM10,49,124,66
India,Rajasthan,Chittorgarh,"Shastri Nagar, Chittorgarh - RSPCB","11-09-2026 05:00:00",24.892047,74.623527,PM10,65,122,83
India,Rajasthan,Chittorgarh,"Shastri Nagar, Chittorgarh - RSPCB","11-09-2026 05:00:00",24.892047,74.623527,OZONE,29,40,35
India,Rajasthan,Churu,"Subash Chowk, Churu - RSPCB","11-09-2026 05:00:00",28.296139,74.961696,NO2,0,21,9
India,Rajasthan,Dausa,"Khatikan Mohalla, Dausa - RSPCB","11-09-2026 05:00:00",26.895552,76.334753,PM10,55,142,97
India,Rajasthan,Dausa,"Khatikan Mohalla, Dausa - RSPCB","11-09-2026 05:00:00",26.895552,76.334753,NH3,7,13,9
India,Rajasthan,Dungarpur,"Bhoiwada, Dungarpur - RSPCB","11-09-2026 05:00:00",23.837789,73.714926,PM2.5,27,78,46
India,Rajasthan,Dungarpur,"Bhoiwada, Dungarpur - RSPCB","11-09-2026 05:00:00",23.837789,73.714926,SO2,2,5,3
India,Rajasthan,Hanumangarh,"Housing Board, Hanumangarh - RSPCB","11-09-2026 05:00:00",29.61075,74.283608,NH3,3,7,6
India,Rajasthan,Alwar,"Moti Doongri, Alwar - RSPCB","11-09-2026 05:00:00",27.554793,76.611536,NH3,7,13,10
India,Rajasthan,Baran,"Bamboliya, Baran - RSPCB","11-09-2026 05:00:00",25.106006,76.469948,CO,22,34,27
India,Rajasthan,Baran,"Bamboliya, Baran - RSPCB","11-09-2026 05:00:00",25.106006,76.469948,OZONE,10,30,17
India,Rajasthan,Bharatpur,"Krishna Nagar, Bharatpur - RSPCB","11-09-2026 05:00:00",27.215415,77.50873,OZONE,22,55,35
India,Rajasthan,Bhiwadi,"RIICO Ind. Area III, Bhiwadi - RSPCB","11-09-2026 05:00:00",28.194909,76.862296,NO2,22,56,37
India,Rajasthan,Bhiwadi,"RIICO Ind. Area III, Bhiwadi - RSPCB","11-09-2026 05:00:00",28.194909,76.862296,SO2,6,16,13
India,Rajasthan,Bhiwadi,"Vasundhara Nagar_UIT, Bhiwadi - RSPCB","11-09-2026 05:00:00",28.207266,76.829265,SO2,2,6,5
India,Rajasthan,Bikaner,"MM Ground, Bikaner - RSPCB","11-09-2026 05:00:00",28.018792,73.292658,PM10,40,175,85
India,"Uttar Pradesh",Bareilly,"Civil Lines, Bareilly - UPPCB","11-09-2026 05:00:00",28.359581,79.414455,OZONE,0,1,0
India,"Uttar Pradesh",Bulandshahr,"Yamunapuram, Bulandshahr - UPPCB","11-09-2026 05:00:00",28.406963,77.849831,PM10,52,441,193
India,"Uttar Pradesh","Fatehpur Sikri","Dadupura, Fatehpur Sikri - UPPCB","11-09-2026 05:00:00",27.097694,77.671335,NH3,2,2,2
India,"Uttar Pradesh",Firozabad,"Nagla Bhau, Firozabad - UPPCB","11-09-2026 05:00:00",27.168897,78.37696,PM2.5,NA,NA,NA
India,"Uttar Pradesh",Firozabad,"Nagla Bhau, Firozabad - UPPCB","11-09-2026 05:00:00",27.168897,78.37696,NH3,NA,NA,NA
India,"Uttar Pradesh",Firozabad,"Nagla Bhau, Firozabad - UPPCB","11-09-2026 05:00:00",27.168897,78.37696,SO2,NA,NA,NA
India,"Uttar Pradesh",Firozabad,"Vibhab Nagar, Firozabad - UPPCB","11-09-2026 05:00:00",27.1594,78.3953,PM10,30,55,45
India,"Uttar Pradesh",Firozabad,"Vibhab Nagar, Firozabad - UPPCB","11-09-2026 05:00:00",27.1594,78.3953,NH3,6,7,7
India,"Uttar Pradesh",Firozabad,"Vibhab Nagar, Firozabad - UPPCB","11-09-2026 05:00:00",27.1594,78.3953,OZONE,1,1,1
India,"Uttar Pradesh",Gajraula,"Rajanpur, Gajraula - UPPCB","11-09-2026 05:00:00",28.829109,78.248796,OZONE,4,15,9
India,"Uttar Pradesh",Ghaziabad,"Vasundhara, Ghaziabad - UPPCB","11-09-2026 05:00:00",28.6603346,77.3572563,PM2.5,15,154,70
India,"Uttar Pradesh",Ghaziabad,"Vasundhara, Ghaziabad - UPPCB","11-09-2026 05:00:00",28.6603346,77.3572563,OZONE,17,137,47
India,"Uttar Pradesh",Ghaziabad,"Ved Vihar-Loni, Ghaziabad - UPPCB","11-09-2026 05:00:00",28.739153,77.273668,PM2.5,105,181,135
India,"Uttar Pradesh",Ghaziabad,"Ved Vihar-Loni, Ghaziabad - UPPCB","11-09-2026 05:00:00",28.739153,77.273668,NO2,22,49,33
India,"Uttar Pradesh",Ghaziabad,"Wave City, Ghaziabad - UPPCB","11-09-2026 05:00:00",28.646675,77.489049,PM2.5,NA,NA,NA
India,"Uttar Pradesh",Ghaziabad,"Wave City, Ghaziabad - UPPCB","11-09-2026 05:00:00",28.646675,77.489049,SO2,1,3,2
India,"Uttar Pradesh",Ghaziabad,"Indirapuram, Ghaziabad - UPPCB","11-09-2026 05:00:00",28.646233,77.358075,SO2,12,20,16
India,"Uttar Pradesh",Ghaziabad,"Indirapuram, Ghaziabad - UPPCB","11-09-2026 05:00:00",28.646233,77.358075,OZONE,22,54,32
India,Sikkim,Gangtok,"Zero Point GICI, Gangtok - SSPCB","11-09-2026 05:00:00",27.33853,88.614099,SO2,1,1,1
India,"Tamil Nadu",Chennai,"Manali Village, Chennai - TNPCB","11-09-2026 05:00:00",13.1662,80.2584,SO2,11,12,12
India,"Tamil Nadu",Chennai,"Perungudi, Chennai - TNPCB","11-09-2026 05:00:00",12.9533,80.2357,PM2.5,17,430,138
India,"Tamil Nadu",Chennai,"Perungudi, Chennai - TNPCB","11-09-2026 05:00:00",12.9533,80.2357,PM10,50,363,183
India,"Tamil Nadu",Chennai,"Perungudi, Chennai - TNPCB","11-09-2026 05:00:00",12.9533,80.2357,NH3,0,1,0
India,"Tamil Nadu",Chennai,"Perungudi, Chennai - TNPCB","11-09-2026 05:00:00",12.9533,80.2357,SO2,1,6,4
India,"Tamil Nadu",Coimbatore,"SIDCO Kurichi, Coimbatore - TNPCB","11-09-2026 05:00:00",10.942451,76.978996,SO2,27,29,28
India,"Tamil Nadu",Gummidipoondi,"Anthoni Pillai Nagar, Gummidipoondi - TNPCB","11-09-2026 05:00:00",13.4127,80.1081,OZONE,NA,NA,NA
India,Telangana,Hyderabad,"Kokapet, Hyderabad - TSPCB","11-09-2026 05:00:00",17.393559,78.339194,PM2.5,34,54,43
India,Telangana,Hyderabad,"ECIL Kapra, Hyderabad - TSPCB","11-09-2026 05:00:00",17.470431,78.566959,NO2,8,16,11
India,Telangana,Hyderabad,"ECIL Kapra, Hyderabad - TSPCB","11-09-2026 05:00:00",17.470431,78.566959,NH3,2,4,3
India,Telangana,Hyderabad,"Somajiguda, Hyderabad - TSPCB","11-09-2026 05:00:00",17.417094,78.457437,PM2.5,46,88,60
India,Telangana,Hyderabad,"Somajiguda, Hyderabad - TSPCB","11-09-2026 05:00:00",17.417094,78.457437,OZONE,23,24,24
India,Telangana,Hyderabad,"Kompally Municipal Office, Hyderabad - TSPCB","11-09-2026 05:00:00",17.544899,78.486949,PM10,61,81,71
India,Telangana,Hyderabad,"Kompally Municipal Office, Hyderabad - TSPCB","11-09-2026 05:00:00",17.544899,78.486949,NO2,9,16,12
India,"Uttar Pradesh",Agra,"Sector-3B Avas Vikas Colony, Agra - UPPCB","11-09-2026 05:00:00",27.19412,77.96237,SO2,26,27,26
India,"Uttar Pradesh",Agra,"Shahjahan Garden, Agra - UPPCB","11-09-2026 05:00:00",27.169338,78.03582,PM2.5,22,42,30
India,"Uttar Pradesh",Agra,"Shahjahan Garden, Agra - UPPCB","11-09-2026 05:00:00",27.169338,78.03582,PM10,33,63,45
India,"Uttar Pradesh",Agra,"Shahjahan Garden, Agra - UPPCB","11-09-2026 05:00:00",27.169338,78.03582,SO2,68,83,76
India,"Uttar Pradesh",Agra,"Shahjahan Garden, Agra - UPPCB","11-09-2026 05:00:00",27.169338,78.03582,CO,45,61,54
India,"Uttar Pradesh",Agra,"Manoharpur, Agra - UPPCB","11-09-2026 05:00:00",27.23711,78.01936,PM2.5,99,198,129
India,"Uttar Pradesh",Agra,"Manoharpur, Agra - UPPCB","11-09-2026 05:00:00",27.23711,78.01936,NO2,31,31,31
India,"Uttar Pradesh",Agra,"Manoharpur, Agra - UPPCB","11-09-2026 05:00:00",27.23711,78.01936,CO,20,20,20
India,"Uttar Pradesh",Agra,"Sanjay Palace, Agra - UPPCB","11-09-2026 05:00:00",27.19865833,78.00598056,CO,31,36,35
India,"Uttar Pradesh",Agra,"Rohta, Agra - UPPCB","11-09-2026 05:00:00",27.106972,78.000111,OZONE,15,16,15
India,"Uttar Pradesh",Baghpat,"Sardar Patel Inter College, Baghpat - UPPCB","11-09-2026 05:00:00",28.964949,77.278761,PM2.5,15,50,35
India,"Uttar Pradesh",Bareilly,"Rajendra Nagar, Bareilly - UPPCB","11-09-2026 05:00:00",28.38910936,79.42963708,PM2.5,32,86,56
India,"Uttar Pradesh",Bareilly,"Rajendra Nagar, Bareilly - UPPCB","11-09-2026 05:00:00",28.38910936,79.42963708,CO,16,18,16
India,"Uttar Pradesh",Bareilly,"Civil Lines, Bareilly - UPPCB","11-09-2026 05:00:00",28.359581,79.414455,PM2.5,30,53,39
India,"Uttar Pradesh",Bareilly,"Civil Lines, Bareilly - UPPCB","11-09-2026 05:00:00",28.359581,79.414455,NO2,8,9,8
India,"Uttar Pradesh",Bareilly,"Civil Lines, Bareilly - UPPCB","11-09-2026 05:00:00",28.359581,79.414455,SO2,47,71,57
India,"Uttar Pradesh",Khora,"Prashant Garden, Khora - UPPCB","11-09-2026 05:00:00",28.61119,77.34206,PM10,80,116,98
India,"Uttar Pradesh",Khora,"Prashant Garden, Khora - UPPCB","11-09-2026 05:00:00",28.61119,77.34206,OZONE,14,16,15
India,"Uttar Pradesh",Khurja,"Kalindi Kunj, Khurja - UPPCB","11-09-2026 05:00:00",28.2348927,77.8683002,PM10,NA,NA,NA
India,"Uttar Pradesh",Khurja,"Kalindi Kunj, Khurja - UPPCB","11-09-2026 05:00:00",28.2348927,77.8683002,OZONE,10,12,11
India,"Uttar Pradesh",Lucknow,"Kendriya Vidyalaya, Lucknow - CPCB","11-09-2026 05:00:00",26.906111,80.948222,SO2,4,10,7
India,"Uttar Pradesh",Lucknow,"Lalbagh, Lucknow - CPCB","11-09-2026 05:00:00",26.8458805,80.9365541,NO2,21,32,27
India,"Uttar Pradesh",Lucknow,"Talkatora District Industries Center, Lucknow - CPCB","11-09-2026 05:00:00",26.83399722,80.8917361,PM10,46,84,60
India,"Uttar Pradesh",Lucknow,"Talkatora District Industries Center, Lucknow - CPCB","11-09-2026 05:00:00",26.83399722,80.8917361,OZONE,9,20,12
India,"Uttar Pradesh",Lucknow,"B R Ambedkar University, Lucknow - UPPCB","11-09-2026 05:00:00",26.766433,80.927299,CO,23,25,24
India,"Uttar Pradesh",Mathura,"Pali Dungra, Mathura - UPPCB","11-09-2026 05:00:00",27.410954,77.550619,PM10,77,120,99
India,"Uttar Pradesh",Mathura,"Pali Dungra, Mathura - UPPCB","11-09-2026 05:00:00",27.410954,77.550619,NH3,1,2,2
India,"Uttar Pradesh",Meerut,"Jai Bhim Nagar, Meerut - UPPCB","11-09-2026 05:00:00",28.9535882,77.7622941,PM2.5,4,67,33
India,"Uttar Pradesh",Meerut,"Jai Bhim Nagar, Meerut - UPPCB","11-09-2026 05:00:00",28.9535882,77.7622941,NO2,9,35,16
India,"Uttar Pradesh",Meerut,"Jai Bhim Nagar, Meerut - UPPCB","11-09-2026 05:00:00",28.9535882,77.7622941,NH3,13,15,14
India,"Uttar Pradesh",Meerut,"Ganga Nagar, Meerut - UPPCB","11-09-2026 05:00:00",28.999264,77.7590354,OZONE,42,51,46
India,"Uttar Pradesh",Meerut,"MIET College, Meerut - UPPCB","11-09-2026 05:00:00",28.972677,77.641018,NO2,19,76,30
India,"Uttar Pradesh",Meerut,"MIET College, Meerut - UPPCB","11-09-2026 05:00:00",28.972677,77.641018,CO,33,62,43
India,"Uttar Pradesh",Meerut,"Pallavpuram Phase 2, Meerut - UPPCB","11-09-2026 05:00:00",29.06351,77.709723,PM10,65,173,135
India,"Uttar Pradesh",Meerut,"Pallavpuram Phase 2, Meerut - UPPCB","11-09-2026 05:00:00",29.06351,77.709723,NO2,15,49,31
India,"Uttar Pradesh",Modinagar,"SRM University, Modinagar - UPPCB","11-09-2026 05:00:00",28.798171,77.540243,NH3,4,4,4
India,"Uttar Pradesh",Moradabad,"Employment Office, Moradabad - UPPCB","11-09-2026 05:00:00",28.88528,78.7388,PM10,35,113,85
India,"Uttar Pradesh",Moradabad,"Employment Office, Moradabad - UPPCB","11-09-2026 05:00:00",28.88528,78.7388,CO,10,11,11
India,"Uttar Pradesh",Moradabad,"Eco Herbal Park, Moradabad - UPPCB","11-09-2026 05:00:00",28.840739,78.697531,PM10,23,124,84
India,"Uttar Pradesh",Moradabad,"Eco Herbal Park, Moradabad - UPPCB","11-09-2026 05:00:00",28.840739,78.697531,NH3,6,7,6
India,"Uttar Pradesh",Moradabad,"Eco Herbal Park, Moradabad - UPPCB","11-09-2026 05:00:00",28.840739,78.697531,SO2,11,19,15
India,"Uttar Pradesh",Moradabad,"Kashiram Nagar, Moradabad - UPPCB","11-09-2026 05:00:00",28.849399,78.742362,NO2,25,25,25
India,"Uttar Pradesh",Moradabad,"Kashiram Nagar, Moradabad - UPPCB","11-09-2026 05:00:00",28.849399,78.742362,NH3,4,4,4
India,"Uttar Pradesh",Moradabad,"Buddhi Vihar, Moradabad - UPPCB","11-09-2026 05:00:00",28.83526,78.7446,PM2.5,14,78,54
India,"Uttar Pradesh",Moradabad,"Buddhi Vihar, Moradabad - UPPCB","11-09-2026 05:00:00",28.83526,78.7446,NO2,28,29,29
India,"Uttar Pradesh",Ghaziabad,"Loni, Ghaziabad - UPPCB","11-09-2026 05:00:00",28.757294,77.278792,NH3,2,5,3
India,"Uttar Pradesh",Ghaziabad,"Loni, Ghaziabad - UPPCB","11-09-2026 05:00:00",28.757294,77.278792,CO,50,101,71
India,"Uttar Pradesh",Ghaziabad,"Govindpuram, Ghaziabad - UPPCB","11-09-2026 05:00:00",28.694528,77.494705,CO,37,40,39
India,"Uttar Pradesh",Gorakhpur,"Madan Mohan Malaviya University of Technology, Gorakhpur - UPPCB","11-09-2026 05:00:00",26.730136,83.433859,PM10,NA,NA,NA
India,"Uttar Pradesh",Gorakhpur,"Madan Mohan Malaviya University of Technology, Gorakhpur - UPPCB","11-09-2026 05:00:00",26.730136,83.433859,SO2,47,52,49
India,"Uttar Pradesh","Greater Noida","Knowledge Park - V, Greater Noida - UPPCB","11-09-2026 05:00:00",28.557054,77.453663,NH3,8,10,9
India,"Uttar Pradesh","Greater Noida","Knowledge Park - V, Greater Noida - UPPCB","11-09-2026 05:00:00",28.557054,77.453663,SO2,5,9,7
India,"Uttar Pradesh","Greater Noida","Knowledge Park - III, Greater Noida - UPPCB","11-09-2026 05:00:00",28.47272,77.482,NO2,11,47,25
India,"Uttar Pradesh","Greater Noida","Knowledge Park - III, Greater Noida - UPPCB","11-09-2026 05:00:00",28.47272,77.482,OZONE,20,32,24
India,"Uttar Pradesh",Jhansi,"Shivaji Nagar, Jhansi - UPPCB","11-09-2026 05:00:00",25.4547,78.6039,PM2.5,45,84,62
India,"Uttar Pradesh",Jhansi,"Shivaji Nagar, Jhansi - UPPCB","11-09-2026 05:00:00",25.4547,78.6039,CO,9,16,13
India,"Uttar Pradesh",Kanpur,"NSI Kalyanpur, Kanpur - UPPCB","11-09-2026 05:00:00",26.509954,80.249612,NH3,2,2,2
India,Telangana,Hyderabad,"Kompally Municipal Office, Hyderabad - TSPCB","11-09-2026 05:00:00",17.544899,78.486949,SO2,3,11,6
India,Telangana,Hyderabad,"Zoo Park, Hyderabad - TSPCB","11-09-2026 05:00:00",17.349694,78.451437,PM10,38,71,49
India,Telangana,Hyderabad,"Zoo Park, Hyderabad - TSPCB","11-09-2026 05:00:00",17.349694,78.451437,OZONE,2,3,3
India,Telangana,Hyderabad,"ICRISAT Patancheru, Hyderabad - TSPCB","11-09-2026 05:00:00",17.5184,78.278777,PM2.5,27,64,42
India,Telangana,Hyderabad,"Sanathnagar, Hyderabad - TSPCB","11-09-2026 05:00:00",17.4559458,78.4332152,NO2,27,35,32
India,Telangana,Hyderabad,"Sanathnagar, Hyderabad - TSPCB","11-09-2026 05:00:00",17.4559458,78.4332152,OZONE,13,16,14
India,Telangana,Hyderabad,"IDA Pashamylaram, Hyderabad - TSPCB","11-09-2026 05:00:00",17.5316895,78.218939,PM2.5,42,85,65
India,Telangana,Hyderabad,"IDA Pashamylaram, Hyderabad - TSPCB","11-09-2026 05:00:00",17.5316895,78.218939,NH3,0,1,1
India,Telangana,Hyderabad,"Bollaram Industrial Area, Hyderabad - TSPCB","11-09-2026 05:00:00",17.518,78.383,PM10,31,67,44
India,Telangana,Hyderabad,"Nacharam_TSIIC IALA, Hyderabad - TSPCB","11-09-2026 05:00:00",17.429398,78.569354,PM2.5,32,51,38
India,Telangana,Hyderabad,"Nacharam_TSIIC IALA, Hyderabad - TSPCB","11-09-2026 05:00:00",17.429398,78.569354,PM10,51,72,59
India,Telangana,Hyderabad,"New Malakpet, Hyderabad - TSPCB","11-09-2026 05:00:00",17.37206,78.50864,CO,22,41,26
India,"Uttar Pradesh",Muzaffarnagar,"New Mandi, Muzaffarnagar - UPPCB","11-09-2026 05:00:00",29.4723508,77.7194031,NH3,1,3,2
India,"Uttar Pradesh",Muzaffarnagar,"New Mandi, Muzaffarnagar - UPPCB","11-09-2026 05:00:00",29.4723508,77.7194031,SO2,6,35,15
India,"Uttar Pradesh",Muzaffarnagar,"New Mandi, Muzaffarnagar - UPPCB","11-09-2026 05:00:00",29.4723508,77.7194031,CO,17,37,31
India,"Uttar Pradesh",Noida,"Sector - 125, Noida - UPPCB","11-09-2026 05:00:00",28.5447608,77.3231257,PM2.5,26,140,64
India,"Uttar Pradesh",Noida,"Sector-116, Noida - UPPCB","11-09-2026 05:00:00",28.56923,77.393848,PM10,140,205,166
India,"Uttar Pradesh",Noida,"Sector-116, Noida - UPPCB","11-09-2026 05:00:00",28.56923,77.393848,CO,45,70,56
India,"Uttar Pradesh",Noida,"Sector - 62, Noida - IITM","11-09-2026 05:00:00",28.6245479,77.3577104,PM2.5,50,133,75
India,"Uttar Pradesh",Prayagraj,"Nagar Nigam, Prayagraj - UPPCB","11-09-2026 05:00:00",25.44919916,81.82735986,PM10,30,109,55
India,"Uttar Pradesh",Prayagraj,"Motilal Nehru NIT, Prayagraj - UPPCB","11-09-2026 05:00:00",25.494,81.863,SO2,12,14,13
India,"Uttar Pradesh",Prayagraj,"Motilal Nehru NIT, Prayagraj - UPPCB","11-09-2026 05:00:00",25.494,81.863,OZONE,10,11,10
India,"Uttar Pradesh",Prayagraj,"Jhunsi, Prayagraj - UPPCB","11-09-2026 05:00:00",25.425602,81.917152,NO2,6,6,6
India,"Uttar Pradesh",Prayagraj,"Jhunsi, Prayagraj - UPPCB","11-09-2026 05:00:00",25.425602,81.917152,OZONE,88,104,98
India,"Uttar Pradesh",Shamli,"New Tehsil, Shamli - UPPCB","11-09-2026 05:00:00",29.4603683,77.3410291,PM2.5,78,122,95
India,"Uttar Pradesh",Varanasi,"Bhelupur, Varanasi - UPPCB","11-09-2026 05:00:00",25.301778,82.996789,PM10,40,490,142
India,"Uttar Pradesh",Varanasi,"Ardhali Bazar, Varanasi - UPPCB","11-09-2026 05:00:00",25.3505986,82.9083074,CO,14,14,14
India,"Uttar Pradesh",Varanasi,"Ardhali Bazar, Varanasi - UPPCB","11-09-2026 05:00:00",25.3505986,82.9083074,OZONE,9,16,12
India,"Uttar Pradesh",Varanasi,"IESD Banaras Hindu University, Varanasi - UPPCB","11-09-2026 05:00:00",25.262326,82.995408,PM10,23,55,38
India,"Uttar Pradesh",Vrindavan,"Omex Eternity, Vrindavan - UPPCB","11-09-2026 05:00:00",27.571409,77.655757,PM2.5,13,188,66
India,"Uttar Pradesh",Vrindavan," Chhatikara, Vrindavan - UPPCB","11-09-2026 05:00:00",27.57194,77.62346,NO2,0,35,6
India,"Uttar Pradesh",Vrindavan," Chhatikara, Vrindavan - UPPCB","11-09-2026 05:00:00",27.57194,77.62346,OZONE,20,37,27
India,Uttarakhand,Kashipur,"Govt. Girls Inter College, Kashipur - UKPCB","11-09-2026 05:00:00",29.2124114,78.9611753,NH3,NA,NA,NA
India,"West Bengal",Asansol,"Asansol Court Area, Asansol - WBPCB","11-09-2026 05:00:00",23.685297,86.945968,PM2.5,10,53,31
India,"West Bengal",Asansol,"Asansol Court Area, Asansol - WBPCB","11-09-2026 05:00:00",23.685297,86.945968,NO2,29,40,35
India,"West Bengal",Asansol,"Asansol Court Area, Asansol - WBPCB","11-09-2026 05:00:00",23.685297,86.945968,NH3,2,7,5
India,"West Bengal",Asansol,"Asansol Court Area, Asansol - WBPCB","11-09-2026 05:00:00",23.685297,86.945968,CO,19,54,36
India,"West Bengal",Asansol,"Trivenidevi Bhalotia College, Asansol - WBPCB","11-09-2026 05:00:00",23.616515,87.119133,OZONE,4,5,5
India,"West Bengal",Asansol,"Evelyn Lodge, Asansol - WBPCB","11-09-2026 05:00:00",23.697936,86.944395,SO2,78,79,78
India,"West Bengal",Asansol,"Evelyn Lodge, Asansol - WBPCB","11-09-2026 05:00:00",23.697936,86.944395,OZONE,7,10,9
India,"West Bengal",Asansol,"Mahabir Colliery, Asansol - WBPCB","11-09-2026 05:00:00",23.618183,87.105718,CO,61,79,68
India,"West Bengal",Durgapur,"Womens College_City Center, Durgapur - WBPCB","11-09-2026 05:00:00",23.549395,87.300496,PM2.5,10,27,17
India,"West Bengal",Durgapur,"Mahishkapur Road_B-Zone, Durgapur - WBPCB","11-09-2026 05:00:00",23.567923,87.306843,NO2,1,5,3
India,"West Bengal",Durgapur,"Mahishkapur Road_B-Zone, Durgapur - WBPCB","11-09-2026 05:00:00",23.567923,87.306843,NH3,1,1,1
India,"West Bengal",Durgapur,"Mahishkapur Road_B-Zone, Durgapur - WBPCB","11-09-2026 05:00:00",23.567923,87.306843,CO,45,51,48
India,"West Bengal",Durgapur,"Mahishkapur Road_B-Zone, Durgapur - WBPCB","11-09-2026 05:00:00",23.567923,87.306843,OZONE,15,22,19
India,"West Bengal",Haldia,"Priyambada Housing Estate, Haldia - WBPCB","11-09-2026 05:00:00",22.06047,88.109737,NH3,11,14,13
India,"West Bengal",Haldia,"Priyambada Housing Estate, Haldia - WBPCB","11-09-2026 05:00:00",22.06047,88.109737,OZONE,16,20,18
India,"West Bengal",Howrah,"Dasnagar, Howrah - WBPCB","11-09-2026 05:00:00",22.6025571,88.3105664,CO,37,50,42
India,"West Bengal",Howrah,"Belur Math, Howrah - WBPCB","11-09-2026 05:00:00",22.629801,88.352017,NO2,13,27,20
India,"West Bengal",Howrah,"Belur Math, Howrah - WBPCB","11-09-2026 05:00:00",22.629801,88.352017,NH3,4,4,4
India,"West Bengal",Howrah,"Botanical Garden, Howrah - WBPCB","11-09-2026 05:00:00",22.554954,88.292568,OZONE,23,29,26
India,"West Bengal",Kolkata,"Fort William, Kolkata - WBPCB","11-09-2026 05:00:00",22.55664,88.342674,SO2,5,6,5
India,"West Bengal",Kolkata,"Fort William, Kolkata - WBPCB","11-09-2026 05:00:00",22.55664,88.342674,OZONE,51,63,57
India,"West Bengal",Kolkata,"Ballygunge, Kolkata - WBPCB","11-09-2026 05:00:00",22.5367507,88.3638022,PM10,24,55,38
India,"West Bengal",Kolkata,"Ballygunge, Kolkata - WBPCB","11-09-2026 05:00:00",22.5367507,88.3638022,NH3,7,8,7
India,"West Bengal",Kolkata,"Ballygunge, Kolkata - WBPCB","11-09-2026 05:00:00",22.5367507,88.3638022,OZONE,12,15,14
India,"West Bengal",Kolkata,"Rabindra Sarobar, Kolkata - WBPCB","11-09-2026 05:00:00",22.51106,88.35142,CO,8,14,10
India,"West Bengal",Kolkata,"Jadavpur, Kolkata - WBPCB","11-09-2026 05:00:00",22.49929,88.36917,NH3,12,12,12
India,"West Bengal",Kolkata,"Jadavpur, Kolkata - WBPCB","11-09-2026 05:00:00",22.49929,88.36917,CO,21,28,25
India,"West Bengal",Kolkata,"Rabindra Bharati University, Kolkata - WBPCB","11-09-2026 05:00:00",22.627847,88.380669,PM10,38,75,52
India,"West Bengal",Kolkata,"Rabindra Bharati University, Kolkata - WBPCB","11-09-2026 05:00:00",22.627847,88.380669,NO2,14,35,22
India,"West Bengal",Kolkata,"Rabindra Bharati University, Kolkata - WBPCB","11-09-2026 05:00:00",22.627847,88.380669,CO,25,32,28
India,"West Bengal",Kolkata,"Bidhannagar, Kolkata - WBPCB","11-09-2026 05:00:00",22.58157048,88.41002457,OZONE,24,27,25
India,Bihar,Patna,"IGSC Planetarium Complex, Patna - BSPCB","11-09-2026 05:00:00",25.610369,85.132568,SO2,9,27,19
India,Bihar,Patna,"Govt. High School Shikarpur, Patna - BSPCB","11-09-2026 05:00:00",25.592539,85.227158,NO2,5,7,6
India,Bihar,Patna,"Govt. High School Shikarpur, Patna - BSPCB","11-09-2026 05:00:00",25.592539,85.227158,SO2,1,14,12
India,Bihar,Patna,"Govt. High School Shikarpur, Patna - BSPCB","11-09-2026 05:00:00",25.592539,85.227158,CO,41,60,48
India,Bihar,Purnia,"Mariam Nagar, Purnia - BSPCB","11-09-2026 05:00:00",25.366336,87.117468,CO,29,58,52
India,Bihar,Rajgir,"Dangi Tola, Rajgir - BSPCB","11-09-2026 05:00:00",25.0328,85.41948,SO2,2,3,3
India,Bihar,Saharsa,"Police Line, Saharsa - BSPCB","11-09-2026 05:00:00",25.892357,86.590325,PM10,28,103,37
India,Bihar,Saharsa,"Police Line, Saharsa - BSPCB","11-09-2026 05:00:00",25.892357,86.590325,CO,32,40,37
India,Bihar,Samastipur,"DM Office_Kasipur, Samastipur - BSPCB","11-09-2026 05:00:00",25.859655,85.77944,PM10,NA,NA,NA
India,Bihar,Samastipur,"DM Office_Kasipur, Samastipur - BSPCB","11-09-2026 05:00:00",25.859655,85.77944,CO,NA,NA,NA
India,Bihar,Sasaram,"Dada Peer, Sasaram - BSPCB","11-09-2026 05:00:00",24.952822,84.002396,PM10,6,154,54
India,Bihar,Sasaram,"Dada Peer, Sasaram - BSPCB","11-09-2026 05:00:00",24.952822,84.002396,NO2,2,4,2
India,Bihar,Sasaram,"Dada Peer, Sasaram - BSPCB","11-09-2026 05:00:00",24.952822,84.002396,OZONE,NA,NA,NA
India,Chandigarh,Chandigarh,"Sector 22, Chandigarh - CPCC","11-09-2026 05:00:00",30.735567,76.775714,NH3,4,31,17
India,Chandigarh,Chandigarh,"Sector 22, Chandigarh - CPCC","11-09-2026 05:00:00",30.735567,76.775714,OZONE,4,11,8
India,Chhattisgarh,Bhilai,"Civic Center, Bhilai - Bhilai Steel Plant","11-09-2026 05:00:00",21.185571,81.343175,SO2,8,11,10
India,Chhattisgarh,Bhilai,"Civic Center, Bhilai - Bhilai Steel Plant","11-09-2026 05:00:00",21.185571,81.343175,CO,20,28,23
India,Chhattisgarh,Bhilai,"32Bungalows, Bhilai - CECB","11-09-2026 05:00:00",21.194815,81.31477,PM2.5,13,31,21
India,Bihar,Manguraha,"Forest Rest House, Manguraha - BSPCB","11-09-2026 05:00:00",27.308328,84.531742,CO,28,93,62
India,Bihar,Manguraha,"Forest Rest House, Manguraha - BSPCB","11-09-2026 05:00:00",27.308328,84.531742,OZONE,28,51,34
India,Bihar,Motihari,"Gandak Colony, Motihari - BSPCB","11-09-2026 05:00:00",26.63086,84.90051,SO2,3,3,3
India,Bihar,Munger,"Town Hall, Munger - BSPCB","11-09-2026 05:00:00",25.376776,86.471523,NO2,11,12,12
India,Bihar,Muzaffarpur,"Buddha Colony, Muzaffarpur - BSPCB","11-09-2026 05:00:00",26.11442,85.39813,PM2.5,18,64,38
India,Bihar,Muzaffarpur,"MIT-Daudpur Kothi, Muzaffarpur - BSPCB","11-09-2026 05:00:00",26.1403345,85.3650192,PM2.5,20,47,32
India,Bihar,Muzaffarpur,"MIT-Daudpur Kothi, Muzaffarpur - BSPCB","11-09-2026 05:00:00",26.1403345,85.3650192,SO2,9,22,17
India,Bihar,Muzaffarpur,"MIT-Daudpur Kothi, Muzaffarpur - BSPCB","11-09-2026 05:00:00",26.1403345,85.3650192,CO,9,18,13
India,Bihar,Patna,"Rajbansi Nagar, Patna - BSPCB","11-09-2026 05:00:00",25.599486,85.113666,PM10,25,55,41
India,Bihar,Patna,"Rajbansi Nagar, Patna - BSPCB","11-09-2026 05:00:00",25.599486,85.113666,CO,47,50,49
India,Bihar,Patna,"Muradpur, Patna - BSPCB","11-09-2026 05:00:00",25.619651,85.147382,PM10,59,64,62
India,Bihar,Patna,"Muradpur, Patna - BSPCB","11-09-2026 05:00:00",25.619651,85.147382,NO2,3,4,3
India,Bihar,Patna,"Muradpur, Patna - BSPCB","11-09-2026 05:00:00",25.619651,85.147382,CO,45,74,52
India,Bihar,Patna,"Muradpur, Patna - BSPCB","11-09-2026 05:00:00",25.619651,85.147382,OZONE,4,22,10
India,Bihar,Patna,"DRM Office Danapur, Patna - BSPCB","11-09-2026 05:00:00",25.586562,85.043586,PM10,34,69,53
India,Bihar,Gaya,"Kareemganj, Gaya - BSPCB","11-09-2026 05:00:00",24.792403,84.992416,NH3,0,2,1
India,Bihar,Gaya,"SFTI Kusdihra, Gaya - BSPCB","11-09-2026 05:00:00",24.762518,84.982348,PM2.5,18,74,32
India,Bihar,Gaya,"SFTI Kusdihra, Gaya - BSPCB","11-09-2026 05:00:00",24.762518,84.982348,SO2,7,11,9
India,Bihar,Gaya,"Collectorate, Gaya - BSPCB","11-09-2026 05:00:00",24.7955,84.9994,PM10,NA,NA,NA
India,Bihar,Gaya,"Collectorate, Gaya - BSPCB","11-09-2026 05:00:00",24.7955,84.9994,NO2,6,11,9
India,Bihar,Gaya,"Collectorate, Gaya - BSPCB","11-09-2026 05:00:00",24.7955,84.9994,SO2,7,7,7
India,Bihar,Hajipur,"Industrial Area, Hajipur - BSPCB","11-09-2026 05:00:00",25.697189,85.2459,PM10,36,72,53
India,Bihar,Hajipur,"Industrial Area, Hajipur - BSPCB","11-09-2026 05:00:00",25.697189,85.2459,SO2,3,5,4
India,Bihar,Katihar,"Mirchaibari, Katihar - BSPCB","11-09-2026 05:00:00",25.560083,87.553265,PM10,17,50,29
India,Bihar,Kishanganj,"SDM Office_Khagra, Kishanganj - BSPCB","11-09-2026 05:00:00",26.0881305,87.93840336,CO,37,40,39
India,Bihar,Kishanganj,"SDM Office_Khagra, Kishanganj - BSPCB","11-09-2026 05:00:00",26.0881305,87.93840336,OZONE,31,36,33
India,Bihar,Manguraha,"Forest Rest House, Manguraha - BSPCB","11-09-2026 05:00:00",27.308328,84.531742,PM2.5,NA,NA,NA
India,Bihar,Arrah,"New DM Office, Arrah - BSPCB","11-09-2026 05:00:00",25.5626095,84.663264,PM10,40,52,41
India,Bihar,Arrah,"New DM Office, Arrah - BSPCB","11-09-2026 05:00:00",25.5626095,84.663264,NO2,5,8,7
India,Bihar,Begusarai,"Lohiyanagar, Begusarai - BSPCB","11-09-2026 05:00:00",25.42742023,86.13886079,PM10,7,93,62
India,Bihar,Begusarai,"Lohiyanagar, Begusarai - BSPCB","11-09-2026 05:00:00",25.42742023,86.13886079,OZONE,26,55,33
India,Bihar,Bettiah,"Kamalnath Nagar, Bettiah - BSPCB","11-09-2026 05:00:00",26.80365,84.51954,NH3,2,4,3
India,Bihar,Bettiah,"Kamalnath Nagar, Bettiah - BSPCB","11-09-2026 05:00:00",26.80365,84.51954,SO2,8,13,10
India,Bihar,Bettiah,"Kamalnath Nagar, Bettiah - BSPCB","11-09-2026 05:00:00",26.80365,84.51954,OZONE,10,17,15
India,Bihar,Bhagalpur,"Mayaganj, Bhagalpur - BSPCB","11-09-2026 05:00:00",25.265194,87.012947,NO2,13,23,21
India,Bihar,Bhagalpur,"Mayaganj, Bhagalpur - BSPCB","11-09-2026 05:00:00",25.265194,87.012947,NH3,4,4,4
India,Bihar,Bhagalpur,"Mayaganj, Bhagalpur - BSPCB","11-09-2026 05:00:00",25.265194,87.012947,CO,5,39,22
India,Bihar,"Bihar Sharif","D M Colony, Bihar Sharif - BSPCB","11-09-2026 05:00:00",25.204762,85.51496,PM10,NA,NA,NA
India,Bihar,Chhapra,"Darshan Nagar, Chhapra - BSPCB","11-09-2026 05:00:00",25.7808257,84.7446768,NO2,0,1,1
India,"Andhra Pradesh",Tirupati,"Vaikuntapuram, Tirupati - APPCB","11-09-2026 05:00:00",13.615387,79.40923,PM2.5,52,69,59
India,"Andhra Pradesh",Tirupati,"Vaikuntapuram, Tirupati - APPCB","11-09-2026 05:00:00",13.615387,79.40923,PM10,75,88,79
India,"Andhra Pradesh",Vijayawada,"Rajiv Nagar, Vijayawada - APPCB","11-09-2026 05:00:00",16.554731,80.64911,NO2,16,28,18
India,"Andhra Pradesh",Vijayawada,"HB Colony, Vijayawada - APPCB","11-09-2026 05:00:00",16.536107,80.594233,NH3,4,6,5
India,"Andhra Pradesh",Vijayawada,"Rajiv Gandhi Park, Vijayawada - APPCB","11-09-2026 05:00:00",16.509717,80.612222,PM2.5,64,84,76
India,"Andhra Pradesh",Vijayawada,"Rajiv Gandhi Park, Vijayawada - APPCB","11-09-2026 05:00:00",16.509717,80.612222,NO2,19,41,32
India,"Andhra Pradesh",Vijayawada,"Rajiv Gandhi Park, Vijayawada - APPCB","11-09-2026 05:00:00",16.509717,80.612222,CO,29,32,31
India,"Andhra Pradesh",Visakhapatnam,"GVM Corporation, Visakhapatnam - APPCB","11-09-2026 05:00:00",17.72,83.3,PM10,22,164,74
India,"Arunachal Pradesh",Naharlagun,"Naharlagun, Naharlagun - APSPCB","11-09-2026 05:00:00",27.103358,93.679645,NO2,8,9,9
India,Assam,Guwahati,"Railway Colony, Guwahati - PCBA","11-09-2026 05:00:00",26.181742,91.78063,SO2,6,21,12
India,Assam,Nagaon,"Christianpatty, Nagaon - PCBA","11-09-2026 05:00:00",26.349082,92.68449,NO2,1,1,1
India,Assam,Nagaon,"Christianpatty, Nagaon - PCBA","11-09-2026 05:00:00",26.349082,92.68449,NH3,4,4,4
India,Assam,Silchar,"Tarapur, Silchar - PCBA","11-09-2026 05:00:00",24.82827,92.79525,NO2,20,21,20
India,Assam,Silchar,"Tarapur, Silchar - PCBA","11-09-2026 05:00:00",24.82827,92.79525,NH3,1,1,1
India,Assam,Sivasagar,"Girls College, Sivasagar - PCBA","11-09-2026 05:00:00",26.987634,94.636574,NO2,7,17,12
India,Assam,Sivasagar,"Girls College, Sivasagar - PCBA","11-09-2026 05:00:00",26.987634,94.636574,NH3,1,4,2
India,Assam,Sivasagar,"Girls College, Sivasagar - PCBA","11-09-2026 05:00:00",26.987634,94.636574,OZONE,5,13,9
India,Bihar,Araria,"Kharahiya Basti, Araria - BSPCB","11-09-2026 05:00:00",26.146529,87.454184,PM2.5,5,270,75
India,Bihar,Araria,"Kharahiya Basti, Araria - BSPCB","11-09-2026 05:00:00",26.146529,87.454184,PM10,7,174,71
India,Bihar,Araria,"Kharahiya Basti, Araria - BSPCB","11-09-2026 05:00:00",26.146529,87.454184,NH3,4,5,4
India,"Arunachal Pradesh",Naharlagun,"Naharlagun, Naharlagun - APSPCB","11-09-2026 05:00:00",27.103358,93.679645,OZONE,7,7,7
India,Assam,Byrnihat,"Central Academy for SFS, Byrnihat - PCBA","11-09-2026 05:00:00",26.071318,91.87488,NO2,7,10,8
India,Assam,Byrnihat,"Central Academy for SFS, Byrnihat - PCBA","11-09-2026 05:00:00",26.071318,91.87488,CO,60,72,66
India,Assam,Guwahati,"LGBI Airport, Guwahati - PCBA","11-09-2026 05:00:00",26.10887,91.589544,OZONE,2,2,2
India,Assam,Guwahati,"IITG, Guwahati - PCBA","11-09-2026 05:00:00",26.2028636,91.70046436,PM2.5,9,24,16
India,Assam,Guwahati,"IITG, Guwahati - PCBA","11-09-2026 05:00:00",26.2028636,91.70046436,NO2,NA,NA,NA
India,Assam,Guwahati,"IITG, Guwahati - PCBA","11-09-2026 05:00:00",26.2028636,91.70046436,NH3,NA,NA,NA
India,Assam,Guwahati,"IITG, Guwahati - PCBA","11-09-2026 05:00:00",26.2028636,91.70046436,CO,74,78,76
India,Assam,Guwahati,"Railway Colony, Guwahati - PCBA","11-09-2026 05:00:00",26.181742,91.78063,NO2,3,4,3
India,"Andhra Pradesh",Eluru,"District Court, Eluru - APPCB","11-09-2026 05:00:00",16.711754,81.092095,SO2,12,19,17
India,"Andhra Pradesh",Guntur,"Rajendra Nagar North, Guntur - APPCB","11-09-2026 05:00:00",16.316553,80.413302,SO2,9,19,13
India,"Andhra Pradesh",Guntur,"Rajendra Nagar North, Guntur - APPCB","11-09-2026 05:00:00",16.316553,80.413302,CO,9,31,14
India,"Andhra Pradesh",Kadapa,"Yerramukkapalli, Kadapa - APPCB","11-09-2026 05:00:00",14.465052,78.824187,SO2,9,17,14
India,"Andhra Pradesh",Kadapa,"Yerramukkapalli, Kadapa - APPCB","11-09-2026 05:00:00",14.465052,78.824187,OZONE,28,28,28
India,"Andhra Pradesh",Kakinada,"Rama Rao Peta, Kakinada - APPCB","11-09-2026 05:00:00",16.962488,82.229513,NH3,3,15,6
India,"Andhra Pradesh",Machilipatnam,"Srinivas Nagar Colony, Machilipatnam - APPCB","11-09-2026 05:00:00",16.186555,81.13219,OZONE,15,15,15
India,"Andhra Pradesh",Rajamahendravaram,"Anand Kala Kshetram, Rajamahendravaram - APPCB","11-09-2026 05:00:00",16.9872867,81.7363176,SO2,1,9,4
India,"Andhra Pradesh",Rajamahendravaram,"Anand Kala Kshetram, Rajamahendravaram - APPCB","11-09-2026 05:00:00",16.9872867,81.7363176,OZONE,20,46,34
India,"Andhra Pradesh",Anantapur,"Gulzarpet, Anantapur - APPCB","11-09-2026 05:00:00",14.675886,77.593027,PM10,61,114,86
India,"Andhra Pradesh",Anantapur,"Gulzarpet, Anantapur - APPCB","11-09-2026 05:00:00",14.675886,77.593027,NH3,3,5,4
India,"Andhra Pradesh",Anantapur,"Gulzarpet, Anantapur - APPCB","11-09-2026 05:00:00",14.675886,77.593027,OZONE,23,23,23
India,Gujarat,Ankleshwar,"GIDC, Ankleshwar - GPCB","11-09-2026 05:00:00",21.613267,73.010555,PM10,53,76,62
India,Gujarat,Ankleshwar,"GIDC, Ankleshwar - GPCB","11-09-2026 05:00:00",21.613267,73.010555,SO2,17,25,22
India,Gujarat,Bhavnagar,"Vidhyanagar, Bhavnagar - Nexteng Enviro","11-09-2026 05:00:00",21.755417,72.139056,NH3,5,6,6
India,Gujarat,Gandhinagar,"Sector-10, Gandhinagar - GPCB","11-09-2026 05:00:00",23.221714,72.654328,CO,18,19,19
India,Gujarat,Gandhinagar,"GIFT City, Gandhinagar - IITM","11-09-2026 05:00:00",23.163798,72.677768,PM2.5,28,82,51
India,Gujarat,Gandhinagar,"GIFT City, Gandhinagar - IITM","11-09-2026 05:00:00",23.163798,72.677768,SO2,2,19,10
India,Gujarat,Gandhinagar,"IIPHG Lekawada, Gandhinagar - IITM","11-09-2026 05:00:00",23.243639,72.68994,NO2,7,35,16
India,Gujarat,Mehsana,"Sadanand Nagar, Mehsana - Nexteng Enviro","11-09-2026 05:00:00",23.59315,72.372792,PM2.5,28,71,46
India,Gujarat,Mehsana,"Sadanand Nagar, Mehsana - Nexteng Enviro","11-09-2026 05:00:00",23.59315,72.372792,PM10,20,97,54
India,Gujarat,Mehsana,"Sadanand Nagar, Mehsana - Nexteng Enviro","11-09-2026 05:00:00",23.59315,72.372792,NH3,1,1,1
India,Gujarat,Mehsana,"Sadanand Nagar, Mehsana - Nexteng Enviro","11-09-2026 05:00:00",23.59315,72.372792,CO,40,44,42
India,Gujarat,Nandesari,"GIDC, Nandesari - Nandesari Ind. Association","11-09-2026 05:00:00",22.410802,73.097923,PM2.5,27,73,44
India,Gujarat,Nandesari,"GIDC, Nandesari - Nandesari Ind. Association","11-09-2026 05:00:00",22.410802,73.097923,SO2,3,4,3
India,Gujarat,Rajkot,"Mavdi, Rajkot - Nexteng Enviro ","11-09-2026 05:00:00",22.248853,70.776774,PM2.5,5,34,18
India,Gujarat,Rajkot,"Mavdi, Rajkot - Nexteng Enviro ","11-09-2026 05:00:00",22.248853,70.776774,SO2,9,14,12
India,Delhi,Delhi,"Shadipur, Delhi - CPCB","11-09-2026 05:00:00",28.6514781,77.1473105,NH3,6,8,7
India,Delhi,Delhi,"Mandir Marg, Delhi - DPCC","11-09-2026 05:00:00",28.636429,77.201067,NO2,16,37,26
India,Delhi,Delhi,"Mandir Marg, Delhi - DPCC","11-09-2026 05:00:00",28.636429,77.201067,SO2,1,10,5
India,Delhi,Delhi,"Mandir Marg, Delhi - DPCC","11-09-2026 05:00:00",28.636429,77.201067,CO,45,79,66
India,Delhi,Delhi,"Pusa, Delhi - DPCC","11-09-2026 05:00:00",28.639652,77.146275,PM10,89,201,146
India,Delhi,Delhi,"Pusa, Delhi - DPCC","11-09-2026 05:00:00",28.639652,77.146275,NO2,15,53,36
India,Delhi,Delhi,"Pusa, Delhi - DPCC","11-09-2026 05:00:00",28.639652,77.146275,OZONE,9,11,10
India,Delhi,Delhi,"Sirifort, Delhi - CPCB","11-09-2026 05:00:00",28.5504249,77.2159377,PM2.5,38,303,78
India,Delhi,Delhi,"Sirifort, Delhi - CPCB","11-09-2026 05:00:00",28.5504249,77.2159377,NO2,29,37,33
India,Delhi,Delhi,"Sirifort, Delhi - CPCB","11-09-2026 05:00:00",28.5504249,77.2159377,SO2,29,35,31
India,Delhi,Delhi,"Chandni Chowk, Delhi - IITM","11-09-2026 05:00:00",28.656756,77.227234,PM2.5,24,129,61
India,Delhi,Delhi,"Chandni Chowk, Delhi - IITM","11-09-2026 05:00:00",28.656756,77.227234,SO2,2,20,14
India,Delhi,Delhi,"Pusa, Delhi - IITM","11-09-2026 05:00:00",28.63611,77.173332,PM2.5,12,124,59
India,Delhi,Delhi,"Ashok Vihar, Delhi - DPCC","11-09-2026 05:00:00",28.695381,77.181665,CO,52,60,56
India,Delhi,Delhi,"Ashok Vihar, Delhi - DPCC","11-09-2026 05:00:00",28.695381,77.181665,OZONE,6,6,6
India,Delhi,Delhi,"Anand Vihar, Delhi - DPCC","11-09-2026 05:00:00",28.647622,77.315809,PM2.5,23,208,66
India,Delhi,Delhi,"Anand Vihar, Delhi - DPCC","11-09-2026 05:00:00",28.647622,77.315809,NO2,14,93,34
India,Delhi,Delhi,"ITO, Delhi - CPCB","11-09-2026 05:00:00",28.628624,77.24106,OZONE,24,31,29
India,Delhi,Delhi,"North Campus, DU, Delhi - IITM","11-09-2026 05:00:00",28.6573814,77.1585447,PM10,90,227,124
India,Delhi,Delhi,"North Campus, DU, Delhi - IITM","11-09-2026 05:00:00",28.6573814,77.1585447,SO2,NA,NA,NA
India,Delhi,Delhi,"North Campus, DU, Delhi - IITM","11-09-2026 05:00:00",28.6573814,77.1585447,OZONE,26,34,29
India,Delhi,Delhi,"Aya Nagar, Delhi - IITM","11-09-2026 05:00:00",28.4706914,77.1099364,SO2,NA,NA,NA
India,Delhi,Delhi,"Alipur, Delhi - DPCC","11-09-2026 05:00:00",28.815329,77.15301,PM10,NA,NA,NA
India,Delhi,Delhi,"Alipur, Delhi - DPCC","11-09-2026 05:00:00",28.815329,77.15301,CO,28,51,41
India,Delhi,Delhi,"Burari Crossing, Delhi - IITM","11-09-2026 05:00:00",28.7256504,77.2011573,NH3,NA,NA,NA
India,Delhi,Delhi,"IMD Lodhi Road, Delhi - IITM","11-09-2026 05:00:00",28.5918245,77.2273074,PM2.5,34,81,56
India,Delhi,Delhi,"IMD Lodhi Road, Delhi - IITM","11-09-2026 05:00:00",28.5918245,77.2273074,PM10,101,134,112
India,Delhi,Delhi,"IMD Lodhi Road, Delhi - IITM","11-09-2026 05:00:00",28.5918245,77.2273074,OZONE,2,7,5
India,Delhi,Delhi,"JNU, Delhi - DPCC","11-09-2026 05:00:00",28.540721,77.168544,SO2,3,5,4
India,Delhi,Delhi,"JNU, Delhi - DPCC","11-09-2026 05:00:00",28.540721,77.168544,OZONE,11,13,12
India,Gujarat,Ahmedabad,"Rakhial, Ahmedabad - IITM","11-09-2026 05:00:00",23.016834,72.625775,OZONE,2,12,7
India,Gujarat,Ahmedabad,"Maninagar, Ahmedabad - GPCB","11-09-2026 05:00:00",23.002657,72.591912,PM10,NA,NA,NA
India,Gujarat,Ahmedabad,"Maninagar, Ahmedabad - GPCB","11-09-2026 05:00:00",23.002657,72.591912,NH3,NA,NA,NA
India,Chhattisgarh,Kunjemura,"OP Jindal School, Kunjemura - CECB","11-09-2026 05:00:00",22.12665,83.483212,OZONE,4,6,5
India,Chhattisgarh,Milupara,"Govt. Higher Secondary School, Milupara - CECB","11-09-2026 05:00:00",22.1910172,83.5197009,CO,10,10,10
India,Chhattisgarh,Raipur,"AIIMS, Raipur - CECB","11-09-2026 05:00:00",21.258815,81.578979,PM10,13,87,36
India,Chhattisgarh,Raipur,"AIIMS, Raipur - CECB","11-09-2026 05:00:00",21.258815,81.578979,CO,15,19,17
India,Chhattisgarh,Raipur,"Krishak Nagar, Raipur - CECB","11-09-2026 05:00:00",21.237755,81.705301,NH3,2,2,2
India,Chhattisgarh,Raipur,"Bhatagaon New ISBT, Raipur - CECB","11-09-2026 05:00:00",21.219665,81.630094,PM2.5,7,25,14
India,Chhattisgarh,Raipur,"Bhatagaon New ISBT, Raipur - CECB","11-09-2026 05:00:00",21.219665,81.630094,NO2,4,21,8
India,Chhattisgarh,Raipur,"Bhatagaon New ISBT, Raipur - CECB","11-09-2026 05:00:00",21.219665,81.630094,CO,10,23,16
India,Chhattisgarh,Raipur,"Siltara Phase-II, Raipur - CECB","11-09-2026 05:00:00",21.371751,81.664929,NH3,2,2,2
India,Chhattisgarh,Raipur,"Siltara Phase-II, Raipur - CECB","11-09-2026 05:00:00",21.371751,81.664929,SO2,1,54,10
India,Chhattisgarh,Raipur,"Siltara Phase-II, Raipur - CECB","11-09-2026 05:00:00",21.371751,81.664929,CO,17,17,17
India,Chhattisgarh,Tumidih,"OP Jindal Industrial Park, Tumidih - CECB","11-09-2026 05:00:00",22.06631475,83.33820077,SO2,5,5,5
India,Delhi,Delhi,"Cantonment Area, Delhi - DPCC","11-09-2026 05:00:00",28.594169,77.1251,PM10,NA,NA,NA
India,Delhi,Delhi,"Sri Aurobindo Marg, Delhi - DPCC","11-09-2026 05:00:00",28.531346,77.190156,SO2,6,52,24
India,Delhi,Delhi,"Nehru Nagar, Delhi - DPCC","11-09-2026 05:00:00",28.56789,77.250515,PM10,111,199,143
India,Delhi,Delhi,"Patparganj, Delhi - DPCC","11-09-2026 05:00:00",28.623763,77.287209,NH3,7,9,8
India,Delhi,Delhi,"Jawaharlal Nehru Stadium, Delhi - DPCC","11-09-2026 05:00:00",28.58028,77.233829,PM10,94,179,115
India,Delhi,Delhi,"Jawaharlal Nehru Stadium, Delhi - DPCC","11-09-2026 05:00:00",28.58028,77.233829,NO2,9,24,16
India,Delhi,Delhi,"Jawaharlal Nehru Stadium, Delhi - DPCC","11-09-2026 05:00:00",28.58028,77.233829,OZONE,15,21,18
India,Delhi,Delhi,"NSUT Jaffarpur, Delhi - DPCC","11-09-2026 05:00:00",28.594004,76.909423,NO2,5,47,19
India,Delhi,Delhi,"Najafgarh, Delhi - DPCC","11-09-2026 05:00:00",28.570173,76.933762,PM10,58,115,85
India,Delhi,Delhi,"Punjabi Bagh, Delhi - DPCC","11-09-2026 05:00:00",28.674045,77.131023,OZONE,6,12,9
India,Delhi,Delhi,"Wazirpur, Delhi - DPCC","11-09-2026 05:00:00",28.699793,77.165453,NO2,34,65,50
India,Delhi,Delhi,"Wazirpur, Delhi - DPCC","11-09-2026 05:00:00",28.699793,77.165453,SO2,24,33,27
India,Delhi,Delhi,"Wazirpur, Delhi - DPCC","11-09-2026 05:00:00",28.699793,77.165453,CO,50,73,60
India,Gujarat,Ahmedabad,"SAC ISRO Bopal, Ahmedabad - IITM","11-09-2026 05:00:00",23.041137,72.456691,PM2.5,29,57,40
India,Gujarat,Ahmedabad,"SAC ISRO Bopal, Ahmedabad - IITM","11-09-2026 05:00:00",23.041137,72.456691,NH3,2,3,3
India,Gujarat,Ahmedabad,"SVPI Airport Hansol, Ahmedabad - IITM","11-09-2026 05:00:00",23.076793,72.627874,PM2.5,14,55,32
India,Gujarat,Ahmedabad,"SVPI Airport Hansol, Ahmedabad - IITM","11-09-2026 05:00:00",23.076793,72.627874,PM10,71,111,87
India,Gujarat,Ahmedabad,"Gyaspur, Ahmedabad - IITM","11-09-2026 05:00:00",22.977134,72.553024,PM10,44,184,100
India,Gujarat,Ahmedabad,"Gyaspur, Ahmedabad - IITM","11-09-2026 05:00:00",22.977134,72.553024,OZONE,9,13,11
India,Gujarat,Ahmedabad,"SAC ISRO Satellite, Ahmedabad - IITM","11-09-2026 05:00:00",23.023389,72.515201,SO2,2,10,7
India,Gujarat,Ahmedabad,"Raikhad, Ahmedabad - IITM","11-09-2026 05:00:00",23.020509,72.579261,PM2.5,15,76,36
India,Gujarat,Ahmedabad,"Raikhad, Ahmedabad - IITM","11-09-2026 05:00:00",23.020509,72.579261,NH3,2,3,2
India,Gujarat,Ahmedabad,"Raikhad, Ahmedabad - IITM","11-09-2026 05:00:00",23.020509,72.579261,SO2,8,23,15
India,Gujarat,Ahmedabad,"Raikhad, Ahmedabad - IITM","11-09-2026 05:00:00",23.020509,72.579261,CO,17,46,28
India,Gujarat,Ahmedabad,"Chandkheda, Ahmedabad - IITM","11-09-2026 05:00:00",23.107969,72.574648,NH3,3,5,4
India,Delhi,Delhi,"Dr. Karni Singh Shooting Range, Delhi - DPCC","11-09-2026 05:00:00",28.498571,77.26484,CO,40,72,54
India,Delhi,Delhi,"IIT Delhi, Delhi - IITM","11-09-2026 05:00:00",28.54246,77.191651,SO2,NA,NA,NA
India,Delhi,Delhi,"IIT Delhi, Delhi - IITM","11-09-2026 05:00:00",28.54246,77.191651,OZONE,15,16,15
India,Delhi,Delhi,"IGI Airport (T3), Delhi - IITM","11-09-2026 05:00:00",28.5627763,77.1180053,PM10,11,155,104
India,Delhi,Delhi,"IGI Airport (T3), Delhi - IITM","11-09-2026 05:00:00",28.5627763,77.1180053,NO2,36,101,65
India,Delhi,Delhi,"IGNOU_Maidan Garhi, Delhi - DPCC","11-09-2026 05:00:00",28.493624,77.201159,OZONE,4,5,5
India,Delhi,Delhi,"Commonwealth Sports Complex, Delhi - DPCC","11-09-2026 05:00:00",28.615828,77.271992,CO,55,82,68
India,Delhi,Delhi,"Talkatora Garden, Delhi - DPCC","11-09-2026 05:00:00",28.62181,77.1944633,CO,74,81,77
India,Delhi,Delhi,"NSIT Dwarka, Delhi - CPCB","11-09-2026 05:00:00",28.60909,77.0325413,NO2,10,60,35
India,Delhi,Delhi,"Major Dhyan Chand National Stadium, Delhi - DPCC","11-09-2026 05:00:00",28.611281,77.237738,NH3,5,6,6
India,Delhi,Delhi,"Sonia Vihar, Delhi - DPCC","11-09-2026 05:00:00",28.710508,77.249485,NH3,11,14,12
India,Delhi,Delhi,"Sonia Vihar, Delhi - DPCC","11-09-2026 05:00:00",28.710508,77.249485,OZONE,8,27,14
India,Delhi,Delhi,"Bawana, Delhi - DPCC","11-09-2026 05:00:00",28.7762,77.051074,PM2.5,72,372,144
India,Delhi,Delhi,"Bawana, Delhi - DPCC","11-09-2026 05:00:00",28.7762,77.051074,OZONE,16,19,17
India,Delhi,Delhi,"Okhla Phase-2, Delhi - DPCC","11-09-2026 05:00:00",28.530785,77.271255,NO2,17,47,33
India,Delhi,Delhi,"Okhla Phase-2, Delhi - DPCC","11-09-2026 05:00:00",28.530785,77.271255,CO,72,85,78
India,Delhi,Delhi,"Rohini, Delhi - DPCC","11-09-2026 05:00:00",28.732528,77.11992,CO,48,66,54
India,Delhi,Delhi,"IHBAS, Dilshad Garden, Delhi - CPCB","11-09-2026 05:00:00",28.6811736,77.3025234,SO2,7,81,23
India,Delhi,Delhi,"IHBAS, Dilshad Garden, Delhi - CPCB","11-09-2026 05:00:00",28.6811736,77.3025234,OZONE,4,9,6
India,Chhattisgarh,Bhilai,"32Bungalows, Bhilai - CECB","11-09-2026 05:00:00",21.194815,81.31477,NH3,4,4,4
India,Chhattisgarh,Bilaspur,"Mangala, Bilaspur - NTPC","11-09-2026 05:00:00",22.08815,82.13737,NH3,NA,NA,NA
India,Chhattisgarh,Chhal,"Nawapara SECL Colony, Chhal - CECB","11-09-2026 05:00:00",22.118125,83.140608,PM2.5,8,26,15
India,Chhattisgarh,Korba,"Rampur, Korba - CECB","11-09-2026 05:00:00",22.368195,82.746431,SO2,7,84,26
India,Karnataka,Shivamogga,"Vinoba Nagara, Shivamogga - KSPCB","11-09-2026 05:00:00",13.94,75.555917,CO,17,27,23
India,Kerala,Eloor,"Udyogamandal, Eloor - Kerala PCB","11-09-2026 05:00:00",10.073232,76.302765,PM10,51,60,57
India,Kerala,Eloor,"Udyogamandal, Eloor - Kerala PCB","11-09-2026 05:00:00",10.073232,76.302765,NO2,6,6,6
India,Kerala,Eloor,"Udyogamandal, Eloor - Kerala PCB","11-09-2026 05:00:00",10.073232,76.302765,SO2,1,1,1
India,Kerala,Eloor,"Udyogamandal, Eloor - Kerala PCB","11-09-2026 05:00:00",10.073232,76.302765,OZONE,26,29,28
India,Kerala,Thiruvananthapuram,"Plammoodu, Thiruvananthapuram - Kerala PCB","11-09-2026 05:00:00",8.5149093,76.9435879,SO2,9,21,15
India,Kerala,Thiruvananthapuram,"Plammoodu, Thiruvananthapuram - Kerala PCB","11-09-2026 05:00:00",8.5149093,76.9435879,OZONE,12,41,20
India,Kerala,Thiruvananthapuram,"Kariavattom, Thiruvananthapuram - Kerala PCB","11-09-2026 05:00:00",8.5637,76.8865,PM2.5,45,55,50
India,Kerala,Thiruvananthapuram,"Kariavattom, Thiruvananthapuram - Kerala PCB","11-09-2026 05:00:00",8.5637,76.8865,SO2,4,5,4
India,Kerala,Thiruvananthapuram,"Kariavattom, Thiruvananthapuram - Kerala PCB","11-09-2026 05:00:00",8.5637,76.8865,OZONE,30,30,30
India,Kerala,Thrissur,"Corporation Ground, Thrissur - Kerala PCB","11-09-2026 05:00:00",10.5324,76.2159,PM2.5,37,48,43
India,Kerala,Thrissur,"Corporation Ground, Thrissur - Kerala PCB","11-09-2026 05:00:00",10.5324,76.2159,OZONE,31,31,31
India,"Madhya Pradesh",Bhopal,"Idgah Hills, Bhopal - MPPCB","11-09-2026 05:00:00",23.264759,77.381568,SO2,5,6,6
India,"Madhya Pradesh",Bhopal,"Paryavaran Parisar, Bhopal - MPPCB","11-09-2026 05:00:00",23.210494,77.425409,NH3,1,2,2
India,"Madhya Pradesh",Bhopal,"Paryavaran Parisar, Bhopal - MPPCB","11-09-2026 05:00:00",23.210494,77.425409,CO,14,24,17
India,"Madhya Pradesh",Bhopal,"T T Nagar, Bhopal - MPPCB","11-09-2026 05:00:00",23.233584,77.400574,NH3,6,6,6
India,"Madhya Pradesh",Gwalior,"Deen Dayal Nagar, Gwalior - MPPCB","11-09-2026 05:00:00",26.259242,78.216432,PM10,41,127,83
India,"Madhya Pradesh",Gwalior,"Maharaj Bada, Gwalior - MPPCB","11-09-2026 05:00:00",26.200388,78.147714,PM2.5,35,220,82
India,"Madhya Pradesh",Gwalior,"Maharaj Bada, Gwalior - MPPCB","11-09-2026 05:00:00",26.200388,78.147714,PM10,66,420,148
India,"Madhya Pradesh",Gwalior,"Maharaj Bada, Gwalior - MPPCB","11-09-2026 05:00:00",26.200388,78.147714,NO2,6,46,18
India,Haryana,Gurugram,"Vikas Sadan, Gurugram - HSPCB","11-09-2026 05:00:00",28.4501238,77.0263051,SO2,14,25,20
India,Haryana,Gurugram,"Vikas Sadan, Gurugram - HSPCB","11-09-2026 05:00:00",28.4501238,77.0263051,OZONE,1,7,4
India,Haryana,Hisar,"Urban Estate-II, Hisar - HSPCB","11-09-2026 05:00:00",29.14056,75.744941,NH3,8,10,9
India,Haryana,Hisar,"Urban Estate-II, Hisar - HSPCB","11-09-2026 05:00:00",29.14056,75.744941,CO,NA,NA,NA
India,Haryana,Jind,"Police Lines, Jind - HSPCB","11-09-2026 05:00:00",29.307814,76.337619,PM2.5,94,137,112
India,Haryana,Jind,"Police Lines, Jind - HSPCB","11-09-2026 05:00:00",29.307814,76.337619,PM10,62,78,70
India,Haryana,Jind,"Police Lines, Jind - HSPCB","11-09-2026 05:00:00",29.307814,76.337619,OZONE,8,13,10
India,Haryana,Kaithal,"Rishi Nagar, Kaithal - HSPCB","11-09-2026 05:00:00",29.8006,76.4155,PM10,10,270,115
India,Haryana,Kaithal,"Rishi Nagar, Kaithal - HSPCB","11-09-2026 05:00:00",29.8006,76.4155,OZONE,4,12,6
India,Haryana,Karnal,"Sector-12, Karnal - HSPCB","11-09-2026 05:00:00",29.6953,77.0027,SO2,12,13,12
India,Haryana,Kurukshetra,"Sector-7, Kurukshetra - HSPCB","11-09-2026 05:00:00",29.966942,76.875879,PM10,100,117,109
India,Haryana,Kurukshetra,"Sector-7, Kurukshetra - HSPCB","11-09-2026 05:00:00",29.966942,76.875879,NO2,6,7,6
India,Haryana,Kurukshetra,"Sector-7, Kurukshetra - HSPCB","11-09-2026 05:00:00",29.966942,76.875879,NH3,5,5,5
India,Haryana,Manesar,"Sector-2 IMT, Manesar - HSPCB","11-09-2026 05:00:00",28.360699,76.93609,PM2.5,62,357,186
India,Haryana,Manesar,"Sector-2 IMT, Manesar - HSPCB","11-09-2026 05:00:00",28.360699,76.93609,PM10,57,249,129
India,Haryana,Manesar,"Sector-2 IMT, Manesar - HSPCB","11-09-2026 05:00:00",28.360699,76.93609,NH3,7,16,12
India,Gujarat,Surat,"Science Center, Surat - SMC","11-09-2026 05:00:00",21.170046,72.795405,PM2.5,5,49,25
India,Gujarat,Surat,"Katargam, Surat - Nexteng Enviro","11-09-2026 05:00:00",21.217779,72.834787,PM10,27,97,57
India,Gujarat,Vatva,"Phase-4 GIDC, Vatva - GPCB","11-09-2026 05:00:00",22.969611,72.6435,CO,66,78,71
India,Gujarat,Vatva,"Phase-4 GIDC, Vatva - GPCB","11-09-2026 05:00:00",22.969611,72.6435,OZONE,9,9,9
India,Haryana,Ambala,"Patti Mehar, Ambala - HSPCB","11-09-2026 05:00:00",30.379589,76.778328,PM2.5,8,193,77
India,Haryana,Ambala,"Patti Mehar, Ambala - HSPCB","11-09-2026 05:00:00",30.379589,76.778328,NO2,5,8,7
India,Haryana,Ambala,"Patti Mehar, Ambala - HSPCB","11-09-2026 05:00:00",30.379589,76.778328,NH3,6,7,6
India,Haryana,Ambala,"Patti Mehar, Ambala - HSPCB","11-09-2026 05:00:00",30.379589,76.778328,SO2,9,100,53
India,Haryana,Bahadurgarh,"Arya Nagar, Bahadurgarh - HSPCB","11-09-2026 05:00:00",28.6701,76.9254,PM2.5,41,95,62
India,Haryana,Bahadurgarh,"Arya Nagar, Bahadurgarh - HSPCB","11-09-2026 05:00:00",28.6701,76.9254,NO2,23,32,28
India,Haryana,Bahadurgarh,"Arya Nagar, Bahadurgarh - HSPCB","11-09-2026 05:00:00",28.6701,76.9254,SO2,6,7,7
India,Haryana,"Charkhi Dadri","Mini Secretariat, Charkhi Dadri - HSPCB","11-09-2026 05:00:00",28.593883,76.270653,PM2.5,43,160,107
India,Haryana,Dharuhera,"Municipal Corporation Office, Dharuhera -  HSPCB","11-09-2026 05:00:00",28.2068,76.7997,NO2,NA,NA,NA
India,Haryana,Faridabad,"New Industrial Town, Faridabad - HSPCB","11-09-2026 05:00:00",28.39072,77.30059,OZONE,14,14,14
India,Haryana,Faridabad,"Sector 11, Faridabad - HSPCB","11-09-2026 05:00:00",28.376058,77.315741,PM2.5,54,312,188
India,Haryana,Faridabad,"Sector 11, Faridabad - HSPCB","11-09-2026 05:00:00",28.376058,77.315741,SO2,3,11,8
India,Haryana,Faridabad,"Sector 11, Faridabad - HSPCB","11-09-2026 05:00:00",28.376058,77.315741,CO,54,73,62
India,Haryana,Faridabad,"Sector 30, Faridabad - HSPCB","11-09-2026 05:00:00",28.4417,77.3217,PM2.5,58,410,188
India,Haryana,Faridabad,"Sector 30, Faridabad - HSPCB","11-09-2026 05:00:00",28.4417,77.3217,NH3,6,7,7
India,Haryana,Faridabad,"Sector 30, Faridabad - HSPCB","11-09-2026 05:00:00",28.4417,77.3217,SO2,2,4,2
India,Haryana,Fatehabad,"Huda Sector, Fatehabad - HSPCB","11-09-2026 05:00:00",29.503664,75.467934,PM10,84,122,105
India,Haryana,Fatehabad,"Huda Sector, Fatehabad - HSPCB","11-09-2026 05:00:00",29.503664,75.467934,CO,47,53,50
India,Haryana,Fatehabad,"Huda Sector, Fatehabad - HSPCB","11-09-2026 05:00:00",29.503664,75.467934,OZONE,36,50,42
India,Haryana,Gurugram,"NISE Gwal Pahari, Gurugram - IITM","11-09-2026 05:00:00",28.422681,77.148944,PM10,103,157,118
India,Haryana,Gurugram,"Teri Gram, Gurugram - HSPCB","11-09-2026 05:00:00",28.4275,77.1465,NO2,32,67,47
India,Haryana,Gurugram,"Teri Gram, Gurugram - HSPCB","11-09-2026 05:00:00",28.4275,77.1465,CO,17,34,26
India,Haryana,Gurugram,"Vikas Sadan, Gurugram - HSPCB","11-09-2026 05:00:00",28.4501238,77.0263051,PM10,55,277,124
India,Karnataka,Chikkaballapur,"Chikkaballapur Rural, Chikkaballapur - KSPCB","11-09-2026 05:00:00",13.428828,77.731418,OZONE,19,19,19
India,Karnataka,Dharwad,"Kalabhavan, Dharwad - KSPCB","11-09-2026 05:00:00",15.459706,75.008381,PM10,65,86,72
India,Karnataka,Gadag,"Panchal Nagar, Gadag - KSPCB","11-09-2026 05:00:00",15.411456,75.638133,PM2.5,37,44,40
India,Karnataka,Gadag,"Panchal Nagar, Gadag - KSPCB","11-09-2026 05:00:00",15.411456,75.638133,PM10,35,43,38
India,Karnataka,Gadag,"Panchal Nagar, Gadag - KSPCB","11-09-2026 05:00:00",15.411456,75.638133,CO,56,88,63
India,Karnataka,Hubballi,"Lingaraj Nagar, Hubballi - KSPCB","11-09-2026 05:00:00",15.3714823,75.1160168,CO,9,15,12
India,Karnataka,Hubballi,"Lingaraj Nagar, Hubballi - KSPCB","11-09-2026 05:00:00",15.3714823,75.1160168,OZONE,25,25,25
India,Karnataka,Kalaburagi,"Mahatma Basaveswar Colony, Kalaburgi - KSPCB","11-09-2026 05:00:00",17.336318,76.847397,SO2,1,5,4
India,Karnataka,Karwar,"KHB Colony, Karwar - KSPCB","11-09-2026 05:00:00",14.816666,74.141003,PM10,14,40,23
India,Karnataka,Madikeri,"Stuart Hill, Madikeri - KSPCB","11-09-2026 05:00:00",12.415911,75.73505,NO2,2,3,2
India,Haryana,Manesar,"Sector-2 IMT, Manesar - HSPCB","11-09-2026 05:00:00",28.360699,76.93609,OZONE,7,15,10
India,Haryana,Palwal,"Shyam Nagar, Palwal - HSPCB","11-09-2026 05:00:00",28.1485564,77.3320667,NH3,6,6,6
India,Haryana,Palwal,"Shyam Nagar, Palwal - HSPCB","11-09-2026 05:00:00",28.1485564,77.3320667,OZONE,10,10,10
India,Haryana,Panchgaon,"Amity University, Panchgaon - IITM","11-09-2026 05:00:00",28.3153,76.9143,CO,NA,NA,NA
India,Haryana,Panipat,"Sector-18, Panipat - HSPCB","11-09-2026 05:00:00",29.432304,76.972765,NH3,7,12,10
India,Haryana,Panipat,"Sector-18, Panipat - HSPCB","11-09-2026 05:00:00",29.432304,76.972765,SO2,35,67,49
India,Haryana,Panipat,"Sector-18, Panipat - HSPCB","11-09-2026 05:00:00",29.432304,76.972765,CO,26,28,27
India,Haryana,Sirsa,"F-Block, Sirsa - HSPCB","11-09-2026 05:00:00",29.5364,75.0158,PM2.5,36,61,45
India,Haryana,Sirsa,"F-Block, Sirsa - HSPCB","11-09-2026 05:00:00",29.5364,75.0158,PM10,84,113,101
India,Haryana,Sirsa,"F-Block, Sirsa - HSPCB","11-09-2026 05:00:00",29.5364,75.0158,NO2,17,24,20
India,Karnataka,Bengaluru,"Jayanagar 5th Block, Bengaluru - KSPCB","11-09-2026 05:00:00",12.920984,77.584908,NO2,10,30,18
India,Karnataka,Bengaluru,"Jayanagar 5th Block, Bengaluru - KSPCB","11-09-2026 05:00:00",12.920984,77.584908,NH3,0,1,0
India,Karnataka,Bengaluru,"Jayanagar 5th Block, Bengaluru - KSPCB","11-09-2026 05:00:00",12.920984,77.584908,SO2,0,8,3
India,Karnataka,Bengaluru,"Hombegowda Nagar, Bengaluru - KSPCB","11-09-2026 05:00:00",12.938539,77.5901,CO,13,92,34
India,Karnataka,Bengaluru,"Shivapura_Peenya, Bengaluru - KSPCB","11-09-2026 05:00:00",13.0246342,77.5080115,PM10,NA,NA,NA
India,Karnataka,Bengaluru,"Hebbal, Bengaluru - KSPCB","11-09-2026 05:00:00",13.029152,77.585901,NH3,2,2,2
India,Karnataka,Bengaluru,"Hebbal, Bengaluru - KSPCB","11-09-2026 05:00:00",13.029152,77.585901,CO,11,39,24
India,Karnataka,Chikkaballapur,"Chikkaballapur Rural, Chikkaballapur - KSPCB","11-09-2026 05:00:00",13.428828,77.731418,NO2,1,6,4
India,Jharkhand,Dhanbad,"Sardar Patel Nagar, Dhanbad - JSPCB","11-09-2026 05:00:00",23.80569,86.44268,SO2,NA,NA,NA
India,Jharkhand,Dhanbad,"Sardar Patel Nagar, Dhanbad - JSPCB","11-09-2026 05:00:00",23.80569,86.44268,OZONE,9,16,13
India,Jharkhand,Jorapokhar,"Tata Stadium, Jorapokhar - JSPCB","11-09-2026 05:00:00",23.707909,86.41467,PM2.5,44,50,45
India,Jharkhand,Jorapokhar,"Tata Stadium, Jorapokhar - JSPCB","11-09-2026 05:00:00",23.707909,86.41467,NO2,8,8,8
India,Jharkhand,Jorapokhar,"Tata Stadium, Jorapokhar - JSPCB","11-09-2026 05:00:00",23.707909,86.41467,NH3,3,3,3
India,Jharkhand,Jorapokhar,"Tata Stadium, Jorapokhar - JSPCB","11-09-2026 05:00:00",23.707909,86.41467,OZONE,12,36,18
India,Karnataka,Bengaluru,"Silk Board, Bengaluru - KSPCB","11-09-2026 05:00:00",12.917348,77.622813,SO2,15,21,18
India,Karnataka,Bengaluru,"Bapuji Nagar, Bengaluru - KSPCB","11-09-2026 05:00:00",12.951913,77.539784,NO2,17,32,20
India,Haryana,Sonipat,"Murthal, Sonipat - HSPCB","11-09-2026 05:00:00",29.0272,77.0621,PM10,36,182,96
India,Haryana,Sonipat,"Murthal, Sonipat - HSPCB","11-09-2026 05:00:00",29.0272,77.0621,SO2,49,53,50
India,"Himachal Pradesh",Baddi,"HIMUDA Complex Phase-1, Baddi - HPPCB","11-09-2026 05:00:00",30.943887,76.801991,PM10,101,261,145
India,"Himachal Pradesh",Baddi,"HIMUDA Complex Phase-1, Baddi - HPPCB","11-09-2026 05:00:00",30.943887,76.801991,OZONE,7,35,15
India,"Jammu and Kashmir",Srinagar,"Rajbagh, Srinagar - JKPCC","11-09-2026 05:00:00",34.066206,74.81982,PM10,35,81,51
India,"Madhya Pradesh",Mandideep,"Sector-D Industrial Area, Mandideep - MPPCB","11-09-2026 05:00:00",23.10844,77.511428,CO,13,63,28
India,"Madhya Pradesh",Pithampur,"Sector-2 Industrial Area, Pithampur - MPPCB","11-09-2026 05:00:00",22.624758,75.675238,NH3,7,8,7
India,"Madhya Pradesh",Pithampur,"Sector-2 Industrial Area, Pithampur - MPPCB","11-09-2026 05:00:00",22.624758,75.675238,CO,28,31,30
India,"Madhya Pradesh",Sagar,"Civil Lines, Sagar - MPPCB","11-09-2026 05:00:00",23.838586,78.759431,NO2,8,25,12
India,"Madhya Pradesh",Satna,"Bandhavgar Colony, Satna - Birla Cement","11-09-2026 05:00:00",24.58434363,80.8549414,PM2.5,49,51,50
India,"Madhya Pradesh",Satna,"Bandhavgar Colony, Satna - Birla Cement","11-09-2026 05:00:00",24.58434363,80.8549414,PM10,69,71,70
India,"Madhya Pradesh",Satna,"Bandhavgar Colony, Satna - Birla Cement","11-09-2026 05:00:00",24.58434363,80.8549414,CO,13,17,16
India,"Madhya Pradesh",Satna,"Bandhavgar Colony, Satna - Birla Cement","11-09-2026 05:00:00",24.58434363,80.8549414,OZONE,10,40,22
India,"Madhya Pradesh",Ujjain,"Mahashweta Nagar, Ujjain - MPPCB","11-09-2026 05:00:00",23.1633321,75.800225,CO,18,28,21
India,"Madhya Pradesh",Ujjain,"Mahashweta Nagar, Ujjain - MPPCB","11-09-2026 05:00:00",23.1633321,75.800225,OZONE,47,72,59
India,Maharashtra,Ahmednagar,"Tarakpur, Ahmednagar - MPCB","11-09-2026 05:00:00",19.10122,74.73339,NO2,3,10,6
India,Maharashtra,Ahmednagar,"Tarakpur, Ahmednagar - MPCB","11-09-2026 05:00:00",19.10122,74.73339,SO2,4,9,6
India,Maharashtra,Akola,"Ramdaspeth, Akola - MPCB","11-09-2026 05:00:00",20.719516,77.000253,PM2.5,16,41,29
India,Maharashtra,Akola,"Ramdaspeth, Akola - MPCB","11-09-2026 05:00:00",20.719516,77.000253,SO2,3,8,6
India,Maharashtra,Akola,"Ramdaspeth, Akola - MPCB","11-09-2026 05:00:00",20.719516,77.000253,OZONE,14,19,17
India,Maharashtra,Ambernath,"Chinchpada, Ambernath - MPCB","11-09-2026 05:00:00",19.215784,73.199781,NO2,9,55,31
India,Maharashtra,Amravati,"Shivneri Colony, Amravati - MPCB","11-09-2026 05:00:00",20.9402359,77.7895248,NO2,4,11,7
India,Maharashtra,Amravati,"Shivneri Colony, Amravati - MPCB","11-09-2026 05:00:00",20.9402359,77.7895248,NH3,2,2,2
India,Maharashtra,Amravati,"Shivneri Colony, Amravati - MPCB","11-09-2026 05:00:00",20.9402359,77.7895248,SO2,1,4,2
India,Maharashtra,Amravati,"Shri Shivaji Science College, Amravati - MPCB","11-09-2026 05:00:00",20.939198,77.765701,SO2,3,6,5
India,Maharashtra,Mumbai,"Siddharth Nagar-Worli, Mumbai - IITM","11-09-2026 05:00:00",19.000083,72.813993,SO2,NA,NA,NA
India,Maharashtra,Mumbai,"Siddharth Nagar-Worli, Mumbai - IITM","11-09-2026 05:00:00",19.000083,72.813993,CO,2,2,2
India,Maharashtra,Mumbai,"Siddharth Nagar-Worli, Mumbai - IITM","11-09-2026 05:00:00",19.000083,72.813993,OZONE,34,38,36
India,Maharashtra,Mumbai,"Malad West, Mumbai - IITM","11-09-2026 05:00:00",19.19709,72.82204,CO,22,30,25
India,Maharashtra,Mumbai,"Mazgaon, Mumbai - IITM","11-09-2026 05:00:00",18.96702,72.84214,PM10,28,52,41
India,Maharashtra,Mumbai,"Mazgaon, Mumbai - IITM","11-09-2026 05:00:00",18.96702,72.84214,NH3,4,5,5
India,Maharashtra,Mumbai,"Mazgaon, Mumbai - IITM","11-09-2026 05:00:00",18.96702,72.84214,CO,36,54,48
India,Maharashtra,Mumbai,"Powai, Mumbai - MPCB","11-09-2026 05:00:00",19.1375,72.915056,NH3,NA,NA,NA
India,Maharashtra,Mumbai,"Powai, Mumbai - MPCB","11-09-2026 05:00:00",19.1375,72.915056,CO,NA,NA,NA
India,Maharashtra,Mumbai,"Chakala-Andheri East, Mumbai - IITM","11-09-2026 05:00:00",19.11074,72.86084,PM2.5,4,19,9
India,Maharashtra,Mumbai,"Chakala-Andheri East, Mumbai - IITM","11-09-2026 05:00:00",19.11074,72.86084,CO,18,34,25
India,Maharashtra,Mumbai,"Chakala-Andheri East, Mumbai - IITM","11-09-2026 05:00:00",19.11074,72.86084,OZONE,4,5,5
India,Maharashtra,Mumbai,"Kurla, Mumbai - MPCB","11-09-2026 05:00:00",19.0863,72.8888,PM2.5,14,87,36
India,Maharashtra,Mumbai,"Kurla, Mumbai - MPCB","11-09-2026 05:00:00",19.0863,72.8888,CO,25,25,25
India,Maharashtra,Mumbai,"Ghatkopar, Mumbai - BMC","11-09-2026 05:00:00",19.083694,72.920967,PM2.5,21,52,40
India,Maharashtra,Mumbai,"Chhatrapati Shivaji Intl. Airport (T2), Mumbai - MPCB","11-09-2026 05:00:00",19.10078,72.87462,PM10,16,42,32
India,Maharashtra,Mumbai,"Chhatrapati Shivaji Intl. Airport (T2), Mumbai - MPCB","11-09-2026 05:00:00",19.10078,72.87462,SO2,7,8,7
India,Maharashtra,Mumbai,"Chhatrapati Shivaji Intl. Airport (T2), Mumbai - MPCB","11-09-2026 05:00:00",19.10078,72.87462,CO,NA,NA,NA
India,Maharashtra,Mumbai,"Bandra Kurla Complex, Mumbai - IITM","11-09-2026 05:00:00",19.053536,72.84643,PM2.5,7,27,17
India,Maharashtra,Mumbai,"Bandra Kurla Complex, Mumbai - IITM","11-09-2026 05:00:00",19.053536,72.84643,PM10,27,132,69
India,Maharashtra,Mumbai,"Bandra Kurla Complex, Mumbai - IITM","11-09-2026 05:00:00",19.053536,72.84643,NO2,9,21,16
India,Maharashtra,Mumbai,"Borivali East, Mumbai - IITM","11-09-2026 05:00:00",19.23241,72.86895,NO2,4,11,7
India,Maharashtra,Mumbai,"Borivali East, Mumbai - IITM","11-09-2026 05:00:00",19.23241,72.86895,NH3,2,5,3
India,Maharashtra,Mumbai,"Borivali East, Mumbai - IITM","11-09-2026 05:00:00",19.23241,72.86895,CO,31,38,34
India,Maharashtra,Mumbai,"Borivali East, Mumbai - IITM","11-09-2026 05:00:00",19.23241,72.86895,OZONE,11,12,11
India,Maharashtra,Mumbai,"Khindipada-Bhandup West, Mumbai - IITM","11-09-2026 05:00:00",19.1653323,72.922099,PM2.5,3,53,11
India,Maharashtra,Mahad,"Kamble Tarf Birwadi, Mahad - MPCB","11-09-2026 05:00:00",18.1023399,73.4783687,CO,14,24,20
India,Maharashtra,Malegaon,"Mahesh Nagar, Malegaon - MPCB","11-09-2026 05:00:00",20.555712,74.529236,NH3,1,1,1
India,Maharashtra,Mira-Bhayandar,"Bhayandar West, Mira-Bhayandar - MPCB","11-09-2026 05:00:00",19.296481,72.840923,PM2.5,10,36,21
India,Maharashtra,Mira-Bhayandar,"Bhayandar West, Mira-Bhayandar - MPCB","11-09-2026 05:00:00",19.296481,72.840923,PM10,22,39,30
India,Maharashtra,Mira-Bhayandar,"Bhayandar West, Mira-Bhayandar - MPCB","11-09-2026 05:00:00",19.296481,72.840923,NO2,4,13,8
India,Maharashtra,Mumbai,"Shivaji Nagar, Mumbai - BMC","11-09-2026 05:00:00",19.060498,72.923356,NH3,2,12,5
India,Maharashtra,Mumbai,"Navy Nagar-Colaba, Mumbai - IITM","11-09-2026 05:00:00",18.897756,72.81332,PM10,28,53,39
India,Maharashtra,Mumbai,"Navy Nagar-Colaba, Mumbai - IITM","11-09-2026 05:00:00",18.897756,72.81332,NO2,31,44,35
India,Maharashtra,Mumbai,"Mulund West, Mumbai - MPCB","11-09-2026 05:00:00",19.175,72.9419,SO2,NA,NA,NA
India,Maharashtra,Mumbai,"Worli, Mumbai - MPCB","11-09-2026 05:00:00",18.9936162,72.8128113,PM10,22,62,42
India,Maharashtra,Mumbai,"Worli, Mumbai - MPCB","11-09-2026 05:00:00",18.9936162,72.8128113,NO2,4,12,8
India,Maharashtra,Mumbai,"Sewri, Mumbai - BMC","11-09-2026 05:00:00",19.000084,72.85673,PM2.5,23,35,27
India,Maharashtra,Mumbai,"Sewri, Mumbai - BMC","11-09-2026 05:00:00",19.000084,72.85673,OZONE,2,8,5
India,Maharashtra,Mumbai,"Mindspace-Malad West, Mumbai - MPCB","11-09-2026 05:00:00",19.1878657,72.8304069,NO2,17,19,18
India,Maharashtra,Mumbai,"Mindspace-Malad West, Mumbai - MPCB","11-09-2026 05:00:00",19.1878657,72.8304069,SO2,4,4,4
India,Maharashtra,Mumbai,"Kherwadi_Bandra East, Mumbai - MPCB","11-09-2026 05:00:00",19.0632143,72.8456324,PM2.5,21,45,29
India,Maharashtra,Mumbai,"Kherwadi_Bandra East, Mumbai - MPCB","11-09-2026 05:00:00",19.0632143,72.8456324,CO,32,37,35
India,Maharashtra,Chandrapur,"Chauhan Colony, Chandrapur - MPCB","11-09-2026 05:00:00",19.9629,79.298714,OZONE,5,8,7
India,Maharashtra,Dhule,"Deopur, Dhule - MPCB","11-09-2026 05:00:00",20.918946,74.776388,NO2,5,21,8
India,Maharashtra,Dombivli,"Kalu Nagar, Dombivli - MPCB","11-09-2026 05:00:00",19.2268427,73.0788456,NO2,7,30,16
India,Maharashtra,Dombivli,"Kalu Nagar, Dombivli - MPCB","11-09-2026 05:00:00",19.2268427,73.0788456,OZONE,23,32,25
India,Maharashtra,Jalgaon,"Prabhat Colony, Jalgaon - MPCB","11-09-2026 05:00:00",21.001264,75.565602,PM2.5,22,63,48
India,Maharashtra,Jalgaon,"Prabhat Colony, Jalgaon - MPCB","11-09-2026 05:00:00",21.001264,75.565602,NH3,1,3,3
India,Maharashtra,Jalgaon,"Prabhat Colony, Jalgaon - MPCB","11-09-2026 05:00:00",21.001264,75.565602,OZONE,11,25,17
India,Maharashtra,Jalna,"Old MIDC, Jalna - MPCB","11-09-2026 05:00:00",19.854616,75.905894,PM2.5,NA,NA,NA
India,Maharashtra,Kalyan,"Khadakpada, Kalyan - MPCB","11-09-2026 05:00:00",19.25292,73.142019,NH3,1,1,1
India,Maharashtra,Kalyan,"Khadakpada, Kalyan - MPCB","11-09-2026 05:00:00",19.25292,73.142019,SO2,NA,NA,NA
India,Maharashtra,Kalyan,"Khadakpada, Kalyan - MPCB","11-09-2026 05:00:00",19.25292,73.142019,CO,NA,NA,NA
India,Maharashtra,Kalyan,"Pimpleshwar Mandir, Kalyan - MPCB","11-09-2026 05:00:00",19.192056,72.9585188,PM2.5,23,87,54
India,Maharashtra,Kalyan,"Pimpleshwar Mandir, Kalyan - MPCB","11-09-2026 05:00:00",19.192056,72.9585188,NO2,NA,NA,NA
India,Maharashtra,Kolhapur,"Shivaji University, Kolhapur - MPCB","11-09-2026 05:00:00",16.6870449,74.2505872,NH3,3,4,4
India,Maharashtra,Mahad,"Kamble Tarf Birwadi, Mahad - MPCB","11-09-2026 05:00:00",18.1023399,73.4783687,PM2.5,33,70,53
India,Maharashtra,Mahad,"Kamble Tarf Birwadi, Mahad - MPCB","11-09-2026 05:00:00",18.1023399,73.4783687,NO2,9,27,19
India,"Madhya Pradesh",Gwalior,"City Center, Gwalior - MPPCB","11-09-2026 05:00:00",26.203442,78.193251,NO2,32,86,50
India,"Madhya Pradesh",Gwalior,"City Center, Gwalior - MPPCB","11-09-2026 05:00:00",26.203442,78.193251,SO2,18,36,27
India,"Madhya Pradesh",Indore,"Maguda Nagar, Indore - IMC","11-09-2026 05:00:00",22.7524,75.8872,PM2.5,9,50,31
India,"Madhya Pradesh",Indore,"Maguda Nagar, Indore - IMC","11-09-2026 05:00:00",22.7524,75.8872,PM10,NA,NA,NA
India,"Madhya Pradesh",Indore,"Maguda Nagar, Indore - IMC","11-09-2026 05:00:00",22.7524,75.8872,NO2,1,4,3
India,"Madhya Pradesh",Indore,"Maguda Nagar, Indore - IMC","11-09-2026 05:00:00",22.7524,75.8872,SO2,16,30,20
India,"Madhya Pradesh",Indore,"Airport Area, Indore - IMC","11-09-2026 05:00:00",22.7289,75.8076,NO2,20,64,23
India,"Madhya Pradesh",Indore,"Airport Area, Indore - IMC","11-09-2026 05:00:00",22.7289,75.8076,SO2,9,11,10
India,"Madhya Pradesh",Indore,"Regional Park, Indore - IMC","11-09-2026 05:00:00",22.678,75.8559,NO2,NA,NA,NA
India,"Madhya Pradesh",Indore,"Chhoti Gwaltoli, Indore - MPPCB","11-09-2026 05:00:00",22.431,75.5213,PM2.5,38,88,64
India,"Madhya Pradesh",Indore,"Chhoti Gwaltoli, Indore - MPPCB","11-09-2026 05:00:00",22.431,75.5213,PM10,43,103,76
India,"Madhya Pradesh",Indore,"Chhoti Gwaltoli, Indore - MPPCB","11-09-2026 05:00:00",22.431,75.5213,OZONE,17,27,22
India,"Madhya Pradesh",Jabalpur,"Suhagi, Jabalpur - JMC","11-09-2026 05:00:00",23.218135,79.95777,PM10,22,142,75
India,"Madhya Pradesh",Katni,"Gole Bazar, Katni - MPPCB","11-09-2026 05:00:00",23.50016,80.23284,PM2.5,17,77,35
India,"Madhya Pradesh",Katni,"Gole Bazar, Katni - MPPCB","11-09-2026 05:00:00",23.50016,80.23284,PM10,21,137,69
India,Maharashtra,Nashik,"Hirawadi, Nashik - MPCB","11-09-2026 05:00:00",20.021503,73.813844,OZONE,7,9,8
India,Maharashtra,Nashik,"MIDC Ambad, Nashik - MPCB","11-09-2026 05:00:00",19.95022,73.73148,OZONE,4,7,6
India,Maharashtra,Nashik,"Gangapur Road, Nashik - MPCB","11-09-2026 05:00:00",20.0073285,73.7762427,NH3,3,3,3
India,Maharashtra,Nashik,"Pandav Nagari, Nashik - MPCB","11-09-2026 05:00:00",19.9591346,73.7788008,PM10,30,80,54
India,Maharashtra,"Navi Mumbai","Kopripada-Vashi, Navi Mumbai - MPCB","11-09-2026 05:00:00",19.090337,73.014232,NH3,2,8,4
India,Maharashtra,"Navi Mumbai","Sanpada, Navi Mumbai - MPCB","11-09-2026 05:00:00",19.0575752,73.0151367,NH3,1,41,15
India,Maharashtra,"Navi Mumbai","Sector-2E Kalamboli, Navi Mumbai - MPCB","11-09-2026 05:00:00",19.02579,73.10297,OZONE,11,23,15
India,Maharashtra,"Navi Mumbai","Mahape, Navi Mumbai - MPCB","11-09-2026 05:00:00",19.1135051,73.008978,NO2,43,44,43
India,Maharashtra,"Navi Mumbai","Mahape, Navi Mumbai - MPCB","11-09-2026 05:00:00",19.1135051,73.008978,SO2,13,14,13
India,Maharashtra,"Navi Mumbai","Mahape, Navi Mumbai - MPCB","11-09-2026 05:00:00",19.1135051,73.008978,CO,29,29,29
India,Maharashtra,"Navi Mumbai","Mahape, Navi Mumbai - MPCB","11-09-2026 05:00:00",19.1135051,73.008978,OZONE,9,10,10
India,Maharashtra,"Navi Mumbai","Nerul, Navi Mumbai - MPCB","11-09-2026 05:00:00",19.008751,73.01662,OZONE,NA,NA,NA
India,Maharashtra,Pimpri-Chinchwad,"Transport Nagar-Nigdi, Pune - IITM","11-09-2026 05:00:00",18.664282,73.763966,NO2,22,37,29
India,Maharashtra,Pimpri-Chinchwad,"Transport Nagar-Nigdi, Pune - IITM","11-09-2026 05:00:00",18.664282,73.763966,OZONE,5,9,7
India,Maharashtra,Pimpri-Chinchwad,"Bhumkar Nagar, Pune - IITM","11-09-2026 05:00:00",18.60577,73.749976,NO2,16,29,18
India,Maharashtra,Pimpri-Chinchwad,"Bhumkar Nagar, Pune - IITM","11-09-2026 05:00:00",18.60577,73.749976,CO,21,28,24
India,Maharashtra,Pimpri-Chinchwad,"Gavalinagar, Pimpri Chinchwad - MPCB","11-09-2026 05:00:00",18.63673,73.82487,PM10,32,56,42
India,Maharashtra,Pimpri-Chinchwad,"Bhosari, Pune - IITM","11-09-2026 05:00:00",18.640051,73.848956,NH3,NA,NA,NA
India,Maharashtra,Pimpri-Chinchwad,"Thergaon, Pimpri Chinchwad - MPCB","11-09-2026 05:00:00",18.616318,73.765797,OZONE,3,9,6
India,Maharashtra,Pune,"Mhada Colony, Pune - IITM","11-09-2026 05:00:00",18.57304,73.927715,PM10,63,100,88
India,Maharashtra,Pune,"Mhada Colony, Pune - IITM","11-09-2026 05:00:00",18.57304,73.927715,NH3,NA,NA,NA
India,Maharashtra,Pune,"Mhada Colony, Pune - IITM","11-09-2026 05:00:00",18.57304,73.927715,SO2,NA,NA,NA
India,Maharashtra,Aurangabad,"Rachnakar Colony, Aurangabad - MPCB","11-09-2026 05:00:00",19.863756,75.321188,CO,21,31,25
India,Maharashtra,Aurangabad,"More Chowk Waluj, Aurangabad - MPCB","11-09-2026 05:00:00",19.8389439,75.244448,NO2,8,12,10
India,Maharashtra,Belapur,"CBD Belapur, Belapur - MPCB","11-09-2026 05:00:00",19.0243902,73.0406721,NH3,2,5,4
India,Maharashtra,Belapur,"CBD Belapur, Belapur - MPCB","11-09-2026 05:00:00",19.0243902,73.0406721,SO2,5,7,6
India,Maharashtra,Bhiwandi,"Gokul Nagar, Bhiwandi - MPCB","11-09-2026 05:00:00",19.309073,73.057223,NH3,5,18,10
India,Maharashtra,Boisar,"Khaira, Boisar - MPCB","11-09-2026 05:00:00",19.786089,72.757971,PM2.5,NA,NA,NA
India,Maharashtra,Chandrapur,"MIDC Khutala, Chandrapur - MPCB","11-09-2026 05:00:00",19.9775302,79.2337086,NO2,NA,NA,NA
India,Maharashtra,Chandrapur,"MIDC Khutala, Chandrapur - MPCB","11-09-2026 05:00:00",19.9775302,79.2337086,NH3,NA,NA,NA
India,Maharashtra,Chandrapur,"MIDC Khutala, Chandrapur - MPCB","11-09-2026 05:00:00",19.9775302,79.2337086,SO2,NA,NA,NA
India,Maharashtra,Mumbai,"Khindipada-Bhandup West, Mumbai - IITM","11-09-2026 05:00:00",19.1653323,72.922099,SO2,1,8,5
India,Maharashtra,Mumbai,"Khindipada-Bhandup West, Mumbai - IITM","11-09-2026 05:00:00",19.1653323,72.922099,OZONE,5,39,21
India,Maharashtra,Mumbai,"Chembur, Mumbai - MPCB","11-09-2026 05:00:00",19.0364585,72.8954371,PM2.5,7,22,14
India,Maharashtra,Mumbai,"Bandra Kurla Complex, Mumbai - MPCB","11-09-2026 05:00:00",19.065931,72.862131,SO2,2,4,3
India,Maharashtra,Mumbai,"Sion, Mumbai - MPCB","11-09-2026 05:00:00",19.047,72.8746,PM2.5,5,18,10
India,Maharashtra,Mumbai,"Sion, Mumbai - MPCB","11-09-2026 05:00:00",19.047,72.8746,PM10,7,24,14
India,Maharashtra,Nanded,"Sneh Nagar, Nanded - MPCB","11-09-2026 05:00:00",19.173852,77.296291,OZONE,31,44,38
India,Maharashtra,Ulhasnagar,"Sidhi Vinayak Nagar, Ulhasnagar - MPCB","11-09-2026 05:00:00",19.235581,73.159121,PM2.5,14,43,25
India,Maharashtra,Ulhasnagar,"Sidhi Vinayak Nagar, Ulhasnagar - MPCB","11-09-2026 05:00:00",19.235581,73.159121,PM10,14,46,27
India,Maharashtra,Virar,"Bolinj, Virar - MPCB","11-09-2026 05:00:00",19.445821,72.7988231,PM2.5,12,47,25
India,Maharashtra,Virar,"Bolinj, Virar - MPCB","11-09-2026 05:00:00",19.445821,72.7988231,PM10,17,70,38
India,Maharashtra,Virar,"Bolinj, Virar - MPCB","11-09-2026 05:00:00",19.445821,72.7988231,NO2,5,10,7
India,Maharashtra,Virar,"Bolinj, Virar - MPCB","11-09-2026 05:00:00",19.445821,72.7988231,CO,17,51,34
India,Meghalaya,Byrnihat,"15th Mile-Nongthymmai, Byrnihat -Meghalaya PCB","11-09-2026 05:00:00",26.079047,91.875185,CO,NA,NA,NA
India,Meghalaya,Shillong,"Lumpyngngad, Shillong - Meghalaya PCB","11-09-2026 05:00:00",25.5586,91.8985,SO2,12,15,13
India,Meghalaya,Shillong,"Lumpyngngad, Shillong - Meghalaya PCB","11-09-2026 05:00:00",25.5586,91.8985,CO,9,11,10
India,Mizoram,Aizawl,"Sikulpuikawn, Aizawl - Mizoram PCB","11-09-2026 05:00:00",23.7176342,92.7192841,NO2,1,1,1
India,Mizoram,Aizawl,"Sikulpuikawn, Aizawl - Mizoram PCB","11-09-2026 05:00:00",23.7176342,92.7192841,NH3,0,0,0
India,Nagaland,Kohima,"PWD Junction, Kohima - NPCB","11-09-2026 05:00:00",25.6635413,94.0989878,NH3,0,1,1
India,Nagaland,Kohima,"PWD Junction, Kohima - NPCB","11-09-2026 05:00:00",25.6635413,94.0989878,SO2,52,77,65
India,Odisha,Angul,"Hakimapada, Angul - OSPCB","11-09-2026 05:00:00",20.832874,85.104082,NO2,8,105,23
India,Odisha,Balasore,"Kalidaspur, Balasore - OSPCB","11-09-2026 05:00:00",21.51161,86.89088,PM10,9,48,24
India,Odisha,Barbil,"Forest Office, Barbil - OSPCB","11-09-2026 05:00:00",22.1166054,85.3945546,NO2,5,13,9
India,Odisha,Baripada,"Meher Colony, Baripada - OSPCB","11-09-2026 05:00:00",21.941841,86.728318,PM2.5,5,46,14
India,Odisha,Baripada,"Meher Colony, Baripada - OSPCB","11-09-2026 05:00:00",21.941841,86.728318,OZONE,30,50,38
India,Odisha,Bhubaneswar,"Patia, Bhubaneswar - OSPCB","11-09-2026 05:00:00",20.34652,85.8163,NO2,7,25,13
India,Odisha,Tensa,"Barsua Iron Ore Mines, Tensa - OSPCB","11-09-2026 05:00:00",21.869985,85.167016,NO2,NA,NA,NA
India,Odisha,Tensa,"Barsua Iron Ore Mines, Tensa - OSPCB","11-09-2026 05:00:00",21.869985,85.167016,SO2,5,38,24
India,Odisha,Tensa,"Barsua Iron Ore Mines, Tensa - OSPCB","11-09-2026 05:00:00",21.869985,85.167016,OZONE,11,13,12
India,Puducherry,Puducherry,"Jawahar Nagar, Puducherry - PPCC","11-09-2026 05:00:00",11.9309,79.8027,PM2.5,5,41,28
India,Puducherry,Puducherry,"Jawahar Nagar, Puducherry - PPCC","11-09-2026 05:00:00",11.9309,79.8027,PM10,20,62,43
India,Punjab,Amritsar,"Golden Temple, Amritsar - PPCB","11-09-2026 05:00:00",31.62,74.876512,NH3,7,9,7
India,Punjab,Amritsar,"Golden Temple, Amritsar - PPCB","11-09-2026 05:00:00",31.62,74.876512,SO2,10,15,12
India,Punjab,Amritsar,"Golden Temple, Amritsar - PPCB","11-09-2026 05:00:00",31.62,74.876512,CO,23,28,26
India,Punjab,Bathinda,"Hardev Nagar, Bathinda - PPCB","11-09-2026 05:00:00",30.233011,74.907758,PM2.5,15,129,38
India,Punjab,Bathinda,"Hardev Nagar, Bathinda - PPCB","11-09-2026 05:00:00",30.233011,74.907758,SO2,9,25,15
India,Punjab,Jalandhar,"Civil Line, Jalandhar - PPCB","11-09-2026 05:00:00",31.321907,75.578914,SO2,16,19,18
India,Punjab,Khanna,"Kalal Majra, Khanna - PPCB","11-09-2026 05:00:00",30.736056,76.209694,PM2.5,29,51,40
India,Punjab,"Mandi Gobindgarh","RIMT University, Mandi Gobindgarh - PPCB","11-09-2026 05:00:00",30.649961,76.331442,PM2.5,70,309,153
India,Punjab,"Mandi Gobindgarh","RIMT University, Mandi Gobindgarh - PPCB","11-09-2026 05:00:00",30.649961,76.331442,NO2,24,25,24
India,Punjab,Patiala,"Model Town, Patiala - PPCB","11-09-2026 05:00:00",30.349388,76.366642,NO2,7,23,14
India,Punjab,Patiala,"Model Town, Patiala - PPCB","11-09-2026 05:00:00",30.349388,76.366642,NH3,3,10,6
India,Punjab,Rupnagar,"Ratanpura, Rupnagar - Ambuja Cements","11-09-2026 05:00:00",31.0325454,76.5623046,NO2,10,47,28
India,Maharashtra,Pune,"Hadapsar, Pune - IITM","11-09-2026 05:00:00",18.501793,73.927532,PM2.5,31,87,52
India,Maharashtra,Pune,"Hadapsar, Pune - IITM","11-09-2026 05:00:00",18.501793,73.927532,SO2,NA,NA,NA
India,Maharashtra,Pune,"Katraj Dairy, Pune - MPCB","11-09-2026 05:00:00",18.45445,73.854155,OZONE,10,16,11
India,Maharashtra,Pune,"Panchawati_Pashan, Pune - IITM","11-09-2026 05:00:00",18.536457,73.805454,PM10,37,86,65
India,Maharashtra,Pune,"Panchawati_Pashan, Pune - IITM","11-09-2026 05:00:00",18.536457,73.805454,NO2,2,16,10
India,Maharashtra,Pune,"Panchawati_Pashan, Pune - IITM","11-09-2026 05:00:00",18.536457,73.805454,SO2,NA,NA,NA
India,Maharashtra,Pune,"Dhankawadi, Pune - IITM","11-09-2026 05:00:00",18.459883,73.852193,NO2,12,16,14
India,Maharashtra,Pune,"Dhankawadi, Pune - IITM","11-09-2026 05:00:00",18.459883,73.852193,NH3,NA,NA,NA
India,Maharashtra,Pune,"Revenue Colony-Shivajinagar, Pune - IITM","11-09-2026 05:00:00",18.530085,73.849598,CO,59,90,73
India,Maharashtra,Sangli,"Vijay Nagar, Sangli - MPCB","11-09-2026 05:00:00",16.5038,74.3623,PM10,25,52,39
India,Maharashtra,Sangli,"Vijay Nagar, Sangli - MPCB","11-09-2026 05:00:00",16.5038,74.3623,CO,1,10,4
India,Maharashtra,Sangli,"Vijay Nagar, Sangli - MPCB","11-09-2026 05:00:00",16.5038,74.3623,OZONE,6,10,9
India,Maharashtra,Satara,"Koyana Nagar, Satara - MPCB","11-09-2026 05:00:00",17.696651,74.003387,NH3,1,3,1
India,Maharashtra,Solapur,"Ratandeep Housing Society, Solapur - MPCB","11-09-2026 05:00:00",17.65439,75.90649,CO,10,54,19
India,Maharashtra,Solapur,"Ratandeep Housing Society, Solapur - MPCB","11-09-2026 05:00:00",17.65439,75.90649,OZONE,10,34,23
India,Maharashtra,Thane,"Kasarvadavali, Thane - MPCB","11-09-2026 05:00:00",19.26777,72.97182,PM2.5,21,78,43
India,Maharashtra,Thane,"Kasarvadavali, Thane - MPCB","11-09-2026 05:00:00",19.26777,72.97182,CO,43,57,47
India,Maharashtra,Thane,"Upvan Fort, Thane - MPCB","11-09-2026 05:00:00",19.222279,72.957979,PM10,33,65,42
India,Maharashtra,Thane,"Upvan Fort, Thane - MPCB","11-09-2026 05:00:00",19.222279,72.957979,SO2,0,4,2
India,Rajasthan,Nagaur,"Karni Colony, Nagaur - RSPCB","11-09-2026 05:00:00",27.213494,73.734444,NH3,NA,NA,NA
India,Rajasthan,Pali,"Indira Colony Vistar, Pali - RSPCB","11-09-2026 05:00:00",25.771061,73.340227,PM2.5,56,96,66
India,Rajasthan,Pali,"Indira Colony Vistar, Pali - RSPCB","11-09-2026 05:00:00",25.771061,73.340227,PM10,44,148,110
India,Rajasthan,Pratapgarh,"Pragati Nagar, Pratapgarh - RSPCB","11-09-2026 05:00:00",24.041198,74.780702,CO,1,4,3
India,Rajasthan,Rajsamand,"Dhoinda, Rajsamand - RSPCB","11-09-2026 05:00:00",25.03636,73.883502,PM2.5,5,75,28
India,Rajasthan,Rajsamand,"Dhoinda, Rajsamand - RSPCB","11-09-2026 05:00:00",25.03636,73.883502,NO2,8,20,12
India,Rajasthan,Rajsamand,"Dhoinda, Rajsamand - RSPCB","11-09-2026 05:00:00",25.03636,73.883502,NH3,NA,NA,NA
India,Rajasthan,"Sawai Madhopur","Sahu Nagar, Sawai Madhopur - RSPCB","11-09-2026 05:00:00",26.031443,76.359327,CO,25,52,32
India,Rajasthan,Sirohi,"Vedhaynath Colony, Sirohi - RSPCB","11-09-2026 05:00:00",24.885261,72.857549,NO2,5,21,8
India,Rajasthan,"Sri Ganganagar","Old City, Sri Ganganagar - RSPCB","11-09-2026 05:00:00",29.931624,73.864511,NH3,10,15,12
India,Rajasthan,"Sri Ganganagar","Old City, Sri Ganganagar - RSPCB","11-09-2026 05:00:00",29.931624,73.864511,OZONE,32,41,35
India,Rajasthan,Tonk,"Shastri Nagar, Tonk - RSPCB","11-09-2026 05:00:00",26.159933,75.780517,NO2,3,30,11
India,Rajasthan,Udaipur,"Ashok Nagar, Udaipur - RSPCB","11-09-2026 05:00:00",24.5886166,73.6321397,SO2,4,11,6
India,Rajasthan,Bhiwadi,"Vasundhara Nagar_UIT, Bhiwadi - RSPCB","11-09-2026 05:00:00",28.207266,76.829265,PM10,89,298,142
India,Rajasthan,Bhiwadi,"Vasundhara Nagar_UIT, Bhiwadi - RSPCB","11-09-2026 05:00:00",28.207266,76.829265,NO2,9,41,17
India,Rajasthan,Bikaner,"MM Ground, Bikaner - RSPCB","11-09-2026 05:00:00",28.018792,73.292658,CO,13,58,38
India,Rajasthan,Bundi,"New Colony, Bundi - RSPCB","11-09-2026 05:00:00",25.435774,75.644272,SO2,4,10,7
India,Rajasthan,Chittorgarh,"Shastri Nagar, Chittorgarh - RSPCB","11-09-2026 05:00:00",24.892047,74.623527,PM2.5,45,92,58
India,Rajasthan,Churu,"Subash Chowk, Churu - RSPCB","11-09-2026 05:00:00",28.296139,74.961696,PM2.5,14,47,29
India,Rajasthan,Churu,"Subash Chowk, Churu - RSPCB","11-09-2026 05:00:00",28.296139,74.961696,CO,20,24,23
India,Rajasthan,Dausa,"Khatikan Mohalla, Dausa - RSPCB","11-09-2026 05:00:00",26.895552,76.334753,NO2,15,75,32
India,Rajasthan,Dausa,"Khatikan Mohalla, Dausa - RSPCB","11-09-2026 05:00:00",26.895552,76.334753,SO2,2,3,3
India,Rajasthan,Dholpur,"Raja Ganj, Dholpur - RSPCB","11-09-2026 05:00:00",26.699557,77.898881,PM2.5,37,89,60
India,Rajasthan,Dholpur,"Raja Ganj, Dholpur - RSPCB","11-09-2026 05:00:00",26.699557,77.898881,PM10,41,102,68
India,Rajasthan,Dungarpur,"Bhoiwada, Dungarpur - RSPCB","11-09-2026 05:00:00",23.837789,73.714926,PM10,41,98,68
India,Rajasthan,Jodhpur,"Collectorate, Jodhpur - RSPCB","11-09-2026 05:00:00",26.268249,73.0193853,NO2,17,24,20
India,Rajasthan,Jodhpur,"Collectorate, Jodhpur - RSPCB","11-09-2026 05:00:00",26.268249,73.0193853,OZONE,16,27,19
India,Rajasthan,Jodhpur,"Digari Kalan, Jodhpur - RSPCB","11-09-2026 05:00:00",26.29581,73.082283,PM10,23,169,61
India,Rajasthan,Jodhpur,"Digari Kalan, Jodhpur - RSPCB","11-09-2026 05:00:00",26.29581,73.082283,SO2,5,7,7
India,Rajasthan,Jodhpur,"Digari Kalan, Jodhpur - RSPCB","11-09-2026 05:00:00",26.29581,73.082283,OZONE,31,55,42
India,Rajasthan,Jodhpur,"Samrat Ashok Udhyan, Jodhpur - RSPCB","11-09-2026 05:00:00",26.253384,72.976571,OZONE,21,38,30
India,Rajasthan,Jodhpur,"Mandor, Jodhpur - RSPCB","11-09-2026 05:00:00",26.358805,73.047444,NO2,2,18,6
India,Rajasthan,Karauli,"Satyawati Vihar, Karauli - RSPCB","11-09-2026 05:00:00",26.506177,77.025989,NH3,6,11,9
India,Rajasthan,Kota,"Shrinath Puram, Kota - RSPCB","11-09-2026 05:00:00",25.14389,75.821256,NO2,4,22,16
India,Rajasthan,Kota,"Shrinath Puram, Kota - RSPCB","11-09-2026 05:00:00",25.14389,75.821256,CO,41,42,42
India,Rajasthan,Kota,"Shrinath Puram, Kota - RSPCB","11-09-2026 05:00:00",25.14389,75.821256,OZONE,16,28,22
India,Rajasthan,Kota,"Dhanmandi, Kota - RSPCB","11-09-2026 05:00:00",25.16409,75.858137,NH3,3,4,3
India,Rajasthan,Kota,"Nayapura, Kota - RSPCB","11-09-2026 05:00:00",25.196024,75.855668,CO,5,26,11
India,Punjab,Rupnagar,"Ratanpura, Rupnagar - Ambuja Cements","11-09-2026 05:00:00",31.0325454,76.5623046,CO,56,62,59
India,Punjab,Rupnagar,"Ratanpura, Rupnagar - Ambuja Cements","11-09-2026 05:00:00",31.0325454,76.5623046,OZONE,NA,NA,NA
India,Rajasthan,Alwar,"Vigyan Nagar, Alwar - RSPCB","11-09-2026 05:00:00",27.598796,76.63861,OZONE,4,13,9
India,Rajasthan,Alwar,"Moti Doongri, Alwar - RSPCB","11-09-2026 05:00:00",27.554793,76.611536,CO,70,94,77
India,Rajasthan,Baran,"Bamboliya, Baran - RSPCB","11-09-2026 05:00:00",25.106006,76.469948,PM2.5,10,107,36
India,Rajasthan,Baran,"Bamboliya, Baran - RSPCB","11-09-2026 05:00:00",25.106006,76.469948,PM10,48,83,66
India,Rajasthan,Barmer,"Railway Colony, Barmer - RSPCB","11-09-2026 05:00:00",25.747299,71.393989,PM10,35,76,55
India,Rajasthan,Bharatpur,"Krishna Nagar, Bharatpur - RSPCB","11-09-2026 05:00:00",27.215415,77.50873,PM10,32,78,48
India,Rajasthan,Bharatpur,"Krishna Nagar, Bharatpur - RSPCB","11-09-2026 05:00:00",27.215415,77.50873,SO2,2,5,4
India,Rajasthan,Bhilwara,"Pratap Nagar, Bhilwara - RSPCB","11-09-2026 05:00:00",25.339605,74.618883,SO2,5,12,9
India,Rajasthan,Bhilwara,"Pratap Nagar, Bhilwara - RSPCB","11-09-2026 05:00:00",25.339605,74.618883,CO,28,35,32
India,Rajasthan,Bhilwara,"Pratap Nagar, Bhilwara - RSPCB","11-09-2026 05:00:00",25.339605,74.618883,OZONE,24,25,25
India,Rajasthan,Jaipur,"Sector-2 Murlipura, Jaipur - RSPCB","11-09-2026 05:00:00",26.960669,75.771817,PM2.5,33,79,46
India,Rajasthan,Jaipur,"RIICO Sitapura, Jaipur - RSPCB","11-09-2026 05:00:00",26.786682,75.827928,SO2,NA,NA,NA
India,Rajasthan,Jaipur,"Shastri Nagar, Jaipur - RSPCB","11-09-2026 05:00:00",26.9502929,75.730943,PM10,NA,NA,NA
India,Rajasthan,Jaipur,"Police Commissionerate, Jaipur - RSPCB","11-09-2026 05:00:00",26.9164092,75.7994901,PM2.5,54,97,74
India,Rajasthan,Jaipur,"Police Commissionerate, Jaipur - RSPCB","11-09-2026 05:00:00",26.9164092,75.7994901,NH3,4,20,10
India,Rajasthan,Jaipur,"Mansarovar Sector-12, Jaipur - RSPCB","11-09-2026 05:00:00",26.843698,75.766894,PM10,81,163,107
India,Rajasthan,Jaisalmer,"Sadar Bazar, Jaisalmer - RSPCB","11-09-2026 05:00:00",26.912329,70.909168,PM2.5,10,33,21
India,Rajasthan,Jalore,"Mudtra Sili, Jalore - RSPCB","11-09-2026 05:00:00",25.344694,72.626208,NH3,NA,NA,NA
India,Rajasthan,Jalore,"Mudtra Sili, Jalore - RSPCB","11-09-2026 05:00:00",25.344694,72.626208,SO2,3,4,3
India,Rajasthan,Jhunjhunu,"Indra Nagar, Jhunjhunu - RSPCB","11-09-2026 05:00:00",28.108988,75.386577,PM2.5,5,52,30
India,Odisha,Byasanagar,"Ferro Chrome Colony, Byasanagar - OSPCB","11-09-2026 05:00:00",20.94185,86.1151,PM2.5,NA,NA,NA
India,Odisha,Keonjhar,"Jagamohanpur, Keonjhar - OSPCB","11-09-2026 05:00:00",21.6439,85.599355,PM2.5,19,60,33
India,Odisha,Keonjhar,"Jagamohanpur, Keonjhar - OSPCB","11-09-2026 05:00:00",21.6439,85.599355,NH3,2,2,2
India,Odisha,Nayagarh,"Dabuna, Nayagarh - OSPCB","11-09-2026 05:00:00",21.847279,85.416905,NH3,5,8,6
India,Odisha,Paradeep,"Nua Sandhakuda, Paradeep - OSPCB","11-09-2026 05:00:00",20.258828,86.665185,SO2,25,46,37
India,Odisha,Rourkela,"Fertilizer Township, Rourkela - OSPCB","11-09-2026 05:00:00",22.18972222,84.86277778,PM2.5,24,60,36
India,Odisha,Rourkela,"Fertilizer Township, Rourkela - OSPCB","11-09-2026 05:00:00",22.18972222,84.86277778,PM10,41,76,48
India,Odisha,Rourkela,"Fertilizer Township, Rourkela - OSPCB","11-09-2026 05:00:00",22.18972222,84.86277778,NO2,NA,NA,NA
India,Sikkim,Gangtok,"Zero Point GICI, Gangtok - SSPCB","11-09-2026 05:00:00",27.33853,88.614099,NH3,1,1,1
India,"Tamil Nadu",Chennai,"Manali, Chennai - CPCB","11-09-2026 05:00:00",13.164544,80.26285,PM10,64,118,91
India,"Tamil Nadu",Chennai,"Manali, Chennai - CPCB","11-09-2026 05:00:00",13.164544,80.26285,NO2,9,11,10
India,"Tamil Nadu",Chennai,"Manali Village, Chennai - TNPCB","11-09-2026 05:00:00",13.1662,80.2584,PM2.5,5,78,52
India,"Tamil Nadu",Chennai,"Manali Village, Chennai - TNPCB","11-09-2026 05:00:00",13.1662,80.2584,CO,44,52,50
India,"Tamil Nadu",Chennai,"Perungudi, Chennai - TNPCB","11-09-2026 05:00:00",12.9533,80.2357,OZONE,NA,NA,NA
India,"Tamil Nadu",Gummidipoondi,"Anthoni Pillai Nagar, Gummidipoondi - TNPCB","11-09-2026 05:00:00",13.4127,80.1081,PM10,80,319,131
India,"Tamil Nadu",Gummidipoondi,"Anthoni Pillai Nagar, Gummidipoondi - TNPCB","11-09-2026 05:00:00",13.4127,80.1081,NO2,1,17,10
India,"Tamil Nadu",Thoothukudi,"Meelavittan, Thoothukudi - TNPCB","11-09-2026 05:00:00",8.816428,78.099039,PM2.5,NA,NA,NA
India,"Tamil Nadu",Thoothukudi,"Meelavittan, Thoothukudi - TNPCB","11-09-2026 05:00:00",8.816428,78.099039,PM10,60,72,65
India,"Tamil Nadu",Thoothukudi,"Meelavittan, Thoothukudi - TNPCB","11-09-2026 05:00:00",8.816428,78.099039,NO2,12,19,16
India,"Tamil Nadu",Thoothukudi,"Meelavittan, Thoothukudi - TNPCB","11-09-2026 05:00:00",8.816428,78.099039,NH3,NA,NA,NA
India,"Tamil Nadu",Thoothukudi,"Meelavittan, Thoothukudi - TNPCB","11-09-2026 05:00:00",8.816428,78.099039,SO2,2,17,11
India,Telangana,Hyderabad,"Kokapet, Hyderabad - TSPCB","11-09-2026 05:00:00",17.393559,78.339194,OZONE,13,18,15
India,Telangana,Hyderabad,"ECIL Kapra, Hyderabad - TSPCB","11-09-2026 05:00:00",17.470431,78.566959,PM10,54,71,59
India,Telangana,Hyderabad,"ECIL Kapra, Hyderabad - TSPCB","11-09-2026 05:00:00",17.470431,78.566959,SO2,4,12,8
India,Telangana,Hyderabad,"ECIL Kapra, Hyderabad - TSPCB","11-09-2026 05:00:00",17.470431,78.566959,CO,5,19,9
India,Telangana,Hyderabad,"Ramachandrapuram, Hyderabad - TSPCB","11-09-2026 05:00:00",17.528544,78.286195,PM2.5,33,46,39
India,Telangana,Hyderabad,"Ramachandrapuram, Hyderabad - TSPCB","11-09-2026 05:00:00",17.528544,78.286195,NO2,13,15,14
India,Telangana,Hyderabad,"Ramachandrapuram, Hyderabad - TSPCB","11-09-2026 05:00:00",17.528544,78.286195,NH3,3,4,4
India,Telangana,Hyderabad,"Ramachandrapuram, Hyderabad - TSPCB","11-09-2026 05:00:00",17.528544,78.286195,SO2,7,16,13
India,Telangana,Hyderabad,"Somajiguda, Hyderabad - TSPCB","11-09-2026 05:00:00",17.417094,78.457437,SO2,11,16,14
India,Telangana,Hyderabad,"Zoo Park, Hyderabad - TSPCB","11-09-2026 05:00:00",17.349694,78.451437,PM2.5,33,63,43
India,"Uttar Pradesh",Varanasi,"Maldahiya, Varanasi - UPPCB","11-09-2026 05:00:00",25.32393,82.99687,SO2,30,32,30
India,"Uttar Pradesh",Varanasi,"IESD Banaras Hindu University, Varanasi - UPPCB","11-09-2026 05:00:00",25.262326,82.995408,SO2,16,30,21
India,"Uttar Pradesh",Vrindavan,"Omex Eternity, Vrindavan - UPPCB","11-09-2026 05:00:00",27.571409,77.655757,PM10,14,124,59
India,"Uttar Pradesh",Vrindavan,"Omex Eternity, Vrindavan - UPPCB","11-09-2026 05:00:00",27.571409,77.655757,SO2,28,46,31
India,Uttarakhand,Dehradun,"Doon University, Dehradun - UKPCB","11-09-2026 05:00:00",30.269444,78.044167,NO2,1,4,2
India,Uttarakhand,Dehradun,"Doon University, Dehradun - UKPCB","11-09-2026 05:00:00",30.269444,78.044167,SO2,0,1,1
India,Uttarakhand,Kashipur,"Govt. Girls Inter College, Kashipur - UKPCB","11-09-2026 05:00:00",29.2124114,78.9611753,PM10,NA,NA,NA
India,Uttarakhand,Kashipur,"Govt. Girls Inter College, Kashipur - UKPCB","11-09-2026 05:00:00",29.2124114,78.9611753,OZONE,NA,NA,NA
India,Uttarakhand,Rishikesh,"Shivaji Nagar, Rishikesh - UKPCB","11-09-2026 05:00:00",30.075911,78.2859547,PM10,20,48,30
India,Uttarakhand,Rishikesh,"Shivaji Nagar, Rishikesh - UKPCB","11-09-2026 05:00:00",30.075911,78.2859547,OZONE,38,71,55
India,"West Bengal",Asansol,"Trivenidevi Bhalotia College, Asansol - WBPCB","11-09-2026 05:00:00",23.616515,87.119133,CO,28,85,59
India,"West Bengal",Asansol,"Evelyn Lodge, Asansol - WBPCB","11-09-2026 05:00:00",23.697936,86.944395,PM10,13,35,22
India,"West Bengal",Asansol,"Evelyn Lodge, Asansol - WBPCB","11-09-2026 05:00:00",23.697936,86.944395,NH3,5,5,5
India,"West Bengal",Asansol,"Mahabir Colliery, Asansol - WBPCB","11-09-2026 05:00:00",23.618183,87.105718,PM2.5,NA,NA,NA
India,"West Bengal",Asansol,"Mahabir Colliery, Asansol - WBPCB","11-09-2026 05:00:00",23.618183,87.105718,NO2,0,5,0
India,"West Bengal",Barrackpore,"SVSPA Campus, Barrackpore - WBPCB","11-09-2026 05:00:00",22.7605581,88.3617589,NO2,7,16,10
India,"Uttar Pradesh","Greater Noida","Knowledge Park - V, Greater Noida - UPPCB","11-09-2026 05:00:00",28.557054,77.453663,PM10,166,410,222
India,"Uttar Pradesh","Greater Noida","Knowledge Park - V, Greater Noida - UPPCB","11-09-2026 05:00:00",28.557054,77.453663,OZONE,3,11,6
India,"Uttar Pradesh","Greater Noida","Knowledge Park - III, Greater Noida - UPPCB","11-09-2026 05:00:00",28.47272,77.482,PM2.5,44,115,72
India,"Uttar Pradesh","Greater Noida","Knowledge Park - III, Greater Noida - UPPCB","11-09-2026 05:00:00",28.47272,77.482,SO2,6,12,10
India,"Uttar Pradesh",Jhansi,"Shivaji Nagar, Jhansi - UPPCB","11-09-2026 05:00:00",25.4547,78.6039,OZONE,6,7,6
India,"Uttar Pradesh",Kanpur,"FTI Kidwai Nagar, Kanpur - UPPCB","11-09-2026 05:00:00",26.428282,80.327067,PM10,45,196,80
India,"Uttar Pradesh",Kanpur,"FTI Kidwai Nagar, Kanpur - UPPCB","11-09-2026 05:00:00",26.428282,80.327067,OZONE,NA,NA,NA
India,"Uttar Pradesh",Kanpur,"NSI Kalyanpur, Kanpur - UPPCB","11-09-2026 05:00:00",26.509954,80.249612,SO2,24,26,25
India,"Uttar Pradesh",Kanpur,"Nehru Nagar, Kanpur - UPPCB","11-09-2026 05:00:00",26.4703136,80.3229863,PM2.5,35,78,57
India,"Uttar Pradesh",Kanpur,"Nehru Nagar, Kanpur - UPPCB","11-09-2026 05:00:00",26.4703136,80.3229863,PM10,32,70,51
India,"Uttar Pradesh",Kanpur,"Nehru Nagar, Kanpur - UPPCB","11-09-2026 05:00:00",26.4703136,80.3229863,NH3,NA,NA,NA
India,"Uttar Pradesh",Khora,"Prashant Garden, Khora - UPPCB","11-09-2026 05:00:00",28.61119,77.34206,PM2.5,85,165,115
India,"Uttar Pradesh",Khora,"Prashant Garden, Khora - UPPCB","11-09-2026 05:00:00",28.61119,77.34206,CO,18,53,39
India,"Uttar Pradesh",Lucknow,"Kendriya Vidyalaya, Lucknow - CPCB","11-09-2026 05:00:00",26.906111,80.948222,NH3,10,25,17
India,"Uttar Pradesh",Lucknow,"Kendriya Vidyalaya, Lucknow - CPCB","11-09-2026 05:00:00",26.906111,80.948222,CO,34,71,48
India,"Uttar Pradesh",Lucknow,"Kukrail Picnic Spot-1, Lucknow - UPPCB","11-09-2026 05:00:00",26.90723,80.98579,PM2.5,26,50,36
India,"Uttar Pradesh",Lucknow,"Kukrail Picnic Spot-1, Lucknow - UPPCB","11-09-2026 05:00:00",26.90723,80.98579,PM10,28,64,45
India,Telangana,Hyderabad,"ICRISAT Patancheru, Hyderabad - TSPCB","11-09-2026 05:00:00",17.5184,78.278777,PM10,49,111,71
India,Telangana,Hyderabad,"ICRISAT Patancheru, Hyderabad - TSPCB","11-09-2026 05:00:00",17.5184,78.278777,SO2,2,13,7
India,Telangana,Hyderabad,"ICRISAT Patancheru, Hyderabad - TSPCB","11-09-2026 05:00:00",17.5184,78.278777,OZONE,31,59,43
India,Telangana,Hyderabad,"IDA Pashamylaram, Hyderabad - TSPCB","11-09-2026 05:00:00",17.5316895,78.218939,NO2,9,19,18
India,Telangana,Hyderabad,"Central University, Hyderabad - TSPCB","11-09-2026 05:00:00",17.460103,78.334361,PM2.5,22,35,28
India,Telangana,Hyderabad,"IITH Kandi, Hyderabad - TSPCB","11-09-2026 05:00:00",17.585705,78.126199,NO2,11,19,13
India,Telangana,Hyderabad,"Nacharam_TSIIC IALA, Hyderabad - TSPCB","11-09-2026 05:00:00",17.429398,78.569354,NO2,9,15,11
India,Telangana,Hyderabad,"New Malakpet, Hyderabad - TSPCB","11-09-2026 05:00:00",17.37206,78.50864,PM10,56,77,65
India,Telangana,Hyderabad,"New Malakpet, Hyderabad - TSPCB","11-09-2026 05:00:00",17.37206,78.50864,NH3,2,4,3
India,Telangana,Hyderabad,"New Malakpet, Hyderabad - TSPCB","11-09-2026 05:00:00",17.37206,78.50864,OZONE,15,18,16
India,Tripura,Agartala,"Bardowali, Agartala - Tripura SPCB","11-09-2026 05:00:00",23.8175497,91.2726974,NO2,13,13,13
India,"Uttar Pradesh",Agra,"Sector-3B Avas Vikas Colony, Agra - UPPCB","11-09-2026 05:00:00",27.19412,77.96237,PM2.5,40,123,72
India,"Uttar Pradesh",Agra,"Sector-3B Avas Vikas Colony, Agra - UPPCB","11-09-2026 05:00:00",27.19412,77.96237,PM10,57,138,96
India,"Uttar Pradesh",Agra,"Sector-3B Avas Vikas Colony, Agra - UPPCB","11-09-2026 05:00:00",27.19412,77.96237,NH3,5,6,5
India,"Uttar Pradesh",Agra,"Sector-3B Avas Vikas Colony, Agra - UPPCB","11-09-2026 05:00:00",27.19412,77.96237,OZONE,13,16,15
India,"Uttar Pradesh",Agra,"Shahjahan Garden, Agra - UPPCB","11-09-2026 05:00:00",27.169338,78.03582,NO2,24,29,26
India,"Uttar Pradesh",Lucknow,"Gomti Nagar, Lucknow - UPPCB","11-09-2026 05:00:00",26.86812,81.005119,PM10,17,47,33
India,"Uttar Pradesh",Lucknow,"Gomti Nagar, Lucknow - UPPCB","11-09-2026 05:00:00",26.86812,81.005119,NH3,NA,NA,NA
India,"Uttar Pradesh",Lucknow,"Lalbagh, Lucknow - CPCB","11-09-2026 05:00:00",26.8458805,80.9365541,PM10,35,78,53
India,"Uttar Pradesh",Lucknow,"Talkatora District Industries Center, Lucknow - CPCB","11-09-2026 05:00:00",26.83399722,80.8917361,NH3,8,18,12
India,"Uttar Pradesh",Lucknow,"Talkatora District Industries Center, Lucknow - CPCB","11-09-2026 05:00:00",26.83399722,80.8917361,SO2,1,37,16
India,"Uttar Pradesh",Lucknow,"B R Ambedkar University, Lucknow - UPPCB","11-09-2026 05:00:00",26.766433,80.927299,NO2,12,12,12
India,"Uttar Pradesh",Meerut,"Jai Bhim Nagar, Meerut - UPPCB","11-09-2026 05:00:00",28.9535882,77.7622941,PM10,43,125,97
India,"Uttar Pradesh",Meerut,"Jai Bhim Nagar, Meerut - UPPCB","11-09-2026 05:00:00",28.9535882,77.7622941,OZONE,30,45,37
India,"Uttar Pradesh",Meerut,"Ganga Nagar, Meerut - UPPCB","11-09-2026 05:00:00",28.999264,77.7590354,SO2,23,34,28
India,"Uttar Pradesh",Meerut,"MIET College, Meerut - UPPCB","11-09-2026 05:00:00",28.972677,77.641018,PM2.5,124,209,170
India,"Uttar Pradesh",Meerut,"MIET College, Meerut - UPPCB","11-09-2026 05:00:00",28.972677,77.641018,PM10,102,128,116
India,"Uttar Pradesh",Meerut,"MIET College, Meerut - UPPCB","11-09-2026 05:00:00",28.972677,77.641018,NH3,2,7,4
India,"Uttar Pradesh",Meerut,"Pallavpuram Phase 2, Meerut - UPPCB","11-09-2026 05:00:00",29.06351,77.709723,PM2.5,77,223,111
India,"Uttar Pradesh",Modinagar,"SRM University, Modinagar - UPPCB","11-09-2026 05:00:00",28.798171,77.540243,PM2.5,43,148,80
India,"Uttar Pradesh",Modinagar,"SRM University, Modinagar - UPPCB","11-09-2026 05:00:00",28.798171,77.540243,SO2,18,18,18
India,"Uttar Pradesh",Firozabad,"Vibhab Nagar, Firozabad - UPPCB","11-09-2026 05:00:00",27.1594,78.3953,CO,31,33,33
India,"Uttar Pradesh",Gajraula,"Rajanpur, Gajraula - UPPCB","11-09-2026 05:00:00",28.829109,78.248796,PM10,52,169,126
India,"Uttar Pradesh",Gajraula,"Rajanpur, Gajraula - UPPCB","11-09-2026 05:00:00",28.829109,78.248796,NO2,5,71,29
India,"Uttar Pradesh",Gajraula,"Rajanpur, Gajraula - UPPCB","11-09-2026 05:00:00",28.829109,78.248796,NH3,0,7,2
India,"Uttar Pradesh",Ghaziabad,"Ved Vihar-Loni, Ghaziabad - UPPCB","11-09-2026 05:00:00",28.739153,77.273668,PM10,115,146,127
India,"Uttar Pradesh",Ghaziabad,"Wave City, Ghaziabad - UPPCB","11-09-2026 05:00:00",28.646675,77.489049,PM10,NA,NA,NA
India,"Uttar Pradesh",Ghaziabad,"Indirapuram, Ghaziabad - UPPCB","11-09-2026 05:00:00",28.646233,77.358075,PM10,45,93,69
India,"Uttar Pradesh",Ghaziabad,"Indirapuram, Ghaziabad - UPPCB","11-09-2026 05:00:00",28.646233,77.358075,NH3,3,6,4
India,"Uttar Pradesh",Ghaziabad,"Indirapuram, Ghaziabad - UPPCB","11-09-2026 05:00:00",28.646233,77.358075,CO,18,27,23
India,"Uttar Pradesh",Ghaziabad,"Sanjay Nagar, Ghaziabad - UPPCB","11-09-2026 05:00:00",28.685382,77.453839,PM2.5,17,85,49
India,"Uttar Pradesh",Ghaziabad,"Sanjay Nagar, Ghaziabad - UPPCB","11-09-2026 05:00:00",28.685382,77.453839,PM10,109,193,140
India,"Uttar Pradesh",Ghaziabad,"Sanjay Nagar, Ghaziabad - UPPCB","11-09-2026 05:00:00",28.685382,77.453839,CO,28,78,43
India,"Uttar Pradesh",Ghaziabad,"Loni, Ghaziabad - UPPCB","11-09-2026 05:00:00",28.757294,77.278792,PM2.5,35,244,71
India,"Uttar Pradesh",Ghaziabad,"Govindpuram, Ghaziabad - UPPCB","11-09-2026 05:00:00",28.694528,77.494705,NH3,NA,NA,NA
India,"Uttar Pradesh",Gorakhpur,"Madan Mohan Malaviya University of Technology, Gorakhpur - UPPCB","11-09-2026 05:00:00",26.730136,83.433859,NO2,11,12,11
India,"Uttar Pradesh",Agra,"Shahjahan Garden, Agra - UPPCB","11-09-2026 05:00:00",27.169338,78.03582,NH3,1,1,1
India,"Uttar Pradesh",Agra,"Manoharpur, Agra - UPPCB","11-09-2026 05:00:00",27.23711,78.01936,NH3,2,2,2
India,"Uttar Pradesh",Agra,"Rohta, Agra - UPPCB","11-09-2026 05:00:00",27.106972,78.000111,PM10,19,150,88
India,"Uttar Pradesh",Agra,"Shastripuram, Agra - UPPCB","11-09-2026 05:00:00",27.19862,77.92066,PM2.5,27,98,53
India,"Uttar Pradesh",Agra,"Shastripuram, Agra - UPPCB","11-09-2026 05:00:00",27.19862,77.92066,NH3,3,3,3
India,"Uttar Pradesh",Agra,"Shastripuram, Agra - UPPCB","11-09-2026 05:00:00",27.19862,77.92066,SO2,NA,NA,NA
India,"Uttar Pradesh",Agra,"Shastripuram, Agra - UPPCB","11-09-2026 05:00:00",27.19862,77.92066,CO,45,56,51
India,"Uttar Pradesh",Baghpat,"Sardar Patel Inter College, Baghpat - UPPCB","11-09-2026 05:00:00",28.964949,77.278761,SO2,14,33,20
India,"Uttar Pradesh",Bareilly,"Rajendra Nagar, Bareilly - UPPCB","11-09-2026 05:00:00",28.38910936,79.42963708,OZONE,NA,NA,NA
India,"Uttar Pradesh",Bareilly,"Civil Lines, Bareilly - UPPCB","11-09-2026 05:00:00",28.359581,79.414455,CO,36,54,44
India,"Uttar Pradesh",Bulandshahr,"Yamunapuram, Bulandshahr - UPPCB","11-09-2026 05:00:00",28.406963,77.849831,NO2,3,39,23
India,"Uttar Pradesh",Bulandshahr,"Yamunapuram, Bulandshahr - UPPCB","11-09-2026 05:00:00",28.406963,77.849831,SO2,2,27,10
India,"Uttar Pradesh","Fatehpur Sikri","Dadupura, Fatehpur Sikri - UPPCB","11-09-2026 05:00:00",27.097694,77.671335,PM2.5,20,76,43
India,"Uttar Pradesh","Fatehpur Sikri","Dadupura, Fatehpur Sikri - UPPCB","11-09-2026 05:00:00",27.097694,77.671335,CO,21,40,26
India,"Uttar Pradesh",Moradabad,"Employment Office, Moradabad - UPPCB","11-09-2026 05:00:00",28.88528,78.7388,OZONE,6,11,8
India,"Uttar Pradesh",Moradabad,"Jigar Colony, Moradabad - UPPCB","11-09-2026 05:00:00",28.856664,78.772638,NH3,6,6,6
India,"Uttar Pradesh",Moradabad,"Jigar Colony, Moradabad - UPPCB","11-09-2026 05:00:00",28.856664,78.772638,SO2,26,47,42
India,"Uttar Pradesh",Moradabad,"Eco Herbal Park, Moradabad - UPPCB","11-09-2026 05:00:00",28.840739,78.697531,CO,17,22,19
India,"Uttar Pradesh",Moradabad,"Kashiram Nagar, Moradabad - UPPCB","11-09-2026 05:00:00",28.849399,78.742362,CO,29,42,36
India,"Uttar Pradesh",Moradabad,"Kashiram Nagar, Moradabad - UPPCB","11-09-2026 05:00:00",28.849399,78.742362,OZONE,14,21,17
India,"Uttar Pradesh",Moradabad,"Transport Nagar, Moradabad - UPPCB","11-09-2026 05:00:00",28.802625,78.753728,PM2.5,36,182,96
India,"Uttar Pradesh",Moradabad,"Transport Nagar, Moradabad - UPPCB","11-09-2026 05:00:00",28.802625,78.753728,NH3,5,6,5
India,"Uttar Pradesh",Moradabad,"Buddhi Vihar, Moradabad - UPPCB","11-09-2026 05:00:00",28.83526,78.7446,CO,6,16,12
India,"Uttar Pradesh",Muzaffarnagar,"New Mandi, Muzaffarnagar - UPPCB","11-09-2026 05:00:00",29.4723508,77.7194031,PM10,37,145,112
India,"Uttar Pradesh",Noida,"Sector-1, Noida - UPPCB","11-09-2026 05:00:00",28.5898,77.3101,NH3,NA,NA,NA
India,"Uttar Pradesh",Noida,"Sector-116, Noida - UPPCB","11-09-2026 05:00:00",28.56923,77.393848,SO2,12,16,14
India,"Uttar Pradesh",Noida,"Sector - 62, Noida - IITM","11-09-2026 05:00:00",28.6245479,77.3577104,SO2,NA,NA,NA
India,"Uttar Pradesh",Prayagraj,"Nagar Nigam, Prayagraj - UPPCB","11-09-2026 05:00:00",25.44919916,81.82735986,NO2,5,5,5
India,"Uttar Pradesh",Prayagraj,"Nagar Nigam, Prayagraj - UPPCB","11-09-2026 05:00:00",25.44919916,81.82735986,CO,16,32,24
India,"Uttar Pradesh",Prayagraj,"Motilal Nehru NIT, Prayagraj - UPPCB","11-09-2026 05:00:00",25.494,81.863,NO2,12,12,12
India,"Uttar Pradesh",Prayagraj,"Jhunsi, Prayagraj - UPPCB","11-09-2026 05:00:00",25.425602,81.917152,SO2,11,102,34
India,"Uttar Pradesh",Prayagraj,"Jhunsi, Prayagraj - UPPCB","11-09-2026 05:00:00",25.425602,81.917152,CO,21,33,29
India,"Uttar Pradesh",Raebareli," Indira Nagar, Raebareli - NTPC Unchahar","11-09-2026 05:00:00",26.207781,81.245571,PM10,64,99,83
India,"Uttar Pradesh",Raebareli,"Anand Nagar, Raebareli - UPPCB","11-09-2026 05:00:00",26.219512,81.237648,PM2.5,24,42,35
India,"Uttar Pradesh",Raebareli,"Anand Nagar, Raebareli - UPPCB","11-09-2026 05:00:00",26.219512,81.237648,CO,49,82,62
India,"Uttar Pradesh",Shamli,"New Tehsil, Shamli - UPPCB","11-09-2026 05:00:00",29.4603683,77.3410291,PM10,105,136,120
India,"Uttar Pradesh",Shamli,"New Tehsil, Shamli - UPPCB","11-09-2026 05:00:00",29.4603683,77.3410291,NO2,10,27,14
India,"West Bengal",Durgapur,"PCBL Residential Complex, Durgapur - WBPCB","11-09-2026 05:00:00",23.508764,87.35444,NH3,4,7,5
India,"West Bengal",Durgapur,"PCBL Residential Complex, Durgapur - WBPCB","11-09-2026 05:00:00",23.508764,87.35444,SO2,11,12,12
India,"West Bengal",Durgapur,"PCBL Residential Complex, Durgapur - WBPCB","11-09-2026 05:00:00",23.508764,87.35444,OZONE,5,6,6
India,"West Bengal",Haldia,"Priyambada Housing Estate, Haldia - WBPCB","11-09-2026 05:00:00",22.06047,88.109737,CO,23,46,29
India,"West Bengal",Howrah,"Ghusuri, Howrah - WBPCB","11-09-2026 05:00:00",22.611968,88.347422,PM2.5,17,50,31
India,"West Bengal",Howrah,"Ghusuri, Howrah - WBPCB","11-09-2026 05:00:00",22.611968,88.347422,SO2,1,10,7
India,"West Bengal",Howrah,"Ghusuri, Howrah - WBPCB","11-09-2026 05:00:00",22.611968,88.347422,OZONE,18,24,20
India,"West Bengal",Howrah,"Dasnagar, Howrah - WBPCB","11-09-2026 05:00:00",22.6025571,88.3105664,PM2.5,22,102,52
India,"West Bengal",Howrah,"Dasnagar, Howrah - WBPCB","11-09-2026 05:00:00",22.6025571,88.3105664,NH3,1,2,1
India,"West Bengal",Howrah,"Belur Math, Howrah - WBPCB","11-09-2026 05:00:00",22.629801,88.352017,CO,7,22,13
India,"West Bengal",Howrah,"Belur Math, Howrah - WBPCB","11-09-2026 05:00:00",22.629801,88.352017,OZONE,8,9,9
India,"West Bengal",Howrah,"Padmapukur, Howrah - WBPCB","11-09-2026 05:00:00",22.5687319,88.2797276,NO2,15,53,30
India,"West Bengal",Howrah,"Padmapukur, Howrah - WBPCB","11-09-2026 05:00:00",22.5687319,88.2797276,OZONE,10,14,13
India,"West Bengal",Howrah,"Botanical Garden, Howrah - WBPCB","11-09-2026 05:00:00",22.554954,88.292568,PM2.5,22,85,43
India,"West Bengal",Howrah,"Botanical Garden, Howrah - WBPCB","11-09-2026 05:00:00",22.554954,88.292568,NH3,2,3,2
India,"West Bengal",Howrah,"Botanical Garden, Howrah - WBPCB","11-09-2026 05:00:00",22.554954,88.292568,CO,9,16,12
India,"West Bengal",Kolkata,"Fort William, Kolkata - WBPCB","11-09-2026 05:00:00",22.55664,88.342674,NO2,13,25,17
India,"West Bengal",Kolkata,"Ballygunge, Kolkata - WBPCB","11-09-2026 05:00:00",22.5367507,88.3638022,CO,11,19,15
India,"West Bengal",Kolkata,"Rabindra Sarobar, Kolkata - WBPCB","11-09-2026 05:00:00",22.51106,88.35142,NH3,5,8,6
India,"West Bengal",Kolkata,"Rabindra Sarobar, Kolkata - WBPCB","11-09-2026 05:00:00",22.51106,88.35142,SO2,5,7,6
India,"West Bengal",Kolkata,"Jadavpur, Kolkata - WBPCB","11-09-2026 05:00:00",22.49929,88.36917,PM10,25,77,48
India,"West Bengal",Kolkata,"Rabindra Bharati University, Kolkata - WBPCB","11-09-2026 05:00:00",22.627847,88.380669,SO2,8,10,9
India,Bihar,Munger,"Town Hall, Munger - BSPCB","11-09-2026 05:00:00",25.376776,86.471523,SO2,67,78,73
India,Bihar,Muzaffarpur,"Buddha Colony, Muzaffarpur - BSPCB","11-09-2026 05:00:00",26.11442,85.39813,SO2,3,7,5
India,Bihar,Muzaffarpur,"MIT-Daudpur Kothi, Muzaffarpur - BSPCB","11-09-2026 05:00:00",26.1403345,85.3650192,PM10,31,47,40
India,Bihar,Muzaffarpur,"MIT-Daudpur Kothi, Muzaffarpur - BSPCB","11-09-2026 05:00:00",26.1403345,85.3650192,NO2,2,8,4
India,Bihar,Muzaffarpur,"MIT-Daudpur Kothi, Muzaffarpur - BSPCB","11-09-2026 05:00:00",26.1403345,85.3650192,OZONE,21,23,22
India,Bihar,Patna,"Rajbansi Nagar, Patna - BSPCB","11-09-2026 05:00:00",25.599486,85.113666,PM2.5,22,48,33
India,Bihar,Patna,"Rajbansi Nagar, Patna - BSPCB","11-09-2026 05:00:00",25.599486,85.113666,NO2,28,33,31
India,Bihar,Patna,"Muradpur, Patna - BSPCB","11-09-2026 05:00:00",25.619651,85.147382,NH3,4,5,5
India,Bihar,Patna,"DRM Office Danapur, Patna - BSPCB","11-09-2026 05:00:00",25.586562,85.043586,PM2.5,21,30,26
India,Bihar,Patna,"DRM Office Danapur, Patna - BSPCB","11-09-2026 05:00:00",25.586562,85.043586,NO2,20,26,23
India,Bihar,Patna,"DRM Office Danapur, Patna - BSPCB","11-09-2026 05:00:00",25.586562,85.043586,SO2,4,7,6
India,Bihar,Patna,"DRM Office Danapur, Patna - BSPCB","11-09-2026 05:00:00",25.586562,85.043586,CO,27,43,34
India,Bihar,Patna,"IGSC Planetarium Complex, Patna - BSPCB","11-09-2026 05:00:00",25.610369,85.132568,PM2.5,3,187,86
India,"Andhra Pradesh",Vijayawada,"Rajiv Nagar, Vijayawada - APPCB","11-09-2026 05:00:00",16.554731,80.64911,SO2,NA,NA,NA
India,"Andhra Pradesh",Vijayawada,"Rajiv Nagar, Vijayawada - APPCB","11-09-2026 05:00:00",16.554731,80.64911,OZONE,NA,NA,NA
India,"Andhra Pradesh",Vijayawada,"HB Colony, Vijayawada - APPCB","11-09-2026 05:00:00",16.536107,80.594233,NO2,18,29,21
India,"Andhra Pradesh",Vijayawada,"HB Colony, Vijayawada - APPCB","11-09-2026 05:00:00",16.536107,80.594233,SO2,11,19,16
India,"Andhra Pradesh",Vijayawada,"Rajiv Gandhi Park, Vijayawada - APPCB","11-09-2026 05:00:00",16.509717,80.612222,PM10,70,93,83
India,"Andhra Pradesh",Vijayawada,"Rajiv Gandhi Park, Vijayawada - APPCB","11-09-2026 05:00:00",16.509717,80.612222,OZONE,11,11,11
India,"Andhra Pradesh",Visakhapatnam,"GVM Corporation, Visakhapatnam - APPCB","11-09-2026 05:00:00",17.72,83.3,OZONE,4,32,15
India,"Arunachal Pradesh",Naharlagun,"Naharlagun, Naharlagun - APSPCB","11-09-2026 05:00:00",27.103358,93.679645,PM2.5,11,94,42
India,"Arunachal Pradesh",Naharlagun,"Naharlagun, Naharlagun - APSPCB","11-09-2026 05:00:00",27.103358,93.679645,NH3,1,1,1
India,Bihar,Gaya,"Collectorate, Gaya - BSPCB","11-09-2026 05:00:00",24.7955,84.9994,OZONE,27,28,28
India,Bihar,Katihar,"Mirchaibari, Katihar - BSPCB","11-09-2026 05:00:00",25.560083,87.553265,SO2,12,26,19
India,Bihar,Kishanganj,"SDM Office_Khagra, Kishanganj - BSPCB","11-09-2026 05:00:00",26.0881305,87.93840336,NO2,7,8,8
India,Bihar,Kishanganj,"SDM Office_Khagra, Kishanganj - BSPCB","11-09-2026 05:00:00",26.0881305,87.93840336,SO2,5,13,10
India,Bihar,Manguraha,"Forest Rest House, Manguraha - BSPCB","11-09-2026 05:00:00",27.308328,84.531742,NH3,0,1,1
India,Bihar,Manguraha,"Forest Rest House, Manguraha - BSPCB","11-09-2026 05:00:00",27.308328,84.531742,SO2,13,48,28
India,Bihar,Motihari,"Gandak Colony, Motihari - BSPCB","11-09-2026 05:00:00",26.63086,84.90051,NO2,2,3,3
India,Bihar,Motihari,"Gandak Colony, Motihari - BSPCB","11-09-2026 05:00:00",26.63086,84.90051,OZONE,55,60,58
India,"Andhra Pradesh",Anantapur,"Gulzarpet, Anantapur - APPCB","11-09-2026 05:00:00",14.675886,77.593027,PM2.5,57,111,78
India,"Andhra Pradesh",Anantapur,"Gulzarpet, Anantapur - APPCB","11-09-2026 05:00:00",14.675886,77.593027,NO2,16,24,20
India,"Andhra Pradesh",Eluru,"District Court, Eluru - APPCB","11-09-2026 05:00:00",16.711754,81.092095,PM2.5,45,66,56
India,"Andhra Pradesh",Eluru,"District Court, Eluru - APPCB","11-09-2026 05:00:00",16.711754,81.092095,PM10,54,76,63
India,"Andhra Pradesh",Guntur,"Rajendra Nagar North, Guntur - APPCB","11-09-2026 05:00:00",16.316553,80.413302,NH3,6,17,8
India,"Andhra Pradesh",Guntur,"Rajendra Nagar North, Guntur - APPCB","11-09-2026 05:00:00",16.316553,80.413302,OZONE,17,17,17
India,"Andhra Pradesh",Kadapa,"Yerramukkapalli, Kadapa - APPCB","11-09-2026 05:00:00",14.465052,78.824187,CO,26,43,33
India,"Andhra Pradesh",Kurnool,"Sita Rama Nagar, Kurnool - APPCB","11-09-2026 05:00:00",15.83411,78.028546,PM10,39,65,53
India,"Andhra Pradesh",Kurnool,"Sita Rama Nagar, Kurnool - APPCB","11-09-2026 05:00:00",15.83411,78.028546,SO2,10,13,11
India,"Andhra Pradesh",Machilipatnam,"Srinivas Nagar Colony, Machilipatnam - APPCB","11-09-2026 05:00:00",16.186555,81.13219,PM10,55,77,69
India,"Andhra Pradesh",Machilipatnam,"Srinivas Nagar Colony, Machilipatnam - APPCB","11-09-2026 05:00:00",16.186555,81.13219,NO2,26,73,37
India,Assam,Byrnihat,"Central Academy for SFS, Byrnihat - PCBA","11-09-2026 05:00:00",26.071318,91.87488,PM2.5,58,123,87
India,Assam,Byrnihat,"Central Academy for SFS, Byrnihat - PCBA","11-09-2026 05:00:00",26.071318,91.87488,PM10,54,102,80
India,Assam,Byrnihat,"Central Academy for SFS, Byrnihat - PCBA","11-09-2026 05:00:00",26.071318,91.87488,SO2,19,32,31
India,Assam,Guwahati,"Pan Bazaar, Guwahati - PCBA","11-09-2026 05:00:00",26.1875,91.744194,PM2.5,NA,NA,NA
India,Assam,Guwahati,"Railway Colony, Guwahati - PCBA","11-09-2026 05:00:00",26.181742,91.78063,PM10,32,89,49
India,Bihar,Bhagalpur,"DM Office_Kachari Chowk, Bhagalpur - BSPCB","11-09-2026 05:00:00",25.251013,86.989001,NO2,20,23,21
India,Bihar,Bhagalpur,"DM Office_Kachari Chowk, Bhagalpur - BSPCB","11-09-2026 05:00:00",25.251013,86.989001,NH3,4,5,4
India,Bihar,Chhapra,"Darshan Nagar, Chhapra - BSPCB","11-09-2026 05:00:00",25.7808257,84.7446768,PM2.5,88,97,92
India,Bihar,Gaya,"SFTI Kusdihra, Gaya - BSPCB","11-09-2026 05:00:00",24.762518,84.982348,NO2,20,29,26
India,Assam,Nagaon,"Christianpatty, Nagaon - PCBA","11-09-2026 05:00:00",26.349082,92.68449,PM10,31,64,49
India,Assam,Nalbari,"Bata Chowk, Nalbari - PCBA","11-09-2026 05:00:00",26.446912,91.439057,NH3,5,7,6
India,Assam,Nalbari,"Bata Chowk, Nalbari - PCBA","11-09-2026 05:00:00",26.446912,91.439057,OZONE,19,19,19
India,Assam,Silchar,"Tarapur, Silchar - PCBA","11-09-2026 05:00:00",24.82827,92.79525,SO2,4,5,5
India,"Andhra Pradesh",Nellore,"Ambedkar Nagar, Nellore - APPCB ","11-09-2026 05:00:00",14.438164,79.966814,NO2,28,36,30
India,"Andhra Pradesh",Nellore,"Ambedkar Nagar, Nellore - APPCB ","11-09-2026 05:00:00",14.438164,79.966814,CO,39,39,39
India,"Andhra Pradesh",Nellore,"Ambedkar Nagar, Nellore - APPCB ","11-09-2026 05:00:00",14.438164,79.966814,OZONE,29,34,31
India,"Andhra Pradesh",Rajamahendravaram,"Anand Kala Kshetram, Rajamahendravaram - APPCB","11-09-2026 05:00:00",16.9872867,81.7363176,PM2.5,22,60,42
India,Assam,Sivasagar,"Girls College, Sivasagar - PCBA","11-09-2026 05:00:00",26.987634,94.636574,CO,27,32,30
India,Bihar,Bettiah,"Kamalnath Nagar, Bettiah - BSPCB","11-09-2026 05:00:00",26.80365,84.51954,CO,24,28,26
India,Bihar,Bhagalpur,"Mayaganj, Bhagalpur - BSPCB","11-09-2026 05:00:00",25.265194,87.012947,SO2,10,57,26
India,Delhi,Delhi,"North Campus, DU, Delhi - IITM","11-09-2026 05:00:00",28.6573814,77.1585447,NO2,59,321,137
India,Delhi,Delhi,"North Campus, DU, Delhi - IITM","11-09-2026 05:00:00",28.6573814,77.1585447,CO,79,104,94
India,Delhi,Delhi,"Alipur, Delhi - DPCC","11-09-2026 05:00:00",28.815329,77.15301,NO2,NA,NA,NA
India,Delhi,Delhi,"Alipur, Delhi - DPCC","11-09-2026 05:00:00",28.815329,77.15301,SO2,NA,NA,NA
India,Delhi,Delhi,"Alipur, Delhi - DPCC","11-09-2026 05:00:00",28.815329,77.15301,OZONE,7,10,8
India,Delhi,Delhi,"Burari Crossing, Delhi - IITM","11-09-2026 05:00:00",28.7256504,77.2011573,PM2.5,22,123,64
India,Delhi,Delhi,"Burari Crossing, Delhi - IITM","11-09-2026 05:00:00",28.7256504,77.2011573,SO2,NA,NA,NA
India,Delhi,Delhi,"Burari Crossing, Delhi - IITM","11-09-2026 05:00:00",28.7256504,77.2011573,OZONE,14,35,20
India,Delhi,Delhi,"IMD Lodhi Road, Delhi - IITM","11-09-2026 05:00:00",28.5918245,77.2273074,NO2,4,34,17
India,Delhi,Delhi,"JNU, Delhi - DPCC","11-09-2026 05:00:00",28.540721,77.168544,NO2,6,55,30
India,Delhi,Delhi,"JNU, Delhi - DPCC","11-09-2026 05:00:00",28.540721,77.168544,NH3,0,9,3
India,Gujarat,Ahmedabad,"Rakhial, Ahmedabad - IITM","11-09-2026 05:00:00",23.016834,72.625775,PM2.5,23,50,36
India,Gujarat,Ahmedabad,"Rakhial, Ahmedabad - IITM","11-09-2026 05:00:00",23.016834,72.625775,NH3,5,62,12
India,Gujarat,Ahmedabad,"Rakhial, Ahmedabad - IITM","11-09-2026 05:00:00",23.016834,72.625775,CO,31,44,38
India,Gujarat,Ahmedabad,"Maninagar, Ahmedabad - GPCB","11-09-2026 05:00:00",23.002657,72.591912,SO2,NA,NA,NA
India,Gujarat,Ahmedabad,"Maninagar, Ahmedabad - GPCB","11-09-2026 05:00:00",23.002657,72.591912,CO,2,84,31
India,Gujarat,Ahmedabad,"SAC ISRO Bopal, Ahmedabad - IITM","11-09-2026 05:00:00",23.041137,72.456691,PM10,36,66,47
India,Delhi,Delhi,"Dr. Karni Singh Shooting Range, Delhi - DPCC","11-09-2026 05:00:00",28.498571,77.26484,NO2,8,59,31
India,Delhi,Delhi,"IIT Delhi, Delhi - IITM","11-09-2026 05:00:00",28.54246,77.191651,PM2.5,31,76,54
India,Delhi,Delhi,"IIT Delhi, Delhi - IITM","11-09-2026 05:00:00",28.54246,77.191651,NH3,NA,NA,NA
India,Delhi,Delhi,"IIT Delhi, Delhi - IITM","11-09-2026 05:00:00",28.54246,77.191651,CO,52,55,53
India,Delhi,Delhi,"IGI Airport (T3), Delhi - IITM","11-09-2026 05:00:00",28.5627763,77.1180053,PM2.5,1,142,52
India,Delhi,Delhi,"IGI Airport (T3), Delhi - IITM","11-09-2026 05:00:00",28.5627763,77.1180053,SO2,NA,NA,NA
India,Delhi,Delhi,"IGI Airport (T3), Delhi - IITM","11-09-2026 05:00:00",28.5627763,77.1180053,CO,56,79,68
India,Delhi,Delhi,"IGNOU_Maidan Garhi, Delhi - DPCC","11-09-2026 05:00:00",28.493624,77.201159,PM10,76,154,108
India,Delhi,Delhi,"IGNOU_Maidan Garhi, Delhi - DPCC","11-09-2026 05:00:00",28.493624,77.201159,SO2,6,8,7
India,Delhi,Delhi,"Talkatora Garden, Delhi - DPCC","11-09-2026 05:00:00",28.62181,77.1944633,SO2,0,3,1
India,Delhi,Delhi,"NSIT Dwarka, Delhi - CPCB","11-09-2026 05:00:00",28.60909,77.0325413,PM2.5,30,81,49
India,Delhi,Delhi,"NSIT Dwarka, Delhi - CPCB","11-09-2026 05:00:00",28.60909,77.0325413,PM10,82,116,100
India,Delhi,Delhi,"NSIT Dwarka, Delhi - CPCB","11-09-2026 05:00:00",28.60909,77.0325413,NH3,4,15,8
India,Delhi,Delhi,"ITO, Delhi - CPCB","11-09-2026 05:00:00",28.628624,77.24106,SO2,0,52,26
India,Delhi,Delhi,"R K Puram, Delhi - DPCC","11-09-2026 05:00:00",28.563262,77.186937,PM2.5,23,163,61
India,Bihar,Purnia,"Mariam Nagar, Purnia - BSPCB","11-09-2026 05:00:00",25.366336,87.117468,PM2.5,55,55,55
India,Bihar,Purnia,"Mariam Nagar, Purnia - BSPCB","11-09-2026 05:00:00",25.366336,87.117468,PM10,38,38,38
India,Bihar,Purnia,"Mariam Nagar, Purnia - BSPCB","11-09-2026 05:00:00",25.366336,87.117468,NO2,17,19,18
India,Bihar,Saharsa,"Police Line, Saharsa - BSPCB","11-09-2026 05:00:00",25.892357,86.590325,PM2.5,NA,NA,NA
India,Bihar,Saharsa,"Police Line, Saharsa - BSPCB","11-09-2026 05:00:00",25.892357,86.590325,NO2,7,7,7
India,Bihar,Saharsa,"Police Line, Saharsa - BSPCB","11-09-2026 05:00:00",25.892357,86.590325,NH3,4,4,4
India,Bihar,Samastipur,"DM Office_Kasipur, Samastipur - BSPCB","11-09-2026 05:00:00",25.859655,85.77944,SO2,1,24,12
India,Bihar,Sasaram,"Dada Peer, Sasaram - BSPCB","11-09-2026 05:00:00",24.952822,84.002396,NH3,2,4,3
India,Chandigarh,Chandigarh,"Sector 22, Chandigarh - CPCC","11-09-2026 05:00:00",30.735567,76.775714,PM2.5,25,52,36
India,Chandigarh,Chandigarh,"Sector 22, Chandigarh - CPCC","11-09-2026 05:00:00",30.735567,76.775714,NO2,2,13,7
India,Chandigarh,Chandigarh,"Sector 22, Chandigarh - CPCC","11-09-2026 05:00:00",30.735567,76.775714,CO,36,42,39
India,Chandigarh,Chandigarh,"Sector-25, Chandigarh - CPCC","11-09-2026 05:00:00",30.751462,76.762879,PM2.5,19,62,45
India,Chhattisgarh,Bhilai,"Civic Center, Bhilai - Bhilai Steel Plant","11-09-2026 05:00:00",21.185571,81.343175,PM10,8,30,20
India,Delhi,Delhi,"Sirifort, Delhi - CPCB","11-09-2026 05:00:00",28.5504249,77.2159377,NH3,8,14,9
India,Delhi,Delhi,"Chandni Chowk, Delhi - IITM","11-09-2026 05:00:00",28.656756,77.227234,PM10,96,180,129
India,Delhi,Delhi,"Chandni Chowk, Delhi - IITM","11-09-2026 05:00:00",28.656756,77.227234,NO2,22,88,32
India,Delhi,Delhi,"Chandni Chowk, Delhi - IITM","11-09-2026 05:00:00",28.656756,77.227234,NH3,6,12,8
India,Delhi,Delhi,"Pusa, Delhi - IITM","11-09-2026 05:00:00",28.63611,77.173332,PM10,59,136,116
India,Delhi,Delhi,"Pusa, Delhi - IITM","11-09-2026 05:00:00",28.63611,77.173332,NO2,17,131,64
India,Delhi,Delhi,"Pusa, Delhi - IITM","11-09-2026 05:00:00",28.63611,77.173332,OZONE,12,30,18
India,Delhi,Delhi,"Ashok Vihar, Delhi - DPCC","11-09-2026 05:00:00",28.695381,77.181665,SO2,34,39,37
India,Delhi,Delhi,"Anand Vihar, Delhi - DPCC","11-09-2026 05:00:00",28.647622,77.315809,NH3,4,6,5
India,Delhi,Delhi,"DTU, Delhi - CPCB","11-09-2026 05:00:00",28.7500499,77.1112615,PM10,86,158,121
India,Delhi,Delhi,"Dwarka-Sector 8, Delhi - DPCC ","11-09-2026 05:00:00",28.5710274,77.0719006,PM10,104,200,143
India,Delhi,Delhi,"Dwarka-Sector 8, Delhi - DPCC ","11-09-2026 05:00:00",28.5710274,77.0719006,NH3,4,6,5
India,Delhi,Delhi,"NSUT Jaffarpur, Delhi - DPCC","11-09-2026 05:00:00",28.594004,76.909423,CO,23,36,31
India,Delhi,Delhi,"Najafgarh, Delhi - DPCC","11-09-2026 05:00:00",28.570173,76.933762,PM2.5,3,67,26
India,Delhi,Delhi,"Punjabi Bagh, Delhi - DPCC","11-09-2026 05:00:00",28.674045,77.131023,PM10,68,218,143
India,Delhi,Delhi,"Mundka, Delhi - DPCC","11-09-2026 05:00:00",28.684678,77.076574,PM10,96,422,160
India,Delhi,Delhi,"Mundka, Delhi - DPCC","11-09-2026 05:00:00",28.684678,77.076574,NO2,70,90,80
India,Delhi,Delhi,"Mundka, Delhi - DPCC","11-09-2026 05:00:00",28.684678,77.076574,SO2,4,15,9
India,Delhi,Delhi,"Shadipur, Delhi - CPCB","11-09-2026 05:00:00",28.6514781,77.1473105,PM10,70,150,108
India,Delhi,Delhi,"Shadipur, Delhi - CPCB","11-09-2026 05:00:00",28.6514781,77.1473105,OZONE,8,12,10
India,Delhi,Delhi,"Mandir Marg, Delhi - DPCC","11-09-2026 05:00:00",28.636429,77.201067,NH3,8,18,10
India,Delhi,Delhi,"Mandir Marg, Delhi - DPCC","11-09-2026 05:00:00",28.636429,77.201067,OZONE,1,7,4
India,Delhi,Delhi,"Pusa, Delhi - DPCC","11-09-2026 05:00:00",28.639652,77.146275,NH3,3,13,6
India,Chhattisgarh,Tumidih,"OP Jindal Industrial Park, Tumidih - CECB","11-09-2026 05:00:00",22.06631475,83.33820077,OZONE,5,9,6
India,Delhi,Delhi,"Narela, Delhi - DPCC","11-09-2026 05:00:00",28.822836,77.101981,NO2,8,17,12
India,Delhi,Delhi,"Cantonment Area, Delhi - DPCC","11-09-2026 05:00:00",28.594169,77.1251,OZONE,7,8,8
India,Delhi,Delhi,"Sonia Vihar, Delhi - DPCC","11-09-2026 05:00:00",28.710508,77.249485,PM2.5,22,140,62
India,Delhi,Delhi,"Sonia Vihar, Delhi - DPCC","11-09-2026 05:00:00",28.710508,77.249485,PM10,97,145,123
India,Delhi,Delhi,"Bawana, Delhi - DPCC","11-09-2026 05:00:00",28.7762,77.051074,PM10,80,185,115
India,Delhi,Delhi,"Bawana, Delhi - DPCC","11-09-2026 05:00:00",28.7762,77.051074,CO,NA,NA,NA
India,Delhi,Delhi,"Okhla Phase-2, Delhi - DPCC","11-09-2026 05:00:00",28.530785,77.271255,PM10,105,179,137
India,Delhi,Delhi,"Rohini, Delhi - DPCC","11-09-2026 05:00:00",28.732528,77.11992,PM2.5,28,163,73
India,Chhattisgarh,Kunjemura,"OP Jindal School, Kunjemura - CECB","11-09-2026 05:00:00",22.12665,83.483212,SO2,1,13,8
India,Chhattisgarh,Raipur,"AIIMS, Raipur - CECB","11-09-2026 05:00:00",21.258815,81.578979,NO2,0,8,3
India,Chhattisgarh,Raipur,"Bhatagaon New ISBT, Raipur - CECB","11-09-2026 05:00:00",21.219665,81.630094,NH3,2,2,2
India,Chhattisgarh,Raipur,"Bhatagaon New ISBT, Raipur - CECB","11-09-2026 05:00:00",21.219665,81.630094,OZONE,4,7,6
India,Chhattisgarh,Raipur,"Siltara Phase-II, Raipur - CECB","11-09-2026 05:00:00",21.371751,81.664929,PM10,20,134,81
India,Chhattisgarh,Tumidih,"OP Jindal Industrial Park, Tumidih - CECB","11-09-2026 05:00:00",22.06631475,83.33820077,PM10,16,40,22
India,Chhattisgarh,Tumidih,"OP Jindal Industrial Park, Tumidih - CECB","11-09-2026 05:00:00",22.06631475,83.33820077,NH3,1,2,2
India,Chhattisgarh,Bhilai,"Hathkhoj, Bhilai - CECB","11-09-2026 05:00:00",21.224231,81.40835,CO,9,22,15
India,Chhattisgarh,Bhilai,"Hathkhoj, Bhilai - CECB","11-09-2026 05:00:00",21.224231,81.40835,OZONE,4,16,11
India,Chhattisgarh,Chhal,"Nawapara SECL Colony, Chhal - CECB","11-09-2026 05:00:00",22.118125,83.140608,PM10,9,22,15
India,Chhattisgarh,Chhal,"Nawapara SECL Colony, Chhal - CECB","11-09-2026 05:00:00",22.118125,83.140608,SO2,0,9,6
India,Chhattisgarh,Chhal,"Nawapara SECL Colony, Chhal - CECB","11-09-2026 05:00:00",22.118125,83.140608,OZONE,33,41,36
India,Chhattisgarh,Korba,"Urja Nagar, Korba - CECB","11-09-2026 05:00:00",22.348441,82.549611,PM10,6,26,16
India,Chhattisgarh,Korba,"Urja Nagar, Korba - CECB","11-09-2026 05:00:00",22.348441,82.549611,NO2,3,5,4
India,Chhattisgarh,Korba,"Urja Nagar, Korba - CECB","11-09-2026 05:00:00",22.348441,82.549611,SO2,9,26,12
India,Delhi,Delhi,"Vivek Vihar, Delhi - DPCC","11-09-2026 05:00:00",28.672342,77.31526,PM10,114,206,143
India,Delhi,Delhi,"Vivek Vihar, Delhi - DPCC","11-09-2026 05:00:00",28.672342,77.31526,NH3,6,7,6
India,Delhi,Delhi,"IHBAS, Dilshad Garden, Delhi - CPCB","11-09-2026 05:00:00",28.6811736,77.3025234,NO2,47,51,50
India,Delhi,Delhi,"Sri Aurobindo Marg, Delhi - DPCC","11-09-2026 05:00:00",28.531346,77.190156,NH3,1,5,3
India,Delhi,Delhi,"Jawaharlal Nehru Stadium, Delhi - DPCC","11-09-2026 05:00:00",28.58028,77.233829,NH3,5,7,6
India,Gujarat,Nandesari,"GIDC, Nandesari - Nandesari Ind. Association","11-09-2026 05:00:00",22.410802,73.097923,OZONE,NA,NA,NA
India,Gujarat,Rajkot,"Mavdi, Rajkot - Nexteng Enviro ","11-09-2026 05:00:00",22.248853,70.776774,NH3,0,1,1
India,Gujarat,Surat,"Katargam, Surat - Nexteng Enviro","11-09-2026 05:00:00",21.217779,72.834787,OZONE,11,12,12
India,Gujarat,Vadodara,"Bapunagar, Vadodara - Nexteng Enviro","11-09-2026 05:00:00",22.320153,73.216285,PM10,22,103,55
India,Gujarat,Vadodara,"Bapunagar, Vadodara - Nexteng Enviro","11-09-2026 05:00:00",22.320153,73.216285,CO,80,84,82
India,Gujarat,Vadodara,"Bapunagar, Vadodara - Nexteng Enviro","11-09-2026 05:00:00",22.320153,73.216285,OZONE,2,3,3
India,Gujarat,Vatva,"Phase-4 GIDC, Vatva - GPCB","11-09-2026 05:00:00",22.969611,72.6435,PM10,80,144,115
India,Gujarat,Vatva,"Phase-4 GIDC, Vatva - GPCB","11-09-2026 05:00:00",22.969611,72.6435,NO2,18,26,21
India,Gujarat,Vatva,"Phase-4 GIDC, Vatva - GPCB","11-09-2026 05:00:00",22.969611,72.6435,NH3,5,5,5
India,Gujarat,Vatva,"Phase-4 GIDC, Vatva - GPCB","11-09-2026 05:00:00",22.969611,72.6435,SO2,0,37,14
India,Haryana,Bahadurgarh,"Arya Nagar, Bahadurgarh - HSPCB","11-09-2026 05:00:00",28.6701,76.9254,PM10,84,137,104
India,Haryana,Bahadurgarh,"Arya Nagar, Bahadurgarh - HSPCB","11-09-2026 05:00:00",28.6701,76.9254,OZONE,3,18,9
India,Haryana,Ballabgarh,"Nathu Colony, Ballabgarh - HSPCB","11-09-2026 05:00:00",28.3419248,77.319699,PM2.5,42,163,77
India,Gujarat,Ahmedabad,"Chandkheda, Ahmedabad - IITM","11-09-2026 05:00:00",23.107969,72.574648,NO2,7,30,12
India,Gujarat,Ahmedabad,"Chandkheda, Ahmedabad - IITM","11-09-2026 05:00:00",23.107969,72.574648,SO2,10,15,13
India,Gujarat,Ahmedabad,"Chandkheda, Ahmedabad - IITM","11-09-2026 05:00:00",23.107969,72.574648,OZONE,3,10,5
India,Gujarat,Ankleshwar,"GIDC, Ankleshwar - GPCB","11-09-2026 05:00:00",21.613267,73.010555,NH3,5,8,7
India,Gujarat,Ankleshwar,"GIDC, Ankleshwar - GPCB","11-09-2026 05:00:00",21.613267,73.010555,CO,40,89,58
India,Gujarat,Bhavnagar,"Vidhyanagar, Bhavnagar - Nexteng Enviro","11-09-2026 05:00:00",21.755417,72.139056,SO2,7,8,7
India,Gujarat,Gandhinagar,"Sector-10, Gandhinagar - GPCB","11-09-2026 05:00:00",23.221714,72.654328,PM10,15,77,43
India,Gujarat,Gandhinagar,"Sector-10, Gandhinagar - GPCB","11-09-2026 05:00:00",23.221714,72.654328,NO2,6,8,7
India,Gujarat,Gandhinagar,"Sector-10, Gandhinagar - GPCB","11-09-2026 05:00:00",23.221714,72.654328,OZONE,3,11,6
India,Gujarat,Gandhinagar,"GIFT City, Gandhinagar - IITM","11-09-2026 05:00:00",23.163798,72.677768,PM10,61,127,85
India,Gujarat,Gandhinagar,"GIFT City, Gandhinagar - IITM","11-09-2026 05:00:00",23.163798,72.677768,CO,11,53,28
India,Haryana,Jind,"Police Lines, Jind - HSPCB","11-09-2026 05:00:00",29.307814,76.337619,SO2,27,30,28
India,Haryana,Kaithal,"Rishi Nagar, Kaithal - HSPCB","11-09-2026 05:00:00",29.8006,76.4155,PM2.5,8,328,113
India,Haryana,Kaithal,"Rishi Nagar, Kaithal - HSPCB","11-09-2026 05:00:00",29.8006,76.4155,NO2,20,26,23
India,Haryana,Karnal,"Sector-12, Karnal - HSPCB","11-09-2026 05:00:00",29.6953,77.0027,PM2.5,20,178,47
India,Haryana,Karnal,"Sector-12, Karnal - HSPCB","11-09-2026 05:00:00",29.6953,77.0027,OZONE,11,13,12
India,Haryana,Kurukshetra,"Sector-7, Kurukshetra - HSPCB","11-09-2026 05:00:00",29.966942,76.875879,PM2.5,63,84,72
India,Haryana,Manesar,"Sector-2 IMT, Manesar - HSPCB","11-09-2026 05:00:00",28.360699,76.93609,CO,20,28,24
India,Haryana,Narnaul,"Shastri Nagar, Narnaul - HSPCB","11-09-2026 05:00:00",28.060249,76.113115,PM10,94,122,110
India,Haryana,Ballabgarh,"Nathu Colony, Ballabgarh - HSPCB","11-09-2026 05:00:00",28.3419248,77.319699,OZONE,4,46,18
India,Haryana,Dharuhera,"Municipal Corporation Office, Dharuhera -  HSPCB","11-09-2026 05:00:00",28.2068,76.7997,SO2,2,11,7
India,Haryana,Faridabad,"New Industrial Town, Faridabad - HSPCB","11-09-2026 05:00:00",28.39072,77.30059,PM2.5,62,95,77
India,Haryana,Faridabad,"New Industrial Town, Faridabad - HSPCB","11-09-2026 05:00:00",28.39072,77.30059,CO,21,26,24
India,Haryana,Faridabad,"Sector 11, Faridabad - HSPCB","11-09-2026 05:00:00",28.376058,77.315741,PM10,62,211,146
India,Haryana,Faridabad,"Sector 11, Faridabad - HSPCB","11-09-2026 05:00:00",28.376058,77.315741,OZONE,6,6,6
India,Haryana,Faridabad,"Sector 30, Faridabad - HSPCB","11-09-2026 05:00:00",28.4417,77.3217,NO2,36,38,37
India,Haryana,Faridabad,"Sector 30, Faridabad - HSPCB","11-09-2026 05:00:00",28.4417,77.3217,OZONE,9,15,13
India,Haryana,Gurugram,"Sector-51, Gurugram - HSPCB","11-09-2026 05:00:00",28.4227,77.0667,NO2,18,52,33
India,Haryana,Gurugram,"Sector-51, Gurugram - HSPCB","11-09-2026 05:00:00",28.4227,77.0667,OZONE,11,16,13
India,Haryana,Gurugram,"Teri Gram, Gurugram - HSPCB","11-09-2026 05:00:00",28.4275,77.1465,PM2.5,14,99,74
India,Haryana,Gurugram,"Teri Gram, Gurugram - HSPCB","11-09-2026 05:00:00",28.4275,77.1465,NH3,9,17,13
India,Haryana,Gurugram,"Vikas Sadan, Gurugram - HSPCB","11-09-2026 05:00:00",28.4501238,77.0263051,NO2,1,13,5
India,Haryana,Hisar,"Urban Estate-II, Hisar - HSPCB","11-09-2026 05:00:00",29.14056,75.744941,PM10,75,126,100
India,Jharkhand,Dhanbad,"Sardar Patel Nagar, Dhanbad - JSPCB","11-09-2026 05:00:00",23.80569,86.44268,PM10,NA,NA,NA
India,Jharkhand,Dhanbad,"Sardar Patel Nagar, Dhanbad - JSPCB","11-09-2026 05:00:00",23.80569,86.44268,NO2,95,111,98
India,Jharkhand,Jorapokhar,"Tata Stadium, Jorapokhar - JSPCB","11-09-2026 05:00:00",23.707909,86.41467,CO,39,39,39
India,Karnataka,Bengaluru,"Silk Board, Bengaluru - KSPCB","11-09-2026 05:00:00",12.917348,77.622813,CO,18,114,55
India,Karnataka,Bengaluru,"Jayanagar 5th Block, Bengaluru - KSPCB","11-09-2026 05:00:00",12.920984,77.584908,PM10,35,111,67
India,Haryana,Sonipat,"Murthal, Sonipat - HSPCB","11-09-2026 05:00:00",29.0272,77.0621,OZONE,49,51,50
India,"Himachal Pradesh",Baddi,"HIMUDA Complex Phase-1, Baddi - HPPCB","11-09-2026 05:00:00",30.943887,76.801991,PM2.5,33,147,73
India,"Himachal Pradesh",Baddi,"HIMUDA Complex Phase-1, Baddi - HPPCB","11-09-2026 05:00:00",30.943887,76.801991,SO2,NA,NA,NA
India,Jharkhand,Dhanbad,"Sardar Patel Nagar, Dhanbad - JSPCB","11-09-2026 05:00:00",23.80569,86.44268,PM2.5,0,78,20
India,Haryana,Panchgaon,"Amity University, Panchgaon - IITM","11-09-2026 05:00:00",28.3153,76.9143,PM10,64,112,95
India,Haryana,Panchkula,"Sector-6, Panchkula - HSPCB ","11-09-2026 05:00:00",30.7057778,76.8531805555555,PM2.5,19,56,30
India,Haryana,Panipat,"Sector-18, Panipat - HSPCB","11-09-2026 05:00:00",29.432304,76.972765,PM10,33,185,130
India,Haryana,Sirsa,"F-Block, Sirsa - HSPCB","11-09-2026 05:00:00",29.5364,75.0158,NH3,11,15,14
India,Gujarat,Ahmedabad,"SAC ISRO Bopal, Ahmedabad - IITM","11-09-2026 05:00:00",23.041137,72.456691,OZONE,24,24,24
India,Gujarat,Ahmedabad,"Gyaspur, Ahmedabad - IITM","11-09-2026 05:00:00",22.977134,72.553024,PM2.5,23,88,47
India,Gujarat,Ahmedabad,"Gyaspur, Ahmedabad - IITM","11-09-2026 05:00:00",22.977134,72.553024,NH3,5,10,7
India,Gujarat,Ahmedabad,"SAC ISRO Satellite, Ahmedabad - IITM","11-09-2026 05:00:00",23.023389,72.515201,PM10,38,68,52
India,Gujarat,Ahmedabad,"SAC ISRO Satellite, Ahmedabad - IITM","11-09-2026 05:00:00",23.023389,72.515201,OZONE,1,11,4
India,"Madhya Pradesh",Jabalpur,"Govindh Bhavan Colony, Jabalpur - JMC","11-09-2026 05:00:00",23.163174,79.973061,NO2,9,16,12
India,"Madhya Pradesh",Katni,"Gole Bazar, Katni - MPPCB","11-09-2026 05:00:00",23.50016,80.23284,NO2,10,16,13
India,"Madhya Pradesh",Katni,"Gole Bazar, Katni - MPPCB","11-09-2026 05:00:00",23.50016,80.23284,CO,21,35,27
India,"Madhya Pradesh",Mandideep,"Sector-D Industrial Area, Mandideep - MPPCB","11-09-2026 05:00:00",23.10844,77.511428,NH3,1,3,2
India,"Madhya Pradesh",Pithampur,"Sector-2 Industrial Area, Pithampur - MPPCB","11-09-2026 05:00:00",22.624758,75.675238,PM2.5,70,240,122
India,"Madhya Pradesh",Pithampur,"Sector-2 Industrial Area, Pithampur - MPPCB","11-09-2026 05:00:00",22.624758,75.675238,SO2,28,62,33
India,"Madhya Pradesh",Pithampur,"Sector-2 Industrial Area, Pithampur - MPPCB","11-09-2026 05:00:00",22.624758,75.675238,OZONE,37,56,48
India,"Madhya Pradesh",Ratlam,"Shasthri Nagar, Ratlam - IPCA Lab","11-09-2026 05:00:00",23.331731,75.045981,NO2,38,57,45
India,"Madhya Pradesh",Ratlam,"Shasthri Nagar, Ratlam - IPCA Lab","11-09-2026 05:00:00",23.331731,75.045981,NH3,NA,NA,NA
India,"Madhya Pradesh",Sagar,"Civil Lines, Sagar - MPPCB","11-09-2026 05:00:00",23.838586,78.759431,CO,27,34,30
India,"Madhya Pradesh",Satna,"Bandhavgar Colony, Satna - Birla Cement","11-09-2026 05:00:00",24.58434363,80.8549414,NO2,12,13,13
India,Maharashtra,Mumbai,"Shivaji Nagar, Mumbai - BMC","11-09-2026 05:00:00",19.060498,72.923356,CO,13,64,37
India,Maharashtra,Mumbai,"Mulund West, Mumbai - MPCB","11-09-2026 05:00:00",19.175,72.9419,NH3,4,5,4
India,Maharashtra,Mumbai,"Mulund West, Mumbai - MPCB","11-09-2026 05:00:00",19.175,72.9419,CO,10,10,10
India,Maharashtra,Mumbai,"Worli, Mumbai - MPCB","11-09-2026 05:00:00",18.9936162,72.8128113,SO2,NA,NA,NA
India,Maharashtra,Mumbai,"Worli, Mumbai - MPCB","11-09-2026 05:00:00",18.9936162,72.8128113,OZONE,3,5,4
India,Maharashtra,Mumbai,"Sewri, Mumbai - BMC","11-09-2026 05:00:00",19.000084,72.85673,SO2,1,5,3
India,Maharashtra,Mumbai,"Mindspace-Malad West, Mumbai - MPCB","11-09-2026 05:00:00",19.1878657,72.8304069,OZONE,18,18,18
India,Maharashtra,Mumbai,"Byculla, Mumbai - BMC","11-09-2026 05:00:00",18.9767,72.838,SO2,1,5,3
India,Maharashtra,Mumbai,"Kherwadi_Bandra East, Mumbai - MPCB","11-09-2026 05:00:00",19.0632143,72.8456324,PM10,38,58,47
India,Maharashtra,Mumbai,"Siddharth Nagar-Worli, Mumbai - IITM","11-09-2026 05:00:00",19.000083,72.813993,PM10,NA,NA,NA
India,Maharashtra,Mumbai,"Siddharth Nagar-Worli, Mumbai - IITM","11-09-2026 05:00:00",19.000083,72.813993,NO2,NA,NA,NA
India,Maharashtra,Mumbai,"Malad West, Mumbai - IITM","11-09-2026 05:00:00",19.19709,72.82204,NH3,1,2,2
India,Maharashtra,Mumbai,"Borivali East, Mumbai - MPCB","11-09-2026 05:00:00",19.2243333,72.8658113,NH3,2,2,2
India,Maharashtra,Ambernath,"Chinchpada, Ambernath - MPCB","11-09-2026 05:00:00",19.215784,73.199781,PM2.5,15,82,40
India,Maharashtra,Ambernath,"Chinchpada, Ambernath - MPCB","11-09-2026 05:00:00",19.215784,73.199781,PM10,46,138,83
India,Maharashtra,Ambernath,"Chinchpada, Ambernath - MPCB","11-09-2026 05:00:00",19.215784,73.199781,CO,13,25,19
India,Maharashtra,Amravati,"Shivneri Colony, Amravati - MPCB","11-09-2026 05:00:00",20.9402359,77.7895248,PM2.5,23,45,37
India,Maharashtra,Aurangabad,"MIDC Chilkalthana, Aurangabad - MPCB","11-09-2026 05:00:00",19.87562,75.38731,NH3,6,6,6
India,Maharashtra,Aurangabad,"MIDC Chilkalthana, Aurangabad - MPCB","11-09-2026 05:00:00",19.87562,75.38731,SO2,0,4,1
India,Maharashtra,Aurangabad,"MIDC Chilkalthana, Aurangabad - MPCB","11-09-2026 05:00:00",19.87562,75.38731,OZONE,18,32,24
India,Maharashtra,Aurangabad,"Rachnakar Colony, Aurangabad - MPCB","11-09-2026 05:00:00",19.863756,75.321188,PM2.5,29,72,48
India,Maharashtra,Badlapur,"Katrap, Badlapur - MPCB","11-09-2026 05:00:00",19.16485,73.23409,PM2.5,17,18,18
India,Maharashtra,Badlapur,"Katrap, Badlapur - MPCB","11-09-2026 05:00:00",19.16485,73.23409,NH3,NA,NA,NA
India,Maharashtra,Badlapur,"Katrap, Badlapur - MPCB","11-09-2026 05:00:00",19.16485,73.23409,OZONE,23,23,23
India,Maharashtra,Belapur,"CBD Belapur, Belapur - MPCB","11-09-2026 05:00:00",19.0243902,73.0406721,PM2.5,24,43,32
India,Maharashtra,Belapur,"CBD Belapur, Belapur - MPCB","11-09-2026 05:00:00",19.0243902,73.0406721,PM10,35,63,47
India,Kerala,Eloor,"Udyogamandal, Eloor - Kerala PCB","11-09-2026 05:00:00",10.073232,76.302765,PM2.5,39,48,44
India,Kerala,Eloor,"Udyogamandal, Eloor - Kerala PCB","11-09-2026 05:00:00",10.073232,76.302765,CO,24,28,27
India,Kerala,Thiruvananthapuram,"Kariavattom, Thiruvananthapuram - Kerala PCB","11-09-2026 05:00:00",8.5637,76.8865,PM10,31,447,82
India,Kerala,Thrissur,"Corporation Ground, Thrissur - Kerala PCB","11-09-2026 05:00:00",10.5324,76.2159,PM10,41,52,47
India,"Madhya Pradesh",Bhopal,"Idgah Hills, Bhopal - MPPCB","11-09-2026 05:00:00",23.264759,77.381568,NO2,8,25,15
India,"Madhya Pradesh",Bhopal,"Paryavaran Parisar, Bhopal - MPPCB","11-09-2026 05:00:00",23.210494,77.425409,OZONE,25,35,29
India,"Madhya Pradesh",Bhopal,"T T Nagar, Bhopal - MPPCB","11-09-2026 05:00:00",23.233584,77.400574,PM2.5,33,61,47
India,"Madhya Pradesh",Dewas,"Bhopal Chauraha, Dewas - MPPCB","11-09-2026 05:00:00",22.9682591,76.064118,NH3,2,2,2
India,"Madhya Pradesh",Dewas,"Bhopal Chauraha, Dewas - MPPCB","11-09-2026 05:00:00",22.9682591,76.064118,SO2,48,61,54
India,"Madhya Pradesh",Gwalior,"Deen Dayal Nagar, Gwalior - MPPCB","11-09-2026 05:00:00",26.259242,78.216432,OZONE,11,25,15
India,"Madhya Pradesh",Gwalior,"Maharaj Bada, Gwalior - MPPCB","11-09-2026 05:00:00",26.200388,78.147714,OZONE,10,58,30
India,"Madhya Pradesh",Indore,"Residency Area, Indore - IMC","11-09-2026 05:00:00",22.7084,75.8815,PM2.5,20,51,37
India,"Madhya Pradesh",Indore,"Residency Area, Indore - IMC","11-09-2026 05:00:00",22.7084,75.8815,PM10,28,75,46
India,"Madhya Pradesh",Indore,"Residency Area, Indore - IMC","11-09-2026 05:00:00",22.7084,75.8815,NO2,0,5,3
India,"Madhya Pradesh",Indore,"Residency Area, Indore - IMC","11-09-2026 05:00:00",22.7084,75.8815,SO2,3,14,6
India,"Madhya Pradesh",Indore,"Maguda Nagar, Indore - IMC","11-09-2026 05:00:00",22.7524,75.8872,NH3,NA,NA,NA
India,"Madhya Pradesh",Indore,"Airport Area, Indore - IMC","11-09-2026 05:00:00",22.7289,75.8076,CO,37,41,39
India,"Madhya Pradesh",Indore,"Regional Park, Indore - IMC","11-09-2026 05:00:00",22.678,75.8559,PM2.5,9,43,29
India,"Madhya Pradesh",Indore,"Chhoti Gwaltoli, Indore - MPPCB","11-09-2026 05:00:00",22.431,75.5213,SO2,16,19,18
India,"Madhya Pradesh",Jabalpur,"Marhatal, Jabalpur - MPPCB","11-09-2026 05:00:00",23.168606,79.932247,NH3,1,1,1
India,"Madhya Pradesh",Jabalpur,"Suhagi, Jabalpur - JMC","11-09-2026 05:00:00",23.218135,79.95777,NO2,37,83,46
India,Karnataka,Gadag,"Panchal Nagar, Gadag - KSPCB","11-09-2026 05:00:00",15.411456,75.638133,OZONE,13,15,14
India,Karnataka,Karwar,"KHB Colony, Karwar - KSPCB","11-09-2026 05:00:00",14.816666,74.141003,PM2.5,10,33,18
India,Karnataka,Karwar,"KHB Colony, Karwar - KSPCB","11-09-2026 05:00:00",14.816666,74.141003,NH3,1,3,1
India,Karnataka,Karwar,"KHB Colony, Karwar - KSPCB","11-09-2026 05:00:00",14.816666,74.141003,CO,NA,NA,NA
India,Karnataka,Madikeri,"Stuart Hill, Madikeri - KSPCB","11-09-2026 05:00:00",12.415911,75.73505,NH3,1,1,1
India,Karnataka,Ramanagara,"Vijay Nagar, Ramanagara - KSPCB","11-09-2026 05:00:00",12.733409,77.298051,PM2.5,11,72,24
India,Karnataka,Ramanagara,"Vijay Nagar, Ramanagara - KSPCB","11-09-2026 05:00:00",12.733409,77.298051,NO2,NA,NA,NA
India,Karnataka,Ramanagara,"Vijay Nagar, Ramanagara - KSPCB","11-09-2026 05:00:00",12.733409,77.298051,OZONE,16,28,20
India,Karnataka,Shivamogga,"Vinoba Nagara, Shivamogga - KSPCB","11-09-2026 05:00:00",13.94,75.555917,PM10,30,50,38
India,Karnataka,Shivamogga,"Vinoba Nagara, Shivamogga - KSPCB","11-09-2026 05:00:00",13.94,75.555917,NO2,21,27,25
India,Karnataka,Shivamogga,"Vinoba Nagara, Shivamogga - KSPCB","11-09-2026 05:00:00",13.94,75.555917,OZONE,33,37,35
India,Karnataka,Yadgir,"Collector Office, Yadgir - KSPCB","11-09-2026 05:00:00",16.7602,77.1428,PM2.5,15,37,25
India,Maharashtra,Bhiwandi,"Gokul Nagar, Bhiwandi - MPCB","11-09-2026 05:00:00",19.309073,73.057223,SO2,3,4,3
India,Maharashtra,Bhiwandi,"Gokul Nagar, Bhiwandi - MPCB","11-09-2026 05:00:00",19.309073,73.057223,CO,25,35,30
India,Maharashtra,Chandrapur,"MIDC Khutala, Chandrapur - MPCB","11-09-2026 05:00:00",19.9775302,79.2337086,OZONE,19,28,22
India,Maharashtra,Chandrapur,"Chauhan Colony, Chandrapur - MPCB","11-09-2026 05:00:00",19.9629,79.298714,PM2.5,35,85,63
India,Maharashtra,Chandrapur,"Chauhan Colony, Chandrapur - MPCB","11-09-2026 05:00:00",19.9629,79.298714,CO,31,35,33
India,Maharashtra,Dhule,"Deopur, Dhule - MPCB","11-09-2026 05:00:00",20.918946,74.776388,OZONE,27,32,30
India,Maharashtra,Hingoli,"Ashta Vinayak Nagar, Hingoli - MPCB","11-09-2026 05:00:00",19.710842,77.151824,CO,11,18,13
India,Maharashtra,Jalgaon,"Prabhat Colony, Jalgaon - MPCB","11-09-2026 05:00:00",21.001264,75.565602,NO2,1,8,3
India,Maharashtra,Jalna,"Old MIDC, Jalna - MPCB","11-09-2026 05:00:00",19.854616,75.905894,NH3,3,4,4
India,Maharashtra,Kalyan,"Khadakpada, Kalyan - MPCB","11-09-2026 05:00:00",19.25292,73.142019,NO2,37,37,37
India,Maharashtra,Kalyan,"Pimpleshwar Mandir, Kalyan - MPCB","11-09-2026 05:00:00",19.192056,72.9585188,PM10,31,55,47
India,Maharashtra,Kalyan,"Pimpleshwar Mandir, Kalyan - MPCB","11-09-2026 05:00:00",19.192056,72.9585188,NH3,NA,NA,NA
India,Maharashtra,Kolhapur,"Sinchan Bhavan, Kolhapur - MPCB","11-09-2026 05:00:00",16.7143745,74.2426398,OZONE,4,13,8
India,Maharashtra,Kolhapur,"Shivaji University, Kolhapur - MPCB","11-09-2026 05:00:00",16.6870449,74.2505872,PM10,18,43,31
India,Maharashtra,Latur,"Sawe Wadi, Latur - MPCB","11-09-2026 05:00:00",18.39963,76.57452,PM2.5,9,49,28
India,Maharashtra,Latur,"Sawe Wadi, Latur - MPCB","11-09-2026 05:00:00",18.39963,76.57452,CO,11,16,13
India,Maharashtra,Malegaon,"Mahesh Nagar, Malegaon - MPCB","11-09-2026 05:00:00",20.555712,74.529236,NO2,16,18,18
India,Maharashtra,Malegaon,"Mahesh Nagar, Malegaon - MPCB","11-09-2026 05:00:00",20.555712,74.529236,CO,7,16,10
India,Karnataka,Bengaluru,"Hombegowda Nagar, Bengaluru - KSPCB","11-09-2026 05:00:00",12.938539,77.5901,NH3,1,1,1
India,Karnataka,Bengaluru,"Peenya, Bengaluru - CPCB","11-09-2026 05:00:00",13.0270199,77.494094,CO,24,39,31
India,Karnataka,Chamarajanagar,"Urban, Chamarajanagar - KSPCB","11-09-2026 05:00:00",11.55358,76.55521,NH3,1,3,2
India,Karnataka,Chikkaballapur,"Chikkaballapur Rural, Chikkaballapur - KSPCB","11-09-2026 05:00:00",13.428828,77.731418,PM2.5,6,45,27
India,Karnataka,Chikkaballapur,"Chikkaballapur Rural, Chikkaballapur - KSPCB","11-09-2026 05:00:00",13.428828,77.731418,SO2,16,30,20
India,Karnataka,Chikkaballapur,"Chikkaballapur Rural, Chikkaballapur - KSPCB","11-09-2026 05:00:00",13.428828,77.731418,CO,5,47,20
India,Karnataka,Dharwad,"Kalabhavan, Dharwad - KSPCB","11-09-2026 05:00:00",15.459706,75.008381,PM2.5,45,58,50
India,Karnataka,Dharwad,"Kalabhavan, Dharwad - KSPCB","11-09-2026 05:00:00",15.459706,75.008381,NH3,6,8,7
India,Maharashtra,Mumbai,"Mazgaon, Mumbai - IITM","11-09-2026 05:00:00",18.96702,72.84214,SO2,4,9,6
India,Maharashtra,Mumbai,"Powai, Mumbai - MPCB","11-09-2026 05:00:00",19.1375,72.915056,OZONE,NA,NA,NA
India,Maharashtra,Mumbai,"Chakala-Andheri East, Mumbai - IITM","11-09-2026 05:00:00",19.11074,72.86084,NH3,NA,NA,NA
India,Maharashtra,Mumbai,"Kurla, Mumbai - MPCB","11-09-2026 05:00:00",19.0863,72.8888,PM10,16,101,42
India,Maharashtra,Mumbai,"Kurla, Mumbai - MPCB","11-09-2026 05:00:00",19.0863,72.8888,SO2,29,29,29
India,Maharashtra,Mumbai,"Kurla, Mumbai - MPCB","11-09-2026 05:00:00",19.0863,72.8888,OZONE,28,29,28
India,Maharashtra,Mumbai,"Ghatkopar, Mumbai - BMC","11-09-2026 05:00:00",19.083694,72.920967,NO2,0,37,13
India,Maharashtra,Mumbai,"Ghatkopar, Mumbai - BMC","11-09-2026 05:00:00",19.083694,72.920967,CO,30,48,40
India,Maharashtra,Mumbai,"Deonar, Mumbai - IITM","11-09-2026 05:00:00",19.04946,72.923,CO,44,77,62
India,Maharashtra,Mumbai,"Bandra Kurla Complex, Mumbai - IITM","11-09-2026 05:00:00",19.053536,72.84643,OZONE,9,11,10
India,Maharashtra,Mumbai,"Borivali East, Mumbai - IITM","11-09-2026 05:00:00",19.23241,72.86895,PM2.5,5,63,26
India,Maharashtra,Mumbai,"Borivali East, Mumbai - IITM","11-09-2026 05:00:00",19.23241,72.86895,SO2,NA,NA,NA
India,Maharashtra,Mumbai,"Khindipada-Bhandup West, Mumbai - IITM","11-09-2026 05:00:00",19.1653323,72.922099,NH3,1,2,2
India,Maharashtra,Mumbai,"Kandivali West, Mumbai - BMC","11-09-2026 05:00:00",19.215859,72.831718,PM2.5,19,27,22
India,Maharashtra,Mumbai,"Kandivali West, Mumbai - BMC","11-09-2026 05:00:00",19.215859,72.831718,PM10,20,29,24
India,Maharashtra,Mumbai,"Kandivali West, Mumbai - BMC","11-09-2026 05:00:00",19.215859,72.831718,OZONE,10,14,13
India,Maharashtra,Mumbai,"Chembur, Mumbai - MPCB","11-09-2026 05:00:00",19.0364585,72.8954371,CO,13,21,18
India,Maharashtra,Mumbai,"Sion, Mumbai - MPCB","11-09-2026 05:00:00",19.047,72.8746,SO2,5,6,5
India,Maharashtra,Mumbai,"Sion, Mumbai - MPCB","11-09-2026 05:00:00",19.047,72.8746,OZONE,NA,NA,NA
India,Maharashtra,Nagpur,"Mahal, Nagpur - MPCB","11-09-2026 05:00:00",21.14472,79.107595,NO2,7,21,12
India,Maharashtra,Nagpur,"Mahal, Nagpur - MPCB","11-09-2026 05:00:00",21.14472,79.107595,OZONE,20,26,22
India,Maharashtra,Nagpur,"Opp GPO Civil Lines, Nagpur - MPCB","11-09-2026 05:00:00",21.152875,79.0517531,PM10,33,70,52
India,Maharashtra,Nagpur,"Opp GPO Civil Lines, Nagpur - MPCB","11-09-2026 05:00:00",21.152875,79.0517531,NH3,3,5,3
India,Maharashtra,Nagpur,"Opp GPO Civil Lines, Nagpur - MPCB","11-09-2026 05:00:00",21.152875,79.0517531,OZONE,21,26,24
India,Maharashtra,Nagpur,"Ram Nagar, Nagpur - MPCB","11-09-2026 05:00:00",21.143383,79.048912,PM2.5,28,79,46
India,Maharashtra,Nagpur,"Ram Nagar, Nagpur - MPCB","11-09-2026 05:00:00",21.143383,79.048912,SO2,1,7,4
India,Maharashtra,Nanded,"Sneh Nagar, Nanded - MPCB","11-09-2026 05:00:00",19.173852,77.296291,PM2.5,32,49,42
India,Maharashtra,Nanded,"Sneh Nagar, Nanded - MPCB","11-09-2026 05:00:00",19.173852,77.296291,PM10,39,65,55
India,Maharashtra,Nashik,"Hirawadi, Nashik - MPCB","11-09-2026 05:00:00",20.021503,73.813844,PM2.5,16,37,26
India,Maharashtra,Nashik,"Hirawadi, Nashik - MPCB","11-09-2026 05:00:00",20.021503,73.813844,PM10,27,66,52
India,Maharashtra,Nashik,"Hirawadi, Nashik - MPCB","11-09-2026 05:00:00",20.021503,73.813844,CO,13,20,15
India,Maharashtra,Pimpri-Chinchwad,"Thergaon, Pimpri Chinchwad - MPCB","11-09-2026 05:00:00",18.616318,73.765797,CO,2,15,11
India,Maharashtra,Pune,"Mhada Colony, Pune - IITM","11-09-2026 05:00:00",18.57304,73.927715,PM2.5,28,51,43
India,Maharashtra,Pune,"Savitribai Phule Pune University, Pune - MPCB","11-09-2026 05:00:00",18.547056,73.826908,PM2.5,12,28,20
India,Maharashtra,Pune,"Savitribai Phule Pune University, Pune - MPCB","11-09-2026 05:00:00",18.547056,73.826908,NH3,2,5,3
India,Maharashtra,Pune,"Savitribai Phule Pune University, Pune - MPCB","11-09-2026 05:00:00",18.547056,73.826908,OZONE,2,7,3
India,Maharashtra,Pune,"Hadapsar, Pune - IITM","11-09-2026 05:00:00",18.501793,73.927532,NO2,10,64,34
India,Maharashtra,Pune,"Hadapsar, Pune - IITM","11-09-2026 05:00:00",18.501793,73.927532,NH3,NA,NA,NA
India,Maharashtra,Pune,"Dhankawadi, Pune - IITM","11-09-2026 05:00:00",18.459883,73.852193,SO2,NA,NA,NA
India,Maharashtra,Pune,"Revenue Colony-Shivajinagar, Pune - IITM","11-09-2026 05:00:00",18.530085,73.849598,OZONE,11,16,14
India,Maharashtra,Sangli,"Vijay Nagar, Sangli - MPCB","11-09-2026 05:00:00",16.5038,74.3623,NH3,1,3,2
India,Maharashtra,Satara,"Koyana Nagar, Satara - MPCB","11-09-2026 05:00:00",17.696651,74.003387,PM2.5,7,159,47
India,Maharashtra,Satara,"Koyana Nagar, Satara - MPCB","11-09-2026 05:00:00",17.696651,74.003387,NO2,3,50,14
India,Maharashtra,Satara,"Koyana Nagar, Satara - MPCB","11-09-2026 05:00:00",17.696651,74.003387,OZONE,11,22,17
India,Maharashtra,Solapur,"Ratandeep Housing Society, Solapur - MPCB","11-09-2026 05:00:00",17.65439,75.90649,SO2,0,2,1
India,Odisha,Tensa,"Barsua Iron Ore Mines, Tensa - OSPCB","11-09-2026 05:00:00",21.869985,85.167016,PM10,30,92,51
India,Punjab,Bathinda,"Hardev Nagar, Bathinda - PPCB","11-09-2026 05:00:00",30.233011,74.907758,CO,11,20,15
India,Punjab,Jalandhar,"Civil Line, Jalandhar - PPCB","11-09-2026 05:00:00",31.321907,75.578914,PM2.5,13,69,41
India,Punjab,Jalandhar,"Civil Line, Jalandhar - PPCB","11-09-2026 05:00:00",31.321907,75.578914,PM10,12,61,37
India,Punjab,Jalandhar,"Civil Line, Jalandhar - PPCB","11-09-2026 05:00:00",31.321907,75.578914,NO2,39,50,45
India,Punjab,Khanna,"Kalal Majra, Khanna - PPCB","11-09-2026 05:00:00",30.736056,76.209694,NO2,12,25,19
India,Punjab,Khanna,"Kalal Majra, Khanna - PPCB","11-09-2026 05:00:00",30.736056,76.209694,OZONE,11,23,17
India,Punjab,"Mandi Gobindgarh","RIMT University, Mandi Gobindgarh - PPCB","11-09-2026 05:00:00",30.649961,76.331442,SO2,8,16,12
India,Punjab,"Mandi Gobindgarh","RIMT University, Mandi Gobindgarh - PPCB","11-09-2026 05:00:00",30.649961,76.331442,OZONE,22,38,29
India,Punjab,Patiala,"Model Town, Patiala - PPCB","11-09-2026 05:00:00",30.349388,76.366642,PM10,61,80,70
India,Rajasthan,Ajmer,"Civil Lines,  Ajmer - RSPCB","11-09-2026 05:00:00",26.470859,74.646594,CO,31,77,48
India,Rajasthan,Ajmer,"Civil Lines,  Ajmer - RSPCB","11-09-2026 05:00:00",26.470859,74.646594,OZONE,11,13,12
India,Rajasthan,Alwar,"Vigyan Nagar, Alwar - RSPCB","11-09-2026 05:00:00",27.598796,76.63861,PM2.5,27,65,41
India,Odisha,Cuttack,"CDA Area, Cuttack - OSPCB","11-09-2026 05:00:00",20.48891,85.84768,PM2.5,18,91,43
India,Odisha,Cuttack,"CDA Area, Cuttack - OSPCB","11-09-2026 05:00:00",20.48891,85.84768,NO2,11,31,19
India,Odisha,Cuttack,"CDA Area, Cuttack - OSPCB","11-09-2026 05:00:00",20.48891,85.84768,NH3,5,9,7
India,Odisha,Cuttack,"CDA Area, Cuttack - OSPCB","11-09-2026 05:00:00",20.48891,85.84768,CO,57,69,64
India,Odisha,Keonjhar,"Jagamohanpur, Keonjhar - OSPCB","11-09-2026 05:00:00",21.6439,85.599355,SO2,19,30,22
India,Odisha,Keonjhar,"Jagamohanpur, Keonjhar - OSPCB","11-09-2026 05:00:00",21.6439,85.599355,OZONE,6,11,8
India,Odisha,Paradeep,"Nua Sandhakuda, Paradeep - OSPCB","11-09-2026 05:00:00",20.258828,86.665185,PM2.5,18,37,28
India,Odisha,Rairangpur,"Divisional Forest Office, Rairangpur - OSPCB","11-09-2026 05:00:00",22.265816,86.174829,SO2,9,13,11
India,Odisha,Rourkela,"Fertilizer Township, Rourkela - OSPCB","11-09-2026 05:00:00",22.18972222,84.86277778,SO2,6,11,10
India,Odisha,Rourkela,"Sector-2, Rourkela - OSPCB","11-09-2026 05:00:00",22.245,84.88111111,PM2.5,38,38,38
India,Odisha,Rourkela,"Sector-2, Rourkela - OSPCB","11-09-2026 05:00:00",22.245,84.88111111,NO2,14,14,14
India,Odisha,Rourkela,"Sector-2, Rourkela - OSPCB","11-09-2026 05:00:00",22.245,84.88111111,CO,10,10,10
India,Odisha,Rourkela,"Raghunathpali, Rourkela - OSPCB","11-09-2026 05:00:00",22.220833,84.809444,NH3,1,1,1
India,Maharashtra,Solapur,"Dnyaneshwar Nagar, Solapur - MPCB","11-09-2026 05:00:00",17.6336264,75.9132495,NO2,5,33,11
India,Maharashtra,Solapur,"Dnyaneshwar Nagar, Solapur - MPCB","11-09-2026 05:00:00",17.6336264,75.9132495,SO2,2,7,4
India,Maharashtra,Thane,"Upvan Fort, Thane - MPCB","11-09-2026 05:00:00",19.222279,72.957979,NO2,5,16,9
India,Maharashtra,Thane,"Upvan Fort, Thane - MPCB","11-09-2026 05:00:00",19.222279,72.957979,OZONE,2,4,3
India,Maharashtra,Ulhasnagar,"Sidhi Vinayak Nagar, Ulhasnagar - MPCB","11-09-2026 05:00:00",19.235581,73.159121,NH3,2,3,2
India,Maharashtra,Ulhasnagar,"Sidhi Vinayak Nagar, Ulhasnagar - MPCB","11-09-2026 05:00:00",19.235581,73.159121,SO2,2,15,7
India,Maharashtra,Ulhasnagar,"Vithalwadi, Ulhasnagar - MPCB","11-09-2026 05:00:00",19.2307571,73.155192,OZONE,4,5,4
India,Maharashtra,Virar,"Bolinj, Virar - MPCB","11-09-2026 05:00:00",19.445821,72.7988231,SO2,2,9,4
India,Meghalaya,Byrnihat,"15th Mile-Nongthymmai, Byrnihat -Meghalaya PCB","11-09-2026 05:00:00",26.079047,91.875185,NH3,0,1,0
India,Meghalaya,Byrnihat,"15th Mile-Nongthymmai, Byrnihat -Meghalaya PCB","11-09-2026 05:00:00",26.079047,91.875185,SO2,0,10,5
India,Meghalaya,Shillong,"Lumpyngngad, Shillong - Meghalaya PCB","11-09-2026 05:00:00",25.5586,91.8985,PM2.5,NA,NA,NA
India,Meghalaya,Shillong,"Lumpyngngad, Shillong - Meghalaya PCB","11-09-2026 05:00:00",25.5586,91.8985,OZONE,21,34,30
India,Maharashtra,Parbhani,"Masoom Colony, Parbhani - MPCB","11-09-2026 05:00:00",19.265594,76.761463,OZONE,13,21,17
India,Maharashtra,Pimpri-Chinchwad,"Bhumkar Nagar, Pune - IITM","11-09-2026 05:00:00",18.60577,73.749976,SO2,NA,NA,NA
India,Maharashtra,Pimpri-Chinchwad,"Bhumkar Nagar, Pune - IITM","11-09-2026 05:00:00",18.60577,73.749976,OZONE,5,22,10
India,Maharashtra,Pimpri-Chinchwad,"Gavalinagar, Pimpri Chinchwad - MPCB","11-09-2026 05:00:00",18.63673,73.82487,NH3,0,4,1
India,Maharashtra,Pimpri-Chinchwad,"Park Street Wakad, Pimpri Chinchwad - MPCB","11-09-2026 05:00:00",18.59051,73.77946,NO2,17,27,23
India,Maharashtra,Pimpri-Chinchwad,"Bhosari, Pune - IITM","11-09-2026 05:00:00",18.640051,73.848956,NO2,22,37,30
India,Maharashtra,Pimpri-Chinchwad,"Savta Mali Nagar, Pimpri-Chinchwad - IITM","11-09-2026 05:00:00",18.614767,73.799516,PM2.5,18,53,31
India,Maharashtra,Pimpri-Chinchwad,"Savta Mali Nagar, Pimpri-Chinchwad - IITM","11-09-2026 05:00:00",18.614767,73.799516,NO2,21,43,26
India,Maharashtra,Pimpri-Chinchwad,"Savta Mali Nagar, Pimpri-Chinchwad - IITM","11-09-2026 05:00:00",18.614767,73.799516,NH3,NA,NA,NA
India,Maharashtra,Pimpri-Chinchwad,"Thergaon, Pimpri Chinchwad - MPCB","11-09-2026 05:00:00",18.616318,73.765797,PM2.5,12,31,19
India,Maharashtra,Pimpri-Chinchwad,"Thergaon, Pimpri Chinchwad - MPCB","11-09-2026 05:00:00",18.616318,73.765797,NO2,14,27,20
India,Maharashtra,Nashik,"MIDC Ambad, Nashik - MPCB","11-09-2026 05:00:00",19.95022,73.73148,NO2,2,14,7
India,Maharashtra,Nashik,"MIDC Ambad, Nashik - MPCB","11-09-2026 05:00:00",19.95022,73.73148,CO,15,17,16
India,Maharashtra,Nashik,"Pandav Nagari, Nashik - MPCB","11-09-2026 05:00:00",19.9591346,73.7788008,SO2,1,7,3
India,Maharashtra,Nashik,"Pandav Nagari, Nashik - MPCB","11-09-2026 05:00:00",19.9591346,73.7788008,OZONE,4,7,5
India,Maharashtra,"Navi Mumbai","Kopripada-Vashi, Navi Mumbai - MPCB","11-09-2026 05:00:00",19.090337,73.014232,PM10,44,340,96
India,Maharashtra,"Navi Mumbai","Sanpada, Navi Mumbai - MPCB","11-09-2026 05:00:00",19.0575752,73.0151367,PM2.5,11,61,30
India,Maharashtra,"Navi Mumbai","Sanpada, Navi Mumbai - MPCB","11-09-2026 05:00:00",19.0575752,73.0151367,CO,14,55,31
India,Maharashtra,"Navi Mumbai","Sanpada, Navi Mumbai - MPCB","11-09-2026 05:00:00",19.0575752,73.0151367,OZONE,1,2,1
India,Maharashtra,"Navi Mumbai","Sector-2E Kalamboli, Navi Mumbai - MPCB","11-09-2026 05:00:00",19.02579,73.10297,NH3,NA,NA,NA
India,Maharashtra,"Navi Mumbai","Nerul, Navi Mumbai - MPCB","11-09-2026 05:00:00",19.008751,73.01662,PM10,NA,NA,NA
India,Maharashtra,"Navi Mumbai","Nerul, Navi Mumbai - MPCB","11-09-2026 05:00:00",19.008751,73.01662,NO2,4,4,4
India,Odisha,Angul,"Hakimapada, Angul - OSPCB","11-09-2026 05:00:00",20.832874,85.104082,OZONE,3,13,8
India,Odisha,Balasore,"Kalidaspur, Balasore - OSPCB","11-09-2026 05:00:00",21.51161,86.89088,OZONE,14,42,23
India,Odisha,Barbil,"Forest Office, Barbil - OSPCB","11-09-2026 05:00:00",22.1166054,85.3945546,PM10,16,72,37
India,Odisha,Barbil,"Forest Office, Barbil - OSPCB","11-09-2026 05:00:00",22.1166054,85.3945546,CO,12,25,17
India,Odisha,Barbil,"Forest Office, Barbil - OSPCB","11-09-2026 05:00:00",22.1166054,85.3945546,OZONE,20,31,25
India,Odisha,Bhubaneswar,"Lingraj Mandir, Bhubaneswar - OSPCB","11-09-2026 05:00:00",20.24079,85.836784,SO2,7,13,9
India,Odisha,Brajrajnagar,"GM Office, Brajrajnagar - OSPCB","11-09-2026 05:00:00",21.8004996,83.8396977,PM10,3,41,24
India,Odisha,Brajrajnagar,"GM Office, Brajrajnagar - OSPCB","11-09-2026 05:00:00",21.8004996,83.8396977,SO2,16,19,17
India,Odisha,Byasanagar,"Ferro Chrome Colony, Byasanagar - OSPCB","11-09-2026 05:00:00",20.94185,86.1151,CO,35,40,37
India,Odisha,Byasanagar,"Ferro Chrome Colony, Byasanagar - OSPCB","11-09-2026 05:00:00",20.94185,86.1151,OZONE,17,37,24
India,Rajasthan,Dungarpur,"Bhoiwada, Dungarpur - RSPCB","11-09-2026 05:00:00",23.837789,73.714926,NO2,8,17,11
India,Rajasthan,Dungarpur,"Bhoiwada, Dungarpur - RSPCB","11-09-2026 05:00:00",23.837789,73.714926,NH3,9,11,10
India,Rajasthan,Hanumangarh,"Housing Board, Hanumangarh - RSPCB","11-09-2026 05:00:00",29.61075,74.283608,NO2,0,16,5
India,Rajasthan,Hanumangarh,"Housing Board, Hanumangarh - RSPCB","11-09-2026 05:00:00",29.61075,74.283608,OZONE,14,18,17
India,Rajasthan,Jaipur,"Sector-2 Murlipura, Jaipur - RSPCB","11-09-2026 05:00:00",26.960669,75.771817,SO2,4,9,5
India,Rajasthan,Jaipur,"Sector-2 Murlipura, Jaipur - RSPCB","11-09-2026 05:00:00",26.960669,75.771817,CO,13,71,39
India,Rajasthan,Jaipur,"Adarsh Nagar, Jaipur - RSPCB","11-09-2026 05:00:00",26.902909,75.836858,PM2.5,86,181,111
India,Rajasthan,Jaipur,"Adarsh Nagar, Jaipur - RSPCB","11-09-2026 05:00:00",26.902909,75.836858,NO2,11,49,25
India,Rajasthan,Jaipur,"Adarsh Nagar, Jaipur - RSPCB","11-09-2026 05:00:00",26.902909,75.836858,OZONE,7,20,14
India,Rajasthan,Jaipur,"Shastri Nagar, Jaipur - RSPCB","11-09-2026 05:00:00",26.9502929,75.730943,PM2.5,NA,NA,NA
India,Rajasthan,Jaipur,"Shastri Nagar, Jaipur - RSPCB","11-09-2026 05:00:00",26.9502929,75.730943,NO2,NA,NA,NA
India,Rajasthan,Jaipur,"Police Commissionerate, Jaipur - RSPCB","11-09-2026 05:00:00",26.9164092,75.7994901,NO2,75,117,92
India,Rajasthan,Jaipur,"Police Commissionerate, Jaipur - RSPCB","11-09-2026 05:00:00",26.9164092,75.7994901,OZONE,28,33,31
India,Rajasthan,Jaipur,"Mansarovar Sector-12, Jaipur - RSPCB","11-09-2026 05:00:00",26.843698,75.766894,PM2.5,45,113,63
India,Rajasthan,Jaipur,"Mansarovar Sector-12, Jaipur - RSPCB","11-09-2026 05:00:00",26.843698,75.766894,OZONE,27,58,41
India,Rajasthan,Jalore,"Mudtra Sili, Jalore - RSPCB","11-09-2026 05:00:00",25.344694,72.626208,CO,8,26,15
India,Rajasthan,Jalore,"Mudtra Sili, Jalore - RSPCB","11-09-2026 05:00:00",25.344694,72.626208,OZONE,50,64,56
India,"Tamil Nadu",Gummidipoondi,"Anthoni Pillai Nagar, Gummidipoondi - TNPCB","11-09-2026 05:00:00",13.4127,80.1081,CO,NA,NA,NA
India,"Tamil Nadu",Thoothukudi,"Meelavittan, Thoothukudi - TNPCB","11-09-2026 05:00:00",8.816428,78.099039,OZONE,27,32,30
India,Telangana,Hyderabad,"Kokapet, Hyderabad - TSPCB","11-09-2026 05:00:00",17.393559,78.339194,PM10,47,75,59
India,Telangana,Hyderabad,"ECIL Kapra, Hyderabad - TSPCB","11-09-2026 05:00:00",17.470431,78.566959,OZONE,6,11,8
India,Telangana,Hyderabad,"Ramachandrapuram, Hyderabad - TSPCB","11-09-2026 05:00:00",17.528544,78.286195,PM10,54,70,61
India,Telangana,Hyderabad,"Somajiguda, Hyderabad - TSPCB","11-09-2026 05:00:00",17.417094,78.457437,PM10,50,72,57
India,Telangana,Hyderabad,"Somajiguda, Hyderabad - TSPCB","11-09-2026 05:00:00",17.417094,78.457437,NO2,16,19,18
India,Telangana,Hyderabad,"Zoo Park, Hyderabad - TSPCB","11-09-2026 05:00:00",17.349694,78.451437,NO2,3,3,3
India,Telangana,Hyderabad,"Zoo Park, Hyderabad - TSPCB","11-09-2026 05:00:00",17.349694,78.451437,CO,4,14,11
India,Telangana,Hyderabad,"ICRISAT Patancheru, Hyderabad - TSPCB","11-09-2026 05:00:00",17.5184,78.278777,CO,14,35,24
India,Telangana,Hyderabad,"Sanathnagar, Hyderabad - TSPCB","11-09-2026 05:00:00",17.4559458,78.4332152,SO2,NA,NA,NA
India,Telangana,Hyderabad,"IDA Pashamylaram, Hyderabad - TSPCB","11-09-2026 05:00:00",17.5316895,78.218939,PM10,58,108,84
India,Telangana,Hyderabad,"IDA Pashamylaram, Hyderabad - TSPCB","11-09-2026 05:00:00",17.5316895,78.218939,SO2,5,10,10
India,"Uttar Pradesh",Agra,"Manoharpur, Agra - UPPCB","11-09-2026 05:00:00",27.23711,78.01936,SO2,12,95,42
India,"Uttar Pradesh",Agra,"Sanjay Palace, Agra - UPPCB","11-09-2026 05:00:00",27.19865833,78.00598056,PM10,NA,NA,NA
India,"Uttar Pradesh",Agra,"Sanjay Palace, Agra - UPPCB","11-09-2026 05:00:00",27.19865833,78.00598056,NH3,NA,NA,NA
India,"Uttar Pradesh",Agra,"Sanjay Palace, Agra - UPPCB","11-09-2026 05:00:00",27.19865833,78.00598056,SO2,NA,NA,NA
India,"Uttar Pradesh",Agra,"Rohta, Agra - UPPCB","11-09-2026 05:00:00",27.106972,78.000111,PM2.5,31,67,45
India,"Uttar Pradesh",Baghpat,"Sardar Patel Inter College, Baghpat - UPPCB","11-09-2026 05:00:00",28.964949,77.278761,NO2,21,47,31
India,"Uttar Pradesh",Baghpat,"Sardar Patel Inter College, Baghpat - UPPCB","11-09-2026 05:00:00",28.964949,77.278761,NH3,2,4,3
India,"Uttar Pradesh",Baghpat,"Sardar Patel Inter College, Baghpat - UPPCB","11-09-2026 05:00:00",28.964949,77.278761,CO,22,32,26
India,"Uttar Pradesh",Bareilly,"Rajendra Nagar, Bareilly - UPPCB","11-09-2026 05:00:00",28.38910936,79.42963708,NO2,9,10,9
India,"Uttar Pradesh",Bareilly,"Civil Lines, Bareilly - UPPCB","11-09-2026 05:00:00",28.359581,79.414455,PM10,25,47,36
India,"Uttar Pradesh",Bareilly,"Civil Lines, Bareilly - UPPCB","11-09-2026 05:00:00",28.359581,79.414455,NH3,NA,NA,NA
India,"Uttar Pradesh",Bulandshahr,"Yamunapuram, Bulandshahr - UPPCB","11-09-2026 05:00:00",28.406963,77.849831,CO,34,50,42
India,"Uttar Pradesh","Fatehpur Sikri","Dadupura, Fatehpur Sikri - UPPCB","11-09-2026 05:00:00",27.097694,77.671335,NO2,7,8,8
India,"Uttar Pradesh","Fatehpur Sikri","Dadupura, Fatehpur Sikri - UPPCB","11-09-2026 05:00:00",27.097694,77.671335,OZONE,10,20,14
India,Rajasthan,Sikar,"Radhakishan Pura, Sikar - RSPCB","11-09-2026 05:00:00",27.608912,75.153302,OZONE,23,34,30
India,Rajasthan,Sirohi,"Vedhaynath Colony, Sirohi - RSPCB","11-09-2026 05:00:00",24.885261,72.857549,PM2.5,12,45,30
India,Rajasthan,Sirohi,"Vedhaynath Colony, Sirohi - RSPCB","11-09-2026 05:00:00",24.885261,72.857549,NH3,3,4,3
India,Rajasthan,Sirohi,"Vedhaynath Colony, Sirohi - RSPCB","11-09-2026 05:00:00",24.885261,72.857549,SO2,3,5,4
India,Rajasthan,"Sri Ganganagar","Old City, Sri Ganganagar - RSPCB","11-09-2026 05:00:00",29.931624,73.864511,PM2.5,30,73,51
India,Rajasthan,Udaipur,"Ashok Nagar, Udaipur - RSPCB","11-09-2026 05:00:00",24.5886166,73.6321397,CO,14,50,26
India,Sikkim,Gangtok,"Zero Point GICI, Gangtok - SSPCB","11-09-2026 05:00:00",27.33853,88.614099,PM10,7,21,15
India,"Tamil Nadu",Chennai,"Manali, Chennai - CPCB","11-09-2026 05:00:00",13.164544,80.26285,NH3,6,7,6
India,"Tamil Nadu",Chennai,"Manali, Chennai - CPCB","11-09-2026 05:00:00",13.164544,80.26285,SO2,4,7,6
India,"Tamil Nadu",Chennai,"Manali, Chennai - CPCB","11-09-2026 05:00:00",13.164544,80.26285,OZONE,9,11,10
India,"Tamil Nadu",Chennai,"Manali Village, Chennai - TNPCB","11-09-2026 05:00:00",13.1662,80.2584,NH3,0,3,1
India,"Tamil Nadu",Chennai,"Perungudi, Chennai - TNPCB","11-09-2026 05:00:00",12.9533,80.2357,NO2,6,14,9
India,"Tamil Nadu",Chennai,"Perungudi, Chennai - TNPCB","11-09-2026 05:00:00",12.9533,80.2357,CO,NA,NA,NA
India,Rajasthan,Bhiwadi,"Vasundhara Nagar_UIT, Bhiwadi - RSPCB","11-09-2026 05:00:00",28.207266,76.829265,NH3,8,14,11
India,Rajasthan,Bhiwadi,"Vasundhara Nagar_UIT, Bhiwadi - RSPCB","11-09-2026 05:00:00",28.207266,76.829265,OZONE,29,33,31
India,Rajasthan,Bikaner,"MM Ground, Bikaner - RSPCB","11-09-2026 05:00:00",28.018792,73.292658,PM2.5,15,62,27
India,Rajasthan,Bikaner,"MM Ground, Bikaner - RSPCB","11-09-2026 05:00:00",28.018792,73.292658,NH3,3,11,4
India,Rajasthan,Bikaner,"MM Ground, Bikaner - RSPCB","11-09-2026 05:00:00",28.018792,73.292658,OZONE,29,45,40
India,Rajasthan,Bundi,"New Colony, Bundi - RSPCB","11-09-2026 05:00:00",25.435774,75.644272,NH3,4,7,5
India,Rajasthan,Bundi,"New Colony, Bundi - RSPCB","11-09-2026 05:00:00",25.435774,75.644272,OZONE,17,43,30
India,Rajasthan,Chittorgarh,"Shastri Nagar, Chittorgarh - RSPCB","11-09-2026 05:00:00",24.892047,74.623527,NO2,1,35,11
India,Rajasthan,Chittorgarh,"Shastri Nagar, Chittorgarh - RSPCB","11-09-2026 05:00:00",24.892047,74.623527,NH3,NA,NA,NA
India,Rajasthan,Chittorgarh,"Shastri Nagar, Chittorgarh - RSPCB","11-09-2026 05:00:00",24.892047,74.623527,CO,7,13,11
India,Rajasthan,Churu,"Subash Chowk, Churu - RSPCB","11-09-2026 05:00:00",28.296139,74.961696,PM10,67,123,89
India,Rajasthan,Churu,"Subash Chowk, Churu - RSPCB","11-09-2026 05:00:00",28.296139,74.961696,NH3,5,7,6
India,Rajasthan,Churu,"Subash Chowk, Churu - RSPCB","11-09-2026 05:00:00",28.296139,74.961696,OZONE,32,42,36
India,Rajasthan,Dholpur,"Raja Ganj, Dholpur - RSPCB","11-09-2026 05:00:00",26.699557,77.898881,CO,23,39,28
India,Telangana,Hyderabad,"Central University, Hyderabad - TSPCB","11-09-2026 05:00:00",17.460103,78.334361,SO2,4,14,7
India,Telangana,Hyderabad,"Central University, Hyderabad - TSPCB","11-09-2026 05:00:00",17.460103,78.334361,OZONE,14,20,17
India,Telangana,Hyderabad,"Bollaram Industrial Area, Hyderabad - TSPCB","11-09-2026 05:00:00",17.518,78.383,CO,49,59,55
India,Telangana,Hyderabad,"Bollaram Industrial Area, Hyderabad - TSPCB","11-09-2026 05:00:00",17.518,78.383,OZONE,25,26,25
India,Telangana,Hyderabad,"IITH Kandi, Hyderabad - TSPCB","11-09-2026 05:00:00",17.585705,78.126199,NH3,3,5,4
India,Telangana,Hyderabad,"IITH Kandi, Hyderabad - TSPCB","11-09-2026 05:00:00",17.585705,78.126199,CO,19,20,19
India,Telangana,Hyderabad,"Nacharam_TSIIC IALA, Hyderabad - TSPCB","11-09-2026 05:00:00",17.429398,78.569354,NH3,3,4,3
India,Telangana,Hyderabad,"Nacharam_TSIIC IALA, Hyderabad - TSPCB","11-09-2026 05:00:00",17.429398,78.569354,OZONE,13,13,13
India,Telangana,Hyderabad,"New Malakpet, Hyderabad - TSPCB","11-09-2026 05:00:00",17.37206,78.50864,SO2,6,15,10
India,Tripura,Agartala,"Bardowali, Agartala - Tripura SPCB","11-09-2026 05:00:00",23.8175497,91.2726974,PM2.5,16,56,39
India,Tripura,Agartala,"Bardowali, Agartala - Tripura SPCB","11-09-2026 05:00:00",23.8175497,91.2726974,SO2,14,15,14
India,"Uttar Pradesh",Agra,"Manoharpur, Agra - UPPCB","11-09-2026 05:00:00",27.23711,78.01936,PM10,75,107,88
India,Rajasthan,Alwar,"Moti Doongri, Alwar - RSPCB","11-09-2026 05:00:00",27.554793,76.611536,PM2.5,53,126,78
India,Rajasthan,Alwar,"Moti Doongri, Alwar - RSPCB","11-09-2026 05:00:00",27.554793,76.611536,SO2,20,46,35
India,Rajasthan,Banswara,"Rati Talai, Banswara - RSPCB","11-09-2026 05:00:00",23.55519,74.44001,PM2.5,20,28,24
India,Rajasthan,Banswara,"Rati Talai, Banswara - RSPCB","11-09-2026 05:00:00",23.55519,74.44001,OZONE,10,38,26
India,Rajasthan,Baran,"Bamboliya, Baran - RSPCB","11-09-2026 05:00:00",25.106006,76.469948,SO2,3,8,5
India,Rajasthan,Barmer,"Railway Colony, Barmer - RSPCB","11-09-2026 05:00:00",25.747299,71.393989,NH3,2,6,3
India,Rajasthan,Barmer,"Railway Colony, Barmer - RSPCB","11-09-2026 05:00:00",25.747299,71.393989,CO,28,54,38
India,Rajasthan,Bharatpur,"Krishna Nagar, Bharatpur - RSPCB","11-09-2026 05:00:00",27.215415,77.50873,PM2.5,22,50,32
India,Rajasthan,Bharatpur,"Krishna Nagar, Bharatpur - RSPCB","11-09-2026 05:00:00",27.215415,77.50873,NO2,6,58,19
India,Rajasthan,Bhiwadi,"RIICO Ind. Area III, Bhiwadi - RSPCB","11-09-2026 05:00:00",28.194909,76.862296,NH3,5,17,9
India,Rajasthan,Bhiwadi,"RIICO Ind. Area III, Bhiwadi - RSPCB","11-09-2026 05:00:00",28.194909,76.862296,CO,5,59,43
India,Rajasthan,Bhiwadi,"RIICO Ind. Area III, Bhiwadi - RSPCB","11-09-2026 05:00:00",28.194909,76.862296,OZONE,6,10,8
India,Rajasthan,Khairthal,"New Anaj Mandi, Khairthal - RSPCB","11-09-2026 05:00:00",27.8015617,76.6365217,PM2.5,47,99,68
India,Rajasthan,Khairthal,"New Anaj Mandi, Khairthal - RSPCB","11-09-2026 05:00:00",27.8015617,76.6365217,PM10,118,160,135
India,Rajasthan,Kota,"Nayapura, Kota - RSPCB","11-09-2026 05:00:00",25.196024,75.855668,NH3,3,9,6
India,Rajasthan,Nagaur,"Karni Colony, Nagaur - RSPCB","11-09-2026 05:00:00",27.213494,73.734444,OZONE,37,58,49
India,Rajasthan,Pali,"Indira Colony Vistar, Pali - RSPCB","11-09-2026 05:00:00",25.771061,73.340227,NH3,3,10,6
India,Rajasthan,Rajsamand,"Dhoinda, Rajsamand - RSPCB","11-09-2026 05:00:00",25.03636,73.883502,PM10,29,126,52
India,Rajasthan,"Sawai Madhopur","Sahu Nagar, Sawai Madhopur - RSPCB","11-09-2026 05:00:00",26.031443,76.359327,PM10,81,258,117
India,Rajasthan,"Sawai Madhopur","Sahu Nagar, Sawai Madhopur - RSPCB","11-09-2026 05:00:00",26.031443,76.359327,NH3,2,5,4
India,Rajasthan,Sikar,"Radhakishan Pura, Sikar - RSPCB","11-09-2026 05:00:00",27.608912,75.153302,NH3,12,14,13
India,Rajasthan,Jhalawar,"Rajlaxmi Nagar, Jhalawar - RSPCB","11-09-2026 05:00:00",24.588397,76.172782,NO2,17,75,28
India,Rajasthan,Jhalawar,"Rajlaxmi Nagar, Jhalawar - RSPCB","11-09-2026 05:00:00",24.588397,76.172782,OZONE,10,42,35
India,Rajasthan,Jodhpur,"Collectorate, Jodhpur - RSPCB","11-09-2026 05:00:00",26.268249,73.0193853,PM2.5,25,69,44
India,Rajasthan,Jodhpur,"Collectorate, Jodhpur - RSPCB","11-09-2026 05:00:00",26.268249,73.0193853,PM10,30,104,63
India,Rajasthan,Jodhpur,"Collectorate, Jodhpur - RSPCB","11-09-2026 05:00:00",26.268249,73.0193853,SO2,1,9,5
India,Rajasthan,Jodhpur,"Samrat Ashok Udhyan, Jodhpur - RSPCB","11-09-2026 05:00:00",26.253384,72.976571,SO2,3,6,4
India,Rajasthan,Jodhpur,"Jhalamand, Jodhpur - RSPCB","11-09-2026 05:00:00",26.215415,73.070156,NO2,10,48,15
India,Rajasthan,Jodhpur,"Mandor, Jodhpur - RSPCB","11-09-2026 05:00:00",26.358805,73.047444,SO2,4,7,5
India,Rajasthan,Jodhpur,"Mandor, Jodhpur - RSPCB","11-09-2026 05:00:00",26.358805,73.047444,CO,6,10,8
India,Rajasthan,Karauli,"Satyawati Vihar, Karauli - RSPCB","11-09-2026 05:00:00",26.506177,77.025989,NO2,14,39,22
India,"Uttar Pradesh",Vrindavan," Chhatikara, Vrindavan - UPPCB","11-09-2026 05:00:00",27.57194,77.62346,SO2,21,35,31
India,Uttarakhand,Dehradun,"Doon University, Dehradun - UKPCB","11-09-2026 05:00:00",30.269444,78.044167,OZONE,9,35,20
India,Uttarakhand,Kashipur,"Govt. Girls Inter College, Kashipur - UKPCB","11-09-2026 05:00:00",29.2124114,78.9611753,PM2.5,NA,NA,NA
India,Uttarakhand,Kashipur,"Govt. Girls Inter College, Kashipur - UKPCB","11-09-2026 05:00:00",29.2124114,78.9611753,SO2,NA,NA,NA
India,Uttarakhand,Rishikesh,"Shivaji Nagar, Rishikesh - UKPCB","11-09-2026 05:00:00",30.075911,78.2859547,NO2,6,7,7
India,"West Bengal",Asansol,"Asansol Court Area, Asansol - WBPCB","11-09-2026 05:00:00",23.685297,86.945968,OZONE,10,15,11
India,"West Bengal",Asansol,"Trivenidevi Bhalotia College, Asansol - WBPCB","11-09-2026 05:00:00",23.616515,87.119133,PM2.5,9,24,16
India,"West Bengal",Asansol,"Trivenidevi Bhalotia College, Asansol - WBPCB","11-09-2026 05:00:00",23.616515,87.119133,NO2,4,13,7
India,"West Bengal",Asansol,"Trivenidevi Bhalotia College, Asansol - WBPCB","11-09-2026 05:00:00",23.616515,87.119133,SO2,35,38,37
India,"West Bengal",Asansol,"Evelyn Lodge, Asansol - WBPCB","11-09-2026 05:00:00",23.697936,86.944395,PM2.5,0,25,11
India,"West Bengal",Asansol,"Mahabir Colliery, Asansol - WBPCB","11-09-2026 05:00:00",23.618183,87.105718,PM10,10,31,24
India,"West Bengal",Asansol,"Mahabir Colliery, Asansol - WBPCB","11-09-2026 05:00:00",23.618183,87.105718,NH3,0,2,1
India,"West Bengal",Asansol,"Mahabir Colliery, Asansol - WBPCB","11-09-2026 05:00:00",23.618183,87.105718,SO2,8,10,9
India,"West Bengal",Barrackpore,"SVSPA Campus, Barrackpore - WBPCB","11-09-2026 05:00:00",22.7605581,88.3617589,PM10,26,57,41
India,"West Bengal",Barrackpore,"SVSPA Campus, Barrackpore - WBPCB","11-09-2026 05:00:00",22.7605581,88.3617589,OZONE,1,4,3
India,"West Bengal",Durgapur,"Womens College_City Center, Durgapur - WBPCB","11-09-2026 05:00:00",23.549395,87.300496,PM10,44,67,55
India,"West Bengal",Durgapur,"Womens College_City Center, Durgapur - WBPCB","11-09-2026 05:00:00",23.549395,87.300496,NO2,24,31,27
India,"West Bengal",Durgapur,"Womens College_City Center, Durgapur - WBPCB","11-09-2026 05:00:00",23.549395,87.300496,NH3,1,6,3
India,"West Bengal",Durgapur,"Womens College_City Center, Durgapur - WBPCB","11-09-2026 05:00:00",23.549395,87.300496,SO2,12,12,12
India,"West Bengal",Durgapur,"Womens College_City Center, Durgapur - WBPCB","11-09-2026 05:00:00",23.549395,87.300496,OZONE,5,9,7
India,"Uttar Pradesh",Firozabad,"Nagla Bhau, Firozabad - UPPCB","11-09-2026 05:00:00",27.168897,78.37696,NO2,NA,NA,NA
India,"Uttar Pradesh",Firozabad,"Nagla Bhau, Firozabad - UPPCB","11-09-2026 05:00:00",27.168897,78.37696,CO,26,28,27
India,"Uttar Pradesh",Firozabad,"Nagla Bhau, Firozabad - UPPCB","11-09-2026 05:00:00",27.168897,78.37696,OZONE,10,12,11
India,"Uttar Pradesh",Firozabad,"Vibhab Nagar, Firozabad - UPPCB","11-09-2026 05:00:00",27.1594,78.3953,PM2.5,21,38,31
India,"Uttar Pradesh",Firozabad,"Vibhab Nagar, Firozabad - UPPCB","11-09-2026 05:00:00",27.1594,78.3953,NO2,14,15,15
India,"Uttar Pradesh",Gajraula,"Rajanpur, Gajraula - UPPCB","11-09-2026 05:00:00",28.829109,78.248796,PM2.5,39,162,99
India,"Uttar Pradesh",Ghaziabad,"Vasundhara, Ghaziabad - UPPCB","11-09-2026 05:00:00",28.6603346,77.3572563,PM10,111,196,153
India,"Uttar Pradesh",Ghaziabad,"Vasundhara, Ghaziabad - UPPCB","11-09-2026 05:00:00",28.6603346,77.3572563,NO2,23,60,39
India,"Uttar Pradesh",Ghaziabad,"Vasundhara, Ghaziabad - UPPCB","11-09-2026 05:00:00",28.6603346,77.3572563,CO,33,45,38
India,"Uttar Pradesh",Ghaziabad,"Ved Vihar-Loni, Ghaziabad - UPPCB","11-09-2026 05:00:00",28.739153,77.273668,SO2,6,8,7
India,"Uttar Pradesh",Ghaziabad,"Wave City, Ghaziabad - UPPCB","11-09-2026 05:00:00",28.646675,77.489049,NH3,NA,NA,NA
India,"Uttar Pradesh",Ghaziabad,"Sanjay Nagar, Ghaziabad - UPPCB","11-09-2026 05:00:00",28.685382,77.453839,NO2,26,75,42
India,"Uttar Pradesh",Ghaziabad,"Loni, Ghaziabad - UPPCB","11-09-2026 05:00:00",28.757294,77.278792,NO2,14,41,29
India,"Uttar Pradesh",Ghaziabad,"Loni, Ghaziabad - UPPCB","11-09-2026 05:00:00",28.757294,77.278792,SO2,10,23,16
India,"Uttar Pradesh",Ghaziabad,"Loni, Ghaziabad - UPPCB","11-09-2026 05:00:00",28.757294,77.278792,OZONE,3,52,14
India,"Uttar Pradesh",Ghaziabad,"Govindpuram, Ghaziabad - UPPCB","11-09-2026 05:00:00",28.694528,77.494705,PM10,3,94,25
India,"Uttar Pradesh",Raebareli,"Anand Nagar, Raebareli - UPPCB","11-09-2026 05:00:00",26.219512,81.237648,PM10,48,92,74
India,"Uttar Pradesh",Shamli,"New Tehsil, Shamli - UPPCB","11-09-2026 05:00:00",29.4603683,77.3410291,OZONE,17,18,17
India,"Uttar Pradesh",Varanasi,"Bhelupur, Varanasi - UPPCB","11-09-2026 05:00:00",25.301778,82.996789,PM2.5,35,464,134
India,"Uttar Pradesh",Varanasi,"Ardhali Bazar, Varanasi - UPPCB","11-09-2026 05:00:00",25.3505986,82.9083074,NO2,19,23,22
India,"Uttar Pradesh",Varanasi,"Ardhali Bazar, Varanasi - UPPCB","11-09-2026 05:00:00",25.3505986,82.9083074,NH3,NA,NA,NA
India,"Uttar Pradesh",Varanasi,"Ardhali Bazar, Varanasi - UPPCB","11-09-2026 05:00:00",25.3505986,82.9083074,SO2,5,7,6
India,"Uttar Pradesh",Varanasi,"Maldahiya, Varanasi - UPPCB","11-09-2026 05:00:00",25.32393,82.99687,PM10,27,89,59
India,"Uttar Pradesh",Varanasi,"Maldahiya, Varanasi - UPPCB","11-09-2026 05:00:00",25.32393,82.99687,NO2,2,4,3
India,"Uttar Pradesh",Varanasi,"Maldahiya, Varanasi - UPPCB","11-09-2026 05:00:00",25.32393,82.99687,CO,14,35,25
India,"Uttar Pradesh",Varanasi,"IESD Banaras Hindu University, Varanasi - UPPCB","11-09-2026 05:00:00",25.262326,82.995408,PM2.5,3,70,29
India,"Uttar Pradesh",Varanasi,"IESD Banaras Hindu University, Varanasi - UPPCB","11-09-2026 05:00:00",25.262326,82.995408,NH3,0,0,0
India,"Uttar Pradesh",Varanasi,"IESD Banaras Hindu University, Varanasi - UPPCB","11-09-2026 05:00:00",25.262326,82.995408,CO,1,12,5
India,"Uttar Pradesh",Varanasi,"IESD Banaras Hindu University, Varanasi - UPPCB","11-09-2026 05:00:00",25.262326,82.995408,OZONE,0,3,1
India,"Uttar Pradesh",Vrindavan," Chhatikara, Vrindavan - UPPCB","11-09-2026 05:00:00",27.57194,77.62346,NH3,1,5,3
India,"Uttar Pradesh",Meerut,"MIET College, Meerut - UPPCB","11-09-2026 05:00:00",28.972677,77.641018,SO2,2,3,2
India,"Uttar Pradesh",Meerut,"Pallavpuram Phase 2, Meerut - UPPCB","11-09-2026 05:00:00",29.06351,77.709723,CO,8,40,23
India,"Uttar Pradesh",Modinagar,"SRM University, Modinagar - UPPCB","11-09-2026 05:00:00",28.798171,77.540243,PM10,79,142,102
India,"Uttar Pradesh",Modinagar,"SRM University, Modinagar - UPPCB","11-09-2026 05:00:00",28.798171,77.540243,CO,21,24,23
India,"Uttar Pradesh",Modinagar,"SRM University, Modinagar - UPPCB","11-09-2026 05:00:00",28.798171,77.540243,OZONE,4,6,5
India,"Uttar Pradesh",Moradabad,"Jigar Colony, Moradabad - UPPCB","11-09-2026 05:00:00",28.856664,78.772638,PM10,31,257,88
India,"Uttar Pradesh",Moradabad,"Jigar Colony, Moradabad - UPPCB","11-09-2026 05:00:00",28.856664,78.772638,NO2,25,25,25
India,"Uttar Pradesh",Moradabad,"Jigar Colony, Moradabad - UPPCB","11-09-2026 05:00:00",28.856664,78.772638,OZONE,20,24,22
India,"Uttar Pradesh",Moradabad,"Eco Herbal Park, Moradabad - UPPCB","11-09-2026 05:00:00",28.840739,78.697531,PM2.5,21,152,84
India,"Uttar Pradesh",Moradabad,"Eco Herbal Park, Moradabad - UPPCB","11-09-2026 05:00:00",28.840739,78.697531,OZONE,13,34,22
India,"Uttar Pradesh",Moradabad,"Transport Nagar, Moradabad - UPPCB","11-09-2026 05:00:00",28.802625,78.753728,SO2,21,22,21
India,"Uttar Pradesh",Moradabad,"Transport Nagar, Moradabad - UPPCB","11-09-2026 05:00:00",28.802625,78.753728,OZONE,304,349,320
India,"Uttar Pradesh",Moradabad,"Buddhi Vihar, Moradabad - UPPCB","11-09-2026 05:00:00",28.83526,78.7446,SO2,33,37,35
India,"Uttar Pradesh",Moradabad,"Buddhi Vihar, Moradabad - UPPCB","11-09-2026 05:00:00",28.83526,78.7446,OZONE,25,36,30
India,"Uttar Pradesh",Khurja,"Kalindi Kunj, Khurja - UPPCB","11-09-2026 05:00:00",28.2348927,77.8683002,SO2,NA,NA,NA
India,"Uttar Pradesh",Lucknow,"Kendriya Vidyalaya, Lucknow - CPCB","11-09-2026 05:00:00",26.906111,80.948222,PM2.5,21,87,48
India,"Uttar Pradesh",Lucknow,"Kendriya Vidyalaya, Lucknow - CPCB","11-09-2026 05:00:00",26.906111,80.948222,NO2,24,39,28
India,"Uttar Pradesh",Lucknow,"Kendriya Vidyalaya, Lucknow - CPCB","11-09-2026 05:00:00",26.906111,80.948222,OZONE,17,27,20
India,"Uttar Pradesh",Lucknow,"Gomti Nagar, Lucknow - UPPCB","11-09-2026 05:00:00",26.86812,81.005119,CO,37,38,38
India,"Uttar Pradesh",Lucknow,"Talkatora District Industries Center, Lucknow - CPCB","11-09-2026 05:00:00",26.83399722,80.8917361,PM2.5,24,60,43
India,"Uttar Pradesh",Lucknow,"Talkatora District Industries Center, Lucknow - CPCB","11-09-2026 05:00:00",26.83399722,80.8917361,NO2,18,27,22
India,"Uttar Pradesh",Lucknow,"B R Ambedkar University, Lucknow - UPPCB","11-09-2026 05:00:00",26.766433,80.927299,PM10,27,89,43
India,"Uttar Pradesh",Lucknow,"B R Ambedkar University, Lucknow - UPPCB","11-09-2026 05:00:00",26.766433,80.927299,SO2,28,35,31
India,"Uttar Pradesh",Lucknow,"B R Ambedkar University, Lucknow - UPPCB","11-09-2026 05:00:00",26.766433,80.927299,OZONE,20,73,36
India,"Uttar Pradesh",Mathura,"Pali Dungra, Mathura - UPPCB","11-09-2026 05:00:00",27.410954,77.550619,SO2,11,14,12
India,"Uttar Pradesh",Meerut,"Ganga Nagar, Meerut - UPPCB","11-09-2026 05:00:00",28.999264,77.7590354,PM10,69,144,124
India,"West Bengal",Haldia,"Priyambada Housing Estate, Haldia - WBPCB","11-09-2026 05:00:00",22.06047,88.109737,SO2,12,13,12
India,"West Bengal",Howrah,"Ghusuri, Howrah - WBPCB","11-09-2026 05:00:00",22.611968,88.347422,PM10,23,62,39
India,"West Bengal",Howrah,"Ghusuri, Howrah - WBPCB","11-09-2026 05:00:00",22.611968,88.347422,NH3,7,15,11
India,"West Bengal",Howrah,"Ghusuri, Howrah - WBPCB","11-09-2026 05:00:00",22.611968,88.347422,CO,12,21,15
India,"West Bengal",Howrah,"Dasnagar, Howrah - WBPCB","11-09-2026 05:00:00",22.6025571,88.3105664,SO2,8,9,9
India,"West Bengal",Howrah,"Dasnagar, Howrah - WBPCB","11-09-2026 05:00:00",22.6025571,88.3105664,OZONE,10,17,14
India,"West Bengal",Howrah,"Belur Math, Howrah - WBPCB","11-09-2026 05:00:00",22.629801,88.352017,PM2.5,16,41,30
India,"West Bengal",Howrah,"Padmapukur, Howrah - WBPCB","11-09-2026 05:00:00",22.5687319,88.2797276,PM10,26,73,45
India,"West Bengal",Howrah,"Padmapukur, Howrah - WBPCB","11-09-2026 05:00:00",22.5687319,88.2797276,SO2,3,7,5
India,"West Bengal",Kolkata,"Fort William, Kolkata - WBPCB","11-09-2026 05:00:00",22.55664,88.342674,NH3,7,7,7
India,"West Bengal",Kolkata,"Ballygunge, Kolkata - WBPCB","11-09-2026 05:00:00",22.5367507,88.3638022,PM2.5,18,37,25
India,"West Bengal",Kolkata,"Rabindra Sarobar, Kolkata - WBPCB","11-09-2026 05:00:00",22.51106,88.35142,PM2.5,17,42,26
India,"Uttar Pradesh",Noida,"Sector-1, Noida - UPPCB","11-09-2026 05:00:00",28.5898,77.3101,NO2,NA,NA,NA
India,"Uttar Pradesh",Noida,"Sector - 125, Noida - UPPCB","11-09-2026 05:00:00",28.5447608,77.3231257,SO2,4,9,6
India,"Uttar Pradesh",Noida,"Sector - 125, Noida - UPPCB","11-09-2026 05:00:00",28.5447608,77.3231257,OZONE,13,14,13
India,"Uttar Pradesh",Noida,"Sector-116, Noida - UPPCB","11-09-2026 05:00:00",28.56923,77.393848,PM2.5,69,280,118
India,"Uttar Pradesh",Noida,"Sector-116, Noida - UPPCB","11-09-2026 05:00:00",28.56923,77.393848,NH3,6,18,12
India,"Uttar Pradesh",Noida,"Sector - 62, Noida - IITM","11-09-2026 05:00:00",28.6245479,77.3577104,CO,24,30,28
India,"Uttar Pradesh",Prayagraj,"Jhunsi, Prayagraj - UPPCB","11-09-2026 05:00:00",25.425602,81.917152,NH3,6,6,6
India,"Uttar Pradesh",Raebareli," Indira Nagar, Raebareli - NTPC Unchahar","11-09-2026 05:00:00",26.207781,81.245571,PM2.5,28,44,38
India,"Uttar Pradesh",Raebareli," Indira Nagar, Raebareli - NTPC Unchahar","11-09-2026 05:00:00",26.207781,81.245571,NH3,8,15,11
India,"Uttar Pradesh",Raebareli," Indira Nagar, Raebareli - NTPC Unchahar","11-09-2026 05:00:00",26.207781,81.245571,SO2,NA,NA,NA
India,"Uttar Pradesh",Ghaziabad,"Govindpuram, Ghaziabad - UPPCB","11-09-2026 05:00:00",28.694528,77.494705,SO2,4,13,9
India,"Uttar Pradesh",Gorakhpur,"Madan Mohan Malaviya University of Technology, Gorakhpur - UPPCB","11-09-2026 05:00:00",26.730136,83.433859,NH3,1,1,1
India,"Uttar Pradesh",Gorakhpur,"Madan Mohan Malaviya University of Technology, Gorakhpur - UPPCB","11-09-2026 05:00:00",26.730136,83.433859,OZONE,NA,NA,NA
India,"Uttar Pradesh",Kanpur,"NSI Kalyanpur, Kanpur - UPPCB","11-09-2026 05:00:00",26.509954,80.249612,PM2.5,40,192,66
India,"Uttar Pradesh",Kanpur,"Nehru Nagar, Kanpur - UPPCB","11-09-2026 05:00:00",26.4703136,80.3229863,SO2,9,12,11
India,"Uttar Pradesh",Kanpur,"Nehru Nagar, Kanpur - UPPCB","11-09-2026 05:00:00",26.4703136,80.3229863,CO,44,53,49
India,"Uttar Pradesh",Khora,"Prashant Garden, Khora - UPPCB","11-09-2026 05:00:00",28.61119,77.34206,NO2,21,33,24
India,"Uttar Pradesh",Khora,"Prashant Garden, Khora - UPPCB","11-09-2026 05:00:00",28.61119,77.34206,NH3,4,6,5
India,"West Bengal",Kolkata,"Rabindra Sarobar, Kolkata - WBPCB","11-09-2026 05:00:00",22.51106,88.35142,OZONE,14,18,15
India,"West Bengal",Kolkata,"Jadavpur, Kolkata - WBPCB","11-09-2026 05:00:00",22.49929,88.36917,PM2.5,27,68,45
India,"West Bengal",Kolkata,"Jadavpur, Kolkata - WBPCB","11-09-2026 05:00:00",22.49929,88.36917,SO2,5,6,5
India,"West Bengal",Kolkata,"Jadavpur, Kolkata - WBPCB","11-09-2026 05:00:00",22.49929,88.36917,OZONE,11,13,12
India,"West Bengal",Kolkata,"Bidhannagar, Kolkata - WBPCB","11-09-2026 05:00:00",22.58157048,88.41002457,NO2,9,17,13
India,"West Bengal",Kolkata,"Bidhannagar, Kolkata - WBPCB","11-09-2026 05:00:00",22.58157048,88.41002457,NH3,4,7,5
India,"West Bengal",Siliguri,"Ward-32 Bapupara, Siliguri - WBPCB","11-09-2026 05:00:00",26.6879226,88.4152495,PM2.5,21,44,33
India,"West Bengal",Siliguri,"Ward-32 Bapupara, Siliguri - WBPCB","11-09-2026 05:00:00",26.6879226,88.4152495,OZONE,20,22,21
India,Bihar,Gaya,"Collectorate, Gaya - BSPCB","11-09-2026 05:00:00",24.7955,84.9994,NH3,NA,NA,NA
India,Bihar,Gaya,"Collectorate, Gaya - BSPCB","11-09-2026 05:00:00",24.7955,84.9994,CO,11,12,11
India,Bihar,Hajipur,"Industrial Area, Hajipur - BSPCB","11-09-2026 05:00:00",25.697189,85.2459,NO2,13,34,23
India,Bihar,Katihar,"Mirchaibari, Katihar - BSPCB","11-09-2026 05:00:00",25.560083,87.553265,PM2.5,17,48,29
India,Bihar,Katihar,"Mirchaibari, Katihar - BSPCB","11-09-2026 05:00:00",25.560083,87.553265,NO2,NA,NA,NA
India,Bihar,Kishanganj,"SDM Office_Khagra, Kishanganj - BSPCB","11-09-2026 05:00:00",26.0881305,87.93840336,PM2.5,37,70,52
India,Bihar,Kishanganj,"SDM Office_Khagra, Kishanganj - BSPCB","11-09-2026 05:00:00",26.0881305,87.93840336,PM10,31,54,41
India,Bihar,Manguraha,"Forest Rest House, Manguraha - BSPCB","11-09-2026 05:00:00",27.308328,84.531742,PM10,57,176,111
India,Bihar,Motihari,"Gandak Colony, Motihari - BSPCB","11-09-2026 05:00:00",26.63086,84.90051,PM10,12,32,15
India,Bihar,Araria,"Kharahiya Basti, Araria - BSPCB","11-09-2026 05:00:00",26.146529,87.454184,NO2,10,20,15
India,Bihar,Arrah,"New DM Office, Arrah - BSPCB","11-09-2026 05:00:00",25.5626095,84.663264,PM2.5,33,47,34
India,Bihar,Arrah,"New DM Office, Arrah - BSPCB","11-09-2026 05:00:00",25.5626095,84.663264,NH3,1,2,2
India,Bihar,Arrah,"New DM Office, Arrah - BSPCB","11-09-2026 05:00:00",25.5626095,84.663264,CO,47,62,53
India,Bihar,Begusarai,"Lohiyanagar, Begusarai - BSPCB","11-09-2026 05:00:00",25.42742023,86.13886079,NO2,6,12,9
India,Bihar,Begusarai,"Lohiyanagar, Begusarai - BSPCB","11-09-2026 05:00:00",25.42742023,86.13886079,SO2,15,18,16
India,Bihar,Bettiah,"Kamalnath Nagar, Bettiah - BSPCB","11-09-2026 05:00:00",26.80365,84.51954,PM10,19,22,21
India,Bihar,Bhagalpur,"Mayaganj, Bhagalpur - BSPCB","11-09-2026 05:00:00",25.265194,87.012947,PM2.5,13,500,77
India,"Arunachal Pradesh",Naharlagun,"Naharlagun, Naharlagun - APSPCB","11-09-2026 05:00:00",27.103358,93.679645,PM10,18,97,47
India,"Arunachal Pradesh",Naharlagun,"Naharlagun, Naharlagun - APSPCB","11-09-2026 05:00:00",27.103358,93.679645,SO2,11,13,12
India,Assam,Guwahati,"LGBI Airport, Guwahati - PCBA","11-09-2026 05:00:00",26.10887,91.589544,SO2,8,21,13
India,Assam,Guwahati,"Pan Bazaar, Guwahati - PCBA","11-09-2026 05:00:00",26.1875,91.744194,PM10,NA,NA,NA
India,Assam,Guwahati,"Pan Bazaar, Guwahati - PCBA","11-09-2026 05:00:00",26.1875,91.744194,SO2,NA,NA,NA
India,Assam,Guwahati,"Pan Bazaar, Guwahati - PCBA","11-09-2026 05:00:00",26.1875,91.744194,CO,17,20,18
India,Assam,Guwahati,"Pan Bazaar, Guwahati - PCBA","11-09-2026 05:00:00",26.1875,91.744194,OZONE,10,11,11
India,Assam,Guwahati,"IITG, Guwahati - PCBA","11-09-2026 05:00:00",26.2028636,91.70046436,OZONE,1,6,3
India,Assam,Guwahati,"Railway Colony, Guwahati - PCBA","11-09-2026 05:00:00",26.181742,91.78063,OZONE,9,12,10
India,Assam,Nagaon,"Christianpatty, Nagaon - PCBA","11-09-2026 05:00:00",26.349082,92.68449,CO,18,30,25
India,Assam,Nalbari,"Bata Chowk, Nalbari - PCBA","11-09-2026 05:00:00",26.446912,91.439057,PM10,23,78,54
India,Assam,Nalbari,"Bata Chowk, Nalbari - PCBA","11-09-2026 05:00:00",26.446912,91.439057,NO2,14,16,15
India,Assam,Nalbari,"Bata Chowk, Nalbari - PCBA","11-09-2026 05:00:00",26.446912,91.439057,SO2,8,8,8
India,Assam,Silchar,"Tarapur, Silchar - PCBA","11-09-2026 05:00:00",24.82827,92.79525,CO,20,46,30
India,"Andhra Pradesh",Amaravati,"Secretariat, Amaravati - APPCB","11-09-2026 05:00:00",16.5150833,80.5181667,OZONE,8,20,14
India,"Andhra Pradesh",Anantapur,"Gulzarpet, Anantapur - APPCB","11-09-2026 05:00:00",14.675886,77.593027,CO,19,31,28
India,"Andhra Pradesh",Eluru,"District Court, Eluru - APPCB","11-09-2026 05:00:00",16.711754,81.092095,CO,30,48,35
India,"Andhra Pradesh",Guntur,"Rajendra Nagar North, Guntur - APPCB","11-09-2026 05:00:00",16.316553,80.413302,PM2.5,52,295,78
India,"Andhra Pradesh",Guntur,"Rajendra Nagar North, Guntur - APPCB","11-09-2026 05:00:00",16.316553,80.413302,PM10,60,181,80
India,Bihar,Bhagalpur,"Mayaganj, Bhagalpur - BSPCB","11-09-2026 05:00:00",25.265194,87.012947,OZONE,10,16,12
India,Bihar,Bhagalpur,"DM Office_Kachari Chowk, Bhagalpur - BSPCB","11-09-2026 05:00:00",25.251013,86.989001,PM2.5,NA,NA,NA
India,Bihar,Bhagalpur,"DM Office_Kachari Chowk, Bhagalpur - BSPCB","11-09-2026 05:00:00",25.251013,86.989001,PM10,NA,NA,NA
India,Bihar,Gaya,"Kareemganj, Gaya - BSPCB","11-09-2026 05:00:00",24.792403,84.992416,PM10,6,286,85
India,Bihar,Gaya,"Kareemganj, Gaya - BSPCB","11-09-2026 05:00:00",24.792403,84.992416,NO2,0,11,5
India,Bihar,Gaya,"Kareemganj, Gaya - BSPCB","11-09-2026 05:00:00",24.792403,84.992416,CO,NA,NA,NA
India,Bihar,Gaya,"Kareemganj, Gaya - BSPCB","11-09-2026 05:00:00",24.792403,84.992416,OZONE,11,45,21
India,"Andhra Pradesh",Vijayawada,"Rajiv Nagar, Vijayawada - APPCB","11-09-2026 05:00:00",16.554731,80.64911,PM2.5,41,80,52
India,"Andhra Pradesh",Vijayawada,"Rajiv Nagar, Vijayawada - APPCB","11-09-2026 05:00:00",16.554731,80.64911,NH3,4,7,6
India,"Andhra Pradesh",Vijayawada,"HB Colony, Vijayawada - APPCB","11-09-2026 05:00:00",16.536107,80.594233,OZONE,14,14,14
India,"Andhra Pradesh",Vijayawada,"Rajiv Gandhi Park, Vijayawada - APPCB","11-09-2026 05:00:00",16.509717,80.612222,NH3,4,8,6
India,"Andhra Pradesh",Visakhapatnam,"GVM Corporation, Visakhapatnam - APPCB","11-09-2026 05:00:00",17.72,83.3,SO2,1,17,7
India,"Andhra Pradesh",Machilipatnam,"Srinivas Nagar Colony, Machilipatnam - APPCB","11-09-2026 05:00:00",16.186555,81.13219,NH3,4,6,5
India,"Andhra Pradesh",Nellore,"Ambedkar Nagar, Nellore - APPCB ","11-09-2026 05:00:00",14.438164,79.966814,PM2.5,44,72,53
India,"Andhra Pradesh",Rajamahendravaram,"Anand Kala Kshetram, Rajamahendravaram - APPCB","11-09-2026 05:00:00",16.9872867,81.7363176,NO2,4,17,7
India,"Andhra Pradesh",Tirumala,"Toll Gate, Tirumala - APPCB","11-09-2026 05:00:00",13.67,79.35,NO2,32,83,53
India,"Andhra Pradesh",Kadapa,"Yerramukkapalli, Kadapa - APPCB","11-09-2026 05:00:00",14.465052,78.824187,NO2,14,26,20
India,"Andhra Pradesh",Kakinada,"Rama Rao Peta, Kakinada - APPCB","11-09-2026 05:00:00",16.962488,82.229513,SO2,10,13,11
India,"Andhra Pradesh",Kakinada,"Rama Rao Peta, Kakinada - APPCB","11-09-2026 05:00:00",16.962488,82.229513,CO,23,43,31
India,"Andhra Pradesh",Kakinada,"Rama Rao Peta, Kakinada - APPCB","11-09-2026 05:00:00",16.962488,82.229513,OZONE,20,30,23
India,"Andhra Pradesh",Kurnool,"Sita Rama Nagar, Kurnool - APPCB","11-09-2026 05:00:00",15.83411,78.028546,CO,11,17,13
India,"Andhra Pradesh",Kurnool,"Sita Rama Nagar, Kurnool - APPCB","11-09-2026 05:00:00",15.83411,78.028546,OZONE,14,21,17
India,"Andhra Pradesh",Amaravati,"Secretariat, Amaravati - APPCB","11-09-2026 05:00:00",16.5150833,80.5181667,NO2,16,46,29
India,Bihar,Patna,"Govt. High School Shikarpur, Patna - BSPCB","11-09-2026 05:00:00",25.592539,85.227158,OZONE,20,40,28
India,Bihar,Purnia,"Mariam Nagar, Purnia - BSPCB","11-09-2026 05:00:00",25.366336,87.117468,NH3,4,4,4
India,Bihar,Rajgir,"Dangi Tola, Rajgir - BSPCB","11-09-2026 05:00:00",25.0328,85.41948,PM10,18,56,21
India,Bihar,Rajgir,"Dangi Tola, Rajgir - BSPCB","11-09-2026 05:00:00",25.0328,85.41948,NO2,9,15,14
India,Bihar,Rajgir,"Dangi Tola, Rajgir - BSPCB","11-09-2026 05:00:00",25.0328,85.41948,CO,39,46,42
India,Bihar,Saharsa,"Police Line, Saharsa - BSPCB","11-09-2026 05:00:00",25.892357,86.590325,SO2,13,17,15
India,Bihar,Saharsa,"Police Line, Saharsa - BSPCB","11-09-2026 05:00:00",25.892357,86.590325,OZONE,10,17,14
India,Bihar,Samastipur,"DM Office_Kasipur, Samastipur - BSPCB","11-09-2026 05:00:00",25.859655,85.77944,NH3,1,2,1
India,Chandigarh,Chandigarh,"Sector 22, Chandigarh - CPCC","11-09-2026 05:00:00",30.735567,76.775714,PM10,41,90,55
India,Chandigarh,Chandigarh,"Sector 22, Chandigarh - CPCC","11-09-2026 05:00:00",30.735567,76.775714,SO2,3,5,4
India,Chandigarh,Chandigarh,"Sector-25, Chandigarh - CPCC","11-09-2026 05:00:00",30.751462,76.762879,PM10,57,130,91
India,Chandigarh,Chandigarh,"Sector-25, Chandigarh - CPCC","11-09-2026 05:00:00",30.751462,76.762879,NO2,6,19,12
India,Chandigarh,Chandigarh,"Sector-25, Chandigarh - CPCC","11-09-2026 05:00:00",30.751462,76.762879,CO,17,24,21
India,Chhattisgarh,Bhilai,"Civic Center, Bhilai - Bhilai Steel Plant","11-09-2026 05:00:00",21.185571,81.343175,PM2.5,3,21,12
India,Delhi,Delhi,"Dr. Karni Singh Shooting Range, Delhi - DPCC","11-09-2026 05:00:00",28.498571,77.26484,PM10,103,167,129
India,Delhi,Delhi,"Dr. Karni Singh Shooting Range, Delhi - DPCC","11-09-2026 05:00:00",28.498571,77.26484,NH3,5,6,5
India,Delhi,Delhi,"IIT Delhi, Delhi - IITM","11-09-2026 05:00:00",28.54246,77.191651,PM10,111,259,169
India,Delhi,Delhi,"IGI Airport (T3), Delhi - IITM","11-09-2026 05:00:00",28.5627763,77.1180053,OZONE,27,32,29
India,Delhi,Delhi,"Commonwealth Sports Complex, Delhi - DPCC","11-09-2026 05:00:00",28.615828,77.271992,PM2.5,44,94,68
India,Delhi,Delhi,"Commonwealth Sports Complex, Delhi - DPCC","11-09-2026 05:00:00",28.615828,77.271992,NO2,9,47,23
India,Delhi,Delhi,"Talkatora Garden, Delhi - DPCC","11-09-2026 05:00:00",28.62181,77.1944633,PM2.5,33,95,58
India,Delhi,Delhi,"Talkatora Garden, Delhi - DPCC","11-09-2026 05:00:00",28.62181,77.1944633,OZONE,4,6,5
India,Delhi,Delhi,"NSIT Dwarka, Delhi - CPCB","11-09-2026 05:00:00",28.60909,77.0325413,CO,23,104,43
India,Delhi,Delhi,"ITO, Delhi - CPCB","11-09-2026 05:00:00",28.628624,77.24106,PM10,30,137,109
India,Delhi,Delhi,"ITO, Delhi - CPCB","11-09-2026 05:00:00",28.628624,77.24106,NO2,32,87,59
India,Bihar,Motihari,"Gandak Colony, Motihari - BSPCB","11-09-2026 05:00:00",26.63086,84.90051,CO,10,13,12
India,Bihar,Munger,"Town Hall, Munger - BSPCB","11-09-2026 05:00:00",25.376776,86.471523,PM2.5,NA,NA,NA
India,Bihar,Munger,"Town Hall, Munger - BSPCB","11-09-2026 05:00:00",25.376776,86.471523,OZONE,13,15,14
India,Bihar,Muzaffarpur,"Buddha Colony, Muzaffarpur - BSPCB","11-09-2026 05:00:00",26.11442,85.39813,NO2,3,23,14
India,Bihar,Muzaffarpur,"Buddha Colony, Muzaffarpur - BSPCB","11-09-2026 05:00:00",26.11442,85.39813,NH3,10,18,14
India,Bihar,Muzaffarpur,"Buddha Colony, Muzaffarpur - BSPCB","11-09-2026 05:00:00",26.11442,85.39813,CO,10,28,16
India,Bihar,Muzaffarpur,"Buddha Colony, Muzaffarpur - BSPCB","11-09-2026 05:00:00",26.11442,85.39813,OZONE,9,24,17
India,Bihar,Patna,"Rajbansi Nagar, Patna - BSPCB","11-09-2026 05:00:00",25.599486,85.113666,SO2,NA,NA,NA
India,Bihar,Patna,"Rajbansi Nagar, Patna - BSPCB","11-09-2026 05:00:00",25.599486,85.113666,OZONE,27,29,28
India,Bihar,Patna,"IGSC Planetarium Complex, Patna - BSPCB","11-09-2026 05:00:00",25.610369,85.132568,PM10,NA,NA,NA
India,Bihar,Patna,"IGSC Planetarium Complex, Patna - BSPCB","11-09-2026 05:00:00",25.610369,85.132568,NH3,NA,NA,NA
India,Bihar,Patna,"IGSC Planetarium Complex, Patna - BSPCB","11-09-2026 05:00:00",25.610369,85.132568,OZONE,26,41,33
India,Chhattisgarh,Kunjemura,"OP Jindal School, Kunjemura - CECB","11-09-2026 05:00:00",22.12665,83.483212,PM10,19,52,30
India,Chhattisgarh,Milupara,"Govt. Higher Secondary School, Milupara - CECB","11-09-2026 05:00:00",22.1910172,83.5197009,NH3,NA,NA,NA
India,Chhattisgarh,Raipur,"Krishak Nagar, Raipur - CECB","11-09-2026 05:00:00",21.237755,81.705301,PM10,12,74,48
India,Chhattisgarh,Raipur,"Krishak Nagar, Raipur - CECB","11-09-2026 05:00:00",21.237755,81.705301,CO,6,13,10
India,Chhattisgarh,Raipur,"Krishak Nagar, Raipur - CECB","11-09-2026 05:00:00",21.237755,81.705301,OZONE,2,4,3
India,Chhattisgarh,Raipur,"Siltara Phase-II, Raipur - CECB","11-09-2026 05:00:00",21.371751,81.664929,PM2.5,29,50,36
India,Chhattisgarh,Raipur,"Siltara Phase-II, Raipur - CECB","11-09-2026 05:00:00",21.371751,81.664929,NO2,21,51,29
India,Chhattisgarh,Tumidih,"OP Jindal Industrial Park, Tumidih - CECB","11-09-2026 05:00:00",22.06631475,83.33820077,NO2,10,29,18
India,Delhi,Delhi,"Rohini, Delhi - DPCC","11-09-2026 05:00:00",28.732528,77.11992,NO2,0,8,4
India,Delhi,Delhi,"Vivek Vihar, Delhi - DPCC","11-09-2026 05:00:00",28.672342,77.31526,PM2.5,34,307,87
India,Delhi,Delhi,"Vivek Vihar, Delhi - DPCC","11-09-2026 05:00:00",28.672342,77.31526,CO,21,92,57
India,Delhi,Delhi,"Jahangirpuri, Delhi - DPCC","11-09-2026 05:00:00",28.73282,77.170633,NO2,19,43,30
India,Delhi,Delhi,"Jahangirpuri, Delhi - DPCC","11-09-2026 05:00:00",28.73282,77.170633,SO2,11,15,13
India,Delhi,Delhi,"IHBAS, Dilshad Garden, Delhi - CPCB","11-09-2026 05:00:00",28.6811736,77.3025234,PM2.5,50,251,133
India,Delhi,Delhi,"IHBAS, Dilshad Garden, Delhi - CPCB","11-09-2026 05:00:00",28.6811736,77.3025234,CO,30,41,35
India,Delhi,Delhi,"Sri Aurobindo Marg, Delhi - DPCC","11-09-2026 05:00:00",28.531346,77.190156,OZONE,2,3,3
India,Delhi,Delhi,"Patparganj, Delhi - DPCC","11-09-2026 05:00:00",28.623763,77.287209,CO,41,66,48
India,Delhi,Delhi,"Narela, Delhi - DPCC","11-09-2026 05:00:00",28.822836,77.101981,PM10,94,193,138
India,Delhi,Delhi,"Cantonment Area, Delhi - DPCC","11-09-2026 05:00:00",28.594169,77.1251,SO2,4,5,5
India,Delhi,Delhi,"Major Dhyan Chand National Stadium, Delhi - DPCC","11-09-2026 05:00:00",28.611281,77.237738,NO2,17,84,48
India,Delhi,Delhi,"Major Dhyan Chand National Stadium, Delhi - DPCC","11-09-2026 05:00:00",28.611281,77.237738,OZONE,3,5,4
India,Delhi,Delhi,"Sonia Vihar, Delhi - DPCC","11-09-2026 05:00:00",28.710508,77.249485,SO2,3,23,11
India,Delhi,Delhi,"Bawana, Delhi - DPCC","11-09-2026 05:00:00",28.7762,77.051074,NO2,2,27,12
India,Delhi,Delhi,"Okhla Phase-2, Delhi - DPCC","11-09-2026 05:00:00",28.530785,77.271255,PM2.5,27,123,64
India,Delhi,Delhi,"Okhla Phase-2, Delhi - DPCC","11-09-2026 05:00:00",28.530785,77.271255,OZONE,5,11,6
India,Delhi,Delhi,"NSUT Jaffarpur, Delhi - DPCC","11-09-2026 05:00:00",28.594004,76.909423,PM2.5,38,90,60
India,Delhi,Delhi,"NSUT Jaffarpur, Delhi - DPCC","11-09-2026 05:00:00",28.594004,76.909423,NH3,0,11,5
India,Delhi,Delhi,"NSUT Jaffarpur, Delhi - DPCC","11-09-2026 05:00:00",28.594004,76.909423,SO2,0,1,1
India,Delhi,Delhi,"Najafgarh, Delhi - DPCC","11-09-2026 05:00:00",28.570173,76.933762,NH3,4,6,5
India,Delhi,Delhi,"Najafgarh, Delhi - DPCC","11-09-2026 05:00:00",28.570173,76.933762,CO,25,30,26
India,Delhi,Delhi,"Najafgarh, Delhi - DPCC","11-09-2026 05:00:00",28.570173,76.933762,OZONE,8,15,11
India,Delhi,Delhi,"Punjabi Bagh, Delhi - DPCC","11-09-2026 05:00:00",28.674045,77.131023,SO2,21,29,26
India,Delhi,Delhi,"Wazirpur, Delhi - DPCC","11-09-2026 05:00:00",28.699793,77.165453,NH3,6,13,10
India,Delhi,Delhi,"Mundka, Delhi - DPCC","11-09-2026 05:00:00",28.684678,77.076574,OZONE,NA,NA,NA
India,Chhattisgarh,Bhilai,"32Bungalows, Bhilai - CECB","11-09-2026 05:00:00",21.194815,81.31477,NO2,2,13,5
India,Chhattisgarh,Bhilai,"32Bungalows, Bhilai - CECB","11-09-2026 05:00:00",21.194815,81.31477,SO2,1,6,3
India,Chhattisgarh,Bilaspur,"Mangala, Bilaspur - NTPC","11-09-2026 05:00:00",22.08815,82.13737,PM2.5,14,48,33
India,Chhattisgarh,Bilaspur,"Mangala, Bilaspur - NTPC","11-09-2026 05:00:00",22.08815,82.13737,SO2,7,16,11
India,Chhattisgarh,Chhal,"Nawapara SECL Colony, Chhal - CECB","11-09-2026 05:00:00",22.118125,83.140608,NO2,4,9,6
India,Chhattisgarh,Korba,"Rampur, Korba - CECB","11-09-2026 05:00:00",22.368195,82.746431,OZONE,13,22,18
India,Chhattisgarh,Korba,"Urja Nagar, Korba - CECB","11-09-2026 05:00:00",22.348441,82.549611,NH3,1,1,1
India,Delhi,Delhi,"Pusa, Delhi - DPCC","11-09-2026 05:00:00",28.639652,77.146275,SO2,1,35,15
India,Delhi,Delhi,"Pusa, Delhi - DPCC","11-09-2026 05:00:00",28.639652,77.146275,CO,62,110,84
India,Delhi,Delhi,"Pusa, Delhi - IITM","11-09-2026 05:00:00",28.63611,77.173332,SO2,NA,NA,NA
India,Delhi,Delhi,"Anand Vihar, Delhi - DPCC","11-09-2026 05:00:00",28.647622,77.315809,CO,57,80,72
India,Delhi,Delhi,"Anand Vihar, Delhi - DPCC","11-09-2026 05:00:00",28.647622,77.315809,OZONE,9,16,12
India,Delhi,Delhi,"Dwarka-Sector 8, Delhi - DPCC ","11-09-2026 05:00:00",28.5710274,77.0719006,PM2.5,18,68,42
India,Delhi,Delhi,"Dwarka-Sector 8, Delhi - DPCC ","11-09-2026 05:00:00",28.5710274,77.0719006,OZONE,10,17,12
India,Delhi,Delhi,"R K Puram, Delhi - DPCC","11-09-2026 05:00:00",28.563262,77.186937,OZONE,19,23,22
India,Delhi,Delhi,"North Campus, DU, Delhi - IITM","11-09-2026 05:00:00",28.6573814,77.1585447,PM2.5,10,308,67
India,Delhi,Delhi,"Aya Nagar, Delhi - IITM","11-09-2026 05:00:00",28.4706914,77.1099364,PM10,40,108,83
India,Delhi,Delhi,"CRRI Mathura Road, Delhi - IITM","11-09-2026 05:00:00",28.5512005,77.2735737,PM10,30,199,91
India,Delhi,Delhi,"CRRI Mathura Road, Delhi - IITM","11-09-2026 05:00:00",28.5512005,77.2735737,NO2,2,43,27
India,Delhi,Delhi,"Alipur, Delhi - DPCC","11-09-2026 05:00:00",28.815329,77.15301,PM2.5,NA,NA,NA
India,Delhi,Delhi,"Burari Crossing, Delhi - IITM","11-09-2026 05:00:00",28.7256504,77.2011573,PM10,92,140,116
India,Delhi,Delhi,"IMD Lodhi Road, Delhi - IITM","11-09-2026 05:00:00",28.5918245,77.2273074,SO2,NA,NA,NA
India,Delhi,Delhi,"JNU, Delhi - DPCC","11-09-2026 05:00:00",28.540721,77.168544,PM10,71,160,101
India,Gujarat,Ahmedabad,"Rakhial, Ahmedabad - IITM","11-09-2026 05:00:00",23.016834,72.625775,PM10,57,110,80
India,Gujarat,Ahmedabad,"Rakhial, Ahmedabad - IITM","11-09-2026 05:00:00",23.016834,72.625775,NO2,24,290,63
India,Gujarat,Mehsana,"Sadanand Nagar, Mehsana - Nexteng Enviro","11-09-2026 05:00:00",23.59315,72.372792,SO2,14,15,14
India,Gujarat,Mehsana,"Sadanand Nagar, Mehsana - Nexteng Enviro","11-09-2026 05:00:00",23.59315,72.372792,OZONE,10,10,10
India,Gujarat,Rajkot,"Mavdi, Rajkot - Nexteng Enviro ","11-09-2026 05:00:00",22.248853,70.776774,OZONE,4,8,6
India,Gujarat,Surat,"Science Center, Surat - SMC","11-09-2026 05:00:00",21.170046,72.795405,NO2,2,10,5
India,Gujarat,Surat,"Science Center, Surat - SMC","11-09-2026 05:00:00",21.170046,72.795405,NH3,NA,NA,NA
India,Gujarat,Surat,"Science Center, Surat - SMC","11-09-2026 05:00:00",21.170046,72.795405,OZONE,NA,NA,NA
India,Gujarat,Surat,"Katargam, Surat - Nexteng Enviro","11-09-2026 05:00:00",21.217779,72.834787,SO2,10,11,10
India,Gujarat,Vadodara,"Bapunagar, Vadodara - Nexteng Enviro","11-09-2026 05:00:00",22.320153,73.216285,NO2,11,13,12
India,Haryana,Ambala,"Patti Mehar, Ambala - HSPCB","11-09-2026 05:00:00",30.379589,76.778328,PM10,41,259,146
India,Haryana,Ballabgarh,"Nathu Colony, Ballabgarh - HSPCB","11-09-2026 05:00:00",28.3419248,77.319699,NO2,19,21,20
India,Haryana,Palwal,"Shyam Nagar, Palwal - HSPCB","11-09-2026 05:00:00",28.1485564,77.3320667,CO,69,108,89
India,Haryana,Panchgaon,"Amity University, Panchgaon - IITM","11-09-2026 05:00:00",28.3153,76.9143,NH3,4,8,6
India,Haryana,Panchkula,"Sector-6, Panchkula - HSPCB ","11-09-2026 05:00:00",30.7057778,76.8531805555555,SO2,10,13,11
India,Haryana,Panipat,"Sector-18, Panipat - HSPCB","11-09-2026 05:00:00",29.432304,76.972765,NO2,5,9,7
India,Haryana,Rohtak,"MD University, Rohtak - HSPCB","11-09-2026 05:00:00",28.52123,76.37138,PM2.5,52,76,59
India,Haryana,Rohtak,"MD University, Rohtak - HSPCB","11-09-2026 05:00:00",28.52123,76.37138,PM10,90,113,97
India,Haryana,Rohtak,"MD University, Rohtak - HSPCB","11-09-2026 05:00:00",28.52123,76.37138,NO2,8,11,9
India,Haryana,Rohtak,"MD University, Rohtak - HSPCB","11-09-2026 05:00:00",28.52123,76.37138,NH3,NA,NA,NA
India,Haryana,Rohtak,"MD University, Rohtak - HSPCB","11-09-2026 05:00:00",28.52123,76.37138,CO,28,36,32
India,Haryana,Sirsa,"F-Block, Sirsa - HSPCB","11-09-2026 05:00:00",29.5364,75.0158,SO2,31,44,38
India,Haryana,Sirsa,"F-Block, Sirsa - HSPCB","11-09-2026 05:00:00",29.5364,75.0158,CO,82,101,93
India,Haryana,Ballabgarh,"Nathu Colony, Ballabgarh - HSPCB","11-09-2026 05:00:00",28.3419248,77.319699,NH3,4,5,4
India,Haryana,"Charkhi Dadri","Mini Secretariat, Charkhi Dadri - HSPCB","11-09-2026 05:00:00",28.593883,76.270653,SO2,7,9,8
India,Haryana,Dharuhera,"Municipal Corporation Office, Dharuhera -  HSPCB","11-09-2026 05:00:00",28.2068,76.7997,PM2.5,1,107,67
India,Haryana,Faridabad,"Sector 11, Faridabad - HSPCB","11-09-2026 05:00:00",28.376058,77.315741,NO2,30,32,31
India,Haryana,Faridabad,"Sector 30, Faridabad - HSPCB","11-09-2026 05:00:00",28.4417,77.3217,PM10,87,123,101
India,Haryana,Faridabad,"Sector 30, Faridabad - HSPCB","11-09-2026 05:00:00",28.4417,77.3217,CO,24,46,28
India,Gujarat,Ahmedabad,"Chandkheda, Ahmedabad - IITM","11-09-2026 05:00:00",23.107969,72.574648,PM2.5,27,65,43
India,Gujarat,Ahmedabad,"Chandkheda, Ahmedabad - IITM","11-09-2026 05:00:00",23.107969,72.574648,PM10,50,123,74
India,Gujarat,Bhavnagar,"Vidhyanagar, Bhavnagar - Nexteng Enviro","11-09-2026 05:00:00",21.755417,72.139056,PM2.5,17,28,23
India,Gujarat,Bhavnagar,"Vidhyanagar, Bhavnagar - Nexteng Enviro","11-09-2026 05:00:00",21.755417,72.139056,PM10,18,63,39
India,Gujarat,Gandhinagar,"Sector-10, Gandhinagar - GPCB","11-09-2026 05:00:00",23.221714,72.654328,PM2.5,22,61,38
India,Gujarat,Gandhinagar,"Sector-10, Gandhinagar - GPCB","11-09-2026 05:00:00",23.221714,72.654328,SO2,5,7,6
India,Gujarat,Mehsana,"Sadanand Nagar, Mehsana - Nexteng Enviro","11-09-2026 05:00:00",23.59315,72.372792,NO2,2,5,4
India,Haryana,Karnal,"Sector-12, Karnal - HSPCB","11-09-2026 05:00:00",29.6953,77.0027,PM10,23,138,49
India,Haryana,Karnal,"Sector-12, Karnal - HSPCB","11-09-2026 05:00:00",29.6953,77.0027,NH3,6,12,8
India,Haryana,Kurukshetra,"Sector-7, Kurukshetra - HSPCB","11-09-2026 05:00:00",29.966942,76.875879,SO2,5,9,7
India,Haryana,Narnaul,"Shastri Nagar, Narnaul - HSPCB","11-09-2026 05:00:00",28.060249,76.113115,NO2,20,89,52
India,Haryana,Palwal,"Shyam Nagar, Palwal - HSPCB","11-09-2026 05:00:00",28.1485564,77.3320667,NO2,23,24,24
India,Haryana,Gurugram,"NISE Gwal Pahari, Gurugram - IITM","11-09-2026 05:00:00",28.422681,77.148944,NO2,14,38,22
India,Haryana,Gurugram,"Sector-51, Gurugram - HSPCB","11-09-2026 05:00:00",28.4227,77.0667,PM2.5,33,135,77
India,Haryana,Gurugram,"Teri Gram, Gurugram - HSPCB","11-09-2026 05:00:00",28.4275,77.1465,SO2,4,12,7
India,Haryana,Gurugram,"Teri Gram, Gurugram - HSPCB","11-09-2026 05:00:00",28.4275,77.1465,OZONE,6,11,8
India,Haryana,Gurugram,"Vikas Sadan, Gurugram - HSPCB","11-09-2026 05:00:00",28.4501238,77.0263051,NH3,NA,NA,NA
India,Gujarat,Ahmedabad,"SAC ISRO Bopal, Ahmedabad - IITM","11-09-2026 05:00:00",23.041137,72.456691,CO,28,37,32
India,Gujarat,Ahmedabad,"SVPI Airport Hansol, Ahmedabad - IITM","11-09-2026 05:00:00",23.076793,72.627874,OZONE,5,14,9
India,Gujarat,Ahmedabad,"Raikhad, Ahmedabad - IITM","11-09-2026 05:00:00",23.020509,72.579261,NO2,9,33,14
India,"Himachal Pradesh",Baddi,"HIMUDA Complex Phase-1, Baddi - HPPCB","11-09-2026 05:00:00",30.943887,76.801991,CO,101,104,103
India,"Jammu and Kashmir",Srinagar,"Rajbagh, Srinagar - JKPCC","11-09-2026 05:00:00",34.066206,74.81982,NH3,9,9,9
India,Karnataka,Yadgir,"Collector Office, Yadgir - KSPCB","11-09-2026 05:00:00",16.7602,77.1428,NO2,2,3,2
India,Karnataka,Yadgir,"Collector Office, Yadgir - KSPCB","11-09-2026 05:00:00",16.7602,77.1428,NH3,0,1,1
India,Karnataka,Yadgir,"Collector Office, Yadgir - KSPCB","11-09-2026 05:00:00",16.7602,77.1428,CO,37,48,43
India,Karnataka,Yadgir,"Collector Office, Yadgir - KSPCB","11-09-2026 05:00:00",16.7602,77.1428,OZONE,19,38,27
India,Kerala,Eloor,"Udyogamandal, Eloor - Kerala PCB","11-09-2026 05:00:00",10.073232,76.302765,NH3,0,0,0
India,Kerala,Thiruvananthapuram,"Plammoodu, Thiruvananthapuram - Kerala PCB","11-09-2026 05:00:00",8.5149093,76.9435879,NO2,3,5,4
India,Kerala,Thiruvananthapuram,"Kariavattom, Thiruvananthapuram - Kerala PCB","11-09-2026 05:00:00",8.5637,76.8865,NO2,6,7,6
India,Kerala,Thiruvananthapuram,"Kariavattom, Thiruvananthapuram - Kerala PCB","11-09-2026 05:00:00",8.5637,76.8865,CO,14,24,21
India,Kerala,Thrissur,"Corporation Ground, Thrissur - Kerala PCB","11-09-2026 05:00:00",10.5324,76.2159,NO2,8,10,9
India,Kerala,Thrissur,"Corporation Ground, Thrissur - Kerala PCB","11-09-2026 05:00:00",10.5324,76.2159,NH3,0,0,0
India,"Madhya Pradesh",Bhopal,"Idgah Hills, Bhopal - MPPCB","11-09-2026 05:00:00",23.264759,77.381568,CO,9,32,20
India,"Madhya Pradesh",Bhopal,"Idgah Hills, Bhopal - MPPCB","11-09-2026 05:00:00",23.264759,77.381568,OZONE,14,39,25
India,"Madhya Pradesh",Bhopal,"Paryavaran Parisar, Bhopal - MPPCB","11-09-2026 05:00:00",23.210494,77.425409,PM10,43,111,77
India,"Madhya Pradesh",Bhopal,"Paryavaran Parisar, Bhopal - MPPCB","11-09-2026 05:00:00",23.210494,77.425409,NO2,8,25,13
India,"Madhya Pradesh",Bhopal,"T T Nagar, Bhopal - MPPCB","11-09-2026 05:00:00",23.233584,77.400574,NO2,8,25,16
India,"Madhya Pradesh",Dewas,"Bhopal Chauraha, Dewas - MPPCB","11-09-2026 05:00:00",22.9682591,76.064118,PM2.5,20,65,43
India,"Madhya Pradesh",Dewas,"Bhopal Chauraha, Dewas - MPPCB","11-09-2026 05:00:00",22.9682591,76.064118,PM10,52,106,73
India,"Madhya Pradesh",Gwalior,"Deen Dayal Nagar, Gwalior - MPPCB","11-09-2026 05:00:00",26.259242,78.216432,PM2.5,23,50,33
India,"Madhya Pradesh",Gwalior,"Deen Dayal Nagar, Gwalior - MPPCB","11-09-2026 05:00:00",26.259242,78.216432,CO,40,64,49
India,Maharashtra,Akola,"Ramdaspeth, Akola - MPCB","11-09-2026 05:00:00",20.719516,77.000253,CO,24,39,28
India,Maharashtra,Ambernath,"Chinchpada, Ambernath - MPCB","11-09-2026 05:00:00",19.215784,73.199781,NH3,2,13,3
India,Maharashtra,Amravati,"Shivneri Colony, Amravati - MPCB","11-09-2026 05:00:00",20.9402359,77.7895248,CO,7,23,15
India,Maharashtra,Amravati,"Shivneri Colony, Amravati - MPCB","11-09-2026 05:00:00",20.9402359,77.7895248,OZONE,18,32,24
India,Maharashtra,Amravati,"Shri Shivaji Science College, Amravati - MPCB","11-09-2026 05:00:00",20.939198,77.765701,PM2.5,28,54,39
India,Maharashtra,Aurangabad,"MIDC Chilkalthana, Aurangabad - MPCB","11-09-2026 05:00:00",19.87562,75.38731,CO,26,34,29
India,Maharashtra,Aurangabad,"Rachnakar Colony, Aurangabad - MPCB","11-09-2026 05:00:00",19.863756,75.321188,NO2,7,43,12
India,Maharashtra,Aurangabad,"Rachnakar Colony, Aurangabad - MPCB","11-09-2026 05:00:00",19.863756,75.321188,NH3,1,2,1
India,Maharashtra,Aurangabad,"Rachnakar Colony, Aurangabad - MPCB","11-09-2026 05:00:00",19.863756,75.321188,SO2,1,2,1
India,Maharashtra,Badlapur,"Katrap, Badlapur - MPCB","11-09-2026 05:00:00",19.16485,73.23409,PM10,32,33,32
India,Maharashtra,Badlapur,"Katrap, Badlapur - MPCB","11-09-2026 05:00:00",19.16485,73.23409,CO,45,46,45
India,Maharashtra,Beed,"Bir, Beed - MPCB","11-09-2026 05:00:00",18.988474,75.753873,NH3,3,4,3
India,Maharashtra,Beed,"Bir, Beed - MPCB","11-09-2026 05:00:00",18.988474,75.753873,SO2,5,9,7
India,Maharashtra,Beed,"Bir, Beed - MPCB","11-09-2026 05:00:00",18.988474,75.753873,CO,5,31,11
India,Maharashtra,Beed,"Bir, Beed - MPCB","11-09-2026 05:00:00",18.988474,75.753873,OZONE,9,16,13
India,Maharashtra,Belapur,"CBD Belapur, Belapur - MPCB","11-09-2026 05:00:00",19.0243902,73.0406721,NO2,13,35,20
India,Maharashtra,Belapur,"CBD Belapur, Belapur - MPCB","11-09-2026 05:00:00",19.0243902,73.0406721,OZONE,9,9,9
India,"Madhya Pradesh",Jabalpur,"Suhagi, Jabalpur - JMC","11-09-2026 05:00:00",23.218135,79.95777,CO,21,63,34
India,"Madhya Pradesh",Jabalpur,"Govindh Bhavan Colony, Jabalpur - JMC","11-09-2026 05:00:00",23.163174,79.973061,NH3,4,6,5
India,"Madhya Pradesh",Pithampur,"Sector-2 Industrial Area, Pithampur - MPPCB","11-09-2026 05:00:00",22.624758,75.675238,NO2,10,41,16
India,"Madhya Pradesh",Ratlam,"Shasthri Nagar, Ratlam - IPCA Lab","11-09-2026 05:00:00",23.331731,75.045981,SO2,8,10,10
India,"Madhya Pradesh",Ratlam,"Shasthri Nagar, Ratlam - IPCA Lab","11-09-2026 05:00:00",23.331731,75.045981,CO,NA,NA,NA
India,"Madhya Pradesh",Sagar,"Civil Lines, Sagar - MPPCB","11-09-2026 05:00:00",23.838586,78.759431,PM2.5,14,66,47
India,"Madhya Pradesh",Sagar,"Civil Lines, Sagar - MPPCB","11-09-2026 05:00:00",23.838586,78.759431,PM10,49,124,94
India,"Madhya Pradesh",Sagar,"Civil Lines, Sagar - MPPCB","11-09-2026 05:00:00",23.838586,78.759431,OZONE,33,46,40
India,"Madhya Pradesh",Satna,"Bandhavgar Colony, Satna - Birla Cement","11-09-2026 05:00:00",24.58434363,80.8549414,NH3,NA,NA,NA
India,"Madhya Pradesh",Ujjain,"Mahashweta Nagar, Ujjain - MPPCB","11-09-2026 05:00:00",23.1633321,75.800225,PM2.5,50,94,72
India,"Madhya Pradesh",Ujjain,"Mahashweta Nagar, Ujjain - MPPCB","11-09-2026 05:00:00",23.1633321,75.800225,NH3,2,13,8
India,Maharashtra,Ahmednagar,"Tarakpur, Ahmednagar - MPCB","11-09-2026 05:00:00",19.10122,74.73339,CO,2,15,8
India,Maharashtra,Ahmednagar,"Tarakpur, Ahmednagar - MPCB","11-09-2026 05:00:00",19.10122,74.73339,OZONE,10,30,22
India,"Madhya Pradesh",Gwalior,"Maharaj Bada, Gwalior - MPPCB","11-09-2026 05:00:00",26.200388,78.147714,SO2,0,34,10
India,"Madhya Pradesh",Gwalior,"City Center, Gwalior - MPPCB","11-09-2026 05:00:00",26.203442,78.193251,PM10,44,80,64
India,"Madhya Pradesh",Indore,"Residency Area, Indore - IMC","11-09-2026 05:00:00",22.7084,75.8815,NH3,0,0,0
India,"Madhya Pradesh",Indore,"Residency Area, Indore - IMC","11-09-2026 05:00:00",22.7084,75.8815,CO,1,18,10
India,"Madhya Pradesh",Indore,"Residency Area, Indore - IMC","11-09-2026 05:00:00",22.7084,75.8815,OZONE,5,7,6
India,"Madhya Pradesh",Indore,"Airport Area, Indore - IMC","11-09-2026 05:00:00",22.7289,75.8076,PM2.5,14,70,52
India,"Madhya Pradesh",Indore,"Regional Park, Indore - IMC","11-09-2026 05:00:00",22.678,75.8559,PM10,10,41,30
India,"Madhya Pradesh",Indore,"Regional Park, Indore - IMC","11-09-2026 05:00:00",22.678,75.8559,SO2,43,57,48
India,"Madhya Pradesh",Indore,"Regional Park, Indore - IMC","11-09-2026 05:00:00",22.678,75.8559,CO,1,1,1
India,"Madhya Pradesh",Indore,"Chhoti Gwaltoli, Indore - MPPCB","11-09-2026 05:00:00",22.431,75.5213,CO,22,44,31
India,"Madhya Pradesh",Jabalpur,"Marhatal, Jabalpur - MPPCB","11-09-2026 05:00:00",23.168606,79.932247,PM2.5,NA,NA,NA
India,"Madhya Pradesh",Jabalpur,"Marhatal, Jabalpur - MPPCB","11-09-2026 05:00:00",23.168606,79.932247,SO2,9,11,10
India,"Madhya Pradesh",Jabalpur,"Marhatal, Jabalpur - MPPCB","11-09-2026 05:00:00",23.168606,79.932247,OZONE,27,61,47
India,Karnataka,Bengaluru,"Bapuji Nagar, Bengaluru - KSPCB","11-09-2026 05:00:00",12.951913,77.539784,OZONE,19,25,21
India,Karnataka,Bengaluru,"Jayanagar 5th Block, Bengaluru - KSPCB","11-09-2026 05:00:00",12.920984,77.584908,OZONE,12,45,29
India,Karnataka,Bengaluru,"Peenya, Bengaluru - CPCB","11-09-2026 05:00:00",13.0270199,77.494094,PM2.5,2,19,7
India,Karnataka,Bengaluru,"Peenya, Bengaluru - CPCB","11-09-2026 05:00:00",13.0270199,77.494094,PM10,71,116,94
India,Karnataka,Bengaluru,"Hebbal, Bengaluru - KSPCB","11-09-2026 05:00:00",13.029152,77.585901,PM2.5,15,67,34
India,Karnataka,Bengaluru,"Hebbal, Bengaluru - KSPCB","11-09-2026 05:00:00",13.029152,77.585901,PM10,24,100,51
India,Karnataka,Bengaluru,"Hebbal, Bengaluru - KSPCB","11-09-2026 05:00:00",13.029152,77.585901,NO2,5,21,17
India,Karnataka,Bengaluru,"Hebbal, Bengaluru - KSPCB","11-09-2026 05:00:00",13.029152,77.585901,OZONE,1,5,3
India,Karnataka,Chamarajanagar,"Urban, Chamarajanagar - KSPCB","11-09-2026 05:00:00",11.55358,76.55521,SO2,2,8,4
India,Karnataka,Chamarajanagar,"Urban, Chamarajanagar - KSPCB","11-09-2026 05:00:00",11.55358,76.55521,CO,15,23,22
India,Karnataka,Dharwad,"Kalabhavan, Dharwad - KSPCB","11-09-2026 05:00:00",15.459706,75.008381,NO2,24,28,25
India,Karnataka,Dharwad,"Kalabhavan, Dharwad - KSPCB","11-09-2026 05:00:00",15.459706,75.008381,SO2,6,8,7
India,Karnataka,Dharwad,"Kalabhavan, Dharwad - KSPCB","11-09-2026 05:00:00",15.459706,75.008381,OZONE,28,29,29
India,Maharashtra,Bhiwandi,"Gokul Nagar, Bhiwandi - MPCB","11-09-2026 05:00:00",19.309073,73.057223,PM10,43,47,45
India,Maharashtra,Bhiwandi,"Gokul Nagar, Bhiwandi - MPCB","11-09-2026 05:00:00",19.309073,73.057223,NO2,NA,NA,NA
India,Maharashtra,Boisar,"Khaira, Boisar - MPCB","11-09-2026 05:00:00",19.786089,72.757971,PM10,NA,NA,NA
India,Maharashtra,Boisar,"Khaira, Boisar - MPCB","11-09-2026 05:00:00",19.786089,72.757971,NH3,NA,NA,NA
India,Maharashtra,Boisar,"Khaira, Boisar - MPCB","11-09-2026 05:00:00",19.786089,72.757971,OZONE,30,40,34
India,Maharashtra,Chandrapur,"MIDC Khutala, Chandrapur - MPCB","11-09-2026 05:00:00",19.9775302,79.2337086,PM10,71,141,108
India,Maharashtra,Chandrapur,"MIDC Khutala, Chandrapur - MPCB","11-09-2026 05:00:00",19.9775302,79.2337086,CO,37,40,39
India,Maharashtra,Chandrapur,"Chauhan Colony, Chandrapur - MPCB","11-09-2026 05:00:00",19.9629,79.298714,PM10,53,119,94
India,Maharashtra,Chandrapur,"Chauhan Colony, Chandrapur - MPCB","11-09-2026 05:00:00",19.9629,79.298714,SO2,10,16,13
India,Maharashtra,Dhule,"Deopur, Dhule - MPCB","11-09-2026 05:00:00",20.918946,74.776388,PM2.5,17,58,33
India,Maharashtra,Dhule,"Deopur, Dhule - MPCB","11-09-2026 05:00:00",20.918946,74.776388,CO,20,28,23
India,Maharashtra,Dombivli,"Kalu Nagar, Dombivli - MPCB","11-09-2026 05:00:00",19.2268427,73.0788456,PM2.5,5,23,12
India,Maharashtra,Jalna,"Old MIDC, Jalna - MPCB","11-09-2026 05:00:00",19.854616,75.905894,NO2,14,26,19
India,Maharashtra,Jalna,"Old MIDC, Jalna - MPCB","11-09-2026 05:00:00",19.854616,75.905894,SO2,NA,NA,NA
India,Maharashtra,Kalyan,"Khadakpada, Kalyan - MPCB","11-09-2026 05:00:00",19.25292,73.142019,PM2.5,22,72,40
India,Maharashtra,Kalyan,"Pimpleshwar Mandir, Kalyan - MPCB","11-09-2026 05:00:00",19.192056,72.9585188,SO2,13,16,14
India,Maharashtra,Kolhapur,"Sinchan Bhavan, Kolhapur - MPCB","11-09-2026 05:00:00",16.7143745,74.2426398,PM2.5,11,22,16
India,Maharashtra,Kolhapur,"Sinchan Bhavan, Kolhapur - MPCB","11-09-2026 05:00:00",16.7143745,74.2426398,PM10,16,34,24
India,Maharashtra,Kolhapur,"Sinchan Bhavan, Kolhapur - MPCB","11-09-2026 05:00:00",16.7143745,74.2426398,CO,5,12,8
India,Maharashtra,Malegaon,"Mahesh Nagar, Malegaon - MPCB","11-09-2026 05:00:00",20.555712,74.529236,PM2.5,34,66,47
India,Maharashtra,Malegaon,"Mahesh Nagar, Malegaon - MPCB","11-09-2026 05:00:00",20.555712,74.529236,OZONE,28,31,29
India,Maharashtra,Mira-Bhayandar,"Bhayandar West, Mira-Bhayandar - MPCB","11-09-2026 05:00:00",19.296481,72.840923,NH3,1,26,8
India,Maharashtra,Mira-Bhayandar,"Bhayandar West, Mira-Bhayandar - MPCB","11-09-2026 05:00:00",19.296481,72.840923,CO,15,29,20
India,Karnataka,Hubballi,"Lingaraj Nagar, Hubballi - KSPCB","11-09-2026 05:00:00",15.3714823,75.1160168,PM10,43,57,51
India,Karnataka,Hubballi,"Lingaraj Nagar, Hubballi - KSPCB","11-09-2026 05:00:00",15.3714823,75.1160168,NH3,1,3,2
India,Karnataka,Kalaburagi,"Mahatma Basaveswar Colony, Kalaburgi - KSPCB","11-09-2026 05:00:00",17.336318,76.847397,OZONE,13,14,14
India,Karnataka,Karwar,"KHB Colony, Karwar - KSPCB","11-09-2026 05:00:00",14.816666,74.141003,SO2,NA,NA,NA
India,Karnataka,Madikeri,"Stuart Hill, Madikeri - KSPCB","11-09-2026 05:00:00",12.415911,75.73505,PM10,22,39,28
India,Karnataka,Ramanagara,"Vijay Nagar, Ramanagara - KSPCB","11-09-2026 05:00:00",12.733409,77.298051,SO2,12,23,16
India,Karnataka,Shivamogga,"Vinoba Nagara, Shivamogga - KSPCB","11-09-2026 05:00:00",13.94,75.555917,PM2.5,17,39,27
India,Karnataka,Shivamogga,"Vinoba Nagara, Shivamogga - KSPCB","11-09-2026 05:00:00",13.94,75.555917,NH3,2,2,2
India,Karnataka,Shivamogga,"Vinoba Nagara, Shivamogga - KSPCB","11-09-2026 05:00:00",13.94,75.555917,SO2,3,6,4
India,Jharkhand,Dhanbad,"Sardar Patel Nagar, Dhanbad - JSPCB","11-09-2026 05:00:00",23.80569,86.44268,CO,NA,NA,NA
India,Karnataka,Bengaluru,"Silk Board, Bengaluru - KSPCB","11-09-2026 05:00:00",12.917348,77.622813,PM2.5,55,358,197
India,Karnataka,Bengaluru,"Silk Board, Bengaluru - KSPCB","11-09-2026 05:00:00",12.917348,77.622813,OZONE,12,13,12
India,Karnataka,Bengaluru,"Bapuji Nagar, Bengaluru - KSPCB","11-09-2026 05:00:00",12.951913,77.539784,PM2.5,28,70,48
India,Karnataka,Bengaluru,"Bapuji Nagar, Bengaluru - KSPCB","11-09-2026 05:00:00",12.951913,77.539784,PM10,52,110,81
India,Karnataka,Bengaluru,"Bapuji Nagar, Bengaluru - KSPCB","11-09-2026 05:00:00",12.951913,77.539784,NH3,1,4,4
India,Karnataka,Bengaluru,"Bapuji Nagar, Bengaluru - KSPCB","11-09-2026 05:00:00",12.951913,77.539784,SO2,5,33,20
India,Maharashtra,Solapur,"Dnyaneshwar Nagar, Solapur - MPCB","11-09-2026 05:00:00",17.6336264,75.9132495,PM2.5,20,47,32
India,Maharashtra,Solapur,"Dnyaneshwar Nagar, Solapur - MPCB","11-09-2026 05:00:00",17.6336264,75.9132495,PM10,32,82,59
India,Maharashtra,Solapur,"Dnyaneshwar Nagar, Solapur - MPCB","11-09-2026 05:00:00",17.6336264,75.9132495,NH3,5,14,7
India,Maharashtra,Solapur,"Dnyaneshwar Nagar, Solapur - MPCB","11-09-2026 05:00:00",17.6336264,75.9132495,OZONE,13,26,19
India,Maharashtra,Thane,"Kasarvadavali, Thane - MPCB","11-09-2026 05:00:00",19.26777,72.97182,NH3,0,1,0
India,Maharashtra,Thane,"Upvan Fort, Thane - MPCB","11-09-2026 05:00:00",19.222279,72.957979,PM2.5,8,38,17
India,Maharashtra,Thane,"Upvan Fort, Thane - MPCB","11-09-2026 05:00:00",19.222279,72.957979,CO,3,28,16
India,Maharashtra,Ulhasnagar,"Sidhi Vinayak Nagar, Ulhasnagar - MPCB","11-09-2026 05:00:00",19.235581,73.159121,CO,10,12,11
India,Maharashtra,Ulhasnagar,"Vithalwadi, Ulhasnagar - MPCB","11-09-2026 05:00:00",19.2307571,73.155192,PM2.5,13,52,29
India,Maharashtra,Ulhasnagar,"Vithalwadi, Ulhasnagar - MPCB","11-09-2026 05:00:00",19.2307571,73.155192,NH3,6,7,7
India,Maharashtra,Virar,"Bolinj, Virar - MPCB","11-09-2026 05:00:00",19.445821,72.7988231,OZONE,7,19,12
India,Meghalaya,Byrnihat,"15th Mile-Nongthymmai, Byrnihat -Meghalaya PCB","11-09-2026 05:00:00",26.079047,91.875185,PM2.5,21,329,150
India,Meghalaya,Byrnihat,"15th Mile-Nongthymmai, Byrnihat -Meghalaya PCB","11-09-2026 05:00:00",26.079047,91.875185,PM10,45,294,122
India,Meghalaya,Byrnihat,"15th Mile-Nongthymmai, Byrnihat -Meghalaya PCB","11-09-2026 05:00:00",26.079047,91.875185,NO2,2,2,2
India,Meghalaya,Byrnihat,"15th Mile-Nongthymmai, Byrnihat -Meghalaya PCB","11-09-2026 05:00:00",26.079047,91.875185,OZONE,NA,NA,NA
India,Mizoram,Aizawl,"Sikulpuikawn, Aizawl - Mizoram PCB","11-09-2026 05:00:00",23.7176342,92.7192841,PM2.5,NA,NA,NA
India,Mizoram,Aizawl,"Sikulpuikawn, Aizawl - Mizoram PCB","11-09-2026 05:00:00",23.7176342,92.7192841,SO2,14,16,15
India,Maharashtra,Mira-Bhayandar,"Bhayandar West, Mira-Bhayandar - MPCB","11-09-2026 05:00:00",19.296481,72.840923,OZONE,2,4,3
India,Maharashtra,Mumbai,"Shivaji Nagar, Mumbai - BMC","11-09-2026 05:00:00",19.060498,72.923356,PM10,30,65,46
India,Maharashtra,Mumbai,"Shivaji Nagar, Mumbai - BMC","11-09-2026 05:00:00",19.060498,72.923356,NO2,7,17,10
India,Maharashtra,Mumbai,"Shivaji Nagar, Mumbai - BMC","11-09-2026 05:00:00",19.060498,72.923356,OZONE,10,11,11
India,Maharashtra,Mumbai,"Navy Nagar-Colaba, Mumbai - IITM","11-09-2026 05:00:00",18.897756,72.81332,OZONE,12,19,15
India,Maharashtra,Mumbai,"Mulund West, Mumbai - MPCB","11-09-2026 05:00:00",19.175,72.9419,PM2.5,16,60,28
India,Maharashtra,Mumbai,"Mulund West, Mumbai - MPCB","11-09-2026 05:00:00",19.175,72.9419,NO2,13,14,13
India,Maharashtra,Mumbai,"Worli, Mumbai - MPCB","11-09-2026 05:00:00",18.9936162,72.8128113,NH3,0,0,0
India,Maharashtra,Mumbai,"Sewri, Mumbai - BMC","11-09-2026 05:00:00",19.000084,72.85673,CO,NA,NA,NA
India,Maharashtra,Mumbai,"Mindspace-Malad West, Mumbai - MPCB","11-09-2026 05:00:00",19.1878657,72.8304069,PM2.5,5,31,16
India,Maharashtra,Mumbai,"Byculla, Mumbai - BMC","11-09-2026 05:00:00",18.9767,72.838,PM2.5,9,13,11
India,Maharashtra,Mumbai,"Byculla, Mumbai - BMC","11-09-2026 05:00:00",18.9767,72.838,NH3,2,5,2
India,Maharashtra,Mumbai,"Byculla, Mumbai - BMC","11-09-2026 05:00:00",18.9767,72.838,CO,39,48,44
India,Maharashtra,Mumbai,"Byculla, Mumbai - BMC","11-09-2026 05:00:00",18.9767,72.838,OZONE,2,7,5
India,Maharashtra,Mumbai,"Malad West, Mumbai - IITM","11-09-2026 05:00:00",19.19709,72.82204,SO2,5,10,8
India,Maharashtra,Mumbai,"Borivali East, Mumbai - MPCB","11-09-2026 05:00:00",19.2243333,72.8658113,PM2.5,1,21,8
India,Maharashtra,Mumbai,"Borivali East, Mumbai - MPCB","11-09-2026 05:00:00",19.2243333,72.8658113,NO2,10,10,10
India,Maharashtra,Mumbai,"Borivali East, Mumbai - MPCB","11-09-2026 05:00:00",19.2243333,72.8658113,CO,7,8,7
India,Odisha,Angul,"Hakimapada, Angul - OSPCB","11-09-2026 05:00:00",20.832874,85.104082,PM2.5,15,321,51
India,Odisha,Angul,"Hakimapada, Angul - OSPCB","11-09-2026 05:00:00",20.832874,85.104082,SO2,8,55,20
India,Odisha,Angul,"Hakimapada, Angul - OSPCB","11-09-2026 05:00:00",20.832874,85.104082,CO,31,166,76
India,Odisha,Balasore,"Kalidaspur, Balasore - OSPCB","11-09-2026 05:00:00",21.51161,86.89088,NH3,3,4,3
India,Odisha,Balasore,"Kalidaspur, Balasore - OSPCB","11-09-2026 05:00:00",21.51161,86.89088,SO2,1,10,6
India,Odisha,Barbil,"Forest Office, Barbil - OSPCB","11-09-2026 05:00:00",22.1166054,85.3945546,PM2.5,7,53,26
India,Odisha,Baripada,"Meher Colony, Baripada - OSPCB","11-09-2026 05:00:00",21.941841,86.728318,SO2,6,8,7
India,Odisha,Bhubaneswar,"Patia, Bhubaneswar - OSPCB","11-09-2026 05:00:00",20.34652,85.8163,NH3,3,9,5
India,Odisha,Bhubaneswar,"Lingraj Mandir, Bhubaneswar - OSPCB","11-09-2026 05:00:00",20.24079,85.836784,NH3,2,4,3
India,Odisha,Bileipada,"Tata Township, Bileipada - OSPCB","11-09-2026 05:00:00",22.06156703,85.47409613,SO2,NA,NA,NA
India,Odisha,Brajrajnagar,"GM Office, Brajrajnagar - OSPCB","11-09-2026 05:00:00",21.8004996,83.8396977,PM2.5,2,29,17
India,Odisha,Brajrajnagar,"GM Office, Brajrajnagar - OSPCB","11-09-2026 05:00:00",21.8004996,83.8396977,NO2,20,30,24
India,Odisha,Brajrajnagar,"GM Office, Brajrajnagar - OSPCB","11-09-2026 05:00:00",21.8004996,83.8396977,NH3,4,5,4
India,Odisha,Brajrajnagar,"GM Office, Brajrajnagar - OSPCB","11-09-2026 05:00:00",21.8004996,83.8396977,CO,13,55,37
India,Odisha,Brajrajnagar,"GM Office, Brajrajnagar - OSPCB","11-09-2026 05:00:00",21.8004996,83.8396977,OZONE,39,45,42
India,Odisha,Byasanagar,"Ferro Chrome Colony, Byasanagar - OSPCB","11-09-2026 05:00:00",20.94185,86.1151,PM10,NA,NA,NA
India,Maharashtra,Pimpri-Chinchwad,"Thergaon, Pimpri Chinchwad - MPCB","11-09-2026 05:00:00",18.616318,73.765797,NH3,2,3,3
India,Maharashtra,Pune,"Savitribai Phule Pune University, Pune - MPCB","11-09-2026 05:00:00",18.547056,73.826908,PM10,35,61,49
India,Maharashtra,Pune,"Savitribai Phule Pune University, Pune - MPCB","11-09-2026 05:00:00",18.547056,73.826908,CO,25,42,30
India,Maharashtra,Pune,"Katraj Dairy, Pune - MPCB","11-09-2026 05:00:00",18.45445,73.854155,PM2.5,19,55,35
India,Maharashtra,Pune,"Katraj Dairy, Pune - MPCB","11-09-2026 05:00:00",18.45445,73.854155,NH3,1,2,1
India,Maharashtra,Pune,"Katraj Dairy, Pune - MPCB","11-09-2026 05:00:00",18.45445,73.854155,CO,24,50,39
India,Maharashtra,Pune,"Panchawati_Pashan, Pune - IITM","11-09-2026 05:00:00",18.536457,73.805454,OZONE,5,12,7
India,Maharashtra,Pune,"Dhankawadi, Pune - IITM","11-09-2026 05:00:00",18.459883,73.852193,CO,19,60,38
India,Maharashtra,Pune,"Dhankawadi, Pune - IITM","11-09-2026 05:00:00",18.459883,73.852193,OZONE,2,8,5
India,Maharashtra,Pune,"Revenue Colony-Shivajinagar, Pune - IITM","11-09-2026 05:00:00",18.530085,73.849598,PM10,70,109,90
India,Maharashtra,Sangli,"Vijay Nagar, Sangli - MPCB","11-09-2026 05:00:00",16.5038,74.3623,NO2,3,10,7
India,Maharashtra,Solapur,"Ratandeep Housing Society, Solapur - MPCB","11-09-2026 05:00:00",17.65439,75.90649,PM10,36,79,52
India,Maharashtra,Solapur,"Ratandeep Housing Society, Solapur - MPCB","11-09-2026 05:00:00",17.65439,75.90649,NO2,9,78,23
India,Maharashtra,Mumbai,"Mazgaon, Mumbai - IITM","11-09-2026 05:00:00",18.96702,72.84214,PM2.5,11,28,16
India,Maharashtra,Mumbai,"Powai, Mumbai - MPCB","11-09-2026 05:00:00",19.1375,72.915056,NO2,5,7,6
India,Maharashtra,Mumbai,"Chakala-Andheri East, Mumbai - IITM","11-09-2026 05:00:00",19.11074,72.86084,SO2,1,7,4
India,Maharashtra,Mumbai,"Kurla, Mumbai - MPCB","11-09-2026 05:00:00",19.0863,72.8888,NO2,9,9,9
India,Maharashtra,Mumbai,"Deonar, Mumbai - IITM","11-09-2026 05:00:00",19.04946,72.923,PM2.5,3,84,27
India,Maharashtra,Mumbai,"Deonar, Mumbai - IITM","11-09-2026 05:00:00",19.04946,72.923,NO2,3,23,11
India,Maharashtra,Mumbai,"Chhatrapati Shivaji Intl. Airport (T2), Mumbai - MPCB","11-09-2026 05:00:00",19.10078,72.87462,OZONE,NA,NA,NA
India,Maharashtra,Mumbai,"Bandra Kurla Complex, Mumbai - IITM","11-09-2026 05:00:00",19.053536,72.84643,NH3,7,16,12
India,Maharashtra,Mumbai,"Borivali East, Mumbai - IITM","11-09-2026 05:00:00",19.23241,72.86895,PM10,18,120,42
India,Maharashtra,Mumbai,"Khindipada-Bhandup West, Mumbai - IITM","11-09-2026 05:00:00",19.1653323,72.922099,PM10,14,44,24
India,Maharashtra,"Navi Mumbai","Nerul, Navi Mumbai - MPCB","11-09-2026 05:00:00",19.008751,73.01662,SO2,NA,NA,NA
India,Maharashtra,"Navi Mumbai","Nerul, Navi Mumbai - MPCB","11-09-2026 05:00:00",19.008751,73.01662,CO,NA,NA,NA
India,Maharashtra,Parbhani,"Masoom Colony, Parbhani - MPCB","11-09-2026 05:00:00",19.265594,76.761463,NH3,3,3,3
India,Maharashtra,Parbhani,"Masoom Colony, Parbhani - MPCB","11-09-2026 05:00:00",19.265594,76.761463,SO2,0,1,1
India,Maharashtra,Pimpri-Chinchwad,"Transport Nagar-Nigdi, Pune - IITM","11-09-2026 05:00:00",18.664282,73.763966,SO2,NA,NA,NA
India,Maharashtra,Pimpri-Chinchwad,"Gavalinagar, Pimpri Chinchwad - MPCB","11-09-2026 05:00:00",18.63673,73.82487,CO,6,14,9
India,Maharashtra,Pimpri-Chinchwad,"Park Street Wakad, Pimpri Chinchwad - MPCB","11-09-2026 05:00:00",18.59051,73.77946,PM2.5,20,59,30
India,Maharashtra,Pimpri-Chinchwad,"Park Street Wakad, Pimpri Chinchwad - MPCB","11-09-2026 05:00:00",18.59051,73.77946,OZONE,1,10,4
India,Maharashtra,Pimpri-Chinchwad,"Bhosari, Pune - IITM","11-09-2026 05:00:00",18.640051,73.848956,PM2.5,18,55,34
India,Maharashtra,Pimpri-Chinchwad,"Bhosari, Pune - IITM","11-09-2026 05:00:00",18.640051,73.848956,PM10,51,102,73
India,Maharashtra,Pimpri-Chinchwad,"Savta Mali Nagar, Pimpri-Chinchwad - IITM","11-09-2026 05:00:00",18.614767,73.799516,OZONE,1,6,3
India,Maharashtra,Mumbai,"Kandivali West, Mumbai - BMC","11-09-2026 05:00:00",19.215859,72.831718,NO2,3,9,5
India,Maharashtra,Mumbai,"Chembur, Mumbai - MPCB","11-09-2026 05:00:00",19.0364585,72.8954371,PM10,20,41,32
India,Maharashtra,Mumbai,"Chembur, Mumbai - MPCB","11-09-2026 05:00:00",19.0364585,72.8954371,NH3,8,10,9
India,Maharashtra,Mumbai,"Bandra Kurla Complex, Mumbai - MPCB","11-09-2026 05:00:00",19.065931,72.862131,NH3,NA,NA,NA
India,Maharashtra,Mumbai,"Sion, Mumbai - MPCB","11-09-2026 05:00:00",19.047,72.8746,NO2,57,120,82
India,Maharashtra,Mumbai,"Sion, Mumbai - MPCB","11-09-2026 05:00:00",19.047,72.8746,NH3,1,1,1
India,Maharashtra,Nagpur,"Opp GPO Civil Lines, Nagpur - MPCB","11-09-2026 05:00:00",21.152875,79.0517531,NO2,13,29,19
India,Maharashtra,Nagpur,"Ram Nagar, Nagpur - MPCB","11-09-2026 05:00:00",21.143383,79.048912,NO2,5,12,7
India,Maharashtra,Nagpur,"Ambazari, Nagpur - MPCB","11-09-2026 05:00:00",21.121801,79.04952,SO2,3,5,4
India,Maharashtra,Nanded,"Sneh Nagar, Nanded - MPCB","11-09-2026 05:00:00",19.173852,77.296291,NO2,6,13,8
India,Maharashtra,Nanded,"Sneh Nagar, Nanded - MPCB","11-09-2026 05:00:00",19.173852,77.296291,SO2,7,8,8
India,Maharashtra,Nashik,"Gangapur Road, Nashik - MPCB","11-09-2026 05:00:00",20.0073285,73.7762427,CO,26,27,27
India,Maharashtra,Nashik,"Gangapur Road, Nashik - MPCB","11-09-2026 05:00:00",20.0073285,73.7762427,OZONE,10,20,16
India,Maharashtra,Nashik,"Pandav Nagari, Nashik - MPCB","11-09-2026 05:00:00",19.9591346,73.7788008,NO2,3,7,5
India,Maharashtra,"Navi Mumbai","Kopripada-Vashi, Navi Mumbai - MPCB","11-09-2026 05:00:00",19.090337,73.014232,SO2,1,4,2
India,Maharashtra,"Navi Mumbai","Tondare-Taloja, Navi Mumbai - MPCB","11-09-2026 05:00:00",19.063,73.1209,PM10,28,101,64
India,Maharashtra,"Navi Mumbai","Tondare-Taloja, Navi Mumbai - MPCB","11-09-2026 05:00:00",19.063,73.1209,NO2,7,17,12
India,Maharashtra,"Navi Mumbai","Tondare-Taloja, Navi Mumbai - MPCB","11-09-2026 05:00:00",19.063,73.1209,CO,23,28,25
India,Maharashtra,"Navi Mumbai","Sanpada, Navi Mumbai - MPCB","11-09-2026 05:00:00",19.0575752,73.0151367,PM10,26,121,64
India,Maharashtra,"Navi Mumbai","Sanpada, Navi Mumbai - MPCB","11-09-2026 05:00:00",19.0575752,73.0151367,NO2,9,26,14
India,Odisha,Cuttack,"CDA Area, Cuttack - OSPCB","11-09-2026 05:00:00",20.48891,85.84768,SO2,0,14,8
India,Odisha,Keonjhar,"Jagamohanpur, Keonjhar - OSPCB","11-09-2026 05:00:00",21.6439,85.599355,PM10,27,56,39
India,Odisha,Nayagarh,"Dabuna, Nayagarh - OSPCB","11-09-2026 05:00:00",21.847279,85.416905,SO2,18,20,19
India,Odisha,Paradeep,"Nua Sandhakuda, Paradeep - OSPCB","11-09-2026 05:00:00",20.258828,86.665185,PM10,21,89,46
India,Odisha,Rourkela,"Sector-2, Rourkela - OSPCB","11-09-2026 05:00:00",22.245,84.88111111,NH3,NA,NA,NA
India,Rajasthan,Karauli,"Satyawati Vihar, Karauli - RSPCB","11-09-2026 05:00:00",26.506177,77.025989,SO2,2,17,11
India,Rajasthan,Karauli,"Satyawati Vihar, Karauli - RSPCB","11-09-2026 05:00:00",26.506177,77.025989,CO,9,35,17
India,Rajasthan,Khairthal,"New Anaj Mandi, Khairthal - RSPCB","11-09-2026 05:00:00",27.8015617,76.6365217,SO2,0,1,1
India,Rajasthan,Khairthal,"New Anaj Mandi, Khairthal - RSPCB","11-09-2026 05:00:00",27.8015617,76.6365217,CO,102,121,107
India,Rajasthan,Kota,"Shrinath Puram, Kota - RSPCB","11-09-2026 05:00:00",25.14389,75.821256,SO2,5,9,7
India,Rajasthan,Kota,"Dhanmandi, Kota - RSPCB","11-09-2026 05:00:00",25.16409,75.858137,PM2.5,20,63,29
India,Rajasthan,Kota,"Dhanmandi, Kota - RSPCB","11-09-2026 05:00:00",25.16409,75.858137,PM10,54,106,72
India,Rajasthan,Kota,"Dhanmandi, Kota - RSPCB","11-09-2026 05:00:00",25.16409,75.858137,NO2,15,57,24
India,Rajasthan,Kota,"Dhanmandi, Kota - RSPCB","11-09-2026 05:00:00",25.16409,75.858137,CO,11,32,16
India,Rajasthan,Kota,"Nayapura, Kota - RSPCB","11-09-2026 05:00:00",25.196024,75.855668,NO2,9,73,20
India,Rajasthan,Nagaur,"Karni Colony, Nagaur - RSPCB","11-09-2026 05:00:00",27.213494,73.734444,PM2.5,15,45,24
India,Rajasthan,Nagaur,"Karni Colony, Nagaur - RSPCB","11-09-2026 05:00:00",27.213494,73.734444,SO2,2,3,2
India,Rajasthan,Pali,"Indira Colony Vistar, Pali - RSPCB","11-09-2026 05:00:00",25.771061,73.340227,NO2,4,22,16
India,Rajasthan,Pali,"Indira Colony Vistar, Pali - RSPCB","11-09-2026 05:00:00",25.771061,73.340227,SO2,7,15,11
India,Rajasthan,Pali,"Indira Colony Vistar, Pali - RSPCB","11-09-2026 05:00:00",25.771061,73.340227,CO,33,59,48
India,Rajasthan,Pratapgarh,"Pragati Nagar, Pratapgarh - RSPCB","11-09-2026 05:00:00",24.041198,74.780702,NO2,6,16,10
India,Rajasthan,Rajsamand,"Dhoinda, Rajsamand - RSPCB","11-09-2026 05:00:00",25.03636,73.883502,OZONE,28,53,40
India,Rajasthan,Sikar,"Radhakishan Pura, Sikar - RSPCB","11-09-2026 05:00:00",27.608912,75.153302,PM2.5,48,183,66
India,Rajasthan,Dungarpur,"Bhoiwada, Dungarpur - RSPCB","11-09-2026 05:00:00",23.837789,73.714926,CO,17,21,19
India,Rajasthan,Dungarpur,"Bhoiwada, Dungarpur - RSPCB","11-09-2026 05:00:00",23.837789,73.714926,OZONE,12,36,27
India,Rajasthan,Hanumangarh,"Housing Board, Hanumangarh - RSPCB","11-09-2026 05:00:00",29.61075,74.283608,PM10,41,123,72
India,Rajasthan,Hanumangarh,"Housing Board, Hanumangarh - RSPCB","11-09-2026 05:00:00",29.61075,74.283608,SO2,3,6,5
India,Rajasthan,Hanumangarh,"Housing Board, Hanumangarh - RSPCB","11-09-2026 05:00:00",29.61075,74.283608,CO,14,32,23
India,Rajasthan,Jaipur,"Sector-2 Murlipura, Jaipur - RSPCB","11-09-2026 05:00:00",26.960669,75.771817,PM10,57,128,80
India,Rajasthan,Jaipur,"Sector-2 Murlipura, Jaipur - RSPCB","11-09-2026 05:00:00",26.960669,75.771817,NO2,13,53,26
India,Rajasthan,Jaipur,"Sector-2 Murlipura, Jaipur - RSPCB","11-09-2026 05:00:00",26.960669,75.771817,OZONE,7,17,12
India,Rajasthan,Jaipur,"Adarsh Nagar, Jaipur - RSPCB","11-09-2026 05:00:00",26.902909,75.836858,SO2,12,31,23
India,Rajasthan,Jaipur,"Adarsh Nagar, Jaipur - RSPCB","11-09-2026 05:00:00",26.902909,75.836858,CO,10,74,31
India,Rajasthan,Jaipur,"RIICO Sitapura, Jaipur - RSPCB","11-09-2026 05:00:00",26.786682,75.827928,PM2.5,22,103,52
India,Rajasthan,Jaipur,"RIICO Sitapura, Jaipur - RSPCB","11-09-2026 05:00:00",26.786682,75.827928,NO2,28,96,49
India,Rajasthan,Jaipur,"RIICO Sitapura, Jaipur - RSPCB","11-09-2026 05:00:00",26.786682,75.827928,NH3,1,5,3
India,Rajasthan,Jaipur,"Shastri Nagar, Jaipur - RSPCB","11-09-2026 05:00:00",26.9502929,75.730943,OZONE,36,52,45
India,Rajasthan,Jaipur,"Police Commissionerate, Jaipur - RSPCB","11-09-2026 05:00:00",26.9164092,75.7994901,PM10,75,135,96
India,Rajasthan,Jaisalmer,"Sadar Bazar, Jaisalmer - RSPCB","11-09-2026 05:00:00",26.912329,70.909168,OZONE,29,36,32
India,Rajasthan,Jalore,"Mudtra Sili, Jalore - RSPCB","11-09-2026 05:00:00",25.344694,72.626208,PM2.5,15,55,34
India,Odisha,Rourkela,"Raghunathpali, Rourkela - OSPCB","11-09-2026 05:00:00",22.220833,84.809444,CO,30,45,35
India,Odisha,Tensa,"Barsua Iron Ore Mines, Tensa - OSPCB","11-09-2026 05:00:00",21.869985,85.167016,PM2.5,10,18,13
India,Puducherry,Puducherry,"Jawahar Nagar, Puducherry - PPCC","11-09-2026 05:00:00",11.9309,79.8027,SO2,5,12,8
India,Punjab,Jalandhar,"Civil Line, Jalandhar - PPCB","11-09-2026 05:00:00",31.321907,75.578914,CO,11,54,38
India,Punjab,Khanna,"Kalal Majra, Khanna - PPCB","11-09-2026 05:00:00",30.736056,76.209694,PM10,49,89,69
India,Punjab,"Mandi Gobindgarh","RIMT University, Mandi Gobindgarh - PPCB","11-09-2026 05:00:00",30.649961,76.331442,PM10,119,202,157
India,Punjab,"Mandi Gobindgarh","RIMT University, Mandi Gobindgarh - PPCB","11-09-2026 05:00:00",30.649961,76.331442,CO,41,69,55
India,Punjab,Patiala,"Model Town, Patiala - PPCB","11-09-2026 05:00:00",30.349388,76.366642,PM2.5,26,40,34
India,Punjab,Patiala,"Model Town, Patiala - PPCB","11-09-2026 05:00:00",30.349388,76.366642,SO2,4,16,9
India,Punjab,Rupnagar,"Ratanpura, Rupnagar - Ambuja Cements","11-09-2026 05:00:00",31.0325454,76.5623046,PM10,10,91,31
India,Punjab,Rupnagar,"Ratanpura, Rupnagar - Ambuja Cements","11-09-2026 05:00:00",31.0325454,76.5623046,SO2,11,16,13
India,Rajasthan,Ajmer,"Civil Lines,  Ajmer - RSPCB","11-09-2026 05:00:00",26.470859,74.646594,PM10,68,119,88
India,Rajasthan,Ajmer,"Civil Lines,  Ajmer - RSPCB","11-09-2026 05:00:00",26.470859,74.646594,NO2,16,31,19
India,Rajasthan,Ajmer,"Civil Lines,  Ajmer - RSPCB","11-09-2026 05:00:00",26.470859,74.646594,NH3,5,9,6
India,Rajasthan,Ajmer,"Civil Lines,  Ajmer - RSPCB","11-09-2026 05:00:00",26.470859,74.646594,SO2,2,22,10
India,Rajasthan,Sikar,"Radhakishan Pura, Sikar - RSPCB","11-09-2026 05:00:00",27.608912,75.153302,NO2,5,23,11
India,Rajasthan,Sirohi,"Vedhaynath Colony, Sirohi - RSPCB","11-09-2026 05:00:00",24.885261,72.857549,PM10,36,86,59
India,Rajasthan,Sirohi,"Vedhaynath Colony, Sirohi - RSPCB","11-09-2026 05:00:00",24.885261,72.857549,CO,9,16,14
India,Rajasthan,Sirohi,"Vedhaynath Colony, Sirohi - RSPCB","11-09-2026 05:00:00",24.885261,72.857549,OZONE,39,58,48
India,Rajasthan,Tonk,"Shastri Nagar, Tonk - RSPCB","11-09-2026 05:00:00",26.159933,75.780517,OZONE,32,47,37
India,Rajasthan,Udaipur,"Ashok Nagar, Udaipur - RSPCB","11-09-2026 05:00:00",24.5886166,73.6321397,PM2.5,1,125,61
India,Rajasthan,Udaipur,"Ashok Nagar, Udaipur - RSPCB","11-09-2026 05:00:00",24.5886166,73.6321397,NO2,9,27,20
India,Rajasthan,Udaipur,"Ashok Nagar, Udaipur - RSPCB","11-09-2026 05:00:00",24.5886166,73.6321397,OZONE,2,6,3
India,Sikkim,Gangtok,"Zero Point GICI, Gangtok - SSPCB","11-09-2026 05:00:00",27.33853,88.614099,CO,2,7,3
India,"Tamil Nadu",Chennai,"Manali Village, Chennai - TNPCB","11-09-2026 05:00:00",13.1662,80.2584,NO2,10,26,19
India,"Tamil Nadu",Chennai,"Manali Village, Chennai - TNPCB","11-09-2026 05:00:00",13.1662,80.2584,OZONE,313,354,347
India,"Tamil Nadu",Coimbatore,"SIDCO Kurichi, Coimbatore - TNPCB","11-09-2026 05:00:00",10.942451,76.978996,PM2.5,NA,NA,NA
India,"Tamil Nadu",Coimbatore,"SIDCO Kurichi, Coimbatore - TNPCB","11-09-2026 05:00:00",10.942451,76.978996,PM10,35,39,37
India,"Tamil Nadu",Coimbatore,"SIDCO Kurichi, Coimbatore - TNPCB","11-09-2026 05:00:00",10.942451,76.978996,NO2,22,22,22
India,"Tamil Nadu",Coimbatore,"SIDCO Kurichi, Coimbatore - TNPCB","11-09-2026 05:00:00",10.942451,76.978996,OZONE,19,20,20
India,Telangana,Hyderabad,"IDA Pashamylaram, Hyderabad - TSPCB","11-09-2026 05:00:00",17.5316895,78.218939,OZONE,6,8,7
India,Telangana,Hyderabad,"Central University, Hyderabad - TSPCB","11-09-2026 05:00:00",17.460103,78.334361,PM10,25,89,60
India,Telangana,Hyderabad,"Central University, Hyderabad - TSPCB","11-09-2026 05:00:00",17.460103,78.334361,NO2,5,48,25
India,Telangana,Hyderabad,"Central University, Hyderabad - TSPCB","11-09-2026 05:00:00",17.460103,78.334361,NH3,1,6,2
India,Telangana,Hyderabad,"Central University, Hyderabad - TSPCB","11-09-2026 05:00:00",17.460103,78.334361,CO,14,26,20
India,Telangana,Hyderabad,"Bollaram Industrial Area, Hyderabad - TSPCB","11-09-2026 05:00:00",17.518,78.383,NH3,5,7,6
India,Telangana,Hyderabad,"IITH Kandi, Hyderabad - TSPCB","11-09-2026 05:00:00",17.585705,78.126199,PM10,55,72,61
India,Telangana,Hyderabad,"IITH Kandi, Hyderabad - TSPCB","11-09-2026 05:00:00",17.585705,78.126199,OZONE,18,19,18
India,Telangana,Hyderabad,"New Malakpet, Hyderabad - TSPCB","11-09-2026 05:00:00",17.37206,78.50864,PM2.5,40,86,56
India,Tripura,Agartala,"Bardowali, Agartala - Tripura SPCB","11-09-2026 05:00:00",23.8175497,91.2726974,PM10,60,105,78
India,Tripura,Agartala,"Bardowali, Agartala - Tripura SPCB","11-09-2026 05:00:00",23.8175497,91.2726974,NH3,NA,NA,NA
India,"Uttar Pradesh",Agra,"Sector-3B Avas Vikas Colony, Agra - UPPCB","11-09-2026 05:00:00",27.19412,77.96237,CO,46,60,54
India,"Uttar Pradesh",Agra,"Shahjahan Garden, Agra - UPPCB","11-09-2026 05:00:00",27.169338,78.03582,OZONE,1,3,2
India,Rajasthan,Alwar,"Vigyan Nagar, Alwar - RSPCB","11-09-2026 05:00:00",27.598796,76.63861,NO2,9,23,13
India,Rajasthan,Alwar,"Vigyan Nagar, Alwar - RSPCB","11-09-2026 05:00:00",27.598796,76.63861,CO,41,59,47
India,Rajasthan,Alwar,"Moti Doongri, Alwar - RSPCB","11-09-2026 05:00:00",27.554793,76.611536,PM10,89,115,105
India,Rajasthan,Banswara,"Rati Talai, Banswara - RSPCB","11-09-2026 05:00:00",23.55519,74.44001,NH3,NA,NA,NA
India,Rajasthan,Banswara,"Rati Talai, Banswara - RSPCB","11-09-2026 05:00:00",23.55519,74.44001,SO2,5,8,7
India,Rajasthan,Baran,"Bamboliya, Baran - RSPCB","11-09-2026 05:00:00",25.106006,76.469948,NH3,NA,NA,NA
India,Rajasthan,Barmer,"Railway Colony, Barmer - RSPCB","11-09-2026 05:00:00",25.747299,71.393989,NO2,1,14,5
India,Rajasthan,Barmer,"Railway Colony, Barmer - RSPCB","11-09-2026 05:00:00",25.747299,71.393989,OZONE,40,68,59
India,Rajasthan,Bharatpur,"Krishna Nagar, Bharatpur - RSPCB","11-09-2026 05:00:00",27.215415,77.50873,NH3,2,9,5
India,Rajasthan,Bhilwara,"Pratap Nagar, Bhilwara - RSPCB","11-09-2026 05:00:00",25.339605,74.618883,PM2.5,37,90,64
India,Rajasthan,Bhilwara,"Pratap Nagar, Bhilwara - RSPCB","11-09-2026 05:00:00",25.339605,74.618883,NO2,10,21,16
India,Rajasthan,Bhilwara,"Pratap Nagar, Bhilwara - RSPCB","11-09-2026 05:00:00",25.339605,74.618883,NH3,1,13,8
India,Rajasthan,Bhiwadi,"RIICO Ind. Area III, Bhiwadi - RSPCB","11-09-2026 05:00:00",28.194909,76.862296,PM2.5,78,300,179
India,"Tamil Nadu",Gummidipoondi,"Anthoni Pillai Nagar, Gummidipoondi - TNPCB","11-09-2026 05:00:00",13.4127,80.1081,SO2,0,27,12
India,"Tamil Nadu",Thoothukudi,"Meelavittan, Thoothukudi - TNPCB","11-09-2026 05:00:00",8.816428,78.099039,CO,14,30,24
India,Telangana,Hyderabad,"Kokapet, Hyderabad - TSPCB","11-09-2026 05:00:00",17.393559,78.339194,NO2,9,15,12
India,Telangana,Hyderabad,"Kokapet, Hyderabad - TSPCB","11-09-2026 05:00:00",17.393559,78.339194,SO2,6,11,8
India,Telangana,Hyderabad,"Kokapet, Hyderabad - TSPCB","11-09-2026 05:00:00",17.393559,78.339194,CO,19,36,23
India,Telangana,Hyderabad,"ECIL Kapra, Hyderabad - TSPCB","11-09-2026 05:00:00",17.470431,78.566959,PM2.5,39,45,41
India,Telangana,Hyderabad,"Kompally Municipal Office, Hyderabad - TSPCB","11-09-2026 05:00:00",17.544899,78.486949,NH3,2,4,3
India,Telangana,Hyderabad,"Kompally Municipal Office, Hyderabad - TSPCB","11-09-2026 05:00:00",17.544899,78.486949,OZONE,9,13,10
India,Telangana,Hyderabad,"Zoo Park, Hyderabad - TSPCB","11-09-2026 05:00:00",17.349694,78.451437,SO2,1,1,1
India,Telangana,Hyderabad,"ICRISAT Patancheru, Hyderabad - TSPCB","11-09-2026 05:00:00",17.5184,78.278777,NO2,9,28,17
India,Telangana,Hyderabad,"Sanathnagar, Hyderabad - TSPCB","11-09-2026 05:00:00",17.4559458,78.4332152,NH3,NA,NA,NA
India,Telangana,Hyderabad,"Sanathnagar, Hyderabad - TSPCB","11-09-2026 05:00:00",17.4559458,78.4332152,CO,36,119,53
India,Rajasthan,Jhalawar,"Rajlaxmi Nagar, Jhalawar - RSPCB","11-09-2026 05:00:00",24.588397,76.172782,PM10,48,131,69
India,Rajasthan,Jhalawar,"Rajlaxmi Nagar, Jhalawar - RSPCB","11-09-2026 05:00:00",24.588397,76.172782,CO,31,66,44
India,Rajasthan,Jhunjhunu,"Indra Nagar, Jhunjhunu - RSPCB","11-09-2026 05:00:00",28.108988,75.386577,PM10,55,124,81
India,Rajasthan,Jhunjhunu,"Indra Nagar, Jhunjhunu - RSPCB","11-09-2026 05:00:00",28.108988,75.386577,NO2,2,21,9
India,Rajasthan,Jhunjhunu,"Indra Nagar, Jhunjhunu - RSPCB","11-09-2026 05:00:00",28.108988,75.386577,NH3,4,43,9
India,Rajasthan,Jhunjhunu,"Indra Nagar, Jhunjhunu - RSPCB","11-09-2026 05:00:00",28.108988,75.386577,OZONE,21,33,27
India,Rajasthan,Jodhpur,"Collectorate, Jodhpur - RSPCB","11-09-2026 05:00:00",26.268249,73.0193853,CO,5,37,20
India,Rajasthan,Jodhpur,"Digari Kalan, Jodhpur - RSPCB","11-09-2026 05:00:00",26.29581,73.082283,NH3,6,10,8
India,Rajasthan,Jodhpur,"Jhalamand, Jodhpur - RSPCB","11-09-2026 05:00:00",26.215415,73.070156,PM2.5,15,63,30
India,Rajasthan,Jodhpur,"Jhalamand, Jodhpur - RSPCB","11-09-2026 05:00:00",26.215415,73.070156,PM10,40,139,68
India,Rajasthan,Jodhpur,"Jhalamand, Jodhpur - RSPCB","11-09-2026 05:00:00",26.215415,73.070156,NH3,2,4,3
India,Rajasthan,Jodhpur,"Jhalamand, Jodhpur - RSPCB","11-09-2026 05:00:00",26.215415,73.070156,OZONE,8,14,11
India,Rajasthan,Karauli,"Satyawati Vihar, Karauli - RSPCB","11-09-2026 05:00:00",26.506177,77.025989,PM10,48,115,63
India,Rajasthan,Bhiwadi,"Vasundhara Nagar_UIT, Bhiwadi - RSPCB","11-09-2026 05:00:00",28.207266,76.829265,PM2.5,30,310,88
India,Rajasthan,Bundi,"New Colony, Bundi - RSPCB","11-09-2026 05:00:00",25.435774,75.644272,PM2.5,5,103,41
India,Rajasthan,Bundi,"New Colony, Bundi - RSPCB","11-09-2026 05:00:00",25.435774,75.644272,CO,10,40,23
India,Rajasthan,Chittorgarh,"Shastri Nagar, Chittorgarh - RSPCB","11-09-2026 05:00:00",24.892047,74.623527,SO2,1,5,3
India,Rajasthan,Dausa,"Khatikan Mohalla, Dausa - RSPCB","11-09-2026 05:00:00",26.895552,76.334753,CO,17,80,35
India,Rajasthan,Dausa,"Khatikan Mohalla, Dausa - RSPCB","11-09-2026 05:00:00",26.895552,76.334753,OZONE,9,13,11
India,Rajasthan,Dholpur,"Raja Ganj, Dholpur - RSPCB","11-09-2026 05:00:00",26.699557,77.898881,NH3,3,11,6
India,Rajasthan,Dholpur,"Raja Ganj, Dholpur - RSPCB","11-09-2026 05:00:00",26.699557,77.898881,SO2,1,6,4
India,Rajasthan,Dholpur,"Raja Ganj, Dholpur - RSPCB","11-09-2026 05:00:00",26.699557,77.898881,OZONE,13,21,15
India,"Uttar Pradesh",Vrindavan," Chhatikara, Vrindavan - UPPCB","11-09-2026 05:00:00",27.57194,77.62346,PM10,88,144,111
India,Uttarakhand,Dehradun,"Doon University, Dehradun - UKPCB","11-09-2026 05:00:00",30.269444,78.044167,PM2.5,1,142,58
India,Uttarakhand,Dehradun,"Doon University, Dehradun - UKPCB","11-09-2026 05:00:00",30.269444,78.044167,PM10,18,124,79
India,Uttarakhand,Dehradun,"Doon University, Dehradun - UKPCB","11-09-2026 05:00:00",30.269444,78.044167,CO,14,20,17
India,Uttarakhand,Kashipur,"Govt. Girls Inter College, Kashipur - UKPCB","11-09-2026 05:00:00",29.2124114,78.9611753,NO2,NA,NA,NA
India,Uttarakhand,Rishikesh,"Shivaji Nagar, Rishikesh - UKPCB","11-09-2026 05:00:00",30.075911,78.2859547,PM2.5,2,2,2
India,Uttarakhand,Rishikesh,"Shivaji Nagar, Rishikesh - UKPCB","11-09-2026 05:00:00",30.075911,78.2859547,NH3,2,6,4
India,Uttarakhand,Rishikesh,"Shivaji Nagar, Rishikesh - UKPCB","11-09-2026 05:00:00",30.075911,78.2859547,CO,37,37,37
India,"West Bengal",Asansol,"Trivenidevi Bhalotia College, Asansol - WBPCB","11-09-2026 05:00:00",23.616515,87.119133,NH3,3,7,6
India,"West Bengal",Asansol,"Evelyn Lodge, Asansol - WBPCB","11-09-2026 05:00:00",23.697936,86.944395,NO2,9,21,14
India,"West Bengal",Barrackpore,"SVSPA Campus, Barrackpore - WBPCB","11-09-2026 05:00:00",22.7605581,88.3617589,PM2.5,15,43,31
India,"West Bengal",Barrackpore,"SVSPA Campus, Barrackpore - WBPCB","11-09-2026 05:00:00",22.7605581,88.3617589,NH3,6,9,7
India,"West Bengal",Barrackpore,"SVSPA Campus, Barrackpore - WBPCB","11-09-2026 05:00:00",22.7605581,88.3617589,SO2,13,14,13
India,"West Bengal",Barrackpore,"SVSPA Campus, Barrackpore - WBPCB","11-09-2026 05:00:00",22.7605581,88.3617589,CO,32,52,41
India,"West Bengal",Durgapur,"Womens College_City Center, Durgapur - WBPCB","11-09-2026 05:00:00",23.549395,87.300496,CO,12,22,17
India,"West Bengal",Durgapur,"PCBL Residential Complex, Durgapur - WBPCB","11-09-2026 05:00:00",23.508764,87.35444,NO2,7,44,27
India,"West Bengal",Durgapur,"PCBL Residential Complex, Durgapur - WBPCB","11-09-2026 05:00:00",23.508764,87.35444,CO,35,51,41
India,"West Bengal",Durgapur,"Mahishkapur Road_B-Zone, Durgapur - WBPCB","11-09-2026 05:00:00",23.567923,87.306843,PM2.5,NA,NA,NA
India,"West Bengal",Haldia,"Priyambada Housing Estate, Haldia - WBPCB","11-09-2026 05:00:00",22.06047,88.109737,PM2.5,18,57,31
India,"West Bengal",Haldia,"Priyambada Housing Estate, Haldia - WBPCB","11-09-2026 05:00:00",22.06047,88.109737,NO2,8,24,13
India,"West Bengal",Howrah,"Ghusuri, Howrah - WBPCB","11-09-2026 05:00:00",22.611968,88.347422,NO2,21,37,26
India,"West Bengal",Howrah,"Dasnagar, Howrah - WBPCB","11-09-2026 05:00:00",22.6025571,88.3105664,PM10,35,79,52
India,"West Bengal",Howrah,"Dasnagar, Howrah - WBPCB","11-09-2026 05:00:00",22.6025571,88.3105664,NO2,3,8,5
India,"West Bengal",Howrah,"Belur Math, Howrah - WBPCB","11-09-2026 05:00:00",22.629801,88.352017,SO2,6,10,8
India,"West Bengal",Howrah,"Botanical Garden, Howrah - WBPCB","11-09-2026 05:00:00",22.554954,88.292568,NO2,0,57,12
India,"West Bengal",Howrah,"Botanical Garden, Howrah - WBPCB","11-09-2026 05:00:00",22.554954,88.292568,SO2,4,5,5
India,"West Bengal",Kolkata,"Fort William, Kolkata - WBPCB","11-09-2026 05:00:00",22.55664,88.342674,PM10,25,52,37
India,"West Bengal",Kolkata,"Fort William, Kolkata - WBPCB","11-09-2026 05:00:00",22.55664,88.342674,CO,15,25,19
India,"West Bengal",Kolkata,"Ballygunge, Kolkata - WBPCB","11-09-2026 05:00:00",22.5367507,88.3638022,NO2,19,31,24
India,"West Bengal",Kolkata,"Ballygunge, Kolkata - WBPCB","11-09-2026 05:00:00",22.5367507,88.3638022,SO2,5,8,7
India,"West Bengal",Kolkata,"Rabindra Sarobar, Kolkata - WBPCB","11-09-2026 05:00:00",22.51106,88.35142,PM10,21,35,27
India,"Uttar Pradesh",Muzaffarnagar,"New Mandi, Muzaffarnagar - UPPCB","11-09-2026 05:00:00",29.4723508,77.7194031,PM2.5,38,92,66
India,"Uttar Pradesh",Muzaffarnagar,"New Mandi, Muzaffarnagar - UPPCB","11-09-2026 05:00:00",29.4723508,77.7194031,OZONE,20,44,34
India,"Uttar Pradesh",Noida,"Sector-1, Noida - UPPCB","11-09-2026 05:00:00",28.5898,77.3101,SO2,NA,NA,NA
India,"Uttar Pradesh",Noida,"Sector - 125, Noida - UPPCB","11-09-2026 05:00:00",28.5447608,77.3231257,PM10,98,335,154
India,"Uttar Pradesh",Noida,"Sector - 125, Noida - UPPCB","11-09-2026 05:00:00",28.5447608,77.3231257,NO2,15,17,16
India,"Uttar Pradesh",Noida,"Sector - 125, Noida - UPPCB","11-09-2026 05:00:00",28.5447608,77.3231257,NH3,3,3,3
India,"Uttar Pradesh",Noida,"Sector - 125, Noida - UPPCB","11-09-2026 05:00:00",28.5447608,77.3231257,CO,1,35,17
India,"Uttar Pradesh",Noida,"Sector-116, Noida - UPPCB","11-09-2026 05:00:00",28.56923,77.393848,NO2,17,68,41
India,"Uttar Pradesh",Noida,"Sector-116, Noida - UPPCB","11-09-2026 05:00:00",28.56923,77.393848,OZONE,16,33,23
India,"Uttar Pradesh",Noida,"Sector - 62, Noida - IITM","11-09-2026 05:00:00",28.6245479,77.3577104,NO2,4,69,25
India,"Uttar Pradesh",Noida,"Sector - 62, Noida - IITM","11-09-2026 05:00:00",28.6245479,77.3577104,OZONE,16,33,20
India,"Uttar Pradesh",Prayagraj,"Nagar Nigam, Prayagraj - UPPCB","11-09-2026 05:00:00",25.44919916,81.82735986,NH3,4,11,6
India,"Uttar Pradesh",Prayagraj,"Nagar Nigam, Prayagraj - UPPCB","11-09-2026 05:00:00",25.44919916,81.82735986,SO2,25,84,41
India,"Uttar Pradesh",Prayagraj,"Motilal Nehru NIT, Prayagraj - UPPCB","11-09-2026 05:00:00",25.494,81.863,PM2.5,10,22,15
India,"Uttar Pradesh",Prayagraj,"Motilal Nehru NIT, Prayagraj - UPPCB","11-09-2026 05:00:00",25.494,81.863,PM10,18,38,26
India,"Uttar Pradesh",Prayagraj,"Jhunsi, Prayagraj - UPPCB","11-09-2026 05:00:00",25.425602,81.917152,PM2.5,4,36,17
India,"Uttar Pradesh",Prayagraj,"Jhunsi, Prayagraj - UPPCB","11-09-2026 05:00:00",25.425602,81.917152,PM10,9,53,22
India,"Uttar Pradesh",Ghaziabad,"Govindpuram, Ghaziabad - UPPCB","11-09-2026 05:00:00",28.694528,77.494705,NO2,32,78,49
India,"Uttar Pradesh",Gorakhpur,"Madan Mohan Malaviya University of Technology, Gorakhpur - UPPCB","11-09-2026 05:00:00",26.730136,83.433859,CO,5,5,5
India,"Uttar Pradesh","Greater Noida","Knowledge Park - V, Greater Noida - UPPCB","11-09-2026 05:00:00",28.557054,77.453663,PM2.5,52,122,79
India,"Uttar Pradesh","Greater Noida","Knowledge Park - V, Greater Noida - UPPCB","11-09-2026 05:00:00",28.557054,77.453663,CO,9,11,10
India,"Uttar Pradesh","Greater Noida","Knowledge Park - III, Greater Noida - UPPCB","11-09-2026 05:00:00",28.47272,77.482,NH3,5,7,6
India,"Uttar Pradesh",Jhansi,"Shivaji Nagar, Jhansi - UPPCB","11-09-2026 05:00:00",25.4547,78.6039,NH3,4,4,4
India,"Uttar Pradesh",Jhansi,"Shivaji Nagar, Jhansi - UPPCB","11-09-2026 05:00:00",25.4547,78.6039,SO2,19,32,25
India,"Uttar Pradesh",Kanpur,"FTI Kidwai Nagar, Kanpur - UPPCB","11-09-2026 05:00:00",26.428282,80.327067,PM2.5,31,233,61
India,"Uttar Pradesh",Kanpur,"FTI Kidwai Nagar, Kanpur - UPPCB","11-09-2026 05:00:00",26.428282,80.327067,NO2,26,27,27
India,"Uttar Pradesh",Kanpur,"FTI Kidwai Nagar, Kanpur - UPPCB","11-09-2026 05:00:00",26.428282,80.327067,SO2,18,51,36
India,"Uttar Pradesh",Kanpur,"FTI Kidwai Nagar, Kanpur - UPPCB","11-09-2026 05:00:00",26.428282,80.327067,CO,32,35,33
India,"Uttar Pradesh",Kanpur,"NSI Kalyanpur, Kanpur - UPPCB","11-09-2026 05:00:00",26.509954,80.249612,NO2,31,32,32
India,"Uttar Pradesh",Kanpur,"NSI Kalyanpur, Kanpur - UPPCB","11-09-2026 05:00:00",26.509954,80.249612,OZONE,21,22,21
India,"Uttar Pradesh",Kanpur,"Nehru Nagar, Kanpur - UPPCB","11-09-2026 05:00:00",26.4703136,80.3229863,NO2,44,48,47
India,"Uttar Pradesh",Kanpur,"Nehru Nagar, Kanpur - UPPCB","11-09-2026 05:00:00",26.4703136,80.3229863,OZONE,2,2,2
India,"Uttar Pradesh",Meerut,"Ganga Nagar, Meerut - UPPCB","11-09-2026 05:00:00",28.999264,77.7590354,NO2,30,50,36
India,"Uttar Pradesh",Meerut,"Ganga Nagar, Meerut - UPPCB","11-09-2026 05:00:00",28.999264,77.7590354,NH3,6,14,10
India,"Uttar Pradesh",Meerut,"MIET College, Meerut - UPPCB","11-09-2026 05:00:00",28.972677,77.641018,OZONE,3,16,8
India,"Uttar Pradesh",Meerut,"Pallavpuram Phase 2, Meerut - UPPCB","11-09-2026 05:00:00",29.06351,77.709723,NH3,7,11,8
India,"Uttar Pradesh",Meerut,"Pallavpuram Phase 2, Meerut - UPPCB","11-09-2026 05:00:00",29.06351,77.709723,SO2,5,41,21
India,"Uttar Pradesh",Meerut,"Pallavpuram Phase 2, Meerut - UPPCB","11-09-2026 05:00:00",29.06351,77.709723,OZONE,28,46,37
India,"Uttar Pradesh",Modinagar,"SRM University, Modinagar - UPPCB","11-09-2026 05:00:00",28.798171,77.540243,NO2,17,37,25
India,"Uttar Pradesh",Moradabad,"Employment Office, Moradabad - UPPCB","11-09-2026 05:00:00",28.88528,78.7388,NO2,23,24,23
India,"Uttar Pradesh",Moradabad,"Employment Office, Moradabad - UPPCB","11-09-2026 05:00:00",28.88528,78.7388,SO2,34,38,35
India,"Uttar Pradesh",Moradabad,"Jigar Colony, Moradabad - UPPCB","11-09-2026 05:00:00",28.856664,78.772638,CO,39,39,39
India,"Uttar Pradesh",Moradabad,"Kashiram Nagar, Moradabad - UPPCB","11-09-2026 05:00:00",28.849399,78.742362,PM2.5,37,294,87
India,"Uttar Pradesh",Moradabad,"Transport Nagar, Moradabad - UPPCB","11-09-2026 05:00:00",28.802625,78.753728,NO2,24,25,24
India,"Uttar Pradesh",Moradabad,"Transport Nagar, Moradabad - UPPCB","11-09-2026 05:00:00",28.802625,78.753728,CO,23,25,24
India,"Uttar Pradesh",Moradabad,"Buddhi Vihar, Moradabad - UPPCB","11-09-2026 05:00:00",28.83526,78.7446,PM10,46,128,97
India,"Uttar Pradesh",Lucknow,"Kendriya Vidyalaya, Lucknow - CPCB","11-09-2026 05:00:00",26.906111,80.948222,PM10,43,74,61
India,"Uttar Pradesh",Lucknow,"Kukrail Picnic Spot-1, Lucknow - UPPCB","11-09-2026 05:00:00",26.90723,80.98579,NO2,31,32,32
India,"Uttar Pradesh",Lucknow,"Kukrail Picnic Spot-1, Lucknow - UPPCB","11-09-2026 05:00:00",26.90723,80.98579,OZONE,10,10,10
India,"Uttar Pradesh",Lucknow,"Gomti Nagar, Lucknow - UPPCB","11-09-2026 05:00:00",26.86812,81.005119,PM2.5,15,53,35
India,"Uttar Pradesh",Lucknow,"Gomti Nagar, Lucknow - UPPCB","11-09-2026 05:00:00",26.86812,81.005119,NO2,9,10,9
India,"Uttar Pradesh",Lucknow,"Lalbagh, Lucknow - CPCB","11-09-2026 05:00:00",26.8458805,80.9365541,OZONE,9,30,16
India,"Uttar Pradesh",Lucknow,"Talkatora District Industries Center, Lucknow - CPCB","11-09-2026 05:00:00",26.83399722,80.8917361,CO,67,80,73
India,"Uttar Pradesh",Lucknow,"B R Ambedkar University, Lucknow - UPPCB","11-09-2026 05:00:00",26.766433,80.927299,PM2.5,23,47,35
India,"Uttar Pradesh",Mathura,"Pali Dungra, Mathura - UPPCB","11-09-2026 05:00:00",27.410954,77.550619,PM2.5,20,20,20
India,"Uttar Pradesh",Mathura,"Pali Dungra, Mathura - UPPCB","11-09-2026 05:00:00",27.410954,77.550619,NO2,3,8,5
India,"Uttar Pradesh",Mathura,"Pali Dungra, Mathura - UPPCB","11-09-2026 05:00:00",27.410954,77.550619,CO,3,42,23
India,"Uttar Pradesh",Meerut,"Jai Bhim Nagar, Meerut - UPPCB","11-09-2026 05:00:00",28.9535882,77.7622941,SO2,4,7,5
India,"Uttar Pradesh",Meerut,"Ganga Nagar, Meerut - UPPCB","11-09-2026 05:00:00",28.999264,77.7590354,PM2.5,55,163,78
India,"Uttar Pradesh",Firozabad,"Vibhab Nagar, Firozabad - UPPCB","11-09-2026 05:00:00",27.1594,78.3953,SO2,5,7,7
India,"Uttar Pradesh",Gajraula,"Rajanpur, Gajraula - UPPCB","11-09-2026 05:00:00",28.829109,78.248796,CO,68,70,69
India,"Uttar Pradesh",Ghaziabad,"Ved Vihar-Loni, Ghaziabad - UPPCB","11-09-2026 05:00:00",28.739153,77.273668,CO,88,94,92
India,"Uttar Pradesh",Ghaziabad,"Wave City, Ghaziabad - UPPCB","11-09-2026 05:00:00",28.646675,77.489049,NO2,16,46,22
India,"Uttar Pradesh",Ghaziabad,"Wave City, Ghaziabad - UPPCB","11-09-2026 05:00:00",28.646675,77.489049,CO,84,89,87
India,"Uttar Pradesh",Ghaziabad,"Indirapuram, Ghaziabad - UPPCB","11-09-2026 05:00:00",28.646233,77.358075,PM2.5,42,85,63
India,"Uttar Pradesh",Ghaziabad,"Sanjay Nagar, Ghaziabad - UPPCB","11-09-2026 05:00:00",28.685382,77.453839,NH3,6,12,9
India,"Uttar Pradesh",Ghaziabad,"Sanjay Nagar, Ghaziabad - UPPCB","11-09-2026 05:00:00",28.685382,77.453839,SO2,2,14,9
India,"Uttar Pradesh",Ghaziabad,"Sanjay Nagar, Ghaziabad - UPPCB","11-09-2026 05:00:00",28.685382,77.453839,OZONE,18,21,19
India,"Uttar Pradesh",Ghaziabad,"Loni, Ghaziabad - UPPCB","11-09-2026 05:00:00",28.757294,77.278792,PM10,127,208,159
India,"Uttar Pradesh",Ghaziabad,"Govindpuram, Ghaziabad - UPPCB","11-09-2026 05:00:00",28.694528,77.494705,PM2.5,3,98,26
India,"Uttar Pradesh",Raebareli," Indira Nagar, Raebareli - NTPC Unchahar","11-09-2026 05:00:00",26.207781,81.245571,OZONE,8,22,12
India,"Uttar Pradesh",Raebareli,"Anand Nagar, Raebareli - UPPCB","11-09-2026 05:00:00",26.219512,81.237648,NO2,6,23,12
India,"Uttar Pradesh",Raebareli,"Anand Nagar, Raebareli - UPPCB","11-09-2026 05:00:00",26.219512,81.237648,NH3,NA,NA,NA
India,"Uttar Pradesh",Raebareli,"Anand Nagar, Raebareli - UPPCB","11-09-2026 05:00:00",26.219512,81.237648,SO2,13,13,13
India,"Uttar Pradesh",Varanasi,"Bhelupur, Varanasi - UPPCB","11-09-2026 05:00:00",25.301778,82.996789,SO2,30,38,32
India,"Uttar Pradesh",Varanasi,"Bhelupur, Varanasi - UPPCB","11-09-2026 05:00:00",25.301778,82.996789,CO,8,28,16
India,"Uttar Pradesh",Varanasi,"Ardhali Bazar, Varanasi - UPPCB","11-09-2026 05:00:00",25.3505986,82.9083074,PM2.5,16,61,34
India,"Uttar Pradesh",Varanasi,"Maldahiya, Varanasi - UPPCB","11-09-2026 05:00:00",25.32393,82.99687,PM2.5,13,82,29
India,"Uttar Pradesh",Varanasi,"Maldahiya, Varanasi - UPPCB","11-09-2026 05:00:00",25.32393,82.99687,NH3,0,0,0
India,"Uttar Pradesh",Vrindavan,"Omex Eternity, Vrindavan - UPPCB","11-09-2026 05:00:00",27.571409,77.655757,OZONE,16,16,16
India,"Uttar Pradesh",Vrindavan," Chhatikara, Vrindavan - UPPCB","11-09-2026 05:00:00",27.57194,77.62346,PM2.5,12,59,35
India,"Uttar Pradesh",Agra,"Sanjay Palace, Agra - UPPCB","11-09-2026 05:00:00",27.19865833,78.00598056,OZONE,5,7,6
India,"Uttar Pradesh",Agra,"Rohta, Agra - UPPCB","11-09-2026 05:00:00",27.106972,78.000111,NO2,16,16,16
India,"Uttar Pradesh",Agra,"Rohta, Agra - UPPCB","11-09-2026 05:00:00",27.106972,78.000111,NH3,6,6,6
India,"Uttar Pradesh",Agra,"Rohta, Agra - UPPCB","11-09-2026 05:00:00",27.106972,78.000111,SO2,15,20,17
India,"Uttar Pradesh",Baghpat,"Sardar Patel Inter College, Baghpat - UPPCB","11-09-2026 05:00:00",28.964949,77.278761,OZONE,4,23,13
India,"Uttar Pradesh",Bareilly,"Rajendra Nagar, Bareilly - UPPCB","11-09-2026 05:00:00",28.38910936,79.42963708,PM10,45,134,87
India,"Uttar Pradesh",Bulandshahr,"Yamunapuram, Bulandshahr - UPPCB","11-09-2026 05:00:00",28.406963,77.849831,PM2.5,33,176,67
India,"Uttar Pradesh",Bulandshahr,"Yamunapuram, Bulandshahr - UPPCB","11-09-2026 05:00:00",28.406963,77.849831,NH3,7,10,8
India,"Uttar Pradesh",Bulandshahr,"Yamunapuram, Bulandshahr - UPPCB","11-09-2026 05:00:00",28.406963,77.849831,OZONE,16,62,39
India,"West Bengal",Kolkata,"Jadavpur, Kolkata - WBPCB","11-09-2026 05:00:00",22.49929,88.36917,NO2,21,81,36
India,"West Bengal",Kolkata,"Rabindra Bharati University, Kolkata - WBPCB","11-09-2026 05:00:00",22.627847,88.380669,PM2.5,14,49,25
India,"West Bengal",Kolkata,"Rabindra Bharati University, Kolkata - WBPCB","11-09-2026 05:00:00",22.627847,88.380669,OZONE,10,12,11
India,"West Bengal",Kolkata,"Bidhannagar, Kolkata - WBPCB","11-09-2026 05:00:00",22.58157048,88.41002457,SO2,6,10,8
India,"West Bengal",Siliguri,"Ward-32 Bapupara, Siliguri - WBPCB","11-09-2026 05:00:00",26.6879226,88.4152495,PM10,22,61,37
India,"West Bengal",Siliguri,"Ward-32 Bapupara, Siliguri - WBPCB","11-09-2026 05:00:00",26.6879226,88.4152495,NO2,15,20,17
India,"West Bengal",Siliguri,"Ward-32 Bapupara, Siliguri - WBPCB","11-09-2026 05:00:00",26.6879226,88.4152495,SO2,14,16,15
