system:index,AOD,date,image_count,.geo
0,1486.469272261363,2021-01-01,99,"{""type"":""MultiPoint"",""coordinates"":[]}"
1,2149.4099253983377,2021-01-02,100,"{""type"":""MultiPoint"",""coordinates"":[]}"
2,1838.0601403678602,2021-01-03,99,"{""type"":""MultiPoint"",""coordinates"":[]}"
3,544.6380149190885,2021-01-04,100,"{""type"":""MultiPoint"",""coordinates"":[]}"
4,1429.0440686791494,2021-01-05,99,"{""type"":""MultiPoint"",""coordinates"":[]}"
5,1545.1736115423626,2021-01-06,99,"{""type"":""MultiPoint"",""coordinates"":[]}"
6,,2021-01-07,99,"{""type"":""MultiPoint"",""coordinates"":[]}"
7,1544.3099059603453,2021-01-08,99,"{""type"":""MultiPoint"",""coordinates"":[]}"
8,2141.3648190662825,2021-01-09,100,"{""type"":""MultiPoint"",""coordinates"":[]}"
9,591.1901240113718,2021-01-10,99,"{""type"":""MultiPoint"",""coordinates"":[]}"
10,566.528803352256,2021-01-11,100,"{""type"":""MultiPoint"",""coordinates"":[]}"
11,932.1500737600875,2021-01-12,100,"{""type"":""MultiPoint"",""coordinates"":[]}"
12,927.7170435598895,2021-01-13,99,"{""type"":""MultiPoint"",""coordinates"":[]}"
13,978.0154559658786,2021-01-14,99,"{""type"":""MultiPoint"",""coordinates"":[]}"
14,1544.3375729400866,2021-01-15,99,"{""type"":""MultiPoint"",""coordinates"":[]}"
15,893.823370369831,2021-01-16,99,"{""type"":""MultiPoint"",""coordinates"":[]}"
16,1636.5715129501705,2021-01-17,99,"{""type"":""MultiPoint"",""coordinates"":[]}"
17,1806.3007053737988,2021-01-18,100,"{""type"":""MultiPoint"",""coordinates"":[]}"
18,1267.562476973168,2021-01-19,99,"{""type"":""MultiPoint"",""coordinates"":[]}"
19,667.0378265882621,2021-01-20,100,"{""type"":""MultiPoint"",""coordinates"":[]}"
20,433.6009731801604,2021-01-21,99,"{""type"":""MultiPoint"",""coordinates"":[]}"
21,1007.6372796414696,2021-01-22,99,"{""type"":""MultiPoint"",""coordinates"":[]}"
22,1157.4757430810296,2021-01-23,99,"{""type"":""MultiPoint"",""coordinates"":[]}"
23,1587.0,2021-01-24,99,"{""type"":""MultiPoint"",""coordinates"":[]}"
24,1184.0881748283991,2021-01-25,100,"{""type"":""MultiPoint"",""coordinates"":[]}"
25,1074.7472748729829,2021-01-26,99,"{""type"":""MultiPoint"",""coordinates"":[]}"
26,611.9286396968713,2021-01-27,100,"{""type"":""MultiPoint"",""coordinates"":[]}"
27,1173.9244259852776,2021-01-28,100,"{""type"":""MultiPoint"",""coordinates"":[]}"
28,884.5692062525724,2021-01-29,99,"{""type"":""MultiPoint"",""coordinates"":[]}"
29,513.4489502299965,2021-01-30,99,"{""type"":""MultiPoint"",""coordinates"":[]}"
30,597.9889794047433,2021-01-31,99,"{""type"":""MultiPoint"",""coordinates"":[]}"
31,729.715882734553,2021-02-01,99,"{""type"":""MultiPoint"",""coordinates"":[]}"
32,667.4782676040752,2021-02-02,99,"{""type"":""MultiPoint"",""coordinates"":[]}"
33,937.3530874935187,2021-02-03,100,"{""type"":""MultiPoint"",""coordinates"":[]}"
34,1188.2963771690331,2021-02-04,99,"{""type"":""MultiPoint"",""coordinates"":[]}"
35,479.29102731273946,2021-02-05,100,"{""type"":""MultiPoint"",""coordinates"":[]}"
36,492.32704684792975,2021-02-06,98,"{""type"":""MultiPoint"",""coordinates"":[]}"
37,650.8594189259109,2021-02-07,99,"{""type"":""MultiPoint"",""coordinates"":[]}"
38,801.2519815381974,2021-02-08,95,"{""type"":""MultiPoint"",""coordinates"":[]}"
39,821.7354165592329,2021-02-09,95,"{""type"":""MultiPoint"",""coordinates"":[]}"
40,707.3047036448603,2021-02-10,98,"{""type"":""MultiPoint"",""coordinates"":[]}"
41,886.6099425810829,2021-02-11,95,"{""type"":""MultiPoint"",""coordinates"":[]}"
42,1368.549811578663,2021-02-12,96,"{""type"":""MultiPoint"",""coordinates"":[]}"
43,814.3930329469487,2021-02-13,92,"{""type"":""MultiPoint"",""coordinates"":[]}"
44,756.2962082087469,2021-02-14,94,"{""type"":""MultiPoint"",""coordinates"":[]}"
45,854.4520066254273,2021-02-15,90,"{""type"":""MultiPoint"",""coordinates"":[]}"
46,804.5659335976956,2021-02-16,92,"{""type"":""MultiPoint"",""coordinates"":[]}"
47,749.8974842218107,2021-02-17,89,"{""type"":""MultiPoint"",""coordinates"":[]}"
48,812.5688014812976,2021-02-18,91,"{""type"":""MultiPoint"",""coordinates"":[]}"
49,969.4893641401167,2021-02-19,91,"{""type"":""MultiPoint"",""coordinates"":[]}"
50,472.44064766697204,2021-02-20,87,"{""type"":""MultiPoint"",""coordinates"":[]}"
51,728.6822510593148,2021-02-21,92,"{""type"":""MultiPoint"",""coordinates"":[]}"
52,737.2823019806998,2021-02-22,81,"{""type"":""MultiPoint"",""coordinates"":[]}"
53,460.43559930091243,2021-02-23,89,"{""type"":""MultiPoint"",""coordinates"":[]}"
54,470.43112520229244,2021-02-24,87,"{""type"":""MultiPoint"",""coordinates"":[]}"
55,559.4356781795908,2021-02-25,84,"{""type"":""MultiPoint"",""coordinates"":[]}"
56,407.67679264443046,2021-02-26,84,"{""type"":""MultiPoint"",""coordinates"":[]}"
57,484.40430173800394,2021-02-27,85,"{""type"":""MultiPoint"",""coordinates"":[]}"
58,482.804366193977,2021-02-28,86,"{""type"":""MultiPoint"",""coordinates"":[]}"
59,403.8210709754862,2021-03-01,83,"{""type"":""MultiPoint"",""coordinates"":[]}"
60,310.6751987584361,2021-03-02,82,"{""type"":""MultiPoint"",""coordinates"":[]}"
61,373.95602961450317,2021-03-03,70,"{""type"":""MultiPoint"",""coordinates"":[]}"
62,538.8401501976681,2021-03-04,75,"{""type"":""MultiPoint"",""coordinates"":[]}"
63,400.60666726559816,2021-03-05,67,"{""type"":""MultiPoint"",""coordinates"":[]}"
64,437.18355558024564,2021-03-06,63,"{""type"":""MultiPoint"",""coordinates"":[]}"
65,652.4332277934071,2021-03-07,65,"{""type"":""MultiPoint"",""coordinates"":[]}"
66,1102.7849996660661,2021-03-08,61,"{""type"":""MultiPoint"",""coordinates"":[]}"
67,917.6297654388085,2021-03-09,60,"{""type"":""MultiPoint"",""coordinates"":[]}"
68,815.9417305301913,2021-03-10,54,"{""type"":""MultiPoint"",""coordinates"":[]}"
69,711.560147007974,2021-03-11,47,"{""type"":""MultiPoint"",""coordinates"":[]}"
70,869.546497529504,2021-03-12,39,"{""type"":""MultiPoint"",""coordinates"":[]}"
71,665.2960817575919,2021-03-13,39,"{""type"":""MultiPoint"",""coordinates"":[]}"
72,549.328121578569,2021-03-14,33,"{""type"":""MultiPoint"",""coordinates"":[]}"
73,1271.2360977686583,2021-03-15,34,"{""type"":""MultiPoint"",""coordinates"":[]}"
74,1407.597468570147,2021-03-16,34,"{""type"":""MultiPoint"",""coordinates"":[]}"
75,1075.5442239161857,2021-03-17,29,"{""type"":""MultiPoint"",""coordinates"":[]}"
76,824.4908651719796,2021-03-18,28,"{""type"":""MultiPoint"",""coordinates"":[]}"
77,772.7509394301233,2021-03-19,22,"{""type"":""MultiPoint"",""coordinates"":[]}"
78,588.3434760567181,2021-03-20,19,"{""type"":""MultiPoint"",""coordinates"":[]}"
79,821.6015562390937,2021-03-21,29,"{""type"":""MultiPoint"",""coordinates"":[]}"
80,838.4625876571433,2021-03-22,32,"{""type"":""MultiPoint"",""coordinates"":[]}"
81,800.9313427389927,2021-03-23,38,"{""type"":""MultiPoint"",""coordinates"":[]}"
82,849.7347830172992,2021-03-24,38,"{""type"":""MultiPoint"",""coordinates"":[]}"
83,568.1560740144811,2021-03-25,42,"{""type"":""MultiPoint"",""coordinates"":[]}"
84,533.9361917283264,2021-03-26,42,"{""type"":""MultiPoint"",""coordinates"":[]}"
85,633.9278612768724,2021-03-27,44,"{""type"":""MultiPoint"",""coordinates"":[]}"
86,841.1692254858988,2021-03-28,47,"{""type"":""MultiPoint"",""coordinates"":[]}"
87,653.1517565364264,2021-03-29,49,"{""type"":""MultiPoint"",""coordinates"":[]}"
88,741.3357992036657,2021-03-30,52,"{""type"":""MultiPoint"",""coordinates"":[]}"
89,233.55753600472556,2021-03-31,56,"{""type"":""MultiPoint"",""coordinates"":[]}"
90,230.33464121284143,2021-04-01,57,"{""type"":""MultiPoint"",""coordinates"":[]}"
91,278.25059818198616,2021-04-02,62,"{""type"":""MultiPoint"",""coordinates"":[]}"
92,303.5785445021362,2021-04-03,62,"{""type"":""MultiPoint"",""coordinates"":[]}"
93,404.07394932374996,2021-04-04,62,"{""type"":""MultiPoint"",""coordinates"":[]}"
94,864.1613398479236,2021-04-05,65,"{""type"":""MultiPoint"",""coordinates"":[]}"
95,1011.0250199228805,2021-04-06,67,"{""type"":""MultiPoint"",""coordinates"":[]}"
96,944.3026849996498,2021-04-07,66,"{""type"":""MultiPoint"",""coordinates"":[]}"
97,529.3511385693092,2021-04-08,68,"{""type"":""MultiPoint"",""coordinates"":[]}"
98,291.8201190764469,2021-04-09,67,"{""type"":""MultiPoint"",""coordinates"":[]}"
99,471.59889045065313,2021-04-10,68,"{""type"":""MultiPoint"",""coordinates"":[]}"
100,534.177887580317,2021-04-11,67,"{""type"":""MultiPoint"",""coordinates"":[]}"
101,777.7696240266479,2021-04-12,67,"{""type"":""MultiPoint"",""coordinates"":[]}"
102,774.3520828920625,2021-04-13,67,"{""type"":""MultiPoint"",""coordinates"":[]}"
103,694.8188628978164,2021-04-14,67,"{""type"":""MultiPoint"",""coordinates"":[]}"
104,907.9205413861806,2021-04-15,68,"{""type"":""MultiPoint"",""coordinates"":[]}"
105,886.2361155474377,2021-04-16,67,"{""type"":""MultiPoint"",""coordinates"":[]}"
106,384.5901184972191,2021-04-17,68,"{""type"":""MultiPoint"",""coordinates"":[]}"
107,651.447612869425,2021-04-18,68,"{""type"":""MultiPoint"",""coordinates"":[]}"
108,478.80161276706235,2021-04-19,67,"{""type"":""MultiPoint"",""coordinates"":[]}"
109,815.0718013156923,2021-04-20,67,"{""type"":""MultiPoint"",""coordinates"":[]}"
110,545.7807501883051,2021-04-21,67,"{""type"":""MultiPoint"",""coordinates"":[]}"
111,530.7163094301898,2021-04-22,67,"{""type"":""MultiPoint"",""coordinates"":[]}"
112,1006.1532727500403,2021-04-23,67,"{""type"":""MultiPoint"",""coordinates"":[]}"
113,315.3765638951103,2021-04-24,68,"{""type"":""MultiPoint"",""coordinates"":[]}"
114,370.41043598230175,2021-04-25,67,"{""type"":""MultiPoint"",""coordinates"":[]}"
115,542.8698452250246,2021-04-26,68,"{""type"":""MultiPoint"",""coordinates"":[]}"
116,791.4770216046644,2021-04-27,67,"{""type"":""MultiPoint"",""coordinates"":[]}"
117,848.907341778043,2021-04-28,67,"{""type"":""MultiPoint"",""coordinates"":[]}"
118,942.2010783944296,2021-04-29,67,"{""type"":""MultiPoint"",""coordinates"":[]}"
119,1088.5389560695414,2021-04-30,67,"{""type"":""MultiPoint"",""coordinates"":[]}"
120,1043.7485272863235,2021-05-01,68,"{""type"":""MultiPoint"",""coordinates"":[]}"
121,1233.7740928203752,2021-05-02,67,"{""type"":""MultiPoint"",""coordinates"":[]}"
122,1077.680708805268,2021-05-03,68,"{""type"":""MultiPoint"",""coordinates"":[]}"
123,692.3876189403087,2021-05-04,68,"{""type"":""MultiPoint"",""coordinates"":[]}"
124,736.0654920371485,2021-05-05,67,"{""type"":""MultiPoint"",""coordinates"":[]}"
125,1014.0610731563378,2021-05-06,67,"{""type"":""MultiPoint"",""coordinates"":[]}"
126,799.8844515995812,2021-05-07,67,"{""type"":""MultiPoint"",""coordinates"":[]}"
127,874.0796274016004,2021-05-08,67,"{""type"":""MultiPoint"",""coordinates"":[]}"
128,1235.5880482172824,2021-05-09,67,"{""type"":""MultiPoint"",""coordinates"":[]}"
129,,2021-05-10,68,"{""type"":""MultiPoint"",""coordinates"":[]}"
130,619.6734410821856,2021-05-11,67,"{""type"":""MultiPoint"",""coordinates"":[]}"
131,597.9433772509619,2021-05-12,68,"{""type"":""MultiPoint"",""coordinates"":[]}"
132,681.3656718978488,2021-05-13,67,"{""type"":""MultiPoint"",""coordinates"":[]}"
133,574.292709683588,2021-05-14,67,"{""type"":""MultiPoint"",""coordinates"":[]}"
134,517.1432780767672,2021-05-15,67,"{""type"":""MultiPoint"",""coordinates"":[]}"
135,640.7224407796178,2021-05-16,67,"{""type"":""MultiPoint"",""coordinates"":[]}"
136,,2021-05-17,68,"{""type"":""MultiPoint"",""coordinates"":[]}"
137,,2021-05-18,67,"{""type"":""MultiPoint"",""coordinates"":[]}"
138,,2021-05-19,68,"{""type"":""MultiPoint"",""coordinates"":[]}"
139,2842.3302575402818,2021-05-20,68,"{""type"":""MultiPoint"",""coordinates"":[]}"
140,632.3477741677293,2021-05-21,67,"{""type"":""MultiPoint"",""coordinates"":[]}"
141,489.7717422458298,2021-05-22,67,"{""type"":""MultiPoint"",""coordinates"":[]}"
142,893.102949577131,2021-05-23,67,"{""type"":""MultiPoint"",""coordinates"":[]}"
143,470.98847194120856,2021-05-24,67,"{""type"":""MultiPoint"",""coordinates"":[]}"
144,338.4570469188292,2021-05-25,67,"{""type"":""MultiPoint"",""coordinates"":[]}"
145,481.4738744295366,2021-05-26,68,"{""type"":""MultiPoint"",""coordinates"":[]}"
146,530.7864104367521,2021-05-27,67,"{""type"":""MultiPoint"",""coordinates"":[]}"
147,427.1573763807658,2021-05-28,68,"{""type"":""MultiPoint"",""coordinates"":[]}"
148,869.2876962805954,2021-05-29,67,"{""type"":""MultiPoint"",""coordinates"":[]}"
149,740.0422405826608,2021-05-30,67,"{""type"":""MultiPoint"",""coordinates"":[]}"
150,864.0489968335448,2021-05-31,67,"{""type"":""MultiPoint"",""coordinates"":[]}"
151,832.3879116552579,2021-06-01,67,"{""type"":""MultiPoint"",""coordinates"":[]}"
152,1252.5385326830528,2021-06-02,68,"{""type"":""MultiPoint"",""coordinates"":[]}"
153,1074.8173256113175,2021-06-03,67,"{""type"":""MultiPoint"",""coordinates"":[]}"
154,1079.197500373842,2021-06-04,68,"{""type"":""MultiPoint"",""coordinates"":[]}"
155,808.7643916133649,2021-06-05,68,"{""type"":""MultiPoint"",""coordinates"":[]}"
156,664.4489398475566,2021-06-06,67,"{""type"":""MultiPoint"",""coordinates"":[]}"
157,1013.1353681919411,2021-06-07,67,"{""type"":""MultiPoint"",""coordinates"":[]}"
158,934.3681279461591,2021-06-08,67,"{""type"":""MultiPoint"",""coordinates"":[]}"
159,1312.134814494695,2021-06-09,67,"{""type"":""MultiPoint"",""coordinates"":[]}"
160,1884.2107430333774,2021-06-10,67,"{""type"":""MultiPoint"",""coordinates"":[]}"
161,1719.1134317303142,2021-06-11,68,"{""type"":""MultiPoint"",""coordinates"":[]}"
162,1974.2367466609498,2021-06-12,67,"{""type"":""MultiPoint"",""coordinates"":[]}"
163,1000.9779874213837,2021-06-13,68,"{""type"":""MultiPoint"",""coordinates"":[]}"
164,1160.8186777905423,2021-06-14,67,"{""type"":""MultiPoint"",""coordinates"":[]}"
165,974.9773385694965,2021-06-15,67,"{""type"":""MultiPoint"",""coordinates"":[]}"
166,1208.8647959183672,2021-06-16,67,"{""type"":""MultiPoint"",""coordinates"":[]}"
167,1315.9188852721154,2021-06-17,67,"{""type"":""MultiPoint"",""coordinates"":[]}"
168,,2021-06-18,68,"{""type"":""MultiPoint"",""coordinates"":[]}"
169,,2021-06-19,67,"{""type"":""MultiPoint"",""coordinates"":[]}"
170,487.7080041620102,2021-06-20,68,"{""type"":""MultiPoint"",""coordinates"":[]}"
171,646.2039870250961,2021-06-21,68,"{""type"":""MultiPoint"",""coordinates"":[]}"
172,766.9385765240197,2021-06-22,67,"{""type"":""MultiPoint"",""coordinates"":[]}"
173,931.2053065554326,2021-06-23,67,"{""type"":""MultiPoint"",""coordinates"":[]}"
174,1467.547638629603,2021-06-24,67,"{""type"":""MultiPoint"",""coordinates"":[]}"
175,1141.7788958874187,2021-06-25,67,"{""type"":""MultiPoint"",""coordinates"":[]}"
176,923.7736519785227,2021-06-26,67,"{""type"":""MultiPoint"",""coordinates"":[]}"
177,1828.8037171806225,2021-06-27,68,"{""type"":""MultiPoint"",""coordinates"":[]}"
178,1160.3504324123762,2021-06-28,67,"{""type"":""MultiPoint"",""coordinates"":[]}"
179,679.1938621210306,2021-06-29,68,"{""type"":""MultiPoint"",""coordinates"":[]}"
180,985.2398229397121,2021-06-30,67,"{""type"":""MultiPoint"",""coordinates"":[]}"
181,882.1904490680777,2021-07-01,67,"{""type"":""MultiPoint"",""coordinates"":[]}"
182,1393.6227283234577,2021-07-02,67,"{""type"":""MultiPoint"",""coordinates"":[]}"
183,,2021-07-03,67,"{""type"":""MultiPoint"",""coordinates"":[]}"
184,865.6452298918559,2021-07-04,68,"{""type"":""MultiPoint"",""coordinates"":[]}"
185,1290.838446551189,2021-07-05,67,"{""type"":""MultiPoint"",""coordinates"":[]}"
186,744.7787952742856,2021-07-06,68,"{""type"":""MultiPoint"",""coordinates"":[]}"
187,1229.7584727423819,2021-07-07,68,"{""type"":""MultiPoint"",""coordinates"":[]}"
188,847.2731586858979,2021-07-08,67,"{""type"":""MultiPoint"",""coordinates"":[]}"
189,1652.2545882310535,2021-07-09,67,"{""type"":""MultiPoint"",""coordinates"":[]}"
190,887.0998930374038,2021-07-10,67,"{""type"":""MultiPoint"",""coordinates"":[]}"
191,1862.4048906654125,2021-07-11,67,"{""type"":""MultiPoint"",""coordinates"":[]}"
192,,2021-07-12,67,"{""type"":""MultiPoint"",""coordinates"":[]}"
193,,2021-07-13,68,"{""type"":""MultiPoint"",""coordinates"":[]}"
194,,2021-07-14,67,"{""type"":""MultiPoint"",""coordinates"":[]}"
195,,2021-07-15,68,"{""type"":""MultiPoint"",""coordinates"":[]}"
196,1436.3817550983192,2021-07-16,67,"{""type"":""MultiPoint"",""coordinates"":[]}"
197,2021.7727272727273,2021-07-17,67,"{""type"":""MultiPoint"",""coordinates"":[]}"
198,,2021-07-18,67,"{""type"":""MultiPoint"",""coordinates"":[]}"
199,,2021-07-19,67,"{""type"":""MultiPoint"",""coordinates"":[]}"
200,,2021-07-20,68,"{""type"":""MultiPoint"",""coordinates"":[]}"
201,1594.0543653065117,2021-07-21,67,"{""type"":""MultiPoint"",""coordinates"":[]}"
202,,2021-07-22,68,"{""type"":""MultiPoint"",""coordinates"":[]}"
203,660.313012337161,2021-07-23,68,"{""type"":""MultiPoint"",""coordinates"":[]}"
204,852.6315789473684,2021-07-24,67,"{""type"":""MultiPoint"",""coordinates"":[]}"
205,547.7276490524278,2021-07-25,67,"{""type"":""MultiPoint"",""coordinates"":[]}"
206,,2021-07-26,67,"{""type"":""MultiPoint"",""coordinates"":[]}"
207,,2021-07-27,67,"{""type"":""MultiPoint"",""coordinates"":[]}"
208,,2021-07-28,67,"{""type"":""MultiPoint"",""coordinates"":[]}"
209,,2021-07-29,68,"{""type"":""MultiPoint"",""coordinates"":[]}"
210,,2021-07-30,67,"{""type"":""MultiPoint"",""coordinates"":[]}"
211,599.0,2021-07-31,68,"{""type"":""MultiPoint"",""coordinates"":[]}"
212,,2021-08-01,67,"{""type"":""MultiPoint"",""coordinates"":[]}"
213,,2021-08-02,67,"{""type"":""MultiPoint"",""coordinates"":[]}"
214,560.3333333333334,2021-08-03,67,"{""type"":""MultiPoint"",""coordinates"":[]}"
215,,2021-08-04,67,"{""type"":""MultiPoint"",""coordinates"":[]}"
216,578.3333333333334,2021-08-05,68,"{""type"":""MultiPoint"",""coordinates"":[]}"
217,1537.6648286452153,2021-08-06,67,"{""type"":""MultiPoint"",""coordinates"":[]}"
218,1548.7671514466313,2021-08-07,68,"{""type"":""MultiPoint"",""coordinates"":[]}"
219,,2021-08-08,68,"{""type"":""MultiPoint"",""coordinates"":[]}"
220,1447.1823687752353,2021-08-09,67,"{""type"":""MultiPoint"",""coordinates"":[]}"
221,1214.105845282764,2021-08-10,67,"{""type"":""MultiPoint"",""coordinates"":[]}"
222,769.6596359212439,2021-08-11,67,"{""type"":""MultiPoint"",""coordinates"":[]}"
223,1049.027040556946,2021-08-12,67,"{""type"":""MultiPoint"",""coordinates"":[]}"
224,1130.6815051188028,2021-08-13,67,"{""type"":""MultiPoint"",""coordinates"":[]}"
225,877.1236004300184,2021-08-14,68,"{""type"":""MultiPoint"",""coordinates"":[]}"
226,925.0199038208925,2021-08-15,67,"{""type"":""MultiPoint"",""coordinates"":[]}"
227,662.3099218330585,2021-08-16,68,"{""type"":""MultiPoint"",""coordinates"":[]}"
228,897.2766954447105,2021-08-17,67,"{""type"":""MultiPoint"",""coordinates"":[]}"
229,1011.2993384237705,2021-08-18,67,"{""type"":""MultiPoint"",""coordinates"":[]}"
230,1453.3751528324956,2021-08-19,67,"{""type"":""MultiPoint"",""coordinates"":[]}"
231,,2021-08-20,67,"{""type"":""MultiPoint"",""coordinates"":[]}"
232,,2021-08-21,68,"{""type"":""MultiPoint"",""coordinates"":[]}"
233,,2021-08-22,67,"{""type"":""MultiPoint"",""coordinates"":[]}"
234,831.417596063864,2021-08-23,68,"{""type"":""MultiPoint"",""coordinates"":[]}"
235,,2021-08-24,68,"{""type"":""MultiPoint"",""coordinates"":[]}"
236,644.1549644378018,2021-08-25,67,"{""type"":""MultiPoint"",""coordinates"":[]}"
237,1125.0879058855544,2021-08-26,67,"{""type"":""MultiPoint"",""coordinates"":[]}"
238,823.3795122733833,2021-08-27,67,"{""type"":""MultiPoint"",""coordinates"":[]}"
239,1449.1521266373336,2021-08-28,67,"{""type"":""MultiPoint"",""coordinates"":[]}"
240,1453.039840460891,2021-08-29,67,"{""type"":""MultiPoint"",""coordinates"":[]}"
241,575.8888888888889,2021-08-30,68,"{""type"":""MultiPoint"",""coordinates"":[]}"
242,,2021-08-31,67,"{""type"":""MultiPoint"",""coordinates"":[]}"
243,,2021-09-01,68,"{""type"":""MultiPoint"",""coordinates"":[]}"
244,546.9429643871902,2021-09-02,67,"{""type"":""MultiPoint"",""coordinates"":[]}"
245,530.3357635957863,2021-09-03,67,"{""type"":""MultiPoint"",""coordinates"":[]}"
246,,2021-09-04,67,"{""type"":""MultiPoint"",""coordinates"":[]}"
247,,2021-09-05,66,"{""type"":""MultiPoint"",""coordinates"":[]}"
248,1033.8086357957789,2021-09-06,65,"{""type"":""MultiPoint"",""coordinates"":[]}"
249,,2021-09-07,63,"{""type"":""MultiPoint"",""coordinates"":[]}"
250,481.9763416500235,2021-09-08,61,"{""type"":""MultiPoint"",""coordinates"":[]}"
251,,2021-09-09,62,"{""type"":""MultiPoint"",""coordinates"":[]}"
252,569.918918918919,2021-09-10,55,"{""type"":""MultiPoint"",""coordinates"":[]}"
253,,2021-09-11,53,"{""type"":""MultiPoint"",""coordinates"":[]}"
254,557.0,2021-09-12,51,"{""type"":""MultiPoint"",""coordinates"":[]}"
255,775.4399606299214,2021-09-13,50,"{""type"":""MultiPoint"",""coordinates"":[]}"
256,454.1669484642222,2021-09-14,46,"{""type"":""MultiPoint"",""coordinates"":[]}"
257,326.5833866993351,2021-09-15,45,"{""type"":""MultiPoint"",""coordinates"":[]}"
258,,2021-09-16,43,"{""type"":""MultiPoint"",""coordinates"":[]}"
259,454.93096657347337,2021-09-17,42,"{""type"":""MultiPoint"",""coordinates"":[]}"
260,467.5931917670855,2021-09-18,40,"{""type"":""MultiPoint"",""coordinates"":[]}"
261,451.5848615392213,2021-09-19,41,"{""type"":""MultiPoint"",""coordinates"":[]}"
262,463.47267634965164,2021-09-20,37,"{""type"":""MultiPoint"",""coordinates"":[]}"
263,583.0190796857464,2021-09-21,32,"{""type"":""MultiPoint"",""coordinates"":[]}"
264,809.1614964658916,2021-09-22,21,"{""type"":""MultiPoint"",""coordinates"":[]}"
265,,2021-09-23,4,"{""type"":""MultiPoint"",""coordinates"":[]}"
266,578.4421742482651,2021-09-24,7,"{""type"":""MultiPoint"",""coordinates"":[]}"
267,744.8744900407968,2021-09-25,22,"{""type"":""MultiPoint"",""coordinates"":[]}"
268,543.1707550175216,2021-09-26,48,"{""type"":""MultiPoint"",""coordinates"":[]}"
269,538.2480411437846,2021-09-27,49,"{""type"":""MultiPoint"",""coordinates"":[]}"
270,429.91967586481724,2021-09-28,52,"{""type"":""MultiPoint"",""coordinates"":[]}"
271,453.2592272984211,2021-09-29,56,"{""type"":""MultiPoint"",""coordinates"":[]}"
272,379.7918160725585,2021-09-30,60,"{""type"":""MultiPoint"",""coordinates"":[]}"
273,1144.9347760876763,2021-10-01,65,"{""type"":""MultiPoint"",""coordinates"":[]}"
274,1072.5035213904894,2021-10-02,62,"{""type"":""MultiPoint"",""coordinates"":[]}"
275,404.6734204594496,2021-10-03,75,"{""type"":""MultiPoint"",""coordinates"":[]}"
276,303.58657215724014,2021-10-04,72,"{""type"":""MultiPoint"",""coordinates"":[]}"
277,709.3530186998172,2021-10-05,71,"{""type"":""MultiPoint"",""coordinates"":[]}"
278,518.9840579740802,2021-10-06,77,"{""type"":""MultiPoint"",""coordinates"":[]}"
279,834.7272425744325,2021-10-07,81,"{""type"":""MultiPoint"",""coordinates"":[]}"
280,701.4266158467423,2021-10-08,86,"{""type"":""MultiPoint"",""coordinates"":[]}"
281,463.8721502062476,2021-10-09,86,"{""type"":""MultiPoint"",""coordinates"":[]}"
282,530.0271565545762,2021-10-10,92,"{""type"":""MultiPoint"",""coordinates"":[]}"
283,422.0393706354825,2021-10-11,86,"{""type"":""MultiPoint"",""coordinates"":[]}"
284,445.98476043767533,2021-10-12,92,"{""type"":""MultiPoint"",""coordinates"":[]}"
285,481.1452410839941,2021-10-13,89,"{""type"":""MultiPoint"",""coordinates"":[]}"
286,446.25979844482015,2021-10-14,90,"{""type"":""MultiPoint"",""coordinates"":[]}"
287,440.0984842491123,2021-10-15,90,"{""type"":""MultiPoint"",""coordinates"":[]}"
288,1036.454626186387,2021-10-16,90,"{""type"":""MultiPoint"",""coordinates"":[]}"
289,,2021-10-17,92,"{""type"":""MultiPoint"",""coordinates"":[]}"
290,,2021-10-18,90,"{""type"":""MultiPoint"",""coordinates"":[]}"
291,496.7389900595477,2021-10-19,94,"{""type"":""MultiPoint"",""coordinates"":[]}"
292,840.8315730784285,2021-10-20,91,"{""type"":""MultiPoint"",""coordinates"":[]}"
293,389.7510066387608,2021-10-21,92,"{""type"":""MultiPoint"",""coordinates"":[]}"
294,343.1817649146988,2021-10-22,93,"{""type"":""MultiPoint"",""coordinates"":[]}"
295,385.1455015411232,2021-10-23,93,"{""type"":""MultiPoint"",""coordinates"":[]}"
296,1343.9700192967146,2021-10-24,95,"{""type"":""MultiPoint"",""coordinates"":[]}"
297,537.7887765755917,2021-10-25,94,"{""type"":""MultiPoint"",""coordinates"":[]}"
298,528.5297349589983,2021-10-26,98,"{""type"":""MultiPoint"",""coordinates"":[]}"
299,960.0239745382963,2021-10-27,93,"{""type"":""MultiPoint"",""coordinates"":[]}"
300,677.487782297144,2021-10-28,98,"{""type"":""MultiPoint"",""coordinates"":[]}"
301,893.6537769301365,2021-10-29,96,"{""type"":""MultiPoint"",""coordinates"":[]}"
302,467.56861336751473,2021-10-30,97,"{""type"":""MultiPoint"",""coordinates"":[]}"
303,829.4557596269832,2021-10-31,98,"{""type"":""MultiPoint"",""coordinates"":[]}"
304,1115.1515389277026,2021-11-01,99,"{""type"":""MultiPoint"",""coordinates"":[]}"
305,1050.0317383412657,2021-11-02,100,"{""type"":""MultiPoint"",""coordinates"":[]}"
306,1166.7143136542807,2021-11-03,99,"{""type"":""MultiPoint"",""coordinates"":[]}"
307,2229.1414516382865,2021-11-04,100,"{""type"":""MultiPoint"",""coordinates"":[]}"
308,2938.7456524650747,2021-11-05,99,"{""type"":""MultiPoint"",""coordinates"":[]}"
309,1795.8391051511085,2021-11-06,99,"{""type"":""MultiPoint"",""coordinates"":[]}"
310,1409.2280156745712,2021-11-07,99,"{""type"":""MultiPoint"",""coordinates"":[]}"
311,1533.3924514354214,2021-11-08,99,"{""type"":""MultiPoint"",""coordinates"":[]}"
312,1580.2596154243677,2021-11-09,100,"{""type"":""MultiPoint"",""coordinates"":[]}"
313,1460.964484351913,2021-11-10,99,"{""type"":""MultiPoint"",""coordinates"":[]}"
314,2781.8872936243883,2021-11-11,100,"{""type"":""MultiPoint"",""coordinates"":[]}"
315,1750.4299242651332,2021-11-12,100,"{""type"":""MultiPoint"",""coordinates"":[]}"
316,971.4659847212481,2021-11-13,99,"{""type"":""MultiPoint"",""coordinates"":[]}"
317,1127.6317279481882,2021-11-14,99,"{""type"":""MultiPoint"",""coordinates"":[]}"
318,1346.4133857632708,2021-11-15,99,"{""type"":""MultiPoint"",""coordinates"":[]}"
319,1019.6347159344584,2021-11-16,99,"{""type"":""MultiPoint"",""coordinates"":[]}"
320,882.871523288711,2021-11-17,99,"{""type"":""MultiPoint"",""coordinates"":[]}"
321,1042.2055084487256,2021-11-18,100,"{""type"":""MultiPoint"",""coordinates"":[]}"
322,1230.344364960671,2021-11-19,99,"{""type"":""MultiPoint"",""coordinates"":[]}"
323,953.3993299088414,2021-11-20,100,"{""type"":""MultiPoint"",""coordinates"":[]}"
324,513.9752140650054,2021-11-21,99,"{""type"":""MultiPoint"",""coordinates"":[]}"
325,414.97976301274844,2021-11-22,99,"{""type"":""MultiPoint"",""coordinates"":[]}"
326,778.3544107559211,2021-11-23,99,"{""type"":""MultiPoint"",""coordinates"":[]}"
327,772.4135148540879,2021-11-24,99,"{""type"":""MultiPoint"",""coordinates"":[]}"
328,1116.986809225365,2021-11-25,100,"{""type"":""MultiPoint"",""coordinates"":[]}"
329,989.1728236177657,2021-11-26,99,"{""type"":""MultiPoint"",""coordinates"":[]}"
330,1229.753682775657,2021-11-27,100,"{""type"":""MultiPoint"",""coordinates"":[]}"
331,1523.0126234773272,2021-11-28,100,"{""type"":""MultiPoint"",""coordinates"":[]}"
332,661.5604060662766,2021-11-29,99,"{""type"":""MultiPoint"",""coordinates"":[]}"
333,777.6535906148853,2021-11-30,99,"{""type"":""MultiPoint"",""coordinates"":[]}"
334,,2021-12-01,99,"{""type"":""MultiPoint"",""coordinates"":[]}"
335,,2021-12-02,99,"{""type"":""MultiPoint"",""coordinates"":[]}"
336,566.6926757453074,2021-12-03,99,"{""type"":""MultiPoint"",""coordinates"":[]}"
337,537.3592078882261,2021-12-04,100,"{""type"":""MultiPoint"",""coordinates"":[]}"
338,864.7668944982386,2021-12-05,99,"{""type"":""MultiPoint"",""coordinates"":[]}"
339,1177.4597343212772,2021-12-06,100,"{""type"":""MultiPoint"",""coordinates"":[]}"
340,395.79594561825377,2021-12-07,99,"{""type"":""MultiPoint"",""coordinates"":[]}"
341,460.1291842764238,2021-12-08,99,"{""type"":""MultiPoint"",""coordinates"":[]}"
342,1263.8177503578108,2021-12-09,99,"{""type"":""MultiPoint"",""coordinates"":[]}"
343,778.0531861084808,2021-12-10,99,"{""type"":""MultiPoint"",""coordinates"":[]}"
344,574.689472344814,2021-12-11,100,"{""type"":""MultiPoint"",""coordinates"":[]}"
345,722.765969535582,2021-12-12,99,"{""type"":""MultiPoint"",""coordinates"":[]}"
346,1200.9599754736507,2021-12-13,100,"{""type"":""MultiPoint"",""coordinates"":[]}"
347,1921.812861283127,2021-12-14,100,"{""type"":""MultiPoint"",""coordinates"":[]}"
348,1031.1393672548038,2021-12-15,99,"{""type"":""MultiPoint"",""coordinates"":[]}"
349,2206.312165691269,2021-12-16,99,"{""type"":""MultiPoint"",""coordinates"":[]}"
350,471.1822146427008,2021-12-17,99,"{""type"":""MultiPoint"",""coordinates"":[]}"
351,1048.6244754205911,2021-12-18,99,"{""type"":""MultiPoint"",""coordinates"":[]}"
352,630.2585890395004,2021-12-19,99,"{""type"":""MultiPoint"",""coordinates"":[]}"
353,586.9968353804968,2021-12-20,99,"{""type"":""MultiPoint"",""coordinates"":[]}"
354,889.0984915369678,2021-12-21,99,"{""type"":""MultiPoint"",""coordinates"":[]}"
355,793.8560037141091,2021-12-22,100,"{""type"":""MultiPoint"",""coordinates"":[]}"
356,1310.5172946279288,2021-12-23,99,"{""type"":""MultiPoint"",""coordinates"":[]}"
357,1169.7441401062417,2021-12-24,99,"{""type"":""MultiPoint"",""coordinates"":[]}"
358,1575.485142118851,2021-12-25,99,"{""type"":""MultiPoint"",""coordinates"":[]}"
359,,2021-12-26,99,"{""type"":""MultiPoint"",""coordinates"":[]}"
360,858.29480562231,2021-12-27,100,"{""type"":""MultiPoint"",""coordinates"":[]}"
361,805.107479079498,2021-12-28,99,"{""type"":""MultiPoint"",""coordinates"":[]}"
362,763.4928077604732,2021-12-29,100,"{""type"":""MultiPoint"",""coordinates"":[]}"
363,584.1216345476673,2021-12-30,100,"{""type"":""MultiPoint"",""coordinates"":[]}"
364,608.1932947975225,2021-12-31,99,"{""type"":""MultiPoint"",""coordinates"":[]}"
365,1342.1445594763409,2022-01-01,189,"{""type"":""MultiPoint"",""coordinates"":[]}"
366,1020.8061288516506,2022-01-02,198,"{""type"":""MultiPoint"",""coordinates"":[]}"
367,531.9904302580263,2022-01-03,198,"{""type"":""MultiPoint"",""coordinates"":[]}"
368,374.75896795805966,2022-01-04,198,"{""type"":""MultiPoint"",""coordinates"":[]}"
369,,2022-01-05,200,"{""type"":""MultiPoint"",""coordinates"":[]}"
370,1135.1569627577323,2022-01-06,198,"{""type"":""MultiPoint"",""coordinates"":[]}"
371,220.4775495395885,2022-01-07,200,"{""type"":""MultiPoint"",""coordinates"":[]}"
372,,2022-01-08,198,"{""type"":""MultiPoint"",""coordinates"":[]}"
373,371.6010778930242,2022-01-09,198,"{""type"":""MultiPoint"",""coordinates"":[]}"
374,512.5661601150396,2022-01-10,198,"{""type"":""MultiPoint"",""coordinates"":[]}"
375,533.9975665819943,2022-01-11,198,"{""type"":""MultiPoint"",""coordinates"":[]}"
376,980.7058340552337,2022-01-12,200,"{""type"":""MultiPoint"",""coordinates"":[]}"
377,1766.112809436561,2022-01-13,115,"{""type"":""MultiPoint"",""coordinates"":[]}"
378,6.666666666666667,2022-01-14,116,"{""type"":""MultiPoint"",""coordinates"":[]}"
379,0.0,2022-01-15,132,"{""type"":""MultiPoint"",""coordinates"":[]}"
380,958.6810816267413,2022-01-16,166,"{""type"":""MultiPoint"",""coordinates"":[]}"
381,490.3333333333333,2022-01-17,198,"{""type"":""MultiPoint"",""coordinates"":[]}"
382,1264.7876443020687,2022-01-18,198,"{""type"":""MultiPoint"",""coordinates"":[]}"
383,1185.5790158809195,2022-01-19,198,"{""type"":""MultiPoint"",""coordinates"":[]}"
384,936.4213941040509,2022-01-20,131,"{""type"":""MultiPoint"",""coordinates"":[]}"
385,243.2995063147571,2022-01-21,132,"{""type"":""MultiPoint"",""coordinates"":[]}"
386,359.0,2022-01-22,198,"{""type"":""MultiPoint"",""coordinates"":[]}"
387,5.334728033472803,2022-01-23,200,"{""type"":""MultiPoint"",""coordinates"":[]}"
388,53.142857142857146,2022-01-24,198,"{""type"":""MultiPoint"",""coordinates"":[]}"
389,,2022-01-25,198,"{""type"":""MultiPoint"",""coordinates"":[]}"
390,838.5451749095294,2022-01-26,198,"{""type"":""MultiPoint"",""coordinates"":[]}"
391,647.7314155084588,2022-01-27,198,"{""type"":""MultiPoint"",""coordinates"":[]}"
392,267.41253375634784,2022-01-28,200,"{""type"":""MultiPoint"",""coordinates"":[]}"
393,350.393824212048,2022-01-29,198,"{""type"":""MultiPoint"",""coordinates"":[]}"
394,364.6442397552825,2022-01-30,200,"{""type"":""MultiPoint"",""coordinates"":[]}"
395,1331.447400085799,2022-01-31,200,"{""type"":""MultiPoint"",""coordinates"":[]}"
396,900.4952145859919,2022-02-01,198,"{""type"":""MultiPoint"",""coordinates"":[]}"
397,758.7589553302038,2022-02-02,198,"{""type"":""MultiPoint"",""coordinates"":[]}"
398,1689.8229069036902,2022-02-03,198,"{""type"":""MultiPoint"",""coordinates"":[]}"
399,173.84765981334644,2022-02-04,198,"{""type"":""MultiPoint"",""coordinates"":[]}"
400,397.24357598266846,2022-02-05,198,"{""type"":""MultiPoint"",""coordinates"":[]}"
401,468.31641085547705,2022-02-06,200,"{""type"":""MultiPoint"",""coordinates"":[]}"
402,744.266025782192,2022-02-07,198,"{""type"":""MultiPoint"",""coordinates"":[]}"
403,938.8078995218444,2022-02-08,200,"{""type"":""MultiPoint"",""coordinates"":[]}"
404,474.4870544194972,2022-02-09,198,"{""type"":""MultiPoint"",""coordinates"":[]}"
405,616.2388150105437,2022-02-10,196,"{""type"":""MultiPoint"",""coordinates"":[]}"
406,291.21936524513796,2022-02-11,192,"{""type"":""MultiPoint"",""coordinates"":[]}"
407,243.46890978150154,2022-02-12,190,"{""type"":""MultiPoint"",""coordinates"":[]}"
408,457.1663284765048,2022-02-13,194,"{""type"":""MultiPoint"",""coordinates"":[]}"
409,432.7225669885792,2022-02-14,186,"{""type"":""MultiPoint"",""coordinates"":[]}"
410,522.9271468274636,2022-02-15,196,"{""type"":""MultiPoint"",""coordinates"":[]}"
411,590.250214316419,2022-02-16,182,"{""type"":""MultiPoint"",""coordinates"":[]}"
412,447.34966203556365,2022-02-17,192,"{""type"":""MultiPoint"",""coordinates"":[]}"
413,435.9741690910089,2022-02-18,184,"{""type"":""MultiPoint"",""coordinates"":[]}"
414,434.01423426698744,2022-02-19,186,"{""type"":""MultiPoint"",""coordinates"":[]}"
415,527.8825441051248,2022-02-20,186,"{""type"":""MultiPoint"",""coordinates"":[]}"
416,316.43297097120455,2022-02-21,182,"{""type"":""MultiPoint"",""coordinates"":[]}"
417,410.9740766114962,2022-02-22,186,"{""type"":""MultiPoint"",""coordinates"":[]}"
418,1018.1284204822541,2022-02-23,182,"{""type"":""MultiPoint"",""coordinates"":[]}"
419,1284.1617778506704,2022-02-24,186,"{""type"":""MultiPoint"",""coordinates"":[]}"
420,983.1834477608173,2022-02-25,180,"{""type"":""MultiPoint"",""coordinates"":[]}"
421,714.4573653165928,2022-02-26,182,"{""type"":""MultiPoint"",""coordinates"":[]}"
422,416.3788421884271,2022-02-27,178,"{""type"":""MultiPoint"",""coordinates"":[]}"
423,238.7542182100915,2022-02-28,176,"{""type"":""MultiPoint"",""coordinates"":[]}"
424,506.2694124753747,2022-03-01,182,"{""type"":""MultiPoint"",""coordinates"":[]}"
425,530.0195971535327,2022-03-02,172,"{""type"":""MultiPoint"",""coordinates"":[]}"
426,701.1875553739309,2022-03-03,182,"{""type"":""MultiPoint"",""coordinates"":[]}"
427,880.4201567959731,2022-03-04,168,"{""type"":""MultiPoint"",""coordinates"":[]}"
428,360.9693937290658,2022-03-05,176,"{""type"":""MultiPoint"",""coordinates"":[]}"
429,507.2896627605553,2022-03-06,162,"{""type"":""MultiPoint"",""coordinates"":[]}"
430,590.2204527893858,2022-03-07,154,"{""type"":""MultiPoint"",""coordinates"":[]}"
431,461.81334020324624,2022-03-08,144,"{""type"":""MultiPoint"",""coordinates"":[]}"
432,469.4209617325169,2022-03-09,142,"{""type"":""MultiPoint"",""coordinates"":[]}"
433,464.945440810717,2022-03-10,138,"{""type"":""MultiPoint"",""coordinates"":[]}"
434,377.06599275670607,2022-03-11,128,"{""type"":""MultiPoint"",""coordinates"":[]}"
435,318.8470794545292,2022-03-12,128,"{""type"":""MultiPoint"",""coordinates"":[]}"
436,550.0049693570666,2022-03-13,110,"{""type"":""MultiPoint"",""coordinates"":[]}"
437,666.4846888519132,2022-03-14,112,"{""type"":""MultiPoint"",""coordinates"":[]}"
438,671.8637918986559,2022-03-15,100,"{""type"":""MultiPoint"",""coordinates"":[]}"
439,431.4906520848555,2022-03-16,94,"{""type"":""MultiPoint"",""coordinates"":[]}"
440,826.2857636602794,2022-03-17,92,"{""type"":""MultiPoint"",""coordinates"":[]}"
441,1131.2480608751396,2022-03-18,78,"{""type"":""MultiPoint"",""coordinates"":[]}"
442,732.1228073142553,2022-03-19,76,"{""type"":""MultiPoint"",""coordinates"":[]}"
443,595.9992892550653,2022-03-20,38,"{""type"":""MultiPoint"",""coordinates"":[]}"
444,887.997982823486,2022-03-21,64,"{""type"":""MultiPoint"",""coordinates"":[]}"
445,408.0111758845941,2022-03-22,72,"{""type"":""MultiPoint"",""coordinates"":[]}"
446,684.4951952376813,2022-03-23,68,"{""type"":""MultiPoint"",""coordinates"":[]}"
447,522.6382047298941,2022-03-24,88,"{""type"":""MultiPoint"",""coordinates"":[]}"
448,543.6533426636038,2022-03-25,94,"{""type"":""MultiPoint"",""coordinates"":[]}"
449,372.23211358779093,2022-03-26,96,"{""type"":""MultiPoint"",""coordinates"":[]}"
450,393.12230550640527,2022-03-27,98,"{""type"":""MultiPoint"",""coordinates"":[]}"
451,485.1930036770679,2022-03-28,106,"{""type"":""MultiPoint"",""coordinates"":[]}"
452,412.5866819141021,2022-03-29,116,"{""type"":""MultiPoint"",""coordinates"":[]}"
453,527.12858385806,2022-03-30,114,"{""type"":""MultiPoint"",""coordinates"":[]}"
454,694.7268423043508,2022-03-31,106,"{""type"":""MultiPoint"",""coordinates"":[]}"
455,292.41514676812625,2022-04-01,64,"{""type"":""MultiPoint"",""coordinates"":[]}"
456,492.92716268184006,2022-04-02,62,"{""type"":""MultiPoint"",""coordinates"":[]}"
457,389.3098749680275,2022-04-03,60,"{""type"":""MultiPoint"",""coordinates"":[]}"
458,518.8372425385627,2022-04-04,72,"{""type"":""MultiPoint"",""coordinates"":[]}"
459,276.77219640653743,2022-04-05,80,"{""type"":""MultiPoint"",""coordinates"":[]}"
460,494.0902843726929,2022-04-06,84,"{""type"":""MultiPoint"",""coordinates"":[]}"
461,443.64104076919955,2022-04-07,78,"{""type"":""MultiPoint"",""coordinates"":[]}"
462,554.3019569349188,2022-04-08,90,"{""type"":""MultiPoint"",""coordinates"":[]}"
463,590.7388350717688,2022-04-09,84,"{""type"":""MultiPoint"",""coordinates"":[]}"
464,645.5257792924244,2022-04-10,94,"{""type"":""MultiPoint"",""coordinates"":[]}"
465,648.8083342793576,2022-04-11,90,"{""type"":""MultiPoint"",""coordinates"":[]}"
466,,2022-04-12,100,"{""type"":""MultiPoint"",""coordinates"":[]}"
467,578.4241632460114,2022-04-13,98,"{""type"":""MultiPoint"",""coordinates"":[]}"
468,715.9241999122235,2022-04-14,106,"{""type"":""MultiPoint"",""coordinates"":[]}"
469,621.6767108396824,2022-04-15,106,"{""type"":""MultiPoint"",""coordinates"":[]}"
470,593.1355877950641,2022-04-16,100,"{""type"":""MultiPoint"",""coordinates"":[]}"
471,656.3558553313161,2022-04-17,134,"{""type"":""MultiPoint"",""coordinates"":[]}"
472,700.7794842484057,2022-04-18,136,"{""type"":""MultiPoint"",""coordinates"":[]}"
473,844.073992146578,2022-04-19,134,"{""type"":""MultiPoint"",""coordinates"":[]}"
474,625.3190133005915,2022-04-20,136,"{""type"":""MultiPoint"",""coordinates"":[]}"
475,,2022-04-21,134,"{""type"":""MultiPoint"",""coordinates"":[]}"
476,612.2919347568512,2022-04-22,134,"{""type"":""MultiPoint"",""coordinates"":[]}"
477,457.5359908547599,2022-04-23,134,"{""type"":""MultiPoint"",""coordinates"":[]}"
478,614.3201135446774,2022-04-24,134,"{""type"":""MultiPoint"",""coordinates"":[]}"
479,707.1023497777901,2022-04-25,136,"{""type"":""MultiPoint"",""coordinates"":[]}"
480,891.2305211340539,2022-04-26,134,"{""type"":""MultiPoint"",""coordinates"":[]}"
481,500.49694203042174,2022-04-27,136,"{""type"":""MultiPoint"",""coordinates"":[]}"
482,810.3571363911315,2022-04-28,132,"{""type"":""MultiPoint"",""coordinates"":[]}"
483,826.8498163602387,2022-04-29,136,"{""type"":""MultiPoint"",""coordinates"":[]}"
484,680.6952438909453,2022-04-30,134,"{""type"":""MultiPoint"",""coordinates"":[]}"
485,735.6204583141753,2022-05-01,134,"{""type"":""MultiPoint"",""coordinates"":[]}"
486,790.1722388359274,2022-05-02,136,"{""type"":""MultiPoint"",""coordinates"":[]}"
487,1826.5533617268225,2022-05-03,134,"{""type"":""MultiPoint"",""coordinates"":[]}"
488,1500.5192856216008,2022-05-04,136,"{""type"":""MultiPoint"",""coordinates"":[]}"
489,1372.6796495376116,2022-05-05,134,"{""type"":""MultiPoint"",""coordinates"":[]}"
490,1835.1531570370446,2022-05-06,136,"{""type"":""MultiPoint"",""coordinates"":[]}"
491,679.2612193184841,2022-05-07,134,"{""type"":""MultiPoint"",""coordinates"":[]}"
492,1072.731043510879,2022-05-08,134,"{""type"":""MultiPoint"",""coordinates"":[]}"
493,1082.06092329587,2022-05-09,134,"{""type"":""MultiPoint"",""coordinates"":[]}"
494,1335.4747650536883,2022-05-10,134,"{""type"":""MultiPoint"",""coordinates"":[]}"
495,1267.5253614288577,2022-05-11,136,"{""type"":""MultiPoint"",""coordinates"":[]}"
496,1029.9063078701265,2022-05-12,134,"{""type"":""MultiPoint"",""coordinates"":[]}"
497,821.4874684381605,2022-05-13,136,"{""type"":""MultiPoint"",""coordinates"":[]}"
498,570.3265531484907,2022-05-14,132,"{""type"":""MultiPoint"",""coordinates"":[]}"
499,650.8606546385573,2022-05-15,136,"{""type"":""MultiPoint"",""coordinates"":[]}"
500,1347.0845351056223,2022-05-16,134,"{""type"":""MultiPoint"",""coordinates"":[]}"
501,1186.0969791655991,2022-05-17,134,"{""type"":""MultiPoint"",""coordinates"":[]}"
502,1245.0590640840273,2022-05-18,136,"{""type"":""MultiPoint"",""coordinates"":[]}"
503,1028.6326657005357,2022-05-19,134,"{""type"":""MultiPoint"",""coordinates"":[]}"
504,1235.586137468415,2022-05-20,136,"{""type"":""MultiPoint"",""coordinates"":[]}"
505,1131.3436901269563,2022-05-21,134,"{""type"":""MultiPoint"",""coordinates"":[]}"
506,767.2642511326007,2022-05-22,136,"{""type"":""MultiPoint"",""coordinates"":[]}"
507,1490.0088441955318,2022-05-23,134,"{""type"":""MultiPoint"",""coordinates"":[]}"
508,945.6565482691436,2022-05-24,134,"{""type"":""MultiPoint"",""coordinates"":[]}"
509,896.6971918588863,2022-05-25,134,"{""type"":""MultiPoint"",""coordinates"":[]}"
510,1221.5586535368882,2022-05-26,134,"{""type"":""MultiPoint"",""coordinates"":[]}"
511,1341.5466427910042,2022-05-27,136,"{""type"":""MultiPoint"",""coordinates"":[]}"
512,1459.459258918687,2022-05-28,134,"{""type"":""MultiPoint"",""coordinates"":[]}"
513,1065.1413889014927,2022-05-29,136,"{""type"":""MultiPoint"",""coordinates"":[]}"
514,1177.591763988762,2022-05-30,132,"{""type"":""MultiPoint"",""coordinates"":[]}"
515,1396.01838661148,2022-05-31,136,"{""type"":""MultiPoint"",""coordinates"":[]}"
516,965.0501556201361,2022-06-01,134,"{""type"":""MultiPoint"",""coordinates"":[]}"
517,836.0974583400466,2022-06-02,134,"{""type"":""MultiPoint"",""coordinates"":[]}"
518,675.1358881239858,2022-06-03,136,"{""type"":""MultiPoint"",""coordinates"":[]}"
519,669.5093769000244,2022-06-04,134,"{""type"":""MultiPoint"",""coordinates"":[]}"
520,598.1981298185954,2022-06-05,136,"{""type"":""MultiPoint"",""coordinates"":[]}"
521,612.7055039320879,2022-06-06,132,"{""type"":""MultiPoint"",""coordinates"":[]}"
522,1129.2843026063101,2022-06-07,136,"{""type"":""MultiPoint"",""coordinates"":[]}"
523,1375.2735107825056,2022-06-08,134,"{""type"":""MultiPoint"",""coordinates"":[]}"
524,893.577983344392,2022-06-09,134,"{""type"":""MultiPoint"",""coordinates"":[]}"
525,1423.5600931456513,2022-06-10,136,"{""type"":""MultiPoint"",""coordinates"":[]}"
526,749.0414356099664,2022-06-11,134,"{""type"":""MultiPoint"",""coordinates"":[]}"
527,983.4518391006035,2022-06-12,136,"{""type"":""MultiPoint"",""coordinates"":[]}"
528,1156.1127300298822,2022-06-13,134,"{""type"":""MultiPoint"",""coordinates"":[]}"
529,790.541262753546,2022-06-14,136,"{""type"":""MultiPoint"",""coordinates"":[]}"
530,647.2843665624076,2022-06-15,132,"{""type"":""MultiPoint"",""coordinates"":[]}"
531,590.331239841288,2022-06-16,136,"{""type"":""MultiPoint"",""coordinates"":[]}"
532,1103.3834904198957,2022-06-17,134,"{""type"":""MultiPoint"",""coordinates"":[]}"
533,,2022-06-18,134,"{""type"":""MultiPoint"",""coordinates"":[]}"
534,,2022-06-19,136,"{""type"":""MultiPoint"",""coordinates"":[]}"
535,,2022-06-20,134,"{""type"":""MultiPoint"",""coordinates"":[]}"
536,317.18866575577533,2022-06-21,136,"{""type"":""MultiPoint"",""coordinates"":[]}"
537,1428.5073918898236,2022-06-22,132,"{""type"":""MultiPoint"",""coordinates"":[]}"
538,646.9623985159247,2022-06-23,136,"{""type"":""MultiPoint"",""coordinates"":[]}"
539,668.5990498905602,2022-06-24,134,"{""type"":""MultiPoint"",""coordinates"":[]}"
540,500.53130785001116,2022-06-25,134,"{""type"":""MultiPoint"",""coordinates"":[]}"
541,1328.8440591948427,2022-06-26,136,"{""type"":""MultiPoint"",""coordinates"":[]}"
542,1731.1248183874516,2022-06-27,134,"{""type"":""MultiPoint"",""coordinates"":[]}"
543,,2022-06-28,136,"{""type"":""MultiPoint"",""coordinates"":[]}"
544,0.0,2022-06-29,134,"{""type"":""MultiPoint"",""coordinates"":[]}"
545,,2022-06-30,136,"{""type"":""MultiPoint"",""coordinates"":[]}"
546,0.0,2022-07-01,66,"{""type"":""MultiPoint"",""coordinates"":[]}"
547,849.75,2022-07-02,68,"{""type"":""MultiPoint"",""coordinates"":[]}"
548,423.11464968152865,2022-07-03,67,"{""type"":""MultiPoint"",""coordinates"":[]}"
549,944.8148148148148,2022-07-04,67,"{""type"":""MultiPoint"",""coordinates"":[]}"
550,1948.8236302426524,2022-07-05,68,"{""type"":""MultiPoint"",""coordinates"":[]}"
551,1577.8483634346298,2022-07-06,67,"{""type"":""MultiPoint"",""coordinates"":[]}"
552,516.2734483867509,2022-07-07,68,"{""type"":""MultiPoint"",""coordinates"":[]}"
553,628.5297890475177,2022-07-08,66,"{""type"":""MultiPoint"",""coordinates"":[]}"
554,,2022-07-09,68,"{""type"":""MultiPoint"",""coordinates"":[]}"
555,270.5,2022-07-10,67,"{""type"":""MultiPoint"",""coordinates"":[]}"
556,1238.6857142857143,2022-07-11,67,"{""type"":""MultiPoint"",""coordinates"":[]}"
557,,2022-07-12,68,"{""type"":""MultiPoint"",""coordinates"":[]}"
558,623.6798753623187,2022-07-13,67,"{""type"":""MultiPoint"",""coordinates"":[]}"
559,560.790405976676,2022-07-14,68,"{""type"":""MultiPoint"",""coordinates"":[]}"
560,443.4368217043709,2022-07-15,66,"{""type"":""MultiPoint"",""coordinates"":[]}"
561,490.0843339942524,2022-07-16,68,"{""type"":""MultiPoint"",""coordinates"":[]}"
562,1041.447221375798,2022-07-17,66,"{""type"":""MultiPoint"",""coordinates"":[]}"
563,,2022-07-18,68,"{""type"":""MultiPoint"",""coordinates"":[]}"
564,1189.5006362074619,2022-07-19,68,"{""type"":""MultiPoint"",""coordinates"":[]}"
565,,2022-07-20,67,"{""type"":""MultiPoint"",""coordinates"":[]}"
566,,2022-07-21,68,"{""type"":""MultiPoint"",""coordinates"":[]}"
567,,2022-07-22,67,"{""type"":""MultiPoint"",""coordinates"":[]}"
568,,2022-07-23,68,"{""type"":""MultiPoint"",""coordinates"":[]}"
569,,2022-07-24,66,"{""type"":""MultiPoint"",""coordinates"":[]}"
570,567.8717948717949,2022-07-25,68,"{""type"":""MultiPoint"",""coordinates"":[]}"
571,363.9845944721341,2022-07-26,67,"{""type"":""MultiPoint"",""coordinates"":[]}"
572,,2022-07-27,67,"{""type"":""MultiPoint"",""coordinates"":[]}"
573,525.7941176470588,2022-07-28,68,"{""type"":""MultiPoint"",""coordinates"":[]}"
574,,2022-07-29,67,"{""type"":""MultiPoint"",""coordinates"":[]}"
575,,2022-07-30,68,"{""type"":""MultiPoint"",""coordinates"":[]}"
576,626.9866220735786,2022-07-31,66,"{""type"":""MultiPoint"",""coordinates"":[]}"
577,876.0,2022-08-01,68,"{""type"":""MultiPoint"",""coordinates"":[]}"
578,768.3385552654481,2022-08-02,66,"{""type"":""MultiPoint"",""coordinates"":[]}"
579,1572.49690500826,2022-08-03,68,"{""type"":""MultiPoint"",""coordinates"":[]}"
580,0.0,2022-08-04,68,"{""type"":""MultiPoint"",""coordinates"":[]}"
581,1924.7627118644068,2022-08-05,67,"{""type"":""MultiPoint"",""coordinates"":[]}"
582,,2022-08-06,68,"{""type"":""MultiPoint"",""coordinates"":[]}"
583,,2022-08-07,66,"{""type"":""MultiPoint"",""coordinates"":[]}"
584,450.99747396046934,2022-08-08,68,"{""type"":""MultiPoint"",""coordinates"":[]}"
585,449.82635019731663,2022-08-09,66,"{""type"":""MultiPoint"",""coordinates"":[]}"
586,347.5371149743311,2022-08-10,68,"{""type"":""MultiPoint"",""coordinates"":[]}"
587,,2022-08-11,68,"{""type"":""MultiPoint"",""coordinates"":[]}"
588,258.7857089640285,2022-08-12,67,"{""type"":""MultiPoint"",""coordinates"":[]}"
589,552.5808736244351,2022-08-13,68,"{""type"":""MultiPoint"",""coordinates"":[]}"
590,,2022-08-14,67,"{""type"":""MultiPoint"",""coordinates"":[]}"
591,,2022-08-15,68,"{""type"":""MultiPoint"",""coordinates"":[]}"
592,459.7913486005089,2022-08-16,66,"{""type"":""MultiPoint"",""coordinates"":[]}"
593,470.1639053254438,2022-08-17,68,"{""type"":""MultiPoint"",""coordinates"":[]}"
594,412.54956771207543,2022-08-18,66,"{""type"":""MultiPoint"",""coordinates"":[]}"
595,459.1650996888665,2022-08-19,68,"{""type"":""MultiPoint"",""coordinates"":[]}"
596,,2022-08-20,68,"{""type"":""MultiPoint"",""coordinates"":[]}"
597,581.782317540212,2022-08-21,67,"{""type"":""MultiPoint"",""coordinates"":[]}"
598,550.3611111111111,2022-08-22,68,"{""type"":""MultiPoint"",""coordinates"":[]}"
599,523.2306984986792,2022-08-23,66,"{""type"":""MultiPoint"",""coordinates"":[]}"
600,555.2603840421625,2022-08-24,68,"{""type"":""MultiPoint"",""coordinates"":[]}"
601,440.8013446384655,2022-08-25,66,"{""type"":""MultiPoint"",""coordinates"":[]}"
602,,2022-08-26,68,"{""type"":""MultiPoint"",""coordinates"":[]}"
603,490.96945068142173,2022-08-27,68,"{""type"":""MultiPoint"",""coordinates"":[]}"
604,517.1841612504766,2022-08-28,67,"{""type"":""MultiPoint"",""coordinates"":[]}"
605,858.8806581094159,2022-08-29,68,"{""type"":""MultiPoint"",""coordinates"":[]}"
606,710.0,2022-08-30,66,"{""type"":""MultiPoint"",""coordinates"":[]}"
607,678.0716555887674,2022-08-31,68,"{""type"":""MultiPoint"",""coordinates"":[]}"
608,757.1709468995609,2022-09-01,66,"{""type"":""MultiPoint"",""coordinates"":[]}"
609,862.5507720900868,2022-09-02,68,"{""type"":""MultiPoint"",""coordinates"":[]}"
610,323.89652828305697,2022-09-03,67,"{""type"":""MultiPoint"",""coordinates"":[]}"
611,306.15027732350165,2022-09-04,68,"{""type"":""MultiPoint"",""coordinates"":[]}"
612,321.4693917618327,2022-09-05,68,"{""type"":""MultiPoint"",""coordinates"":[]}"
613,471.1374130785436,2022-09-06,67,"{""type"":""MultiPoint"",""coordinates"":[]}"
614,470.7276131785083,2022-09-07,68,"{""type"":""MultiPoint"",""coordinates"":[]}"
615,810.7747384968959,2022-09-08,65,"{""type"":""MultiPoint"",""coordinates"":[]}"
616,1800.671150094495,2022-09-09,65,"{""type"":""MultiPoint"",""coordinates"":[]}"
617,1078.5046519755545,2022-09-10,64,"{""type"":""MultiPoint"",""coordinates"":[]}"
618,677.3680164874951,2022-09-11,62,"{""type"":""MultiPoint"",""coordinates"":[]}"
619,318.8304256308761,2022-09-12,62,"{""type"":""MultiPoint"",""coordinates"":[]}"
620,322.2505584196362,2022-09-13,60,"{""type"":""MultiPoint"",""coordinates"":[]}"
621,470.4778761061947,2022-09-14,54,"{""type"":""MultiPoint"",""coordinates"":[]}"
622,404.03173687247545,2022-09-15,50,"{""type"":""MultiPoint"",""coordinates"":[]}"
623,,2022-09-16,50,"{""type"":""MultiPoint"",""coordinates"":[]}"
624,774.4895635476672,2022-09-17,46,"{""type"":""MultiPoint"",""coordinates"":[]}"
625,1344.672175243698,2022-09-18,44,"{""type"":""MultiPoint"",""coordinates"":[]}"
626,999.349672078956,2022-09-19,40,"{""type"":""MultiPoint"",""coordinates"":[]}"
627,862.4141012326564,2022-09-20,40,"{""type"":""MultiPoint"",""coordinates"":[]}"
628,655.9470039369065,2022-09-21,35,"{""type"":""MultiPoint"",""coordinates"":[]}"
629,,2022-09-22,28,"{""type"":""MultiPoint"",""coordinates"":[]}"
630,,2022-09-23,21,"{""type"":""MultiPoint"",""coordinates"":[]}"
631,,2022-09-24,34,"{""type"":""MultiPoint"",""coordinates"":[]}"
632,593.2776998597476,2022-09-25,42,"{""type"":""MultiPoint"",""coordinates"":[]}"
633,586.7434581259705,2022-09-26,43,"{""type"":""MultiPoint"",""coordinates"":[]}"
634,534.0529663740297,2022-09-27,48,"{""type"":""MultiPoint"",""coordinates"":[]}"
635,540.9751760401011,2022-09-28,52,"{""type"":""MultiPoint"",""coordinates"":[]}"
636,675.215572100631,2022-09-29,55,"{""type"":""MultiPoint"",""coordinates"":[]}"
637,905.7570231986749,2022-09-30,60,"{""type"":""MultiPoint"",""coordinates"":[]}"
638,588.659327802412,2022-10-01,56,"{""type"":""MultiPoint"",""coordinates"":[]}"
639,572.8462055748014,2022-10-02,69,"{""type"":""MultiPoint"",""coordinates"":[]}"
640,370.69359827876104,2022-10-03,63,"{""type"":""MultiPoint"",""coordinates"":[]}"
641,734.7512034595965,2022-10-04,73,"{""type"":""MultiPoint"",""coordinates"":[]}"
642,1130.6541774406057,2022-10-05,71,"{""type"":""MultiPoint"",""coordinates"":[]}"
643,566.0919647476164,2022-10-06,80,"{""type"":""MultiPoint"",""coordinates"":[]}"
644,,2022-10-07,83,"{""type"":""MultiPoint"",""coordinates"":[]}"
645,,2022-10-08,78,"{""type"":""MultiPoint"",""coordinates"":[]}"
646,,2022-10-09,90,"{""type"":""MultiPoint"",""coordinates"":[]}"
647,,2022-10-10,62,"{""type"":""MultiPoint"",""coordinates"":[]}"
648,522.0179790602323,2022-10-11,51,"{""type"":""MultiPoint"",""coordinates"":[]}"
649,647.5932485778184,2022-10-12,47,"{""type"":""MultiPoint"",""coordinates"":[]}"
650,356.86593756982194,2022-10-13,54,"{""type"":""MultiPoint"",""coordinates"":[]}"
651,414.7315078251109,2022-10-14,57,"{""type"":""MultiPoint"",""coordinates"":[]}"
652,478.3917434953695,2022-10-15,51,"{""type"":""MultiPoint"",""coordinates"":[]}"
653,692.2518829544618,2022-10-16,58,"{""type"":""MultiPoint"",""coordinates"":[]}"
654,743.7842803853761,2022-10-17,54,"{""type"":""MultiPoint"",""coordinates"":[]}"
655,616.566186479256,2022-10-18,62,"{""type"":""MultiPoint"",""coordinates"":[]}"
656,562.3569769221186,2022-10-19,57,"{""type"":""MultiPoint"",""coordinates"":[]}"
657,573.2621704810293,2022-10-20,63,"{""type"":""MultiPoint"",""coordinates"":[]}"
658,537.1879956227843,2022-10-21,62,"{""type"":""MultiPoint"",""coordinates"":[]}"
659,707.024476240951,2022-10-22,61,"{""type"":""MultiPoint"",""coordinates"":[]}"
660,917.261097155685,2022-10-23,76,"{""type"":""MultiPoint"",""coordinates"":[]}"
661,533.1253058840299,2022-10-24,90,"{""type"":""MultiPoint"",""coordinates"":[]}"
662,633.7847865770314,2022-10-25,97,"{""type"":""MultiPoint"",""coordinates"":[]}"
663,1089.298912301584,2022-10-26,92,"{""type"":""MultiPoint"",""coordinates"":[]}"
664,1310.6921065499866,2022-10-27,96,"{""type"":""MultiPoint"",""coordinates"":[]}"
665,1704.085202815041,2022-10-28,96,"{""type"":""MultiPoint"",""coordinates"":[]}"
666,1852.787255487301,2022-10-29,93,"{""type"":""MultiPoint"",""coordinates"":[]}"
667,1615.1620206187033,2022-10-30,98,"{""type"":""MultiPoint"",""coordinates"":[]}"
668,2190.726034068478,2022-10-31,95,"{""type"":""MultiPoint"",""coordinates"":[]}"
669,1643.6286970349247,2022-11-01,100,"{""type"":""MultiPoint"",""coordinates"":[]}"
670,1177.390034270364,2022-11-02,98,"{""type"":""MultiPoint"",""coordinates"":[]}"
671,1945.087432106289,2022-11-03,99,"{""type"":""MultiPoint"",""coordinates"":[]}"
672,2455.7757360646833,2022-11-04,100,"{""type"":""MultiPoint"",""coordinates"":[]}"
673,2133.356018315096,2022-11-05,99,"{""type"":""MultiPoint"",""coordinates"":[]}"
674,1870.023085055483,2022-11-06,100,"{""type"":""MultiPoint"",""coordinates"":[]}"
675,983.5520975610344,2022-11-07,98,"{""type"":""MultiPoint"",""coordinates"":[]}"
676,,2022-11-08,100,"{""type"":""MultiPoint"",""coordinates"":[]}"
677,1478.5133471634456,2022-11-09,99,"{""type"":""MultiPoint"",""coordinates"":[]}"
678,1812.934714622007,2022-11-10,99,"{""type"":""MultiPoint"",""coordinates"":[]}"
679,741.1515745987185,2022-11-11,100,"{""type"":""MultiPoint"",""coordinates"":[]}"
680,483.3901758332387,2022-11-12,99,"{""type"":""MultiPoint"",""coordinates"":[]}"
681,1041.491613408935,2022-11-13,100,"{""type"":""MultiPoint"",""coordinates"":[]}"
682,1023.6316166608307,2022-11-14,98,"{""type"":""MultiPoint"",""coordinates"":[]}"
683,1063.2172768558873,2022-11-15,100,"{""type"":""MultiPoint"",""coordinates"":[]}"
684,571.5666938677768,2022-11-16,99,"{""type"":""MultiPoint"",""coordinates"":[]}"
685,761.2290661311305,2022-11-17,99,"{""type"":""MultiPoint"",""coordinates"":[]}"
686,612.8934066411306,2022-11-18,100,"{""type"":""MultiPoint"",""coordinates"":[]}"
687,621.8303343068303,2022-11-19,99,"{""type"":""MultiPoint"",""coordinates"":[]}"
688,771.7181609412878,2022-11-20,100,"{""type"":""MultiPoint"",""coordinates"":[]}"
689,411.03625727850357,2022-11-21,100,"{""type"":""MultiPoint"",""coordinates"":[]}"
690,400.2335787673771,2022-11-22,99,"{""type"":""MultiPoint"",""coordinates"":[]}"
691,318.1112084268116,2022-11-23,99,"{""type"":""MultiPoint"",""coordinates"":[]}"
692,377.101163489302,2022-11-24,99,"{""type"":""MultiPoint"",""coordinates"":[]}"
693,658.975633241076,2022-11-25,100,"{""type"":""MultiPoint"",""coordinates"":[]}"
694,522.0240619593956,2022-11-26,99,"{""type"":""MultiPoint"",""coordinates"":[]}"
695,564.482691510572,2022-11-27,100,"{""type"":""MultiPoint"",""coordinates"":[]}"
696,677.933597353234,2022-11-28,100,"{""type"":""MultiPoint"",""coordinates"":[]}"
697,851.7166028978509,2022-11-29,99,"{""type"":""MultiPoint"",""coordinates"":[]}"
698,1056.1320495662376,2022-11-30,99,"{""type"":""MultiPoint"",""coordinates"":[]}"
699,651.7674997675339,2022-12-01,99,"{""type"":""MultiPoint"",""coordinates"":[]}"
700,1036.7253046726391,2022-12-02,99,"{""type"":""MultiPoint"",""coordinates"":[]}"
701,1370.9159300772722,2022-12-03,99,"{""type"":""MultiPoint"",""coordinates"":[]}"
702,1031.3327403047688,2022-12-04,99,"{""type"":""MultiPoint"",""coordinates"":[]}"
703,651.996012580818,2022-12-05,100,"{""type"":""MultiPoint"",""coordinates"":[]}"
704,600.6482861591772,2022-12-06,99,"{""type"":""MultiPoint"",""coordinates"":[]}"
705,509.7225873459023,2022-12-07,99,"{""type"":""MultiPoint"",""coordinates"":[]}"
706,477.9608866827134,2022-12-08,99,"{""type"":""MultiPoint"",""coordinates"":[]}"
707,523.0915618517741,2022-12-09,99,"{""type"":""MultiPoint"",""coordinates"":[]}"
708,595.8247939785721,2022-12-10,100,"{""type"":""MultiPoint"",""coordinates"":[]}"
709,339.25784166224526,2022-12-11,99,"{""type"":""MultiPoint"",""coordinates"":[]}"
710,212.04281140309175,2022-12-12,100,"{""type"":""MultiPoint"",""coordinates"":[]}"
711,205.6083418809213,2022-12-13,99,"{""type"":""MultiPoint"",""coordinates"":[]}"
712,256.0182637248163,2022-12-14,99,"{""type"":""MultiPoint"",""coordinates"":[]}"
713,354.9286670453201,2022-12-15,99,"{""type"":""MultiPoint"",""coordinates"":[]}"
714,542.9719061584383,2022-12-16,99,"{""type"":""MultiPoint"",""coordinates"":[]}"
715,524.4070030654872,2022-12-17,100,"{""type"":""MultiPoint"",""coordinates"":[]}"
716,1266.8639882274813,2022-12-18,99,"{""type"":""MultiPoint"",""coordinates"":[]}"
717,816.4882673292717,2022-12-19,100,"{""type"":""MultiPoint"",""coordinates"":[]}"
718,470.5876925025625,2022-12-20,99,"{""type"":""MultiPoint"",""coordinates"":[]}"
719,749.0760814716881,2022-12-21,100,"{""type"":""MultiPoint"",""coordinates"":[]}"
720,861.562461430749,2022-12-22,100,"{""type"":""MultiPoint"",""coordinates"":[]}"
721,990.1275299377811,2022-12-23,98,"{""type"":""MultiPoint"",""coordinates"":[]}"
722,744.3607608390041,2022-12-24,100,"{""type"":""MultiPoint"",""coordinates"":[]}"
723,1066.0983427802987,2022-12-25,99,"{""type"":""MultiPoint"",""coordinates"":[]}"
724,1029.7566092479594,2022-12-26,100,"{""type"":""MultiPoint"",""coordinates"":[]}"
725,606.9396960090877,2022-12-27,99,"{""type"":""MultiPoint"",""coordinates"":[]}"
726,466.806306404936,2022-12-28,100,"{""type"":""MultiPoint"",""coordinates"":[]}"
727,840.9960301994811,2022-12-29,100,"{""type"":""MultiPoint"",""coordinates"":[]}"
728,1298.816973978448,2022-12-30,98,"{""type"":""MultiPoint"",""coordinates"":[]}"
729,606.1738185443278,2022-12-31,100,"{""type"":""MultiPoint"",""coordinates"":[]}"
730,922.3316063074559,2023-01-01,98,"{""type"":""MultiPoint"",""coordinates"":[]}"
731,,2023-01-02,100,"{""type"":""MultiPoint"",""coordinates"":[]}"
732,1685.7127467307225,2023-01-03,99,"{""type"":""MultiPoint"",""coordinates"":[]}"
733,1583.2807222275471,2023-01-04,99,"{""type"":""MultiPoint"",""coordinates"":[]}"
734,1277.4073076970317,2023-01-05,100,"{""type"":""MultiPoint"",""coordinates"":[]}"
735,1232.5424525502033,2023-01-06,98,"{""type"":""MultiPoint"",""coordinates"":[]}"
736,702.2115471066315,2023-01-07,100,"{""type"":""MultiPoint"",""coordinates"":[]}"
737,1039.9634077943804,2023-01-08,98,"{""type"":""MultiPoint"",""coordinates"":[]}"
738,1167.1376115824635,2023-01-09,100,"{""type"":""MultiPoint"",""coordinates"":[]}"
739,694.5010250446933,2023-01-10,100,"{""type"":""MultiPoint"",""coordinates"":[]}"
740,769.2682962635251,2023-01-11,99,"{""type"":""MultiPoint"",""coordinates"":[]}"
741,1612.6873295417513,2023-01-12,100,"{""type"":""MultiPoint"",""coordinates"":[]}"
742,1068.1635004095442,2023-01-13,98,"{""type"":""MultiPoint"",""coordinates"":[]}"
743,796.8834405199941,2023-01-14,100,"{""type"":""MultiPoint"",""coordinates"":[]}"
744,328.1150682746305,2023-01-15,98,"{""type"":""MultiPoint"",""coordinates"":[]}"
745,727.7720112537382,2023-01-16,100,"{""type"":""MultiPoint"",""coordinates"":[]}"
746,402.4933358628565,2023-01-17,100,"{""type"":""MultiPoint"",""coordinates"":[]}"
747,609.6057725662791,2023-01-18,99,"{""type"":""MultiPoint"",""coordinates"":[]}"
748,685.5675460104912,2023-01-19,100,"{""type"":""MultiPoint"",""coordinates"":[]}"
749,490.2715967056231,2023-01-20,98,"{""type"":""MultiPoint"",""coordinates"":[]}"
750,1505.9513997432116,2023-01-21,100,"{""type"":""MultiPoint"",""coordinates"":[]}"
751,1797.321079383884,2023-01-22,99,"{""type"":""MultiPoint"",""coordinates"":[]}"
752,870.2143551135337,2023-01-23,99,"{""type"":""MultiPoint"",""coordinates"":[]}"
753,929.356825927593,2023-01-24,100,"{""type"":""MultiPoint"",""coordinates"":[]}"
754,,2023-01-25,99,"{""type"":""MultiPoint"",""coordinates"":[]}"
755,2034.28379468192,2023-01-26,100,"{""type"":""MultiPoint"",""coordinates"":[]}"
756,400.40540499330996,2023-01-27,99,"{""type"":""MultiPoint"",""coordinates"":[]}"
757,302.7894038861778,2023-01-28,100,"{""type"":""MultiPoint"",""coordinates"":[]}"
758,,2023-01-29,99,"{""type"":""MultiPoint"",""coordinates"":[]}"
759,,2023-01-30,99,"{""type"":""MultiPoint"",""coordinates"":[]}"
760,598.1204455183412,2023-01-31,100,"{""type"":""MultiPoint"",""coordinates"":[]}"
761,344.64180051388945,2023-02-01,99,"{""type"":""MultiPoint"",""coordinates"":[]}"
762,231.1384052214286,2023-02-02,100,"{""type"":""MultiPoint"",""coordinates"":[]}"
763,408.66377629504456,2023-02-03,99,"{""type"":""MultiPoint"",""coordinates"":[]}"
764,445.89967236559994,2023-02-04,99,"{""type"":""MultiPoint"",""coordinates"":[]}"
765,317.0473087832537,2023-02-05,99,"{""type"":""MultiPoint"",""coordinates"":[]}"
766,631.192602579134,2023-02-06,99,"{""type"":""MultiPoint"",""coordinates"":[]}"
767,607.9237123241467,2023-02-07,99,"{""type"":""MultiPoint"",""coordinates"":[]}"
768,305.8145659669388,2023-02-08,99,"{""type"":""MultiPoint"",""coordinates"":[]}"
769,518.8319593621106,2023-02-09,100,"{""type"":""MultiPoint"",""coordinates"":[]}"
770,516.171686447904,2023-02-10,100,"{""type"":""MultiPoint"",""coordinates"":[]}"
771,915.5295764940338,2023-02-11,97,"{""type"":""MultiPoint"",""coordinates"":[]}"
772,290.2048883765915,2023-02-12,96,"{""type"":""MultiPoint"",""coordinates"":[]}"
773,229.93275074423622,2023-02-13,94,"{""type"":""MultiPoint"",""coordinates"":[]}"
774,401.531819285955,2023-02-14,96,"{""type"":""MultiPoint"",""coordinates"":[]}"
775,440.17335532915877,2023-02-15,94,"{""type"":""MultiPoint"",""coordinates"":[]}"
776,911.4969718360924,2023-02-16,93,"{""type"":""MultiPoint"",""coordinates"":[]}"
777,1375.4229324778973,2023-02-17,95,"{""type"":""MultiPoint"",""coordinates"":[]}"
778,893.969925233191,2023-02-18,92,"{""type"":""MultiPoint"",""coordinates"":[]}"
779,925.2788054488958,2023-02-19,92,"{""type"":""MultiPoint"",""coordinates"":[]}"
780,570.3743163089862,2023-02-20,92,"{""type"":""MultiPoint"",""coordinates"":[]}"
781,611.1743428899113,2023-02-21,92,"{""type"":""MultiPoint"",""coordinates"":[]}"
782,488.7384936317307,2023-02-22,93,"{""type"":""MultiPoint"",""coordinates"":[]}"
783,254.45059877265714,2023-02-23,90,"{""type"":""MultiPoint"",""coordinates"":[]}"
784,355.2022185054353,2023-02-24,93,"{""type"":""MultiPoint"",""coordinates"":[]}"
785,629.7841952748173,2023-02-25,88,"{""type"":""MultiPoint"",""coordinates"":[]}"
786,776.0637539982918,2023-02-26,91,"{""type"":""MultiPoint"",""coordinates"":[]}"
787,709.8976056866293,2023-02-27,89,"{""type"":""MultiPoint"",""coordinates"":[]}"
788,631.1982813579623,2023-02-28,87,"{""type"":""MultiPoint"",""coordinates"":[]}"
789,542.1522574712563,2023-03-01,90,"{""type"":""MultiPoint"",""coordinates"":[]}"
790,595.3123495794449,2023-03-02,83,"{""type"":""MultiPoint"",""coordinates"":[]}"
791,426.9307989639847,2023-03-03,89,"{""type"":""MultiPoint"",""coordinates"":[]}"
792,554.1414457831323,2023-03-04,82,"{""type"":""MultiPoint"",""coordinates"":[]}"
793,359.01791655780585,2023-03-05,86,"{""type"":""MultiPoint"",""coordinates"":[]}"
794,351.1230721863673,2023-03-06,84,"{""type"":""MultiPoint"",""coordinates"":[]}"
795,450.107561111251,2023-03-07,69,"{""type"":""MultiPoint"",""coordinates"":[]}"
796,645.2596349334035,2023-03-08,77,"{""type"":""MultiPoint"",""coordinates"":[]}"
797,1078.4859763917016,2023-03-09,66,"{""type"":""MultiPoint"",""coordinates"":[]}"
798,687.3297682311784,2023-03-10,71,"{""type"":""MultiPoint"",""coordinates"":[]}"
799,572.9127428360478,2023-03-11,64,"{""type"":""MultiPoint"",""coordinates"":[]}"
800,576.5965332517736,2023-03-12,60,"{""type"":""MultiPoint"",""coordinates"":[]}"
801,642.5403618317472,2023-03-13,60,"{""type"":""MultiPoint"",""coordinates"":[]}"
802,613.0228956881241,2023-03-14,51,"{""type"":""MultiPoint"",""coordinates"":[]}"
803,614.5375580543108,2023-03-15,50,"{""type"":""MultiPoint"",""coordinates"":[]}"
804,887.1843160427129,2023-03-16,44,"{""type"":""MultiPoint"",""coordinates"":[]}"
805,704.0036427767503,2023-03-17,46,"{""type"":""MultiPoint"",""coordinates"":[]}"
806,1406.907798294004,2023-03-18,40,"{""type"":""MultiPoint"",""coordinates"":[]}"
807,1532.5740008054324,2023-03-19,35,"{""type"":""MultiPoint"",""coordinates"":[]}"
808,,2023-03-20,13,"{""type"":""MultiPoint"",""coordinates"":[]}"
809,,2023-03-21,30,"{""type"":""MultiPoint"",""coordinates"":[]}"
810,809.8538428092077,2023-03-22,35,"{""type"":""MultiPoint"",""coordinates"":[]}"
811,592.6305694395821,2023-03-23,38,"{""type"":""MultiPoint"",""coordinates"":[]}"
812,702.572665053016,2023-03-24,43,"{""type"":""MultiPoint"",""coordinates"":[]}"
813,582.4291372589167,2023-03-25,45,"{""type"":""MultiPoint"",""coordinates"":[]}"
814,700.8821860915718,2023-03-26,48,"{""type"":""MultiPoint"",""coordinates"":[]}"
815,437.5246987259619,2023-03-27,51,"{""type"":""MultiPoint"",""coordinates"":[]}"
816,431.9527103905318,2023-03-28,52,"{""type"":""MultiPoint"",""coordinates"":[]}"
817,690.943110277063,2023-03-29,55,"{""type"":""MultiPoint"",""coordinates"":[]}"
818,843.2053611148771,2023-03-30,60,"{""type"":""MultiPoint"",""coordinates"":[]}"
819,575.9559335632105,2023-03-31,60,"{""type"":""MultiPoint"",""coordinates"":[]}"
820,578.7046044995516,2023-04-01,64,"{""type"":""MultiPoint"",""coordinates"":[]}"
821,558.8557475110856,2023-04-02,65,"{""type"":""MultiPoint"",""coordinates"":[]}"
822,554.0979311981823,2023-04-03,67,"{""type"":""MultiPoint"",""coordinates"":[]}"
823,420.22927295528063,2023-04-04,65,"{""type"":""MultiPoint"",""coordinates"":[]}"
824,381.2398835934914,2023-04-05,68,"{""type"":""MultiPoint"",""coordinates"":[]}"
825,283.38208546218607,2023-04-06,68,"{""type"":""MultiPoint"",""coordinates"":[]}"
826,243.22457637974898,2023-04-07,67,"{""type"":""MultiPoint"",""coordinates"":[]}"
827,214.79037336633687,2023-04-08,68,"{""type"":""MultiPoint"",""coordinates"":[]}"
828,355.5725125095804,2023-04-09,67,"{""type"":""MultiPoint"",""coordinates"":[]}"
829,482.18568951697665,2023-04-10,68,"{""type"":""MultiPoint"",""coordinates"":[]}"
830,351.8813272952681,2023-04-11,66,"{""type"":""MultiPoint"",""coordinates"":[]}"
831,602.6195582897378,2023-04-12,67,"{""type"":""MultiPoint"",""coordinates"":[]}"
832,374.1015268778904,2023-04-13,68,"{""type"":""MultiPoint"",""coordinates"":[]}"
833,468.07958463632923,2023-04-14,67,"{""type"":""MultiPoint"",""coordinates"":[]}"
834,497.82234990549296,2023-04-15,68,"{""type"":""MultiPoint"",""coordinates"":[]}"
835,558.8585888246041,2023-04-16,67,"{""type"":""MultiPoint"",""coordinates"":[]}"
836,436.1161375395375,2023-04-17,68,"{""type"":""MultiPoint"",""coordinates"":[]}"
837,422.5082040689871,2023-04-18,67,"{""type"":""MultiPoint"",""coordinates"":[]}"
838,467.6532969439829,2023-04-19,67,"{""type"":""MultiPoint"",""coordinates"":[]}"
839,372.6621163269972,2023-04-20,68,"{""type"":""MultiPoint"",""coordinates"":[]}"
840,662.7684662413682,2023-04-21,67,"{""type"":""MultiPoint"",""coordinates"":[]}"
841,485.0084091238723,2023-04-22,68,"{""type"":""MultiPoint"",""coordinates"":[]}"
842,690.692289803027,2023-04-23,67,"{""type"":""MultiPoint"",""coordinates"":[]}"
843,1038.9533221938725,2023-04-24,68,"{""type"":""MultiPoint"",""coordinates"":[]}"
844,606.3585038052612,2023-04-25,67,"{""type"":""MultiPoint"",""coordinates"":[]}"
845,1049.6861744409753,2023-04-26,67,"{""type"":""MultiPoint"",""coordinates"":[]}"
846,1259.8443425307878,2023-04-27,68,"{""type"":""MultiPoint"",""coordinates"":[]}"
847,,2023-04-28,67,"{""type"":""MultiPoint"",""coordinates"":[]}"
848,,2023-04-29,68,"{""type"":""MultiPoint"",""coordinates"":[]}"
849,,2023-04-30,68,"{""type"":""MultiPoint"",""coordinates"":[]}"
850,,2023-05-01,67,"{""type"":""MultiPoint"",""coordinates"":[]}"
851,,2023-05-02,67,"{""type"":""MultiPoint"",""coordinates"":[]}"
852,1405.3295066413673,2023-05-03,67,"{""type"":""MultiPoint"",""coordinates"":[]}"
853,811.4193398432667,2023-05-04,68,"{""type"":""MultiPoint"",""coordinates"":[]}"
854,1511.8389114565746,2023-05-05,67,"{""type"":""MultiPoint"",""coordinates"":[]}"
855,1066.2322691362688,2023-05-06,68,"{""type"":""MultiPoint"",""coordinates"":[]}"
856,729.2805771331167,2023-05-07,68,"{""type"":""MultiPoint"",""coordinates"":[]}"
857,558.8355417487195,2023-05-08,67,"{""type"":""MultiPoint"",""coordinates"":[]}"
858,518.3444869837584,2023-05-09,67,"{""type"":""MultiPoint"",""coordinates"":[]}"
859,370.65026650047764,2023-05-10,67,"{""type"":""MultiPoint"",""coordinates"":[]}"
860,656.9788629731102,2023-05-11,68,"{""type"":""MultiPoint"",""coordinates"":[]}"
861,552.2490300262946,2023-05-12,68,"{""type"":""MultiPoint"",""coordinates"":[]}"
862,868.0727024427425,2023-05-13,67,"{""type"":""MultiPoint"",""coordinates"":[]}"
863,963.8357100559194,2023-05-14,68,"{""type"":""MultiPoint"",""coordinates"":[]}"
864,623.8824855687828,2023-05-15,67,"{""type"":""MultiPoint"",""coordinates"":[]}"
865,1417.274217028215,2023-05-16,67,"{""type"":""MultiPoint"",""coordinates"":[]}"
866,848.9018015856888,2023-05-17,67,"{""type"":""MultiPoint"",""coordinates"":[]}"
867,1008.3203387117435,2023-05-18,68,"{""type"":""MultiPoint"",""coordinates"":[]}"
868,695.188804989535,2023-05-19,68,"{""type"":""MultiPoint"",""coordinates"":[]}"
869,449.81933834826424,2023-05-20,67,"{""type"":""MultiPoint"",""coordinates"":[]}"
870,652.2805878502174,2023-05-21,67,"{""type"":""MultiPoint"",""coordinates"":[]}"
871,648.4572863061378,2023-05-22,67,"{""type"":""MultiPoint"",""coordinates"":[]}"
872,819.2283855696975,2023-05-23,67,"{""type"":""MultiPoint"",""coordinates"":[]}"
873,679.0791537109639,2023-05-24,68,"{""type"":""MultiPoint"",""coordinates"":[]}"
874,708.9259807027651,2023-05-25,67,"{""type"":""MultiPoint"",""coordinates"":[]}"
875,348.702772759095,2023-05-26,68,"{""type"":""MultiPoint"",""coordinates"":[]}"
876,518.1984498484745,2023-05-27,67,"{""type"":""MultiPoint"",""coordinates"":[]}"
877,1130.336868173736,2023-05-28,67,"{""type"":""MultiPoint"",""coordinates"":[]}"
878,1012.9718259226918,2023-05-29,67,"{""type"":""MultiPoint"",""coordinates"":[]}"
879,669.3422020853108,2023-05-30,67,"{""type"":""MultiPoint"",""coordinates"":[]}"
880,623.6189496410357,2023-05-31,68,"{""type"":""MultiPoint"",""coordinates"":[]}"
881,448.65607642983116,2023-06-01,67,"{""type"":""MultiPoint"",""coordinates"":[]}"
882,568.0834157475248,2023-06-02,68,"{""type"":""MultiPoint"",""coordinates"":[]}"
883,554.2513662381491,2023-06-03,67,"{""type"":""MultiPoint"",""coordinates"":[]}"
884,,2023-06-04,67,"{""type"":""MultiPoint"",""coordinates"":[]}"
885,615.7238444526452,2023-06-05,68,"{""type"":""MultiPoint"",""coordinates"":[]}"
886,621.7011905969299,2023-06-06,66,"{""type"":""MultiPoint"",""coordinates"":[]}"
887,567.0289915000443,2023-06-07,68,"{""type"":""MultiPoint"",""coordinates"":[]}"
888,586.8423671863236,2023-06-08,67,"{""type"":""MultiPoint"",""coordinates"":[]}"
889,628.281842887176,2023-06-09,68,"{""type"":""MultiPoint"",""coordinates"":[]}"
890,843.377969485628,2023-06-10,67,"{""type"":""MultiPoint"",""coordinates"":[]}"
891,682.7280034995272,2023-06-11,67,"{""type"":""MultiPoint"",""coordinates"":[]}"
892,841.8582393959731,2023-06-12,68,"{""type"":""MultiPoint"",""coordinates"":[]}"
893,632.2953478897164,2023-06-13,66,"{""type"":""MultiPoint"",""coordinates"":[]}"
894,880.3695270504041,2023-06-14,68,"{""type"":""MultiPoint"",""coordinates"":[]}"
895,954.43030461861,2023-06-15,67,"{""type"":""MultiPoint"",""coordinates"":[]}"
896,714.7201399001582,2023-06-16,68,"{""type"":""MultiPoint"",""coordinates"":[]}"
897,517.5,2023-06-17,68,"{""type"":""MultiPoint"",""coordinates"":[]}"
898,629.0330196879972,2023-06-18,66,"{""type"":""MultiPoint"",""coordinates"":[]}"
899,,2023-06-19,68,"{""type"":""MultiPoint"",""coordinates"":[]}"
900,883.2681471141326,2023-06-20,66,"{""type"":""MultiPoint"",""coordinates"":[]}"
901,1574.663485645879,2023-06-21,68,"{""type"":""MultiPoint"",""coordinates"":[]}"
902,1803.4394678924082,2023-06-22,67,"{""type"":""MultiPoint"",""coordinates"":[]}"
903,,2023-06-23,68,"{""type"":""MultiPoint"",""coordinates"":[]}"
904,,2023-06-24,68,"{""type"":""MultiPoint"",""coordinates"":[]}"
905,,2023-06-25,66,"{""type"":""MultiPoint"",""coordinates"":[]}"
906,,2023-06-26,68,"{""type"":""MultiPoint"",""coordinates"":[]}"
907,1447.5692888813023,2023-06-27,66,"{""type"":""MultiPoint"",""coordinates"":[]}"
908,510.29822222222225,2023-06-28,68,"{""type"":""MultiPoint"",""coordinates"":[]}"
909,537.0,2023-06-29,68,"{""type"":""MultiPoint"",""coordinates"":[]}"
910,,2023-06-30,67,"{""type"":""MultiPoint"",""coordinates"":[]}"
911,1298.3466666666666,2023-07-01,68,"{""type"":""MultiPoint"",""coordinates"":[]}"
912,2504.421548117155,2023-07-02,66,"{""type"":""MultiPoint"",""coordinates"":[]}"
913,2257.2005920485217,2023-07-03,68,"{""type"":""MultiPoint"",""coordinates"":[]}"
914,1583.0943032996408,2023-07-04,66,"{""type"":""MultiPoint"",""coordinates"":[]}"
915,2068.295918367347,2023-07-05,68,"{""type"":""MultiPoint"",""coordinates"":[]}"
916,,2023-07-06,68,"{""type"":""MultiPoint"",""coordinates"":[]}"
917,3003.0,2023-07-07,67,"{""type"":""MultiPoint"",""coordinates"":[]}"
918,,2023-07-08,68,"{""type"":""MultiPoint"",""coordinates"":[]}"
919,,2023-07-09,66,"{""type"":""MultiPoint"",""coordinates"":[]}"
920,,2023-07-10,68,"{""type"":""MultiPoint"",""coordinates"":[]}"
921,1072.3218748346824,2023-07-11,67,"{""type"":""MultiPoint"",""coordinates"":[]}"
922,,2023-07-12,67,"{""type"":""MultiPoint"",""coordinates"":[]}"
923,2012.1624682271708,2023-07-13,68,"{""type"":""MultiPoint"",""coordinates"":[]}"
924,,2023-07-14,67,"{""type"":""MultiPoint"",""coordinates"":[]}"
925,,2023-07-15,68,"{""type"":""MultiPoint"",""coordinates"":[]}"
926,1626.904255319149,2023-07-16,66,"{""type"":""MultiPoint"",""coordinates"":[]}"
927,1401.597014925373,2023-07-17,68,"{""type"":""MultiPoint"",""coordinates"":[]}"
928,,2023-07-18,67,"{""type"":""MultiPoint"",""coordinates"":[]}"
929,546.7439391918923,2023-07-19,67,"{""type"":""MultiPoint"",""coordinates"":[]}"
930,518.482568046183,2023-07-20,68,"{""type"":""MultiPoint"",""coordinates"":[]}"
931,1513.6264627396245,2023-07-21,67,"{""type"":""MultiPoint"",""coordinates"":[]}"
932,,2023-07-22,68,"{""type"":""MultiPoint"",""coordinates"":[]}"
933,569.5998430757159,2023-07-23,67,"{""type"":""MultiPoint"",""coordinates"":[]}"
934,592.3254342209416,2023-07-24,67,"{""type"":""MultiPoint"",""coordinates"":[]}"
935,,2023-07-25,67,"{""type"":""MultiPoint"",""coordinates"":[]}"
936,,2023-07-26,67,"{""type"":""MultiPoint"",""coordinates"":[]}"
937,1996.279671426378,2023-07-27,68,"{""type"":""MultiPoint"",""coordinates"":[]}"
938,,2023-07-28,67,"{""type"":""MultiPoint"",""coordinates"":[]}"
939,,2023-07-29,68,"{""type"":""MultiPoint"",""coordinates"":[]}"
940,1509.2858952556137,2023-07-30,67,"{""type"":""MultiPoint"",""coordinates"":[]}"
941,1615.2432432432433,2023-07-31,67,"{""type"":""MultiPoint"",""coordinates"":[]}"
942,1044.7654432404165,2023-08-01,68,"{""type"":""MultiPoint"",""coordinates"":[]}"
943,1238.4350336434898,2023-08-02,67,"{""type"":""MultiPoint"",""coordinates"":[]}"
944,,2023-08-03,68,"{""type"":""MultiPoint"",""coordinates"":[]}"
945,,2023-08-04,68,"{""type"":""MultiPoint"",""coordinates"":[]}"
946,1399.622641509434,2023-08-05,67,"{""type"":""MultiPoint"",""coordinates"":[]}"
947,1368.461281464281,2023-08-06,67,"{""type"":""MultiPoint"",""coordinates"":[]}"
948,1063.388973158346,2023-08-07,67,"{""type"":""MultiPoint"",""coordinates"":[]}"
949,,2023-08-08,68,"{""type"":""MultiPoint"",""coordinates"":[]}"
950,1282.3225318161346,2023-08-09,67,"{""type"":""MultiPoint"",""coordinates"":[]}"
951,1337.5797101449275,2023-08-10,68,"{""type"":""MultiPoint"",""coordinates"":[]}"
952,1216.4431121630198,2023-08-11,67,"{""type"":""MultiPoint"",""coordinates"":[]}"
953,703.4566349378433,2023-08-12,134,"{""type"":""MultiPoint"",""coordinates"":[]}"
954,1237.3851290083257,2023-08-13,134,"{""type"":""MultiPoint"",""coordinates"":[]}"
955,,2023-08-14,134,"{""type"":""MultiPoint"",""coordinates"":[]}"
956,1385.7927736450586,2023-08-15,68,"{""type"":""MultiPoint"",""coordinates"":[]}"
957,1229.727803824844,2023-08-16,68,"{""type"":""MultiPoint"",""coordinates"":[]}"
958,760.4371614661181,2023-08-17,67,"{""type"":""MultiPoint"",""coordinates"":[]}"
959,1097.642329709017,2023-08-18,67,"{""type"":""MultiPoint"",""coordinates"":[]}"
960,889.1755729412835,2023-08-19,67,"{""type"":""MultiPoint"",""coordinates"":[]}"
961,509.77721563014734,2023-08-20,67,"{""type"":""MultiPoint"",""coordinates"":[]}"
962,1220.8722725590121,2023-08-21,67,"{""type"":""MultiPoint"",""coordinates"":[]}"
963,,2023-08-22,67,"{""type"":""MultiPoint"",""coordinates"":[]}"
964,,2023-08-23,68,"{""type"":""MultiPoint"",""coordinates"":[]}"
965,,2023-08-24,67,"{""type"":""MultiPoint"",""coordinates"":[]}"
966,955.1551465544213,2023-08-25,67,"{""type"":""MultiPoint"",""coordinates"":[]}"
967,863.0250515075359,2023-08-26,67,"{""type"":""MultiPoint"",""coordinates"":[]}"
968,784.858593509231,2023-08-27,67,"{""type"":""MultiPoint"",""coordinates"":[]}"
969,1082.335178168008,2023-08-28,68,"{""type"":""MultiPoint"",""coordinates"":[]}"
970,685.6300725765759,2023-08-29,67,"{""type"":""MultiPoint"",""coordinates"":[]}"
971,750.1983965618083,2023-08-30,68,"{""type"":""MultiPoint"",""coordinates"":[]}"
972,764.7253740770091,2023-08-31,67,"{""type"":""MultiPoint"",""coordinates"":[]}"
973,827.952415368408,2023-09-01,67,"{""type"":""MultiPoint"",""coordinates"":[]}"
974,523.2478657919829,2023-09-02,67,"{""type"":""MultiPoint"",""coordinates"":[]}"
975,580.1865407352195,2023-09-03,66,"{""type"":""MultiPoint"",""coordinates"":[]}"
976,538.2914800197924,2023-09-04,68,"{""type"":""MultiPoint"",""coordinates"":[]}"
977,505.5249356263883,2023-09-05,67,"{""type"":""MultiPoint"",""coordinates"":[]}"
978,792.0957736749332,2023-09-06,68,"{""type"":""MultiPoint"",""coordinates"":[]}"
979,716.3056047293969,2023-09-07,67,"{""type"":""MultiPoint"",""coordinates"":[]}"
980,443.74474748376036,2023-09-08,67,"{""type"":""MultiPoint"",""coordinates"":[]}"
981,554.8333333333334,2023-09-09,65,"{""type"":""MultiPoint"",""coordinates"":[]}"
982,362.66318421783825,2023-09-10,63,"{""type"":""MultiPoint"",""coordinates"":[]}"
983,547.7812920592194,2023-09-11,62,"{""type"":""MultiPoint"",""coordinates"":[]}"
984,594.5663750618686,2023-09-12,61,"{""type"":""MultiPoint"",""coordinates"":[]}"
985,1543.9630881444123,2023-09-13,61,"{""type"":""MultiPoint"",""coordinates"":[]}"
986,908.4586355549475,2023-09-14,56,"{""type"":""MultiPoint"",""coordinates"":[]}"
987,516.3602623762965,2023-09-15,52,"{""type"":""MultiPoint"",""coordinates"":[]}"
988,528.8,2023-09-16,51,"{""type"":""MultiPoint"",""coordinates"":[]}"
989,831.2177275947319,2023-09-17,48,"{""type"":""MultiPoint"",""coordinates"":[]}"
990,367.48014306811564,2023-09-18,45,"{""type"":""MultiPoint"",""coordinates"":[]}"
991,459.06402128268945,2023-09-19,42,"{""type"":""MultiPoint"",""coordinates"":[]}"
992,429.9793467330644,2023-09-20,40,"{""type"":""MultiPoint"",""coordinates"":[]}"
993,662.6318210751509,2023-09-21,37,"{""type"":""MultiPoint"",""coordinates"":[]}"
994,676.8380836098606,2023-09-22,31,"{""type"":""MultiPoint"",""coordinates"":[]}"
995,1765.5208043895861,2023-09-23,10,"{""type"":""MultiPoint"",""coordinates"":[]}"
996,910.4318912780385,2023-09-24,32,"{""type"":""MultiPoint"",""coordinates"":[]}"
997,894.359136676623,2023-09-25,39,"{""type"":""MultiPoint"",""coordinates"":[]}"
998,1115.8806040022166,2023-09-26,42,"{""type"":""MultiPoint"",""coordinates"":[]}"
999,555.8234992960596,2023-09-27,44,"{""type"":""MultiPoint"",""coordinates"":[]}"
1000,504.60741663977024,2023-09-28,50,"{""type"":""MultiPoint"",""coordinates"":[]}"
1001,484.5740376830103,2023-09-29,50,"{""type"":""MultiPoint"",""coordinates"":[]}"
1002,513.9146436252602,2023-09-30,55,"{""type"":""MultiPoint"",""coordinates"":[]}"
1003,552.6467760157179,2023-10-01,57,"{""type"":""MultiPoint"",""coordinates"":[]}"
1004,451.8362398709718,2023-10-02,63,"{""type"":""MultiPoint"",""coordinates"":[]}"
1005,377.8046338552993,2023-10-03,63,"{""type"":""MultiPoint"",""coordinates"":[]}"
1006,400.17887093519016,2023-10-04,64,"{""type"":""MultiPoint"",""coordinates"":[]}"
1007,468.0448128776033,2023-10-05,74,"{""type"":""MultiPoint"",""coordinates"":[]}"
1008,427.45821553493903,2023-10-06,70,"{""type"":""MultiPoint"",""coordinates"":[]}"
1009,518.2535882375012,2023-10-07,79,"{""type"":""MultiPoint"",""coordinates"":[]}"
1010,570.818962170533,2023-10-08,80,"{""type"":""MultiPoint"",""coordinates"":[]}"
1011,486.9261366577131,2023-10-09,82,"{""type"":""MultiPoint"",""coordinates"":[]}"
1012,584.8275608811584,2023-10-10,86,"{""type"":""MultiPoint"",""coordinates"":[]}"
1013,333.284024515797,2023-10-11,85,"{""type"":""MultiPoint"",""coordinates"":[]}"
1014,528.0933876060827,2023-10-12,91,"{""type"":""MultiPoint"",""coordinates"":[]}"
1015,814.4272799794247,2023-10-13,85,"{""type"":""MultiPoint"",""coordinates"":[]}"
1016,692.5381378635361,2023-10-14,90,"{""type"":""MultiPoint"",""coordinates"":[]}"
1017,964.7360275540068,2023-10-15,89,"{""type"":""MultiPoint"",""coordinates"":[]}"
1018,754.056239776421,2023-10-16,88,"{""type"":""MultiPoint"",""coordinates"":[]}"
1019,540.8036114570359,2023-10-17,91,"{""type"":""MultiPoint"",""coordinates"":[]}"
1020,380.3804085693249,2023-10-18,89,"{""type"":""MultiPoint"",""coordinates"":[]}"
1021,401.21623755033573,2023-10-19,91,"{""type"":""MultiPoint"",""coordinates"":[]}"
1022,585.7354826389569,2023-10-20,92,"{""type"":""MultiPoint"",""coordinates"":[]}"
1023,851.3885049024908,2023-10-21,89,"{""type"":""MultiPoint"",""coordinates"":[]}"
1024,1243.8035996432436,2023-10-22,93,"{""type"":""MultiPoint"",""coordinates"":[]}"
1025,728.7266498238563,2023-10-23,91,"{""type"":""MultiPoint"",""coordinates"":[]}"
1026,722.5031075032857,2023-10-24,94,"{""type"":""MultiPoint"",""coordinates"":[]}"
1027,777.7526507331678,2023-10-25,92,"{""type"":""MultiPoint"",""coordinates"":[]}"
1028,558.6649730301091,2023-10-26,94,"{""type"":""MultiPoint"",""coordinates"":[]}"
1029,651.2300529572668,2023-10-27,94,"{""type"":""MultiPoint"",""coordinates"":[]}"
1030,1132.1669206303775,2023-10-28,95,"{""type"":""MultiPoint"",""coordinates"":[]}"
1031,1114.0484130850582,2023-10-29,96,"{""type"":""MultiPoint"",""coordinates"":[]}"
1032,1205.7765636784427,2023-10-30,95,"{""type"":""MultiPoint"",""coordinates"":[]}"
1033,1863.799618641824,2023-10-31,98,"{""type"":""MultiPoint"",""coordinates"":[]}"
1034,1167.6237235031997,2023-11-01,99,"{""type"":""MultiPoint"",""coordinates"":[]}"
1035,2817.731966254166,2023-11-02,99,"{""type"":""MultiPoint"",""coordinates"":[]}"
1036,2185.336229317542,2023-11-03,100,"{""type"":""MultiPoint"",""coordinates"":[]}"
1037,3229.824951516414,2023-11-04,99,"{""type"":""MultiPoint"",""coordinates"":[]}"
1038,3290.8920340585146,2023-11-05,100,"{""type"":""MultiPoint"",""coordinates"":[]}"
1039,1772.3100165224248,2023-11-06,98,"{""type"":""MultiPoint"",""coordinates"":[]}"
1040,1971.960397721257,2023-11-07,100,"{""type"":""MultiPoint"",""coordinates"":[]}"
1041,1851.709519346115,2023-11-08,99,"{""type"":""MultiPoint"",""coordinates"":[]}"
1042,2551.5123181131244,2023-11-09,99,"{""type"":""MultiPoint"",""coordinates"":[]}"
1043,1931.8413948256466,2023-11-10,100,"{""type"":""MultiPoint"",""coordinates"":[]}"
1044,741.731081423807,2023-11-11,99,"{""type"":""MultiPoint"",""coordinates"":[]}"
1045,483.83197679874945,2023-11-12,100,"{""type"":""MultiPoint"",""coordinates"":[]}"
1046,2484.4817427784983,2023-11-13,99,"{""type"":""MultiPoint"",""coordinates"":[]}"
1047,1104.6224540486837,2023-11-14,99,"{""type"":""MultiPoint"",""coordinates"":[]}"
1048,1972.91772269393,2023-11-15,100,"{""type"":""MultiPoint"",""coordinates"":[]}"
1049,1965.0461436614714,2023-11-16,99,"{""type"":""MultiPoint"",""coordinates"":[]}"
1050,1453.9075454880654,2023-11-17,100,"{""type"":""MultiPoint"",""coordinates"":[]}"
1051,1186.4548683240223,2023-11-18,98,"{""type"":""MultiPoint"",""coordinates"":[]}"
1052,1531.694454105895,2023-11-19,99,"{""type"":""MultiPoint"",""coordinates"":[]}"
1053,1885.7875535467278,2023-11-20,99,"{""type"":""MultiPoint"",""coordinates"":[]}"
1054,1863.7354879783293,2023-11-21,99,"{""type"":""MultiPoint"",""coordinates"":[]}"
1055,1574.04209725532,2023-11-22,100,"{""type"":""MultiPoint"",""coordinates"":[]}"
1056,1800.0429017245397,2023-11-23,99,"{""type"":""MultiPoint"",""coordinates"":[]}"
1057,1827.629957661712,2023-11-24,100,"{""type"":""MultiPoint"",""coordinates"":[]}"
1058,1171.8368177850148,2023-11-25,99,"{""type"":""MultiPoint"",""coordinates"":[]}"
1059,720.7738241358992,2023-11-26,99,"{""type"":""MultiPoint"",""coordinates"":[]}"
1060,1532.14,2023-11-27,99,"{""type"":""MultiPoint"",""coordinates"":[]}"
1061,1727.9511210991368,2023-11-28,99,"{""type"":""MultiPoint"",""coordinates"":[]}"
1062,3189.6647103152195,2023-11-29,100,"{""type"":""MultiPoint"",""coordinates"":[]}"
1063,3268.35891750691,2023-11-30,99,"{""type"":""MultiPoint"",""coordinates"":[]}"
1064,2432.8833630755385,2023-12-01,99,"{""type"":""MultiPoint"",""coordinates"":[]}"
1065,1835.4415671087509,2023-12-02,99,"{""type"":""MultiPoint"",""coordinates"":[]}"
1066,895.3977176713221,2023-12-03,99,"{""type"":""MultiPoint"",""coordinates"":[]}"
1067,1884.9686064063017,2023-12-04,99,"{""type"":""MultiPoint"",""coordinates"":[]}"
1068,662.1141575966706,2023-12-05,99,"{""type"":""MultiPoint"",""coordinates"":[]}"
1069,582.8634671350316,2023-12-06,100,"{""type"":""MultiPoint"",""coordinates"":[]}"
1070,1142.6627684676914,2023-12-07,100,"{""type"":""MultiPoint"",""coordinates"":[]}"
1071,690.5180711341698,2023-12-08,99,"{""type"":""MultiPoint"",""coordinates"":[]}"
1072,665.278914856464,2023-12-09,99,"{""type"":""MultiPoint"",""coordinates"":[]}"
1073,656.9068214261594,2023-12-10,99,"{""type"":""MultiPoint"",""coordinates"":[]}"
1074,773.4731730113554,2023-12-11,100,"{""type"":""MultiPoint"",""coordinates"":[]}"
1075,1139.9339406734018,2023-12-12,100,"{""type"":""MultiPoint"",""coordinates"":[]}"
1076,802.8692527609624,2023-12-13,99,"{""type"":""MultiPoint"",""coordinates"":[]}"
1077,510.69882101795326,2023-12-14,99,"{""type"":""MultiPoint"",""coordinates"":[]}"
1078,611.9953315662767,2023-12-15,99,"{""type"":""MultiPoint"",""coordinates"":[]}"
1079,728.1111740065783,2023-12-16,99,"{""type"":""MultiPoint"",""coordinates"":[]}"
1080,832.6992097839678,2023-12-17,99,"{""type"":""MultiPoint"",""coordinates"":[]}"
1081,559.0125307705977,2023-12-18,100,"{""type"":""MultiPoint"",""coordinates"":[]}"
1082,447.5570107168453,2023-12-19,100,"{""type"":""MultiPoint"",""coordinates"":[]}"
1083,739.4725183713199,2023-12-20,99,"{""type"":""MultiPoint"",""coordinates"":[]}"
1084,986.0904376194079,2023-12-21,99,"{""type"":""MultiPoint"",""coordinates"":[]}"
1085,1076.221734385867,2023-12-22,99,"{""type"":""MultiPoint"",""coordinates"":[]}"
1086,1327.806927915136,2023-12-23,99,"{""type"":""MultiPoint"",""coordinates"":[]}"
1087,787.8034516114662,2023-12-24,100,"{""type"":""MultiPoint"",""coordinates"":[]}"
1088,785.0474046620443,2023-12-25,99,"{""type"":""MultiPoint"",""coordinates"":[]}"
1089,1156.8472033064218,2023-12-26,100,"{""type"":""MultiPoint"",""coordinates"":[]}"
1090,1741.6049509186632,2023-12-27,99,"{""type"":""MultiPoint"",""coordinates"":[]}"
1091,1340.4333932830098,2023-12-28,99,"{""type"":""MultiPoint"",""coordinates"":[]}"
1092,1543.2742474916388,2023-12-29,99,"{""type"":""MultiPoint"",""coordinates"":[]}"
1093,641.9273925706402,2023-12-30,99,"{""type"":""MultiPoint"",""coordinates"":[]}"
1094,,2023-12-31,100,"{""type"":""MultiPoint"",""coordinates"":[]}"
1095,1441.6140617602189,2024-01-01,99,"{""type"":""MultiPoint"",""coordinates"":[]}"
1096,1070.1800135232177,2024-01-02,99,"{""type"":""MultiPoint"",""coordinates"":[]}"
1097,2212.9537572254335,2024-01-03,99,"{""type"":""MultiPoint"",""coordinates"":[]}"
1098,,2024-01-04,99,"{""type"":""MultiPoint"",""coordinates"":[]}"
1099,,2024-01-05,100,"{""type"":""MultiPoint"",""coordinates"":[]}"
1100,,2024-01-06,99,"{""type"":""MultiPoint"",""coordinates"":[]}"
1101,2060.0437323772067,2024-01-07,100,"{""type"":""MultiPoint"",""coordinates"":[]}"
1102,907.281462077084,2024-01-08,99,"{""type"":""MultiPoint"",""coordinates"":[]}"
1103,3388.2790127100666,2024-01-09,99,"{""type"":""MultiPoint"",""coordinates"":[]}"
1104,723.2356682456817,2024-01-10,100,"{""type"":""MultiPoint"",""coordinates"":[]}"
1105,1079.540007043586,2024-01-11,98,"{""type"":""MultiPoint"",""coordinates"":[]}"
1106,844.6586904301763,2024-01-12,100,"{""type"":""MultiPoint"",""coordinates"":[]}"
1107,730.3528961469761,2024-01-13,99,"{""type"":""MultiPoint"",""coordinates"":[]}"
1108,729.2882475205022,2024-01-14,100,"{""type"":""MultiPoint"",""coordinates"":[]}"
1109,532.2159503526566,2024-01-15,99,"{""type"":""MultiPoint"",""coordinates"":[]}"
1110,1471.1646186089429,2024-01-16,99,"{""type"":""MultiPoint"",""coordinates"":[]}"
1111,810.9645732745881,2024-01-17,100,"{""type"":""MultiPoint"",""coordinates"":[]}"
1112,1075.5056042418103,2024-01-18,99,"{""type"":""MultiPoint"",""coordinates"":[]}"
1113,3061.5575951604865,2024-01-19,100,"{""type"":""MultiPoint"",""coordinates"":[]}"
1114,1255.2136912545318,2024-01-20,99,"{""type"":""MultiPoint"",""coordinates"":[]}"
1115,,2024-01-21,98,"{""type"":""MultiPoint"",""coordinates"":[]}"
1116,964.3399161646784,2024-01-22,100,"{""type"":""MultiPoint"",""coordinates"":[]}"
1117,1619.9149583347116,2024-01-23,98,"{""type"":""MultiPoint"",""coordinates"":[]}"
1118,1088.8606430172601,2024-01-24,100,"{""type"":""MultiPoint"",""coordinates"":[]}"
1119,993.0148498558362,2024-01-25,99,"{""type"":""MultiPoint"",""coordinates"":[]}"
1120,751.6244677268,2024-01-26,100,"{""type"":""MultiPoint"",""coordinates"":[]}"
1121,569.7640129374865,2024-01-27,99,"{""type"":""MultiPoint"",""coordinates"":[]}"
1122,,2024-01-28,98,"{""type"":""MultiPoint"",""coordinates"":[]}"
1123,1523.9699581919058,2024-01-29,100,"{""type"":""MultiPoint"",""coordinates"":[]}"
1124,1515.8139362945801,2024-01-30,98,"{""type"":""MultiPoint"",""coordinates"":[]}"
1125,,2024-01-31,99,"{""type"":""MultiPoint"",""coordinates"":[]}"
1126,2112.6349206349205,2024-02-01,98,"{""type"":""MultiPoint"",""coordinates"":[]}"
1127,864.1056249479249,2024-02-02,100,"{""type"":""MultiPoint"",""coordinates"":[]}"
1128,474.31937172774866,2024-02-03,100,"{""type"":""MultiPoint"",""coordinates"":[]}"
1129,552.5,2024-02-04,98,"{""type"":""MultiPoint"",""coordinates"":[]}"
1130,624.1074958523953,2024-02-05,100,"{""type"":""MultiPoint"",""coordinates"":[]}"
1131,431.2035256686119,2024-02-06,99,"{""type"":""MultiPoint"",""coordinates"":[]}"
1132,409.5133562476807,2024-02-07,100,"{""type"":""MultiPoint"",""coordinates"":[]}"
1133,333.25334308210046,2024-02-08,100,"{""type"":""MultiPoint"",""coordinates"":[]}"
1134,353.90993196936074,2024-02-09,97,"{""type"":""MultiPoint"",""coordinates"":[]}"
1135,974.8882539886608,2024-02-10,100,"{""type"":""MultiPoint"",""coordinates"":[]}"
1136,857.7065312928999,2024-02-11,98,"{""type"":""MultiPoint"",""coordinates"":[]}"
1137,,2024-02-12,97,"{""type"":""MultiPoint"",""coordinates"":[]}"
1138,1147.8544395485005,2024-02-13,94,"{""type"":""MultiPoint"",""coordinates"":[]}"
1139,1114.2367127789075,2024-02-14,93,"{""type"":""MultiPoint"",""coordinates"":[]}"
1140,791.4799279897694,2024-02-15,96,"{""type"":""MultiPoint"",""coordinates"":[]}"
1141,472.9009892652992,2024-02-16,92,"{""type"":""MultiPoint"",""coordinates"":[]}"
1142,467.6681873039731,2024-02-17,94,"{""type"":""MultiPoint"",""coordinates"":[]}"
1143,604.54020196835,2024-02-18,91,"{""type"":""MultiPoint"",""coordinates"":[]}"
1144,628.8957954366335,2024-02-19,93,"{""type"":""MultiPoint"",""coordinates"":[]}"
1145,1441.0553864951312,2024-02-20,91,"{""type"":""MultiPoint"",""coordinates"":[]}"
1146,659.3961904984646,2024-02-21,89,"{""type"":""MultiPoint"",""coordinates"":[]}"
1147,539.587081201279,2024-02-22,92,"{""type"":""MultiPoint"",""coordinates"":[]}"
1148,411.71023052374755,2024-02-23,89,"{""type"":""MultiPoint"",""coordinates"":[]}"
1149,570.8856337983221,2024-02-24,91,"{""type"":""MultiPoint"",""coordinates"":[]}"
1150,614.9518280161544,2024-02-25,89,"{""type"":""MultiPoint"",""coordinates"":[]}"
1151,345.7492352607091,2024-02-26,89,"{""type"":""MultiPoint"",""coordinates"":[]}"
1152,583.0030243500006,2024-02-27,90,"{""type"":""MultiPoint"",""coordinates"":[]}"
1153,350.93828333278,2024-02-28,81,"{""type"":""MultiPoint"",""coordinates"":[]}"
1154,344.9472847166196,2024-02-29,88,"{""type"":""MultiPoint"",""coordinates"":[]}"
1155,911.7172031777878,2024-03-01,82,"{""type"":""MultiPoint"",""coordinates"":[]}"
1156,465.67878451253875,2024-03-02,87,"{""type"":""MultiPoint"",""coordinates"":[]}"
1157,682.5990959189037,2024-03-03,86,"{""type"":""MultiPoint"",""coordinates"":[]}"
1158,337.71248394635245,2024-03-04,80,"{""type"":""MultiPoint"",""coordinates"":[]}"
1159,366.5395619592264,2024-03-05,80,"{""type"":""MultiPoint"",""coordinates"":[]}"
1160,458.9510715402768,2024-03-06,74,"{""type"":""MultiPoint"",""coordinates"":[]}"
1161,464.3703707208268,2024-03-07,72,"{""type"":""MultiPoint"",""coordinates"":[]}"
1162,448.77205690849803,2024-03-08,69,"{""type"":""MultiPoint"",""coordinates"":[]}"
1163,324.38981279045225,2024-03-09,65,"{""type"":""MultiPoint"",""coordinates"":[]}"
1164,371.5418648479113,2024-03-10,65,"{""type"":""MultiPoint"",""coordinates"":[]}"
1165,631.2016756618026,2024-03-11,58,"{""type"":""MultiPoint"",""coordinates"":[]}"
1166,749.391530869721,2024-03-12,55,"{""type"":""MultiPoint"",""coordinates"":[]}"
1167,695.7203241931717,2024-03-13,50,"{""type"":""MultiPoint"",""coordinates"":[]}"
1168,565.8634068477686,2024-03-14,47,"{""type"":""MultiPoint"",""coordinates"":[]}"
1169,320.1538469791509,2024-03-15,46,"{""type"":""MultiPoint"",""coordinates"":[]}"
1170,422.4052742077386,2024-03-16,41,"{""type"":""MultiPoint"",""coordinates"":[]}"
1171,423.3018765845185,2024-03-17,37,"{""type"":""MultiPoint"",""coordinates"":[]}"
1172,407.91272692419057,2024-03-18,32,"{""type"":""MultiPoint"",""coordinates"":[]}"
1173,550.8201456492175,2024-03-19,6,"{""type"":""MultiPoint"",""coordinates"":[]}"
1174,581.5505430480498,2024-03-20,27,"{""type"":""MultiPoint"",""coordinates"":[]}"
1175,696.6931189302724,2024-03-21,33,"{""type"":""MultiPoint"",""coordinates"":[]}"
1176,755.7810910551074,2024-03-22,38,"{""type"":""MultiPoint"",""coordinates"":[]}"
1177,434.2324706315823,2024-03-23,34,"{""type"":""MultiPoint"",""coordinates"":[]}"
1178,949.0894770006298,2024-03-24,35,"{""type"":""MultiPoint"",""coordinates"":[]}"
1179,457.95934642273676,2024-03-25,43,"{""type"":""MultiPoint"",""coordinates"":[]}"
1180,432.0178171069688,2024-03-26,50,"{""type"":""MultiPoint"",""coordinates"":[]}"
1181,452.3696832371555,2024-03-27,54,"{""type"":""MultiPoint"",""coordinates"":[]}"
1182,568.9064158828972,2024-03-28,51,"{""type"":""MultiPoint"",""coordinates"":[]}"
1183,637.4830000208946,2024-03-29,60,"{""type"":""MultiPoint"",""coordinates"":[]}"
1184,898.7347808961503,2024-03-30,59,"{""type"":""MultiPoint"",""coordinates"":[]}"
1185,508.05851204760455,2024-03-31,63,"{""type"":""MultiPoint"",""coordinates"":[]}"
1186,599.883322240744,2024-04-01,66,"{""type"":""MultiPoint"",""coordinates"":[]}"
1187,295.3941324561766,2024-04-02,65,"{""type"":""MultiPoint"",""coordinates"":[]}"
1188,750.8333522746459,2024-04-03,68,"{""type"":""MultiPoint"",""coordinates"":[]}"
1189,531.0419567341914,2024-04-04,66,"{""type"":""MultiPoint"",""coordinates"":[]}"
1190,492.5943812839863,2024-04-05,68,"{""type"":""MultiPoint"",""coordinates"":[]}"
1191,662.9768323926734,2024-04-06,67,"{""type"":""MultiPoint"",""coordinates"":[]}"
1192,262.9010128713288,2024-04-07,66,"{""type"":""MultiPoint"",""coordinates"":[]}"
1193,526.7853308614971,2024-04-08,68,"{""type"":""MultiPoint"",""coordinates"":[]}"
1194,552.4592415662789,2024-04-09,67,"{""type"":""MultiPoint"",""coordinates"":[]}"
1195,688.7838443242601,2024-04-10,68,"{""type"":""MultiPoint"",""coordinates"":[]}"
1196,1014.017315948854,2024-04-11,66,"{""type"":""MultiPoint"",""coordinates"":[]}"
1197,795.9422063179825,2024-04-12,67,"{""type"":""MultiPoint"",""coordinates"":[]}"
1198,1049.5730073214531,2024-04-13,68,"{""type"":""MultiPoint"",""coordinates"":[]}"
1199,,2024-04-14,67,"{""type"":""MultiPoint"",""coordinates"":[]}"
1200,,2024-04-15,67,"{""type"":""MultiPoint"",""coordinates"":[]}"
1201,486.19114173195135,2024-04-16,66,"{""type"":""MultiPoint"",""coordinates"":[]}"
1202,319.20173647368784,2024-04-17,68,"{""type"":""MultiPoint"",""coordinates"":[]}"
1203,568.757218514536,2024-04-18,67,"{""type"":""MultiPoint"",""coordinates"":[]}"
1204,439.2240177468273,2024-04-19,67,"{""type"":""MultiPoint"",""coordinates"":[]}"
1205,583.7923791995188,2024-04-20,67,"{""type"":""MultiPoint"",""coordinates"":[]}"
1206,446.669742338908,2024-04-21,67,"{""type"":""MultiPoint"",""coordinates"":[]}"
1207,414.62555421101297,2024-04-22,68,"{""type"":""MultiPoint"",""coordinates"":[]}"
1208,904.2021938052735,2024-04-23,67,"{""type"":""MultiPoint"",""coordinates"":[]}"
1209,409.7968819267947,2024-04-24,67,"{""type"":""MultiPoint"",""coordinates"":[]}"
1210,478.23804669259243,2024-04-25,68,"{""type"":""MultiPoint"",""coordinates"":[]}"
1211,607.574338260945,2024-04-26,67,"{""type"":""MultiPoint"",""coordinates"":[]}"
1212,821.6220901847965,2024-04-27,68,"{""type"":""MultiPoint"",""coordinates"":[]}"
1213,735.8833138682209,2024-04-28,66,"{""type"":""MultiPoint"",""coordinates"":[]}"
1214,579.5747982049893,2024-04-29,67,"{""type"":""MultiPoint"",""coordinates"":[]}"
1215,605.6447491005579,2024-04-30,67,"{""type"":""MultiPoint"",""coordinates"":[]}"
1216,403.76194777628257,2024-05-01,67,"{""type"":""MultiPoint"",""coordinates"":[]}"
1217,619.8893606601416,2024-05-02,68,"{""type"":""MultiPoint"",""coordinates"":[]}"
1218,759.6217164278563,2024-05-03,67,"{""type"":""MultiPoint"",""coordinates"":[]}"
1219,438.6472933410976,2024-05-04,68,"{""type"":""MultiPoint"",""coordinates"":[]}"
1220,992.5612713139841,2024-05-05,67,"{""type"":""MultiPoint"",""coordinates"":[]}"
1221,469.34952471775597,2024-05-06,67,"{""type"":""MultiPoint"",""coordinates"":[]}"
1222,1198.5036228464276,2024-05-07,68,"{""type"":""MultiPoint"",""coordinates"":[]}"
1223,906.3319331848195,2024-05-08,67,"{""type"":""MultiPoint"",""coordinates"":[]}"
1224,917.2163277772066,2024-05-09,68,"{""type"":""MultiPoint"",""coordinates"":[]}"
1225,1238.1225729711875,2024-05-10,67,"{""type"":""MultiPoint"",""coordinates"":[]}"
1226,614.3835041866902,2024-05-11,67,"{""type"":""MultiPoint"",""coordinates"":[]}"
1227,1062.1331667352974,2024-05-12,67,"{""type"":""MultiPoint"",""coordinates"":[]}"
1228,1211.6618225414722,2024-05-13,67,"{""type"":""MultiPoint"",""coordinates"":[]}"
1229,1220.661980032806,2024-05-14,68,"{""type"":""MultiPoint"",""coordinates"":[]}"
1230,1169.7237454074457,2024-05-15,67,"{""type"":""MultiPoint"",""coordinates"":[]}"
1231,908.7312292033254,2024-05-16,67,"{""type"":""MultiPoint"",""coordinates"":[]}"
1232,977.5042321741113,2024-05-17,67,"{""type"":""MultiPoint"",""coordinates"":[]}"
1233,867.5545452735987,2024-05-18,67,"{""type"":""MultiPoint"",""coordinates"":[]}"
1234,950.7098889980043,2024-05-19,68,"{""type"":""MultiPoint"",""coordinates"":[]}"
1235,824.2390674563732,2024-05-20,67,"{""type"":""MultiPoint"",""coordinates"":[]}"
1236,559.6744630758288,2024-05-21,68,"{""type"":""MultiPoint"",""coordinates"":[]}"
1237,1095.286166305012,2024-05-22,67,"{""type"":""MultiPoint"",""coordinates"":[]}"
1238,940.9613790722324,2024-05-23,67,"{""type"":""MultiPoint"",""coordinates"":[]}"
1239,916.1415844301113,2024-05-24,67,"{""type"":""MultiPoint"",""coordinates"":[]}"
1240,1225.379378078391,2024-05-25,67,"{""type"":""MultiPoint"",""coordinates"":[]}"
1241,466.84755189605784,2024-05-26,68,"{""type"":""MultiPoint"",""coordinates"":[]}"
1242,766.9004765493631,2024-05-27,68,"{""type"":""MultiPoint"",""coordinates"":[]}"
1243,462.1378492684707,2024-05-28,67,"{""type"":""MultiPoint"",""coordinates"":[]}"
1244,901.8882826844184,2024-05-29,67,"{""type"":""MultiPoint"",""coordinates"":[]}"
1245,583.6138149830645,2024-05-30,67,"{""type"":""MultiPoint"",""coordinates"":[]}"
1246,760.770006551278,2024-05-31,68,"{""type"":""MultiPoint"",""coordinates"":[]}"
1247,1299.21616115705,2024-06-01,67,"{""type"":""MultiPoint"",""coordinates"":[]}"
1248,602.4899844629814,2024-06-02,67,"{""type"":""MultiPoint"",""coordinates"":[]}"
1249,963.0696318917132,2024-06-03,67,"{""type"":""MultiPoint"",""coordinates"":[]}"
1250,866.8861500286398,2024-06-04,67,"{""type"":""MultiPoint"",""coordinates"":[]}"
1251,1700.8988343861065,2024-06-05,67,"{""type"":""MultiPoint"",""coordinates"":[]}"
1252,817.2189744803946,2024-06-06,67,"{""type"":""MultiPoint"",""coordinates"":[]}"
1253,657.3847765102533,2024-06-07,68,"{""type"":""MultiPoint"",""coordinates"":[]}"
1254,961.4839212801402,2024-06-08,67,"{""type"":""MultiPoint"",""coordinates"":[]}"
1255,369.4162398382622,2024-06-09,67,"{""type"":""MultiPoint"",""coordinates"":[]}"
1256,608.9480305519007,2024-06-10,67,"{""type"":""MultiPoint"",""coordinates"":[]}"
1257,660.8861990304991,2024-06-11,67,"{""type"":""MultiPoint"",""coordinates"":[]}"
1258,592.8197376540494,2024-06-12,68,"{""type"":""MultiPoint"",""coordinates"":[]}"
1259,822.2006109611488,2024-06-13,68,"{""type"":""MultiPoint"",""coordinates"":[]}"
1260,535.8931089705333,2024-06-14,67,"{""type"":""MultiPoint"",""coordinates"":[]}"
1261,908.7555872625396,2024-06-15,67,"{""type"":""MultiPoint"",""coordinates"":[]}"
1262,516.1205442669128,2024-06-16,67,"{""type"":""MultiPoint"",""coordinates"":[]}"
1263,823.3530737390968,2024-06-17,68,"{""type"":""MultiPoint"",""coordinates"":[]}"
1264,1130.3443495704637,2024-06-18,67,"{""type"":""MultiPoint"",""coordinates"":[]}"
1265,771.2507599418881,2024-06-19,67,"{""type"":""MultiPoint"",""coordinates"":[]}"
1266,1572.5080217269222,2024-06-20,67,"{""type"":""MultiPoint"",""coordinates"":[]}"
1267,1284.623609634429,2024-06-21,67,"{""type"":""MultiPoint"",""coordinates"":[]}"
1268,2225.7951174404693,2024-06-22,67,"{""type"":""MultiPoint"",""coordinates"":[]}"
1269,1798.2648293464588,2024-06-23,67,"{""type"":""MultiPoint"",""coordinates"":[]}"
1270,3010.6250297123834,2024-06-24,68,"{""type"":""MultiPoint"",""coordinates"":[]}"
1271,1636.18494528293,2024-06-25,68,"{""type"":""MultiPoint"",""coordinates"":[]}"
1272,2066.402737994113,2024-06-26,67,"{""type"":""MultiPoint"",""coordinates"":[]}"
1273,,2024-06-27,67,"{""type"":""MultiPoint"",""coordinates"":[]}"
1274,,2024-06-28,67,"{""type"":""MultiPoint"",""coordinates"":[]}"
1275,,2024-06-29,68,"{""type"":""MultiPoint"",""coordinates"":[]}"
1276,2151.437340471892,2024-06-30,68,"{""type"":""MultiPoint"",""coordinates"":[]}"
1277,,2024-07-01,67,"{""type"":""MultiPoint"",""coordinates"":[]}"
1278,,2024-07-02,67,"{""type"":""MultiPoint"",""coordinates"":[]}"
1279,,2024-07-03,67,"{""type"":""MultiPoint"",""coordinates"":[]}"
1280,,2024-07-04,67,"{""type"":""MultiPoint"",""coordinates"":[]}"
1281,,2024-07-05,67,"{""type"":""MultiPoint"",""coordinates"":[]}"
1282,,2024-07-06,67,"{""type"":""MultiPoint"",""coordinates"":[]}"
1283,595.5,2024-07-07,67,"{""type"":""MultiPoint"",""coordinates"":[]}"
1284,538.3333333333334,2024-07-08,67,"{""type"":""MultiPoint"",""coordinates"":[]}"
1285,2804.5804145349593,2024-07-09,67,"{""type"":""MultiPoint"",""coordinates"":[]}"
1286,1973.5095698942582,2024-07-10,67,"{""type"":""MultiPoint"",""coordinates"":[]}"
1287,1493.4907009458389,2024-07-11,68,"{""type"":""MultiPoint"",""coordinates"":[]}"
1288,,2024-07-12,68,"{""type"":""MultiPoint"",""coordinates"":[]}"
1289,994.2438435478412,2024-07-13,67,"{""type"":""MultiPoint"",""coordinates"":[]}"
1290,2058.630584391367,2024-07-14,67,"{""type"":""MultiPoint"",""coordinates"":[]}"
1291,1162.0,2024-07-15,67,"{""type"":""MultiPoint"",""coordinates"":[]}"
1292,532.8947368421053,2024-07-16,68,"{""type"":""MultiPoint"",""coordinates"":[]}"
1293,,2024-07-17,68,"{""type"":""MultiPoint"",""coordinates"":[]}"
1294,513.0,2024-07-18,67,"{""type"":""MultiPoint"",""coordinates"":[]}"
1295,,2024-07-19,67,"{""type"":""MultiPoint"",""coordinates"":[]}"
1296,,2024-07-20,67,"{""type"":""MultiPoint"",""coordinates"":[]}"
1297,1492.592888923581,2024-07-21,67,"{""type"":""MultiPoint"",""coordinates"":[]}"
1298,,2024-07-22,67,"{""type"":""MultiPoint"",""coordinates"":[]}"
1299,1583.9070269985373,2024-07-23,67,"{""type"":""MultiPoint"",""coordinates"":[]}"
1300,,2024-07-24,68,"{""type"":""MultiPoint"",""coordinates"":[]}"
1301,660.5608108108108,2024-07-25,67,"{""type"":""MultiPoint"",""coordinates"":[]}"
1302,,2024-07-26,67,"{""type"":""MultiPoint"",""coordinates"":[]}"
1303,,2024-07-27,67,"{""type"":""MultiPoint"",""coordinates"":[]}"
1304,497.98094395531086,2024-07-28,68,"{""type"":""MultiPoint"",""coordinates"":[]}"
1305,684.9297649548846,2024-07-29,68,"{""type"":""MultiPoint"",""coordinates"":[]}"
1306,691.2574257425742,2024-07-30,67,"{""type"":""MultiPoint"",""coordinates"":[]}"
1307,,2024-07-31,67,"{""type"":""MultiPoint"",""coordinates"":[]}"
1308,,2024-08-01,67,"{""type"":""MultiPoint"",""coordinates"":[]}"
1309,897.96875,2024-08-02,68,"{""type"":""MultiPoint"",""coordinates"":[]}"
1310,,2024-08-03,68,"{""type"":""MultiPoint"",""coordinates"":[]}"
1311,423.5808168494713,2024-08-04,67,"{""type"":""MultiPoint"",""coordinates"":[]}"
1312,535.2290629244002,2024-08-05,67,"{""type"":""MultiPoint"",""coordinates"":[]}"
1313,504.4642857142857,2024-08-06,67,"{""type"":""MultiPoint"",""coordinates"":[]}"
1314,,2024-08-07,67,"{""type"":""MultiPoint"",""coordinates"":[]}"
1315,,2024-08-08,68,"{""type"":""MultiPoint"",""coordinates"":[]}"
1316,490.64387968473534,2024-08-09,67,"{""type"":""MultiPoint"",""coordinates"":[]}"
1317,,2024-08-10,68,"{""type"":""MultiPoint"",""coordinates"":[]}"
1318,,2024-08-11,67,"{""type"":""MultiPoint"",""coordinates"":[]}"
1319,,2024-08-12,67,"{""type"":""MultiPoint"",""coordinates"":[]}"
1320,559.6219770895207,2024-08-13,67,"{""type"":""MultiPoint"",""coordinates"":[]}"
1321,429.1666666666667,2024-08-14,67,"{""type"":""MultiPoint"",""coordinates"":[]}"
1322,,2024-08-15,68,"{""type"":""MultiPoint"",""coordinates"":[]}"
1323,475.95,2024-08-16,67,"{""type"":""MultiPoint"",""coordinates"":[]}"
1324,,2024-08-17,67,"{""type"":""MultiPoint"",""coordinates"":[]}"
1325,1015.5181019012199,2024-08-18,67,"{""type"":""MultiPoint"",""coordinates"":[]}"
1326,586.0,2024-08-19,68,"{""type"":""MultiPoint"",""coordinates"":[]}"
1327,536.4554455445544,2024-08-20,68,"{""type"":""MultiPoint"",""coordinates"":[]}"
1328,644.1024812539781,2024-08-21,67,"{""type"":""MultiPoint"",""coordinates"":[]}"
1329,1070.9464513567923,2024-08-22,67,"{""type"":""MultiPoint"",""coordinates"":[]}"
1330,,2024-08-23,67,"{""type"":""MultiPoint"",""coordinates"":[]}"
1331,558.5714285714286,2024-08-24,67,"{""type"":""MultiPoint"",""coordinates"":[]}"
1332,534.3330068725621,2024-08-25,68,"{""type"":""MultiPoint"",""coordinates"":[]}"
1333,530.2862951867786,2024-08-26,67,"{""type"":""MultiPoint"",""coordinates"":[]}"
1334,494.5762988141194,2024-08-27,68,"{""type"":""MultiPoint"",""coordinates"":[]}"
1335,518.3857471510349,2024-08-28,67,"{""type"":""MultiPoint"",""coordinates"":[]}"
1336,514.0,2024-08-29,67,"{""type"":""MultiPoint"",""coordinates"":[]}"
1337,745.5737247933216,2024-08-30,68,"{""type"":""MultiPoint"",""coordinates"":[]}"
1338,526.6615544606568,2024-08-31,67,"{""type"":""MultiPoint"",""coordinates"":[]}"
1339,883.8526811228777,2024-09-01,68,"{""type"":""MultiPoint"",""coordinates"":[]}"
1340,560.748081766532,2024-09-02,67,"{""type"":""MultiPoint"",""coordinates"":[]}"
1341,506.6515340941674,2024-09-03,67,"{""type"":""MultiPoint"",""coordinates"":[]}"
1342,,2024-09-04,67,"{""type"":""MultiPoint"",""coordinates"":[]}"
1343,549.797950417044,2024-09-05,67,"{""type"":""MultiPoint"",""coordinates"":[]}"
1344,,2024-09-06,68,"{""type"":""MultiPoint"",""coordinates"":[]}"
1345,,2024-09-07,67,"{""type"":""MultiPoint"",""coordinates"":[]}"
1346,1436.3535953478006,2024-09-08,67,"{""type"":""MultiPoint"",""coordinates"":[]}"
1347,,2024-09-09,65,"{""type"":""MultiPoint"",""coordinates"":[]}"
1348,684.4744146017862,2024-09-10,64,"{""type"":""MultiPoint"",""coordinates"":[]}"
1349,,2024-09-11,60,"{""type"":""MultiPoint"",""coordinates"":[]}"
1350,,2024-09-12,61,"{""type"":""MultiPoint"",""coordinates"":[]}"
1351,,2024-09-13,57,"{""type"":""MultiPoint"",""coordinates"":[]}"
1352,1097.4983010728056,2024-09-14,53,"{""type"":""MultiPoint"",""coordinates"":[]}"
1353,666.1957797136988,2024-09-15,51,"{""type"":""MultiPoint"",""coordinates"":[]}"
1354,1152.2551512464938,2024-09-16,51,"{""type"":""MultiPoint"",""coordinates"":[]}"
1355,780.5856701255802,2024-09-17,45,"{""type"":""MultiPoint"",""coordinates"":[]}"
1356,,2024-09-18,41,"{""type"":""MultiPoint"",""coordinates"":[]}"
1357,583.65,2024-09-19,40,"{""type"":""MultiPoint"",""coordinates"":[]}"
1358,700.7971775673401,2024-09-20,37,"{""type"":""MultiPoint"",""coordinates"":[]}"
1359,521.6604473473411,2024-09-21,32,"{""type"":""MultiPoint"",""coordinates"":[]}"
1360,930.3873036297867,2024-09-22,15,"{""type"":""MultiPoint"",""coordinates"":[]}"
1361,1318.0948399629508,2024-09-23,9,"{""type"":""MultiPoint"",""coordinates"":[]}"
1362,935.499658385942,2024-09-24,28,"{""type"":""MultiPoint"",""coordinates"":[]}"
1363,3364.553349718285,2024-09-25,38,"{""type"":""MultiPoint"",""coordinates"":[]}"
1364,460.6696280807901,2024-09-26,39,"{""type"":""MultiPoint"",""coordinates"":[]}"
1365,300.49565667077974,2024-09-27,43,"{""type"":""MultiPoint"",""coordinates"":[]}"
1366,601.6091435930457,2024-09-28,48,"{""type"":""MultiPoint"",""coordinates"":[]}"
1367,458.0246962641579,2024-09-29,49,"{""type"":""MultiPoint"",""coordinates"":[]}"
1368,1680.255954829412,2024-09-30,53,"{""type"":""MultiPoint"",""coordinates"":[]}"
1369,784.0916090871433,2024-10-01,56,"{""type"":""MultiPoint"",""coordinates"":[]}"
1370,448.01871498753894,2024-10-02,61,"{""type"":""MultiPoint"",""coordinates"":[]}"
1371,498.1144618640115,2024-10-03,68,"{""type"":""MultiPoint"",""coordinates"":[]}"
1372,442.3671760770724,2024-10-04,68,"{""type"":""MultiPoint"",""coordinates"":[]}"
1373,627.9118672348822,2024-10-05,66,"{""type"":""MultiPoint"",""coordinates"":[]}"
1374,495.1176783528946,2024-10-06,71,"{""type"":""MultiPoint"",""coordinates"":[]}"
1375,348.1397569086492,2024-10-07,74,"{""type"":""MultiPoint"",""coordinates"":[]}"
1376,803.3964085897228,2024-10-08,83,"{""type"":""MultiPoint"",""coordinates"":[]}"
1377,592.6099195984403,2024-10-09,83,"{""type"":""MultiPoint"",""coordinates"":[]}"
1378,479.1448169568236,2024-10-10,83,"{""type"":""MultiPoint"",""coordinates"":[]}"
1379,384.2381660339563,2024-10-11,78,"{""type"":""MultiPoint"",""coordinates"":[]}"
1380,421.3134167321193,2024-10-12,87,"{""type"":""MultiPoint"",""coordinates"":[]}"
1381,595.0851885705375,2024-10-13,84,"{""type"":""MultiPoint"",""coordinates"":[]}"
1382,745.0161762428103,2024-10-14,86,"{""type"":""MultiPoint"",""coordinates"":[]}"
1383,657.5966639190538,2024-10-15,88,"{""type"":""MultiPoint"",""coordinates"":[]}"
1384,668.6208848074834,2024-10-16,88,"{""type"":""MultiPoint"",""coordinates"":[]}"
1385,874.6783755704743,2024-10-17,87,"{""type"":""MultiPoint"",""coordinates"":[]}"
1386,887.109561730038,2024-10-18,88,"{""type"":""MultiPoint"",""coordinates"":[]}"
1387,746.9613602903281,2024-10-19,91,"{""type"":""MultiPoint"",""coordinates"":[]}"
1388,1163.6714861566707,2024-10-20,89,"{""type"":""MultiPoint"",""coordinates"":[]}"
1389,1238.2393359048472,2024-10-21,90,"{""type"":""MultiPoint"",""coordinates"":[]}"
1390,1715.2924866679166,2024-10-22,90,"{""type"":""MultiPoint"",""coordinates"":[]}"
1391,1269.4790509203738,2024-10-23,91,"{""type"":""MultiPoint"",""coordinates"":[]}"
1392,572.4195224224427,2024-10-24,93,"{""type"":""MultiPoint"",""coordinates"":[]}"
1393,613.6826248809706,2024-10-25,95,"{""type"":""MultiPoint"",""coordinates"":[]}"
1394,1084.2805193237227,2024-10-26,92,"{""type"":""MultiPoint"",""coordinates"":[]}"
1395,1688.9304872559296,2024-10-27,93,"{""type"":""MultiPoint"",""coordinates"":[]}"
1396,1296.2991312693687,2024-10-28,93,"{""type"":""MultiPoint"",""coordinates"":[]}"
1397,789.6115365278657,2024-10-29,97,"{""type"":""MultiPoint"",""coordinates"":[]}"
1398,782.0116080311022,2024-10-30,100,"{""type"":""MultiPoint"",""coordinates"":[]}"
1399,951.5125972487962,2024-10-31,97,"{""type"":""MultiPoint"",""coordinates"":[]}"
1400,472.4781390053826,2024-11-01,98,"{""type"":""MultiPoint"",""coordinates"":[]}"
1401,1395.6952179656757,2024-11-02,99,"{""type"":""MultiPoint"",""coordinates"":[]}"
1402,1138.676969175129,2024-11-03,99,"{""type"":""MultiPoint"",""coordinates"":[]}"
1403,1910.8996375968745,2024-11-04,100,"{""type"":""MultiPoint"",""coordinates"":[]}"
1404,1326.21547964843,2024-11-05,99,"{""type"":""MultiPoint"",""coordinates"":[]}"
1405,2043.5334405236242,2024-11-06,99,"{""type"":""MultiPoint"",""coordinates"":[]}"
1406,1940.6434221658749,2024-11-07,99,"{""type"":""MultiPoint"",""coordinates"":[]}"
1407,2633.840024186619,2024-11-08,99,"{""type"":""MultiPoint"",""coordinates"":[]}"
1408,1591.7813052445142,2024-11-09,99,"{""type"":""MultiPoint"",""coordinates"":[]}"
1409,1209.8426142347616,2024-11-10,99,"{""type"":""MultiPoint"",""coordinates"":[]}"
1410,1940.0711628401223,2024-11-11,99,"{""type"":""MultiPoint"",""coordinates"":[]}"
1411,852.2002368375462,2024-11-12,99,"{""type"":""MultiPoint"",""coordinates"":[]}"
1412,1935.7550330330073,2024-11-13,99,"{""type"":""MultiPoint"",""coordinates"":[]}"
1413,1359.0795774673018,2024-11-14,99,"{""type"":""MultiPoint"",""coordinates"":[]}"
1414,1117.5023768125893,2024-11-15,99,"{""type"":""MultiPoint"",""coordinates"":[]}"
1415,2225.211667387305,2024-11-16,100,"{""type"":""MultiPoint"",""coordinates"":[]}"
1416,2432.4559751402107,2024-11-17,99,"{""type"":""MultiPoint"",""coordinates"":[]}"
1417,4216.416234158419,2024-11-18,99,"{""type"":""MultiPoint"",""coordinates"":[]}"
1418,2667.3337521117082,2024-11-19,99,"{""type"":""MultiPoint"",""coordinates"":[]}"
1419,1185.409286848422,2024-11-20,100,"{""type"":""MultiPoint"",""coordinates"":[]}"
1420,1242.5348317720648,2024-11-21,100,"{""type"":""MultiPoint"",""coordinates"":[]}"
1421,1761.5814710032537,2024-11-22,99,"{""type"":""MultiPoint"",""coordinates"":[]}"
1422,2153.876634071991,2024-11-23,99,"{""type"":""MultiPoint"",""coordinates"":[]}"
1423,794.9081573394243,2024-11-24,99,"{""type"":""MultiPoint"",""coordinates"":[]}"
1424,1845.7917737810762,2024-11-25,100,"{""type"":""MultiPoint"",""coordinates"":[]}"
1425,755.1178718852274,2024-11-26,100,"{""type"":""MultiPoint"",""coordinates"":[]}"
1426,685.9935487153589,2024-11-27,99,"{""type"":""MultiPoint"",""coordinates"":[]}"
1427,794.7610055434806,2024-11-28,99,"{""type"":""MultiPoint"",""coordinates"":[]}"
1428,732.3833909798429,2024-11-29,99,"{""type"":""MultiPoint"",""coordinates"":[]}"
1429,646.1710313019596,2024-11-30,100,"{""type"":""MultiPoint"",""coordinates"":[]}"
1430,665.2059135757158,2024-12-01,100,"{""type"":""MultiPoint"",""coordinates"":[]}"
1431,420.67398021697295,2024-12-02,99,"{""type"":""MultiPoint"",""coordinates"":[]}"
1432,490.1604631036572,2024-12-03,99,"{""type"":""MultiPoint"",""coordinates"":[]}"
1433,258.07604275768455,2024-12-04,99,"{""type"":""MultiPoint"",""coordinates"":[]}"
1434,309.05512302979605,2024-12-05,100,"{""type"":""MultiPoint"",""coordinates"":[]}"
1435,406.5952061957033,2024-12-06,100,"{""type"":""MultiPoint"",""coordinates"":[]}"
1436,512.7154751044176,2024-12-07,99,"{""type"":""MultiPoint"",""coordinates"":[]}"
1437,1012.9293270045467,2024-12-08,99,"{""type"":""MultiPoint"",""coordinates"":[]}"
1438,838.9688888383441,2024-12-09,99,"{""type"":""MultiPoint"",""coordinates"":[]}"
1439,499.42893762965576,2024-12-10,100,"{""type"":""MultiPoint"",""coordinates"":[]}"
1440,337.35724392471394,2024-12-11,99,"{""type"":""MultiPoint"",""coordinates"":[]}"
1441,511.87992779433847,2024-12-12,99,"{""type"":""MultiPoint"",""coordinates"":[]}"
1442,424.29494753272127,2024-12-13,99,"{""type"":""MultiPoint"",""coordinates"":[]}"
1443,289.8261565730243,2024-12-14,99,"{""type"":""MultiPoint"",""coordinates"":[]}"
1444,850.0305978877551,2024-12-15,100,"{""type"":""MultiPoint"",""coordinates"":[]}"
1445,1352.1281161717643,2024-12-16,99,"{""type"":""MultiPoint"",""coordinates"":[]}"
1446,1161.369958406885,2024-12-17,99,"{""type"":""MultiPoint"",""coordinates"":[]}"
1447,1679.9138253589872,2024-12-18,99,"{""type"":""MultiPoint"",""coordinates"":[]}"
1448,1499.6078964517228,2024-12-19,99,"{""type"":""MultiPoint"",""coordinates"":[]}"
1449,2181.719761524536,2024-12-20,100,"{""type"":""MultiPoint"",""coordinates"":[]}"
1450,1209.697236257609,2024-12-21,99,"{""type"":""MultiPoint"",""coordinates"":[]}"
1451,1169.4195249134368,2024-12-22,100,"{""type"":""MultiPoint"",""coordinates"":[]}"
1452,2748.7741935483873,2024-12-23,99,"{""type"":""MultiPoint"",""coordinates"":[]}"
1453,1988.1108000455245,2024-12-24,99,"{""type"":""MultiPoint"",""coordinates"":[]}"
1454,2195.344277843327,2024-12-25,99,"{""type"":""MultiPoint"",""coordinates"":[]}"
1455,1412.4011396477856,2024-12-26,99,"{""type"":""MultiPoint"",""coordinates"":[]}"
1456,,2024-12-27,100,"{""type"":""MultiPoint"",""coordinates"":[]}"
1457,,2024-12-28,99,"{""type"":""MultiPoint"",""coordinates"":[]}"
1458,1267.9796463921227,2024-12-29,99,"{""type"":""MultiPoint"",""coordinates"":[]}"
1459,,2024-12-30,98,"{""type"":""MultiPoint"",""coordinates"":[]}"
1460,2318.0568416523247,2024-12-31,98,"{""type"":""MultiPoint"",""coordinates"":[]}"
1461,1232.455801682937,2025-01-01,100,"{""type"":""MultiPoint"",""coordinates"":[]}"
1462,,2025-01-02,99,"{""type"":""MultiPoint"",""coordinates"":[]}"
1463,549.6439761534194,2025-01-03,99,"{""type"":""MultiPoint"",""coordinates"":[]}"
1464,1056.9652942463158,2025-01-04,99,"{""type"":""MultiPoint"",""coordinates"":[]}"
1465,573.5265638123971,2025-01-05,99,"{""type"":""MultiPoint"",""coordinates"":[]}"
1466,2217.043232893786,2025-01-06,100,"{""type"":""MultiPoint"",""coordinates"":[]}"
1467,1823.4428030296833,2025-01-07,99,"{""type"":""MultiPoint"",""coordinates"":[]}"
1468,477.27861933851017,2025-01-08,99,"{""type"":""MultiPoint"",""coordinates"":[]}"
1469,1050.7765090887276,2025-01-09,99,"{""type"":""MultiPoint"",""coordinates"":[]}"
1470,1654.2841805771636,2025-01-10,99,"{""type"":""MultiPoint"",""coordinates"":[]}"
1471,,2025-01-11,100,"{""type"":""MultiPoint"",""coordinates"":[]}"
1472,3413.177738427911,2025-01-12,98,"{""type"":""MultiPoint"",""coordinates"":[]}"
1473,630.0793310403837,2025-01-13,99,"{""type"":""MultiPoint"",""coordinates"":[]}"
1474,798.6008095416737,2025-01-14,99,"{""type"":""MultiPoint"",""coordinates"":[]}"
1475,1772.0787524123762,2025-01-15,99,"{""type"":""MultiPoint"",""coordinates"":[]}"
1476,903.131993537717,2025-01-16,100,"{""type"":""MultiPoint"",""coordinates"":[]}"
1477,782.5489849240527,2025-01-17,98,"{""type"":""MultiPoint"",""coordinates"":[]}"
1478,451.8838213290433,2025-01-18,99,"{""type"":""MultiPoint"",""coordinates"":[]}"
1479,1142.496350297709,2025-01-19,99,"{""type"":""MultiPoint"",""coordinates"":[]}"
1480,514.2995282190441,2025-01-20,99,"{""type"":""MultiPoint"",""coordinates"":[]}"
1481,396.33279760029734,2025-01-21,100,"{""type"":""MultiPoint"",""coordinates"":[]}"
1482,554.9292760493674,2025-01-22,98,"{""type"":""MultiPoint"",""coordinates"":[]}"
1483,584.264290676579,2025-01-23,100,"{""type"":""MultiPoint"",""coordinates"":[]}"
1484,402.66954952563174,2025-01-24,99,"{""type"":""MultiPoint"",""coordinates"":[]}"
1485,214.28771991390002,2025-01-25,99,"{""type"":""MultiPoint"",""coordinates"":[]}"
1486,388.01133918070036,2025-01-26,100,"{""type"":""MultiPoint"",""coordinates"":[]}"
1487,485.4688228276256,2025-01-27,98,"{""type"":""MultiPoint"",""coordinates"":[]}"
1488,461.5290002004009,2025-01-28,100,"{""type"":""MultiPoint"",""coordinates"":[]}"
1489,1032.4465171370641,2025-01-29,99,"{""type"":""MultiPoint"",""coordinates"":[]}"
1490,968.5746015656196,2025-01-30,98,"{""type"":""MultiPoint"",""coordinates"":[]}"
1491,1166.0741484762766,2025-01-31,100,"{""type"":""MultiPoint"",""coordinates"":[]}"
1492,1645.0787248897195,2025-02-01,98,"{""type"":""MultiPoint"",""coordinates"":[]}"
1493,1370.864917162668,2025-02-02,100,"{""type"":""MultiPoint"",""coordinates"":[]}"
1494,498.2514131812388,2025-02-03,99,"{""type"":""MultiPoint"",""coordinates"":[]}"
1495,919.339433945833,2025-02-04,99,"{""type"":""MultiPoint"",""coordinates"":[]}"
1496,487.2672251891158,2025-02-05,100,"{""type"":""MultiPoint"",""coordinates"":[]}"
1497,314.38725291009115,2025-02-06,98,"{""type"":""MultiPoint"",""coordinates"":[]}"
1498,271.67749271739433,2025-02-07,100,"{""type"":""MultiPoint"",""coordinates"":[]}"
1499,287.7547023189562,2025-02-08,99,"{""type"":""MultiPoint"",""coordinates"":[]}"
1500,327.72304713113215,2025-02-09,99,"{""type"":""MultiPoint"",""coordinates"":[]}"
1501,597.7889315885153,2025-02-10,100,"{""type"":""MultiPoint"",""coordinates"":[]}"
1502,510.30589402235626,2025-02-11,89,"{""type"":""MultiPoint"",""coordinates"":[]}"
1503,251.5424834124723,2025-02-12,95,"{""type"":""MultiPoint"",""coordinates"":[]}"
1504,253.42960848079954,2025-02-13,95,"{""type"":""MultiPoint"",""coordinates"":[]}"
1505,230.55072053585337,2025-02-14,93,"{""type"":""MultiPoint"",""coordinates"":[]}"
1506,526.8411286295917,2025-02-15,92,"{""type"":""MultiPoint"",""coordinates"":[]}"
1507,627.2760094946717,2025-02-16,91,"{""type"":""MultiPoint"",""coordinates"":[]}"
1508,547.5650330311398,2025-02-17,91,"{""type"":""MultiPoint"",""coordinates"":[]}"
1509,305.68216185122066,2025-02-18,89,"{""type"":""MultiPoint"",""coordinates"":[]}"
1510,316.4642276462223,2025-02-19,85,"{""type"":""MultiPoint"",""coordinates"":[]}"
1511,791.0791929985191,2025-02-20,89,"{""type"":""MultiPoint"",""coordinates"":[]}"
1512,722.9217898880454,2025-02-21,87,"{""type"":""MultiPoint"",""coordinates"":[]}"
1513,647.9679419557468,2025-02-22,88,"{""type"":""MultiPoint"",""coordinates"":[]}"
1514,504.702155069787,2025-02-23,87,"{""type"":""MultiPoint"",""coordinates"":[]}"
1515,526.2434160061335,2025-02-24,83,"{""type"":""MultiPoint"",""coordinates"":[]}"
1516,752.8807591866987,2025-02-25,88,"{""type"":""MultiPoint"",""coordinates"":[]}"
1517,513.2990521311126,2025-02-26,86,"{""type"":""MultiPoint"",""coordinates"":[]}"
1518,,2025-02-27,85,"{""type"":""MultiPoint"",""coordinates"":[]}"
1519,606.6822521970333,2025-02-28,83,"{""type"":""MultiPoint"",""coordinates"":[]}"
1520,535.5908697164764,2025-03-01,82,"{""type"":""MultiPoint"",""coordinates"":[]}"
1521,329.85634393291747,2025-03-02,84,"{""type"":""MultiPoint"",""coordinates"":[]}"
1522,486.5275613656208,2025-03-03,83,"{""type"":""MultiPoint"",""coordinates"":[]}"
1523,671.7030969511993,2025-03-04,78,"{""type"":""MultiPoint"",""coordinates"":[]}"
1524,221.58845751495252,2025-03-05,77,"{""type"":""MultiPoint"",""coordinates"":[]}"
1525,173.26882818237218,2025-03-06,70,"{""type"":""MultiPoint"",""coordinates"":[]}"
1526,367.62946754876174,2025-03-07,68,"{""type"":""MultiPoint"",""coordinates"":[]}"
1527,266.0598585538295,2025-03-08,64,"{""type"":""MultiPoint"",""coordinates"":[]}"
1528,454.82685107964124,2025-03-09,61,"{""type"":""MultiPoint"",""coordinates"":[]}"
1529,674.5193035666913,2025-03-10,58,"{""type"":""MultiPoint"",""coordinates"":[]}"
1530,463.9536910814708,2025-03-11,55,"{""type"":""MultiPoint"",""coordinates"":[]}"
1531,482.42643803189463,2025-03-12,52,"{""type"":""MultiPoint"",""coordinates"":[]}"
1532,673.4377337957249,2025-03-13,45,"{""type"":""MultiPoint"",""coordinates"":[]}"
1533,587.569161845492,2025-03-14,44,"{""type"":""MultiPoint"",""coordinates"":[]}"
1534,463.4092537758644,2025-03-15,41,"{""type"":""MultiPoint"",""coordinates"":[]}"
1535,340.05625886913026,2025-03-16,38,"{""type"":""MultiPoint"",""coordinates"":[]}"
1536,732.5079515160741,2025-03-17,34,"{""type"":""MultiPoint"",""coordinates"":[]}"
1537,338.9427202607919,2025-03-18,9,"{""type"":""MultiPoint"",""coordinates"":[]}"
1538,370.1398651404864,2025-03-19,4,"{""type"":""MultiPoint"",""coordinates"":[]}"
1539,392.58624247443896,2025-03-20,17,"{""type"":""MultiPoint"",""coordinates"":[]}"
1540,306.6877406123555,2025-03-21,32,"{""type"":""MultiPoint"",""coordinates"":[]}"
1541,721.6073141092819,2025-03-22,33,"{""type"":""MultiPoint"",""coordinates"":[]}"
1542,510.49417434893786,2025-03-23,40,"{""type"":""MultiPoint"",""coordinates"":[]}"
1543,554.5762951144982,2025-03-24,42,"{""type"":""MultiPoint"",""coordinates"":[]}"
1544,464.3018660182829,2025-03-25,47,"{""type"":""MultiPoint"",""coordinates"":[]}"
1545,425.39986131558413,2025-03-26,48,"{""type"":""MultiPoint"",""coordinates"":[]}"
1546,711.9774713627388,2025-03-27,50,"{""type"":""MultiPoint"",""coordinates"":[]}"
1547,313.1396587642065,2025-03-28,52,"{""type"":""MultiPoint"",""coordinates"":[]}"
1548,431.1184765484325,2025-03-29,61,"{""type"":""MultiPoint"",""coordinates"":[]}"
1549,239.56298961730607,2025-03-30,59,"{""type"":""MultiPoint"",""coordinates"":[]}"
1550,182.247585255586,2025-03-31,66,"{""type"":""MultiPoint"",""coordinates"":[]}"
1551,426.6270330650147,2025-04-01,65,"{""type"":""MultiPoint"",""coordinates"":[]}"
1552,377.95667804457787,2025-04-02,62,"{""type"":""MultiPoint"",""coordinates"":[]}"
1553,530.4900802426469,2025-04-03,68,"{""type"":""MultiPoint"",""coordinates"":[]}"
1554,610.454105144655,2025-04-04,67,"{""type"":""MultiPoint"",""coordinates"":[]}"
1555,327.1066630462404,2025-04-05,68,"{""type"":""MultiPoint"",""coordinates"":[]}"
1556,600.7170056372569,2025-04-06,67,"{""type"":""MultiPoint"",""coordinates"":[]}"
1557,525.9117193029226,2025-04-07,66,"{""type"":""MultiPoint"",""coordinates"":[]}"
1558,851.2141825461487,2025-04-08,68,"{""type"":""MultiPoint"",""coordinates"":[]}"
1559,914.0311061400464,2025-04-09,67,"{""type"":""MultiPoint"",""coordinates"":[]}"
1560,994.3449617556914,2025-04-10,68,"{""type"":""MultiPoint"",""coordinates"":[]}"
1561,926.7812161604344,2025-04-11,67,"{""type"":""MultiPoint"",""coordinates"":[]}"
1562,497.41843232535837,2025-04-12,66,"{""type"":""MultiPoint"",""coordinates"":[]}"
1563,742.1822276503847,2025-04-13,68,"{""type"":""MultiPoint"",""coordinates"":[]}"
1564,638.3736399442278,2025-04-14,67,"{""type"":""MultiPoint"",""coordinates"":[]}"
1565,1400.3752875071937,2025-04-15,68,"{""type"":""MultiPoint"",""coordinates"":[]}"
1566,1574.908537929396,2025-04-16,67,"{""type"":""MultiPoint"",""coordinates"":[]}"
1567,664.7536342116942,2025-04-17,66,"{""type"":""MultiPoint"",""coordinates"":[]}"
1568,906.5311326801863,2025-04-18,68,"{""type"":""MultiPoint"",""coordinates"":[]}"
1569,863.4265160150114,2025-04-19,67,"{""type"":""MultiPoint"",""coordinates"":[]}"
1570,1407.2460514379284,2025-04-20,68,"{""type"":""MultiPoint"",""coordinates"":[]}"
1571,1053.2355338344262,2025-04-21,67,"{""type"":""MultiPoint"",""coordinates"":[]}"
1572,448.65575598755913,2025-04-22,66,"{""type"":""MultiPoint"",""coordinates"":[]}"
1573,542.9518645823512,2025-04-23,68,"{""type"":""MultiPoint"",""coordinates"":[]}"
1574,451.73609637661,2025-04-24,67,"{""type"":""MultiPoint"",""coordinates"":[]}"
1575,579.380188575941,2025-04-25,68,"{""type"":""MultiPoint"",""coordinates"":[]}"
1576,864.8894379653646,2025-04-26,67,"{""type"":""MultiPoint"",""coordinates"":[]}"
1577,759.2858700135952,2025-04-27,66,"{""type"":""MultiPoint"",""coordinates"":[]}"
1578,1041.106800536706,2025-04-28,68,"{""type"":""MultiPoint"",""coordinates"":[]}"
1579,841.3198671482821,2025-04-29,67,"{""type"":""MultiPoint"",""coordinates"":[]}"
1580,988.3101574258367,2025-04-30,67,"{""type"":""MultiPoint"",""coordinates"":[]}"
1581,1497.8019907208093,2025-05-01,67,"{""type"":""MultiPoint"",""coordinates"":[]}"
1582,964.9613343720303,2025-05-02,67,"{""type"":""MultiPoint"",""coordinates"":[]}"
1583,1113.3901642530861,2025-05-03,68,"{""type"":""MultiPoint"",""coordinates"":[]}"
1584,1022.592848556012,2025-05-04,67,"{""type"":""MultiPoint"",""coordinates"":[]}"
1585,1777.7522935779816,2025-05-05,67,"{""type"":""MultiPoint"",""coordinates"":[]}"
1586,800.126612005538,2025-05-06,67,"{""type"":""MultiPoint"",""coordinates"":[]}"
1587,,2025-05-07,67,"{""type"":""MultiPoint"",""coordinates"":[]}"
1588,1182.9016411920081,2025-05-08,68,"{""type"":""MultiPoint"",""coordinates"":[]}"
1589,668.6552734910059,2025-05-09,67,"{""type"":""MultiPoint"",""coordinates"":[]}"
1590,2086.462962962963,2025-05-10,67,"{""type"":""MultiPoint"",""coordinates"":[]}"
1591,652.4760637876449,2025-05-11,67,"{""type"":""MultiPoint"",""coordinates"":[]}"
1592,607.0730293527639,2025-05-12,66,"{""type"":""MultiPoint"",""coordinates"":[]}"
1593,1063.5471022896834,2025-05-13,68,"{""type"":""MultiPoint"",""coordinates"":[]}"
1594,646.0424102406623,2025-05-14,67,"{""type"":""MultiPoint"",""coordinates"":[]}"
1595,827.2700100128715,2025-05-15,67,"{""type"":""MultiPoint"",""coordinates"":[]}"
1596,728.1082313008372,2025-05-16,67,"{""type"":""MultiPoint"",""coordinates"":[]}"
1597,679.6312866821829,2025-05-17,68,"{""type"":""MultiPoint"",""coordinates"":[]}"
1598,943.9418471952256,2025-05-18,68,"{""type"":""MultiPoint"",""coordinates"":[]}"
1599,1197.967680644042,2025-05-19,67,"{""type"":""MultiPoint"",""coordinates"":[]}"
1600,1520.8322219415993,2025-05-20,67,"{""type"":""MultiPoint"",""coordinates"":[]}"
1601,982.79466533064,2025-05-21,67,"{""type"":""MultiPoint"",""coordinates"":[]}"
1602,1112.1697993122166,2025-05-22,68,"{""type"":""MultiPoint"",""coordinates"":[]}"
1603,1036.6110821673658,2025-05-23,68,"{""type"":""MultiPoint"",""coordinates"":[]}"
1604,1100.7650604729213,2025-05-24,67,"{""type"":""MultiPoint"",""coordinates"":[]}"
1605,1032.958185840708,2025-05-25,67,"{""type"":""MultiPoint"",""coordinates"":[]}"
1606,1581.3595404909431,2025-05-26,67,"{""type"":""MultiPoint"",""coordinates"":[]}"
1607,777.0126313798626,2025-05-27,67,"{""type"":""MultiPoint"",""coordinates"":[]}"
1608,2025.0996437254182,2025-05-28,68,"{""type"":""MultiPoint"",""coordinates"":[]}"
1609,1514.6435394170792,2025-05-29,67,"{""type"":""MultiPoint"",""coordinates"":[]}"
1610,1101.367816091954,2025-05-30,67,"{""type"":""MultiPoint"",""coordinates"":[]}"
1611,993.5182189668208,2025-05-31,67,"{""type"":""MultiPoint"",""coordinates"":[]}"
1612,1167.5720847114537,2025-06-01,68,"{""type"":""MultiPoint"",""coordinates"":[]}"
1613,919.3127120474014,2025-06-02,68,"{""type"":""MultiPoint"",""coordinates"":[]}"
1614,998.466601178782,2025-06-03,67,"{""type"":""MultiPoint"",""coordinates"":[]}"
1615,910.5596006741865,2025-06-04,67,"{""type"":""MultiPoint"",""coordinates"":[]}"
1616,780.9423281254,2025-06-05,67,"{""type"":""MultiPoint"",""coordinates"":[]}"
1617,754.6533131008296,2025-06-06,68,"{""type"":""MultiPoint"",""coordinates"":[]}"
1618,1106.0924164048358,2025-06-07,68,"{""type"":""MultiPoint"",""coordinates"":[]}"
1619,1000.8795364944635,2025-06-08,67,"{""type"":""MultiPoint"",""coordinates"":[]}"
1620,884.7970179833815,2025-06-09,67,"{""type"":""MultiPoint"",""coordinates"":[]}"
1621,593.6159622503361,2025-06-10,67,"{""type"":""MultiPoint"",""coordinates"":[]}"
1622,904.4766277689846,2025-06-11,68,"{""type"":""MultiPoint"",""coordinates"":[]}"
1623,1289.4444479442627,2025-06-12,67,"{""type"":""MultiPoint"",""coordinates"":[]}"
1624,1304.6492672458348,2025-06-13,67,"{""type"":""MultiPoint"",""coordinates"":[]}"
1625,1673.9592609558265,2025-06-14,67,"{""type"":""MultiPoint"",""coordinates"":[]}"
1626,1528.4627993123984,2025-06-15,67,"{""type"":""MultiPoint"",""coordinates"":[]}"
1627,876.2951807228916,2025-06-16,68,"{""type"":""MultiPoint"",""coordinates"":[]}"
1628,,2025-06-17,66,"{""type"":""MultiPoint"",""coordinates"":[]}"
1629,,2025-06-18,67,"{""type"":""MultiPoint"",""coordinates"":[]}"
1630,661.8783841478729,2025-06-19,67,"{""type"":""MultiPoint"",""coordinates"":[]}"
1631,,2025-06-20,67,"{""type"":""MultiPoint"",""coordinates"":[]}"
1632,721.057104079222,2025-06-21,68,"{""type"":""MultiPoint"",""coordinates"":[]}"
1633,,2025-06-22,66,"{""type"":""MultiPoint"",""coordinates"":[]}"
1634,,2025-06-23,67,"{""type"":""MultiPoint"",""coordinates"":[]}"
1635,2702.0543518709956,2025-06-24,68,"{""type"":""MultiPoint"",""coordinates"":[]}"
1636,,2025-06-25,67,"{""type"":""MultiPoint"",""coordinates"":[]}"
1637,781.899966511984,2025-06-26,68,"{""type"":""MultiPoint"",""coordinates"":[]}"
1638,546.4913635949321,2025-06-27,66,"{""type"":""MultiPoint"",""coordinates"":[]}"
1639,524.2,2025-06-28,67,"{""type"":""MultiPoint"",""coordinates"":[]}"
1640,,2025-06-29,68,"{""type"":""MultiPoint"",""coordinates"":[]}"
1641,,2025-06-30,67,"{""type"":""MultiPoint"",""coordinates"":[]}"
1642,520.2662474141497,2025-07-01,68,"{""type"":""MultiPoint"",""coordinates"":[]}"
1643,565.4881535335156,2025-07-02,66,"{""type"":""MultiPoint"",""coordinates"":[]}"
1644,,2025-07-03,67,"{""type"":""MultiPoint"",""coordinates"":[]}"
1645,691.0266457836119,2025-07-04,68,"{""type"":""MultiPoint"",""coordinates"":[]}"
1646,1195.019193325517,2025-07-05,67,"{""type"":""MultiPoint"",""coordinates"":[]}"
1647,,2025-07-06,68,"{""type"":""MultiPoint"",""coordinates"":[]}"
1648,,2025-07-07,66,"{""type"":""MultiPoint"",""coordinates"":[]}"
1649,,2025-07-08,67,"{""type"":""MultiPoint"",""coordinates"":[]}"
1650,,2025-07-09,68,"{""type"":""MultiPoint"",""coordinates"":[]}"
1651,,2025-07-10,67,"{""type"":""MultiPoint"",""coordinates"":[]}"
1652,,2025-07-11,68,"{""type"":""MultiPoint"",""coordinates"":[]}"
1653,635.7608695652174,2025-07-12,66,"{""type"":""MultiPoint"",""coordinates"":[]}"
1654,531.1473650316623,2025-07-13,67,"{""type"":""MultiPoint"",""coordinates"":[]}"
1655,1579.8614926585003,2025-07-14,68,"{""type"":""MultiPoint"",""coordinates"":[]}"
1656,587.0,2025-07-15,66,"{""type"":""MultiPoint"",""coordinates"":[]}"
1657,1995.8538578978275,2025-07-16,68,"{""type"":""MultiPoint"",""coordinates"":[]}"
1658,967.1815208503681,2025-07-17,66,"{""type"":""MultiPoint"",""coordinates"":[]}"
1659,583.5,2025-07-18,68,"{""type"":""MultiPoint"",""coordinates"":[]}"
1660,533.2025758478318,2025-07-19,68,"{""type"":""MultiPoint"",""coordinates"":[]}"
1661,481.66375545851525,2025-07-20,66,"{""type"":""MultiPoint"",""coordinates"":[]}"
1662,,2025-07-21,68,"{""type"":""MultiPoint"",""coordinates"":[]}"
1663,,2025-07-22,66,"{""type"":""MultiPoint"",""coordinates"":[]}"
1664,,2025-07-23,68,"{""type"":""MultiPoint"",""coordinates"":[]}"
1665,1448.5972996300866,2025-07-24,67,"{""type"":""MultiPoint"",""coordinates"":[]}"
1666,729.7363416413851,2025-07-25,66,"{""type"":""MultiPoint"",""coordinates"":[]}"
1667,435.9893479991947,2025-07-26,68,"{""type"":""MultiPoint"",""coordinates"":[]}"
1668,520.4279270445185,2025-07-27,67,"{""type"":""MultiPoint"",""coordinates"":[]}"
1669,,2025-07-28,68,"{""type"":""MultiPoint"",""coordinates"":[]}"
1670,,2025-07-29,68,"{""type"":""MultiPoint"",""coordinates"":[]}"
1671,,2025-07-30,66,"{""type"":""MultiPoint"",""coordinates"":[]}"
1672,,2025-07-31,68,"{""type"":""MultiPoint"",""coordinates"":[]}"
1673,,2025-08-01,67,"{""type"":""MultiPoint"",""coordinates"":[]}"
1674,,2025-08-02,68,"{""type"":""MultiPoint"",""coordinates"":[]}"
1675,,2025-08-03,68,"{""type"":""MultiPoint"",""coordinates"":[]}"
1676,,2025-08-04,66,"{""type"":""MultiPoint"",""coordinates"":[]}"
1677,,2025-08-05,68,"{""type"":""MultiPoint"",""coordinates"":[]}"
1678,966.3960773919957,2025-08-06,67,"{""type"":""MultiPoint"",""coordinates"":[]}"
1679,500.3035440243649,2025-08-07,68,"{""type"":""MultiPoint"",""coordinates"":[]}"
1680,,2025-08-08,68,"{""type"":""MultiPoint"",""coordinates"":[]}"
1681,,2025-08-09,66,"{""type"":""MultiPoint"",""coordinates"":[]}"
1682,,2025-08-10,68,"{""type"":""MultiPoint"",""coordinates"":[]}"
1683,941.8570361452134,2025-08-11,67,"{""type"":""MultiPoint"",""coordinates"":[]}"
1684,1067.9692307692308,2025-08-12,68,"{""type"":""MultiPoint"",""coordinates"":[]}"
1685,554.289116690197,2025-08-13,68,"{""type"":""MultiPoint"",""coordinates"":[]}"
1686,,2025-08-14,66,"{""type"":""MultiPoint"",""coordinates"":[]}"
1687,,2025-08-15,68,"{""type"":""MultiPoint"",""coordinates"":[]}"
1688,826.2771957537714,2025-08-16,67,"{""type"":""MultiPoint"",""coordinates"":[]}"
1689,565.9,2025-08-17,67,"{""type"":""MultiPoint"",""coordinates"":[]}"
1690,469.1141489785971,2025-08-18,68,"{""type"":""MultiPoint"",""coordinates"":[]}"
1691,495.8985427276595,2025-08-19,66,"{""type"":""MultiPoint"",""coordinates"":[]}"
1692,415.24994388687605,2025-08-20,68,"{""type"":""MultiPoint"",""coordinates"":[]}"
1693,471.3993534014728,2025-08-21,67,"{""type"":""MultiPoint"",""coordinates"":[]}"
1694,,2025-08-22,67,"{""type"":""MultiPoint"",""coordinates"":[]}"
1695,522.2857142857143,2025-08-23,68,"{""type"":""MultiPoint"",""coordinates"":[]}"
1696,424.8231041901447,2025-08-24,66,"{""type"":""MultiPoint"",""coordinates"":[]}"
1697,,2025-08-25,68,"{""type"":""MultiPoint"",""coordinates"":[]}"
1698,563.7787975525406,2025-08-26,67,"{""type"":""MultiPoint"",""coordinates"":[]}"
1699,1174.1052631578948,2025-08-27,67,"{""type"":""MultiPoint"",""coordinates"":[]}"
1700,,2025-08-28,68,"{""type"":""MultiPoint"",""coordinates"":[]}"
1701,,2025-08-29,67,"{""type"":""MultiPoint"",""coordinates"":[]}"
1702,668.9287484888819,2025-08-30,68,"{""type"":""MultiPoint"",""coordinates"":[]}"
1703,,2025-08-31,67,"{""type"":""MultiPoint"",""coordinates"":[]}"
1704,,2025-09-01,67,"{""type"":""MultiPoint"",""coordinates"":[]}"
1705,,2025-09-02,68,"{""type"":""MultiPoint"",""coordinates"":[]}"
1706,,2025-09-03,67,"{""type"":""MultiPoint"",""coordinates"":[]}"
1707,471.0638409271603,2025-09-04,68,"{""type"":""MultiPoint"",""coordinates"":[]}"
1708,531.8949754734311,2025-09-05,67,"{""type"":""MultiPoint"",""coordinates"":[]}"
1709,530.2922826650458,2025-09-06,67,"{""type"":""MultiPoint"",""coordinates"":[]}"
1710,595.0,2025-09-07,68,"{""type"":""MultiPoint"",""coordinates"":[]}"
1711,299.4302761940038,2025-09-08,67,"{""type"":""MultiPoint"",""coordinates"":[]}"
1712,514.7387250743349,2025-09-09,68,"{""type"":""MultiPoint"",""coordinates"":[]}"
1713,450.8269261024618,2025-09-10,63,"{""type"":""MultiPoint"",""coordinates"":[]}"
1714,358.16147578739964,2025-09-11,63,"{""type"":""MultiPoint"",""coordinates"":[]}"
1715,606.7108865900896,2025-09-12,62,"{""type"":""MultiPoint"",""coordinates"":[]}"
1716,359.8301718650814,2025-09-13,57,"{""type"":""MultiPoint"",""coordinates"":[]}"
1717,809.2835469204656,2025-09-14,55,"{""type"":""MultiPoint"",""coordinates"":[]}"
1718,408.34445156351256,2025-09-15,53,"{""type"":""MultiPoint"",""coordinates"":[]}"
1719,572.8266045906478,2025-09-16,49,"{""type"":""MultiPoint"",""coordinates"":[]}"
1720,1351.3456072356498,2025-09-17,48,"{""type"":""MultiPoint"",""coordinates"":[]}"
1721,988.5699471615483,2025-09-18,42,"{""type"":""MultiPoint"",""coordinates"":[]}"
1722,1337.9837402615913,2025-09-19,39,"{""type"":""MultiPoint"",""coordinates"":[]}"
1723,568.6046442534868,2025-09-20,37,"{""type"":""MultiPoint"",""coordinates"":[]}"
1724,593.149793068201,2025-09-21,32,"{""type"":""MultiPoint"",""coordinates"":[]}"
1725,524.5250435817229,2025-09-22,26,"{""type"":""MultiPoint"",""coordinates"":[]}"
1726,288.1211020634287,2025-09-23,3,"{""type"":""MultiPoint"",""coordinates"":[]}"
1727,308.3617690956895,2025-09-24,3,"{""type"":""MultiPoint"",""coordinates"":[]}"
1728,349.11822992395116,2025-09-25,19,"{""type"":""MultiPoint"",""coordinates"":[]}"
1729,423.94996505067945,2025-09-26,27,"{""type"":""MultiPoint"",""coordinates"":[]}"
1730,665.9173567023388,2025-09-27,37,"{""type"":""MultiPoint"",""coordinates"":[]}"
1731,381.34204552678597,2025-09-28,40,"{""type"":""MultiPoint"",""coordinates"":[]}"
1732,719.249691032006,2025-09-29,41,"{""type"":""MultiPoint"",""coordinates"":[]}"
1733,,2025-09-30,47,"{""type"":""MultiPoint"",""coordinates"":[]}"
1734,1295.2509544282252,2025-10-01,54,"{""type"":""MultiPoint"",""coordinates"":[]}"
1735,1969.8941530683205,2025-10-02,53,"{""type"":""MultiPoint"",""coordinates"":[]}"
1736,417.3413486787198,2025-10-03,59,"{""type"":""MultiPoint"",""coordinates"":[]}"
1737,866.6360054534576,2025-10-04,60,"{""type"":""MultiPoint"",""coordinates"":[]}"
1738,750.3096965317535,2025-10-05,67,"{""type"":""MultiPoint"",""coordinates"":[]}"
1739,,2025-10-06,70,"{""type"":""MultiPoint"",""coordinates"":[]}"
1740,521.7645426721198,2025-10-07,67,"{""type"":""MultiPoint"",""coordinates"":[]}"
1741,655.0446230719108,2025-10-08,78,"{""type"":""MultiPoint"",""coordinates"":[]}"
1742,767.4731782777756,2025-10-09,78,"{""type"":""MultiPoint"",""coordinates"":[]}"
1743,468.5781898149284,2025-10-10,76,"{""type"":""MultiPoint"",""coordinates"":[]}"
1744,924.9019621741209,2025-10-11,82,"{""type"":""MultiPoint"",""coordinates"":[]}"
1745,440.43018008968653,2025-10-12,80,"{""type"":""MultiPoint"",""coordinates"":[]}"
1746,443.88015220158513,2025-10-13,85,"{""type"":""MultiPoint"",""coordinates"":[]}"
1747,501.13735721153694,2025-10-14,85,"{""type"":""MultiPoint"",""coordinates"":[]}"
1748,492.604504356812,2025-10-15,85,"{""type"":""MultiPoint"",""coordinates"":[]}"
1749,681.7888459828595,2025-10-16,88,"{""type"":""MultiPoint"",""coordinates"":[]}"
1750,770.1526300155812,2025-10-17,82,"{""type"":""MultiPoint"",""coordinates"":[]}"
1751,815.0082170037309,2025-10-18,88,"{""type"":""MultiPoint"",""coordinates"":[]}"
1752,1158.6546196601446,2025-10-19,88,"{""type"":""MultiPoint"",""coordinates"":[]}"
1753,1403.8074687744909,2025-10-20,87,"{""type"":""MultiPoint"",""coordinates"":[]}"
1754,3227.070421337901,2025-10-21,90,"{""type"":""MultiPoint"",""coordinates"":[]}"
1755,1967.7996731429332,2025-10-22,86,"{""type"":""MultiPoint"",""coordinates"":[]}"
1756,887.6845505631723,2025-10-23,91,"{""type"":""MultiPoint"",""coordinates"":[]}"
1757,982.9689276327081,2025-10-24,91,"{""type"":""MultiPoint"",""coordinates"":[]}"
1758,1367.673260662755,2025-10-25,91,"{""type"":""MultiPoint"",""coordinates"":[]}"
1759,934.501181340261,2025-10-26,95,"{""type"":""MultiPoint"",""coordinates"":[]}"
1760,1126.4696956418343,2025-10-27,91,"{""type"":""MultiPoint"",""coordinates"":[]}"
1761,547.6143434488366,2025-10-28,96,"{""type"":""MultiPoint"",""coordinates"":[]}"
1762,503.3333333333333,2025-10-29,100,"{""type"":""MultiPoint"",""coordinates"":[]}"
1763,805.6169772805594,2025-10-30,99,"{""type"":""MultiPoint"",""coordinates"":[]}"
1764,3821.301729111838,2025-10-31,100,"{""type"":""MultiPoint"",""coordinates"":[]}"
1765,2604.417227894535,2025-11-01,98,"{""type"":""MultiPoint"",""coordinates"":[]}"
1766,1110.3737903802994,2025-11-02,99,"{""type"":""MultiPoint"",""coordinates"":[]}"
1767,1494.8321915366885,2025-11-03,100,"{""type"":""MultiPoint"",""coordinates"":[]}"
1768,852.9713651831514,2025-11-04,98,"{""type"":""MultiPoint"",""coordinates"":[]}"
1769,714.7254452770254,2025-11-05,100,"{""type"":""MultiPoint"",""coordinates"":[]}"
1770,606.2403635679482,2025-11-06,98,"{""type"":""MultiPoint"",""coordinates"":[]}"
1771,514.7924673013956,2025-11-07,99,"{""type"":""MultiPoint"",""coordinates"":[]}"
1772,1425.4955188275721,2025-11-08,100,"{""type"":""MultiPoint"",""coordinates"":[]}"
1773,957.3709795263683,2025-11-09,98,"{""type"":""MultiPoint"",""coordinates"":[]}"
1774,1728.6619437755844,2025-11-10,100,"{""type"":""MultiPoint"",""coordinates"":[]}"
1775,1257.3177837592675,2025-11-11,99,"{""type"":""MultiPoint"",""coordinates"":[]}"
1776,1338.3573393211918,2025-11-12,99,"{""type"":""MultiPoint"",""coordinates"":[]}"
1777,1579.9243374578655,2025-11-13,99,"{""type"":""MultiPoint"",""coordinates"":[]}"
1778,1345.732506167798,2025-11-14,98,"{""type"":""MultiPoint"",""coordinates"":[]}"
1779,1223.6802885499735,2025-11-15,100,"{""type"":""MultiPoint"",""coordinates"":[]}"
1780,728.978515331216,2025-11-16,99,"{""type"":""MultiPoint"",""coordinates"":[]}"
1781,1124.973096378918,2025-11-17,99,"{""type"":""MultiPoint"",""coordinates"":[]}"
1782,1022.1230027541744,2025-11-18,100,"{""type"":""MultiPoint"",""coordinates"":[]}"
1783,919.2765061657435,2025-11-19,98,"{""type"":""MultiPoint"",""coordinates"":[]}"
1784,1834.5733694670926,2025-11-20,100,"{""type"":""MultiPoint"",""coordinates"":[]}"
1785,1442.0141903893066,2025-11-21,99,"{""type"":""MultiPoint"",""coordinates"":[]}"
1786,1679.207981319799,2025-11-22,98,"{""type"":""MultiPoint"",""coordinates"":[]}"
1787,1491.527113135491,2025-11-23,100,"{""type"":""MultiPoint"",""coordinates"":[]}"
1788,873.860255561412,2025-11-24,98,"{""type"":""MultiPoint"",""coordinates"":[]}"
1789,871.8055293882383,2025-11-25,100,"{""type"":""MultiPoint"",""coordinates"":[]}"
1790,779.7857102348488,2025-11-26,99,"{""type"":""MultiPoint"",""coordinates"":[]}"
1791,713.9403809881329,2025-11-27,98,"{""type"":""MultiPoint"",""coordinates"":[]}"
1792,655.699983163537,2025-11-28,100,"{""type"":""MultiPoint"",""coordinates"":[]}"
1793,790.8647040638587,2025-11-29,99,"{""type"":""MultiPoint"",""coordinates"":[]}"
1794,644.3955142543983,2025-11-30,100,"{""type"":""MultiPoint"",""coordinates"":[]}"
1795,614.3159362174963,2025-12-01,99,"{""type"":""MultiPoint"",""coordinates"":[]}"
1796,1373.989134343096,2025-12-02,98,"{""type"":""MultiPoint"",""coordinates"":[]}"
1797,602.3352895149754,2025-12-03,100,"{""type"":""MultiPoint"",""coordinates"":[]}"
1798,592.6481735204502,2025-12-04,99,"{""type"":""MultiPoint"",""coordinates"":[]}"
1799,965.6083123399297,2025-12-05,99,"{""type"":""MultiPoint"",""coordinates"":[]}"
1800,494.43707404327995,2025-12-06,99,"{""type"":""MultiPoint"",""coordinates"":[]}"
1801,481.7000453992325,2025-12-07,98,"{""type"":""MultiPoint"",""coordinates"":[]}"
1802,507.96980567357446,2025-12-08,100,"{""type"":""MultiPoint"",""coordinates"":[]}"
1803,433.57987154845534,2025-12-09,98,"{""type"":""MultiPoint"",""coordinates"":[]}"
1804,493.0361668712741,2025-12-10,100,"{""type"":""MultiPoint"",""coordinates"":[]}"
1805,644.5117183699231,2025-12-11,99,"{""type"":""MultiPoint"",""coordinates"":[]}"
1806,829.641545955726,2025-12-12,98,"{""type"":""MultiPoint"",""coordinates"":[]}"
1807,1692.8065717455402,2025-12-13,100,"{""type"":""MultiPoint"",""coordinates"":[]}"
1808,1449.97821785036,2025-12-14,99,"{""type"":""MultiPoint"",""coordinates"":[]}"
1809,1168.4257848181599,2025-12-15,99,"{""type"":""MultiPoint"",""coordinates"":[]}"
1810,525.047673546942,2025-12-16,99,"{""type"":""MultiPoint"",""coordinates"":[]}"
1811,857.8894929124085,2025-12-17,98,"{""type"":""MultiPoint"",""coordinates"":[]}"
1812,513.060606060606,2025-12-18,100,"{""type"":""MultiPoint"",""coordinates"":[]}"
1813,628.2067185055805,2025-12-19,99,"{""type"":""MultiPoint"",""coordinates"":[]}"
1814,2012.3000697153889,2025-12-20,99,"{""type"":""MultiPoint"",""coordinates"":[]}"
1815,,2025-12-21,99,"{""type"":""MultiPoint"",""coordinates"":[]}"
1816,1017.4501582133983,2025-12-22,99,"{""type"":""MultiPoint"",""coordinates"":[]}"
1817,1382.5999931506908,2025-12-23,100,"{""type"":""MultiPoint"",""coordinates"":[]}"
1818,333.975962074315,2025-12-24,99,"{""type"":""MultiPoint"",""coordinates"":[]}"
1819,1074.2358489242044,2025-12-25,99,"{""type"":""MultiPoint"",""coordinates"":[]}"
1820,1093.2234602957965,2025-12-26,99,"{""type"":""MultiPoint"",""coordinates"":[]}"
1821,864.4222184120279,2025-12-27,100,"{""type"":""MultiPoint"",""coordinates"":[]}"
1822,1664.2027617112406,2025-12-28,100,"{""type"":""MultiPoint"",""coordinates"":[]}"
1823,1142.180945001346,2025-12-29,98,"{""type"":""MultiPoint"",""coordinates"":[]}"
1824,,2025-12-30,98,"{""type"":""MultiPoint"",""coordinates"":[]}"
1825,,2025-12-31,98,"{""type"":""MultiPoint"",""coordinates"":[]}"
