system:index,NO2,date,image_count,.geo
0,1.5864169873418328E-4,2021-01-01,15,"{""type"":""MultiPoint"",""coordinates"":[]}"
1,,2021-01-02,14,"{""type"":""MultiPoint"",""coordinates"":[]}"
2,,2021-01-03,14,"{""type"":""MultiPoint"",""coordinates"":[]}"
3,6.237863608904417E-5,2021-01-04,14,"{""type"":""MultiPoint"",""coordinates"":[]}"
4,6.89448932814682E-5,2021-01-05,14,"{""type"":""MultiPoint"",""coordinates"":[]}"
5,4.9443233681010354E-5,2021-01-06,14,"{""type"":""MultiPoint"",""coordinates"":[]}"
6,,2021-01-07,14,"{""type"":""MultiPoint"",""coordinates"":[]}"
7,4.5693149765985134E-5,2021-01-08,14,"{""type"":""MultiPoint"",""coordinates"":[]}"
8,6.788075418129167E-5,2021-01-09,14,"{""type"":""MultiPoint"",""coordinates"":[]}"
9,9.083872253454177E-5,2021-01-10,14,"{""type"":""MultiPoint"",""coordinates"":[]}"
10,9.84477383505297E-5,2021-01-11,14,"{""type"":""MultiPoint"",""coordinates"":[]}"
11,1.3061588149483562E-4,2021-01-12,15,"{""type"":""MultiPoint"",""coordinates"":[]}"
12,1.1112067811754545E-4,2021-01-13,14,"{""type"":""MultiPoint"",""coordinates"":[]}"
13,1.6724002965710954E-4,2021-01-14,14,"{""type"":""MultiPoint"",""coordinates"":[]}"
14,2.1761089353380294E-4,2021-01-15,14,"{""type"":""MultiPoint"",""coordinates"":[]}"
15,1.9453537665791394E-4,2021-01-16,14,"{""type"":""MultiPoint"",""coordinates"":[]}"
16,1.2502904270490303E-4,2021-01-17,15,"{""type"":""MultiPoint"",""coordinates"":[]}"
17,,2021-01-18,12,"{""type"":""MultiPoint"",""coordinates"":[]}"
18,9.09855389911646E-5,2021-01-19,14,"{""type"":""MultiPoint"",""coordinates"":[]}"
19,8.705317183196373E-5,2021-01-20,14,"{""type"":""MultiPoint"",""coordinates"":[]}"
20,7.547858500052598E-5,2021-01-21,14,"{""type"":""MultiPoint"",""coordinates"":[]}"
21,1.6798665314172092E-4,2021-01-22,15,"{""type"":""MultiPoint"",""coordinates"":[]}"
22,1.1597741974783372E-4,2021-01-23,14,"{""type"":""MultiPoint"",""coordinates"":[]}"
23,4.037907056510997E-5,2021-01-24,14,"{""type"":""MultiPoint"",""coordinates"":[]}"
24,9.69201061339305E-5,2021-01-25,14,"{""type"":""MultiPoint"",""coordinates"":[]}"
25,1.206217448121369E-4,2021-01-26,14,"{""type"":""MultiPoint"",""coordinates"":[]}"
26,1.2567083348538028E-4,2021-01-27,14,"{""type"":""MultiPoint"",""coordinates"":[]}"
27,2.619187858192201E-4,2021-01-28,15,"{""type"":""MultiPoint"",""coordinates"":[]}"
28,1.2896661835275374E-4,2021-01-29,14,"{""type"":""MultiPoint"",""coordinates"":[]}"
29,1.0237295624707847E-4,2021-01-30,14,"{""type"":""MultiPoint"",""coordinates"":[]}"
30,1.5973724745365126E-4,2021-01-31,14,"{""type"":""MultiPoint"",""coordinates"":[]}"
31,1.5808352855620282E-4,2021-02-01,14,"{""type"":""MultiPoint"",""coordinates"":[]}"
32,1.9265602090522054E-4,2021-02-02,15,"{""type"":""MultiPoint"",""coordinates"":[]}"
33,1.300162787788108E-4,2021-02-03,14,"{""type"":""MultiPoint"",""coordinates"":[]}"
34,8.218380390964589E-5,2021-02-04,14,"{""type"":""MultiPoint"",""coordinates"":[]}"
35,1.0175047392421996E-4,2021-02-05,14,"{""type"":""MultiPoint"",""coordinates"":[]}"
36,6.851047594382285E-5,2021-02-06,14,"{""type"":""MultiPoint"",""coordinates"":[]}"
37,7.715821623070005E-5,2021-02-07,14,"{""type"":""MultiPoint"",""coordinates"":[]}"
38,1.506646821016433E-4,2021-02-08,15,"{""type"":""MultiPoint"",""coordinates"":[]}"
39,1.3572743893832477E-4,2021-02-09,14,"{""type"":""MultiPoint"",""coordinates"":[]}"
40,9.403061263901708E-5,2021-02-10,14,"{""type"":""MultiPoint"",""coordinates"":[]}"
41,1.3237164609062867E-4,2021-02-11,14,"{""type"":""MultiPoint"",""coordinates"":[]}"
42,1.9598185777276964E-4,2021-02-12,14,"{""type"":""MultiPoint"",""coordinates"":[]}"
43,1.873495563278211E-4,2021-02-13,15,"{""type"":""MultiPoint"",""coordinates"":[]}"
44,1.4079128422709726E-4,2021-02-14,14,"{""type"":""MultiPoint"",""coordinates"":[]}"
45,9.42993855759222E-5,2021-02-15,14,"{""type"":""MultiPoint"",""coordinates"":[]}"
46,1.129542032142463E-4,2021-02-16,14,"{""type"":""MultiPoint"",""coordinates"":[]}"
47,1.2136069530683783E-4,2021-02-17,14,"{""type"":""MultiPoint"",""coordinates"":[]}"
48,1.5056893875632247E-4,2021-02-18,15,"{""type"":""MultiPoint"",""coordinates"":[]}"
49,1.494432226635678E-4,2021-02-19,14,"{""type"":""MultiPoint"",""coordinates"":[]}"
50,9.667845494587998E-5,2021-02-20,14,"{""type"":""MultiPoint"",""coordinates"":[]}"
51,7.154868494634594E-5,2021-02-21,14,"{""type"":""MultiPoint"",""coordinates"":[]}"
52,7.131030913472538E-5,2021-02-22,14,"{""type"":""MultiPoint"",""coordinates"":[]}"
53,9.398537763045238E-5,2021-02-23,14,"{""type"":""MultiPoint"",""coordinates"":[]}"
54,1.031948974960221E-4,2021-02-24,15,"{""type"":""MultiPoint"",""coordinates"":[]}"
55,7.274997973025195E-5,2021-02-25,14,"{""type"":""MultiPoint"",""coordinates"":[]}"
56,4.232605077035522E-5,2021-02-26,14,"{""type"":""MultiPoint"",""coordinates"":[]}"
57,5.766867439119721E-5,2021-02-27,14,"{""type"":""MultiPoint"",""coordinates"":[]}"
58,8.320738118251752E-5,2021-02-28,14,"{""type"":""MultiPoint"",""coordinates"":[]}"
59,6.0586015934058495E-5,2021-03-01,15,"{""type"":""MultiPoint"",""coordinates"":[]}"
60,4.9059539561302205E-5,2021-03-02,14,"{""type"":""MultiPoint"",""coordinates"":[]}"
61,5.3899839356959805E-5,2021-03-03,14,"{""type"":""MultiPoint"",""coordinates"":[]}"
62,9.705136354300874E-5,2021-03-04,14,"{""type"":""MultiPoint"",""coordinates"":[]}"
63,5.432247185144349E-5,2021-03-05,14,"{""type"":""MultiPoint"",""coordinates"":[]}"
64,6.568125896884506E-5,2021-03-06,15,"{""type"":""MultiPoint"",""coordinates"":[]}"
65,7.138557462337468E-5,2021-03-07,14,"{""type"":""MultiPoint"",""coordinates"":[]}"
66,6.127604365416514E-5,2021-03-08,14,"{""type"":""MultiPoint"",""coordinates"":[]}"
67,7.471814497106922E-5,2021-03-09,14,"{""type"":""MultiPoint"",""coordinates"":[]}"
68,9.911471056376169E-5,2021-03-10,14,"{""type"":""MultiPoint"",""coordinates"":[]}"
69,9.250948682621417E-5,2021-03-11,14,"{""type"":""MultiPoint"",""coordinates"":[]}"
70,,2021-03-12,15,"{""type"":""MultiPoint"",""coordinates"":[]}"
71,8.849633571243784E-5,2021-03-13,14,"{""type"":""MultiPoint"",""coordinates"":[]}"
72,5.041443063136073E-5,2021-03-14,14,"{""type"":""MultiPoint"",""coordinates"":[]}"
73,5.222759249258919E-5,2021-03-15,14,"{""type"":""MultiPoint"",""coordinates"":[]}"
74,5.8078677835452584E-5,2021-03-16,14,"{""type"":""MultiPoint"",""coordinates"":[]}"
75,8.574606008299945E-5,2021-03-17,15,"{""type"":""MultiPoint"",""coordinates"":[]}"
76,7.013462851726334E-5,2021-03-18,14,"{""type"":""MultiPoint"",""coordinates"":[]}"
77,8.286105429497726E-5,2021-03-19,14,"{""type"":""MultiPoint"",""coordinates"":[]}"
78,6.815631542677676E-5,2021-03-20,14,"{""type"":""MultiPoint"",""coordinates"":[]}"
79,7.903628940398716E-5,2021-03-21,14,"{""type"":""MultiPoint"",""coordinates"":[]}"
80,5.096119084377292E-5,2021-03-22,15,"{""type"":""MultiPoint"",""coordinates"":[]}"
81,5.4113667751747324E-5,2021-03-23,14,"{""type"":""MultiPoint"",""coordinates"":[]}"
82,6.107607841941243E-5,2021-03-24,14,"{""type"":""MultiPoint"",""coordinates"":[]}"
83,4.059104354064477E-5,2021-03-25,14,"{""type"":""MultiPoint"",""coordinates"":[]}"
84,6.417439856014614E-5,2021-03-26,14,"{""type"":""MultiPoint"",""coordinates"":[]}"
85,7.815219526431692E-5,2021-03-27,14,"{""type"":""MultiPoint"",""coordinates"":[]}"
86,7.194864846799985E-5,2021-03-28,15,"{""type"":""MultiPoint"",""coordinates"":[]}"
87,5.501694531893752E-5,2021-03-29,14,"{""type"":""MultiPoint"",""coordinates"":[]}"
88,4.746467612569968E-5,2021-03-30,14,"{""type"":""MultiPoint"",""coordinates"":[]}"
89,6.125732481692971E-5,2021-03-31,14,"{""type"":""MultiPoint"",""coordinates"":[]}"
90,4.566736259758255E-5,2021-04-01,14,"{""type"":""MultiPoint"",""coordinates"":[]}"
91,5.1555462889328766E-5,2021-04-02,15,"{""type"":""MultiPoint"",""coordinates"":[]}"
92,7.435580906471686E-5,2021-04-03,14,"{""type"":""MultiPoint"",""coordinates"":[]}"
93,5.636471476694903E-5,2021-04-04,14,"{""type"":""MultiPoint"",""coordinates"":[]}"
94,1.0204675442319445E-4,2021-04-05,14,"{""type"":""MultiPoint"",""coordinates"":[]}"
95,9.330986830069736E-5,2021-04-06,14,"{""type"":""MultiPoint"",""coordinates"":[]}"
96,7.851695805688738E-5,2021-04-07,14,"{""type"":""MultiPoint"",""coordinates"":[]}"
97,6.1029824233395296E-5,2021-04-08,15,"{""type"":""MultiPoint"",""coordinates"":[]}"
98,5.720611265503882E-5,2021-04-09,14,"{""type"":""MultiPoint"",""coordinates"":[]}"
99,6.657520761183201E-5,2021-04-10,14,"{""type"":""MultiPoint"",""coordinates"":[]}"
100,6.748666786171524E-5,2021-04-11,14,"{""type"":""MultiPoint"",""coordinates"":[]}"
101,7.682967607753271E-5,2021-04-12,14,"{""type"":""MultiPoint"",""coordinates"":[]}"
102,,2021-04-13,13,"{""type"":""MultiPoint"",""coordinates"":[]}"
103,4.819721900342123E-5,2021-04-14,14,"{""type"":""MultiPoint"",""coordinates"":[]}"
104,5.583426885119015E-5,2021-04-15,14,"{""type"":""MultiPoint"",""coordinates"":[]}"
105,9.094080556409802E-5,2021-04-16,14,"{""type"":""MultiPoint"",""coordinates"":[]}"
106,7.402118762454436E-5,2021-04-17,14,"{""type"":""MultiPoint"",""coordinates"":[]}"
107,5.5851685823822684E-5,2021-04-18,15,"{""type"":""MultiPoint"",""coordinates"":[]}"
108,6.586057923253137E-5,2021-04-19,14,"{""type"":""MultiPoint"",""coordinates"":[]}"
109,3.1290844897264334E-5,2021-04-20,14,"{""type"":""MultiPoint"",""coordinates"":[]}"
110,5.506635098273178E-5,2021-04-21,14,"{""type"":""MultiPoint"",""coordinates"":[]}"
111,5.9789179683956475E-5,2021-04-22,14,"{""type"":""MultiPoint"",""coordinates"":[]}"
112,6.539228565588165E-5,2021-04-23,14,"{""type"":""MultiPoint"",""coordinates"":[]}"
113,5.594297473426607E-5,2021-04-24,15,"{""type"":""MultiPoint"",""coordinates"":[]}"
114,6.727878124764645E-5,2021-04-25,14,"{""type"":""MultiPoint"",""coordinates"":[]}"
115,8.142320965187477E-5,2021-04-26,14,"{""type"":""MultiPoint"",""coordinates"":[]}"
116,9.410138783234721E-5,2021-04-27,14,"{""type"":""MultiPoint"",""coordinates"":[]}"
117,9.056458908188942E-5,2021-04-28,14,"{""type"":""MultiPoint"",""coordinates"":[]}"
118,7.92388466815215E-5,2021-04-29,15,"{""type"":""MultiPoint"",""coordinates"":[]}"
119,6.82246230812717E-5,2021-04-30,14,"{""type"":""MultiPoint"",""coordinates"":[]}"
120,7.402032832912066E-5,2021-05-01,14,"{""type"":""MultiPoint"",""coordinates"":[]}"
121,7.082380012107804E-5,2021-05-02,14,"{""type"":""MultiPoint"",""coordinates"":[]}"
122,7.0724751005164E-5,2021-05-03,14,"{""type"":""MultiPoint"",""coordinates"":[]}"
123,,2021-05-04,14,"{""type"":""MultiPoint"",""coordinates"":[]}"
124,7.202168460346758E-5,2021-05-05,14,"{""type"":""MultiPoint"",""coordinates"":[]}"
125,5.103167861621598E-5,2021-05-06,14,"{""type"":""MultiPoint"",""coordinates"":[]}"
126,7.673716123027516E-5,2021-05-07,14,"{""type"":""MultiPoint"",""coordinates"":[]}"
127,8.091257363898419E-5,2021-05-08,14,"{""type"":""MultiPoint"",""coordinates"":[]}"
128,8.158732446132836E-5,2021-05-09,14,"{""type"":""MultiPoint"",""coordinates"":[]}"
129,6.579767575184822E-5,2021-05-10,15,"{""type"":""MultiPoint"",""coordinates"":[]}"
130,6.496282594894823E-5,2021-05-11,14,"{""type"":""MultiPoint"",""coordinates"":[]}"
131,5.8317739028248114E-5,2021-05-12,14,"{""type"":""MultiPoint"",""coordinates"":[]}"
132,5.846626078821265E-5,2021-05-13,14,"{""type"":""MultiPoint"",""coordinates"":[]}"
133,5.607524809025452E-5,2021-05-14,14,"{""type"":""MultiPoint"",""coordinates"":[]}"
134,4.5057146911948365E-5,2021-05-15,15,"{""type"":""MultiPoint"",""coordinates"":[]}"
135,4.0466227753088614E-5,2021-05-16,14,"{""type"":""MultiPoint"",""coordinates"":[]}"
136,,2021-05-17,14,"{""type"":""MultiPoint"",""coordinates"":[]}"
137,,2021-05-18,14,"{""type"":""MultiPoint"",""coordinates"":[]}"
138,,2021-05-19,14,"{""type"":""MultiPoint"",""coordinates"":[]}"
139,4.74040520146573E-5,2021-05-20,15,"{""type"":""MultiPoint"",""coordinates"":[]}"
140,2.0717048403254862E-5,2021-05-21,14,"{""type"":""MultiPoint"",""coordinates"":[]}"
141,3.1663746992171845E-5,2021-05-22,14,"{""type"":""MultiPoint"",""coordinates"":[]}"
142,4.0030996661135215E-5,2021-05-23,12,"{""type"":""MultiPoint"",""coordinates"":[]}"
143,5.464529025910366E-5,2021-05-24,14,"{""type"":""MultiPoint"",""coordinates"":[]}"
144,6.427019391037367E-5,2021-05-25,14,"{""type"":""MultiPoint"",""coordinates"":[]}"
145,6.362721929982725E-5,2021-05-26,15,"{""type"":""MultiPoint"",""coordinates"":[]}"
146,6.889273301264166E-5,2021-05-27,14,"{""type"":""MultiPoint"",""coordinates"":[]}"
147,5.1215982384383006E-5,2021-05-28,14,"{""type"":""MultiPoint"",""coordinates"":[]}"
148,5.003848951171211E-5,2021-05-29,14,"{""type"":""MultiPoint"",""coordinates"":[]}"
149,4.389401706067257E-5,2021-05-30,14,"{""type"":""MultiPoint"",""coordinates"":[]}"
150,4.796791664760168E-5,2021-05-31,15,"{""type"":""MultiPoint"",""coordinates"":[]}"
151,4.506226285354435E-5,2021-06-01,14,"{""type"":""MultiPoint"",""coordinates"":[]}"
152,6.001458951468551E-5,2021-06-02,14,"{""type"":""MultiPoint"",""coordinates"":[]}"
153,7.344312189176286E-5,2021-06-03,14,"{""type"":""MultiPoint"",""coordinates"":[]}"
154,6.536530666862086E-5,2021-06-04,14,"{""type"":""MultiPoint"",""coordinates"":[]}"
155,5.93416292241574E-5,2021-06-05,15,"{""type"":""MultiPoint"",""coordinates"":[]}"
156,5.936177389700245E-5,2021-06-06,14,"{""type"":""MultiPoint"",""coordinates"":[]}"
157,6.259179896148963E-5,2021-06-07,14,"{""type"":""MultiPoint"",""coordinates"":[]}"
158,5.177903120839026E-5,2021-06-08,14,"{""type"":""MultiPoint"",""coordinates"":[]}"
159,5.357280350253478E-5,2021-06-09,14,"{""type"":""MultiPoint"",""coordinates"":[]}"
160,6.971621394421856E-5,2021-06-10,14,"{""type"":""MultiPoint"",""coordinates"":[]}"
161,7.350829875722954E-5,2021-06-11,15,"{""type"":""MultiPoint"",""coordinates"":[]}"
162,4.262377436659076E-5,2021-06-12,14,"{""type"":""MultiPoint"",""coordinates"":[]}"
163,5.229705659646297E-5,2021-06-13,14,"{""type"":""MultiPoint"",""coordinates"":[]}"
164,6.782523257502296E-5,2021-06-14,14,"{""type"":""MultiPoint"",""coordinates"":[]}"
165,7.536394198156536E-5,2021-06-15,14,"{""type"":""MultiPoint"",""coordinates"":[]}"
166,5.767472441459272E-5,2021-06-16,15,"{""type"":""MultiPoint"",""coordinates"":[]}"
167,5.588789673721136E-5,2021-06-17,14,"{""type"":""MultiPoint"",""coordinates"":[]}"
168,4.785672853528636E-5,2021-06-18,14,"{""type"":""MultiPoint"",""coordinates"":[]}"
169,4.6780940510630086E-5,2021-06-19,14,"{""type"":""MultiPoint"",""coordinates"":[]}"
170,6.034681577987125E-5,2021-06-20,14,"{""type"":""MultiPoint"",""coordinates"":[]}"
171,5.9638507700820025E-5,2021-06-21,15,"{""type"":""MultiPoint"",""coordinates"":[]}"
172,6.58413001001007E-5,2021-06-22,14,"{""type"":""MultiPoint"",""coordinates"":[]}"
173,7.227147705181342E-5,2021-06-23,14,"{""type"":""MultiPoint"",""coordinates"":[]}"
174,7.656577900993788E-5,2021-06-24,14,"{""type"":""MultiPoint"",""coordinates"":[]}"
175,8.214318151678244E-5,2021-06-25,14,"{""type"":""MultiPoint"",""coordinates"":[]}"
176,8.316197600603395E-5,2021-06-26,14,"{""type"":""MultiPoint"",""coordinates"":[]}"
177,7.860201541104815E-5,2021-06-27,15,"{""type"":""MultiPoint"",""coordinates"":[]}"
178,8.548769252285112E-5,2021-06-28,14,"{""type"":""MultiPoint"",""coordinates"":[]}"
179,7.513035069375883E-5,2021-06-29,14,"{""type"":""MultiPoint"",""coordinates"":[]}"
180,5.7827429368337014E-5,2021-06-30,14,"{""type"":""MultiPoint"",""coordinates"":[]}"
181,5.77243192947023E-5,2021-07-01,14,"{""type"":""MultiPoint"",""coordinates"":[]}"
182,6.187020775643134E-5,2021-07-02,15,"{""type"":""MultiPoint"",""coordinates"":[]}"
183,5.977407893574773E-5,2021-07-03,14,"{""type"":""MultiPoint"",""coordinates"":[]}"
184,7.227251088999771E-5,2021-07-04,14,"{""type"":""MultiPoint"",""coordinates"":[]}"
185,7.341034174091277E-5,2021-07-05,14,"{""type"":""MultiPoint"",""coordinates"":[]}"
186,7.299646166779174E-5,2021-07-06,14,"{""type"":""MultiPoint"",""coordinates"":[]}"
187,6.50479383532147E-5,2021-07-07,15,"{""type"":""MultiPoint"",""coordinates"":[]}"
188,6.814991123846437E-5,2021-07-08,14,"{""type"":""MultiPoint"",""coordinates"":[]}"
189,6.824207025846523E-5,2021-07-09,14,"{""type"":""MultiPoint"",""coordinates"":[]}"
190,5.3939132325045696E-5,2021-07-10,14,"{""type"":""MultiPoint"",""coordinates"":[]}"
191,3.6040161350724753E-5,2021-07-11,14,"{""type"":""MultiPoint"",""coordinates"":[]}"
192,4.22328701750062E-5,2021-07-12,14,"{""type"":""MultiPoint"",""coordinates"":[]}"
193,5.899911358646086E-5,2021-07-13,15,"{""type"":""MultiPoint"",""coordinates"":[]}"
194,,2021-07-14,14,"{""type"":""MultiPoint"",""coordinates"":[]}"
195,6.956693697596932E-5,2021-07-15,14,"{""type"":""MultiPoint"",""coordinates"":[]}"
196,4.8834248870126296E-5,2021-07-16,14,"{""type"":""MultiPoint"",""coordinates"":[]}"
197,6.972704414060159E-5,2021-07-17,14,"{""type"":""MultiPoint"",""coordinates"":[]}"
198,,2021-07-18,15,"{""type"":""MultiPoint"",""coordinates"":[]}"
199,,2021-07-19,14,"{""type"":""MultiPoint"",""coordinates"":[]}"
200,4.550797813470926E-5,2021-07-20,14,"{""type"":""MultiPoint"",""coordinates"":[]}"
201,4.3200498239024575E-5,2021-07-21,14,"{""type"":""MultiPoint"",""coordinates"":[]}"
202,3.7144985793466634E-5,2021-07-22,14,"{""type"":""MultiPoint"",""coordinates"":[]}"
203,4.119441097931728E-5,2021-07-23,15,"{""type"":""MultiPoint"",""coordinates"":[]}"
204,4.50051718188142E-5,2021-07-24,14,"{""type"":""MultiPoint"",""coordinates"":[]}"
205,4.181022856217993E-5,2021-07-25,14,"{""type"":""MultiPoint"",""coordinates"":[]}"
206,,2021-07-26,14,"{""type"":""MultiPoint"",""coordinates"":[]}"
207,4.193001364610468E-5,2021-07-27,14,"{""type"":""MultiPoint"",""coordinates"":[]}"
208,,2021-07-28,14,"{""type"":""MultiPoint"",""coordinates"":[]}"
209,,2021-07-29,15,"{""type"":""MultiPoint"",""coordinates"":[]}"
210,6.743919893942929E-5,2021-07-30,14,"{""type"":""MultiPoint"",""coordinates"":[]}"
211,3.8739157000128253E-5,2021-07-31,14,"{""type"":""MultiPoint"",""coordinates"":[]}"
212,1.7058220349047577E-5,2021-08-01,14,"{""type"":""MultiPoint"",""coordinates"":[]}"
213,3.705588181685826E-5,2021-08-02,14,"{""type"":""MultiPoint"",""coordinates"":[]}"
214,2.517258071374864E-5,2021-08-03,15,"{""type"":""MultiPoint"",""coordinates"":[]}"
215,3.109963452940393E-5,2021-08-04,14,"{""type"":""MultiPoint"",""coordinates"":[]}"
216,3.5548942778391E-5,2021-08-05,14,"{""type"":""MultiPoint"",""coordinates"":[]}"
217,4.326154227693336E-5,2021-08-06,14,"{""type"":""MultiPoint"",""coordinates"":[]}"
218,2.967785354297755E-5,2021-08-07,14,"{""type"":""MultiPoint"",""coordinates"":[]}"
219,4.015892892466687E-5,2021-08-08,15,"{""type"":""MultiPoint"",""coordinates"":[]}"
220,4.1787680642974536E-5,2021-08-09,14,"{""type"":""MultiPoint"",""coordinates"":[]}"
221,4.430252741535475E-5,2021-08-10,14,"{""type"":""MultiPoint"",""coordinates"":[]}"
222,4.1782392131329666E-5,2021-08-11,14,"{""type"":""MultiPoint"",""coordinates"":[]}"
223,5.0177146292020873E-5,2021-08-12,14,"{""type"":""MultiPoint"",""coordinates"":[]}"
224,4.4177341221441504E-5,2021-08-13,14,"{""type"":""MultiPoint"",""coordinates"":[]}"
225,4.920534995300124E-5,2021-08-14,15,"{""type"":""MultiPoint"",""coordinates"":[]}"
226,3.665575572965402E-5,2021-08-15,14,"{""type"":""MultiPoint"",""coordinates"":[]}"
227,4.075333008121056E-5,2021-08-16,14,"{""type"":""MultiPoint"",""coordinates"":[]}"
228,4.7808321829809235E-5,2021-08-17,14,"{""type"":""MultiPoint"",""coordinates"":[]}"
229,5.5225495757558954E-5,2021-08-18,14,"{""type"":""MultiPoint"",""coordinates"":[]}"
230,5.3651955794036065E-5,2021-08-19,15,"{""type"":""MultiPoint"",""coordinates"":[]}"
231,,2021-08-20,14,"{""type"":""MultiPoint"",""coordinates"":[]}"
232,3.1259502785805604E-5,2021-08-21,14,"{""type"":""MultiPoint"",""coordinates"":[]}"
233,3.210956685747437E-5,2021-08-22,14,"{""type"":""MultiPoint"",""coordinates"":[]}"
234,4.922475793953786E-5,2021-08-23,14,"{""type"":""MultiPoint"",""coordinates"":[]}"
235,4.413871638524706E-5,2021-08-24,15,"{""type"":""MultiPoint"",""coordinates"":[]}"
236,3.661998797827311E-5,2021-08-25,14,"{""type"":""MultiPoint"",""coordinates"":[]}"
237,2.5089399603246326E-5,2021-08-26,14,"{""type"":""MultiPoint"",""coordinates"":[]}"
238,3.7161353408154905E-5,2021-08-27,14,"{""type"":""MultiPoint"",""coordinates"":[]}"
239,3.876318602651546E-5,2021-08-28,14,"{""type"":""MultiPoint"",""coordinates"":[]}"
240,3.617932897638494E-5,2021-08-29,14,"{""type"":""MultiPoint"",""coordinates"":[]}"
241,3.024022746457348E-5,2021-08-30,15,"{""type"":""MultiPoint"",""coordinates"":[]}"
242,,2021-08-31,14,"{""type"":""MultiPoint"",""coordinates"":[]}"
243,,2021-09-01,14,"{""type"":""MultiPoint"",""coordinates"":[]}"
244,3.786496573165385E-5,2021-09-02,14,"{""type"":""MultiPoint"",""coordinates"":[]}"
245,5.252540490214951E-5,2021-09-03,14,"{""type"":""MultiPoint"",""coordinates"":[]}"
246,4.926015456332441E-5,2021-09-04,15,"{""type"":""MultiPoint"",""coordinates"":[]}"
247,3.850792090998261E-5,2021-09-05,14,"{""type"":""MultiPoint"",""coordinates"":[]}"
248,5.376863738465992E-5,2021-09-06,14,"{""type"":""MultiPoint"",""coordinates"":[]}"
249,2.0333858645502457E-5,2021-09-07,14,"{""type"":""MultiPoint"",""coordinates"":[]}"
250,3.4243399383629925E-5,2021-09-08,14,"{""type"":""MultiPoint"",""coordinates"":[]}"
251,2.9566646722410364E-5,2021-09-09,15,"{""type"":""MultiPoint"",""coordinates"":[]}"
252,4.261826227305636E-5,2021-09-10,14,"{""type"":""MultiPoint"",""coordinates"":[]}"
253,,2021-09-11,14,"{""type"":""MultiPoint"",""coordinates"":[]}"
254,5.208566988711687E-5,2021-09-12,14,"{""type"":""MultiPoint"",""coordinates"":[]}"
255,3.686417853982943E-5,2021-09-13,14,"{""type"":""MultiPoint"",""coordinates"":[]}"
256,5.0179222784010805E-5,2021-09-14,15,"{""type"":""MultiPoint"",""coordinates"":[]}"
257,4.412081216111997E-5,2021-09-15,14,"{""type"":""MultiPoint"",""coordinates"":[]}"
258,,2021-09-16,14,"{""type"":""MultiPoint"",""coordinates"":[]}"
259,4.021542385443429E-5,2021-09-17,14,"{""type"":""MultiPoint"",""coordinates"":[]}"
260,2.9399133785873575E-5,2021-09-18,14,"{""type"":""MultiPoint"",""coordinates"":[]}"
261,3.308053118847685E-5,2021-09-19,14,"{""type"":""MultiPoint"",""coordinates"":[]}"
262,3.8757044187712004E-5,2021-09-20,15,"{""type"":""MultiPoint"",""coordinates"":[]}"
263,5.193316607717034E-5,2021-09-21,14,"{""type"":""MultiPoint"",""coordinates"":[]}"
264,4.636274437263697E-5,2021-09-22,14,"{""type"":""MultiPoint"",""coordinates"":[]}"
265,4.2743647457351615E-5,2021-09-23,14,"{""type"":""MultiPoint"",""coordinates"":[]}"
266,4.4112383089882605E-5,2021-09-24,14,"{""type"":""MultiPoint"",""coordinates"":[]}"
267,4.072769926078079E-5,2021-09-25,15,"{""type"":""MultiPoint"",""coordinates"":[]}"
268,3.966590017637279E-5,2021-09-26,14,"{""type"":""MultiPoint"",""coordinates"":[]}"
269,4.086568263593776E-5,2021-09-27,14,"{""type"":""MultiPoint"",""coordinates"":[]}"
270,4.5878695951495316E-5,2021-09-28,14,"{""type"":""MultiPoint"",""coordinates"":[]}"
271,4.11734679036816E-5,2021-09-29,14,"{""type"":""MultiPoint"",""coordinates"":[]}"
272,5.280618728074363E-5,2021-09-30,15,"{""type"":""MultiPoint"",""coordinates"":[]}"
273,6.344773597084859E-5,2021-10-01,14,"{""type"":""MultiPoint"",""coordinates"":[]}"
274,5.703299770208108E-5,2021-10-02,14,"{""type"":""MultiPoint"",""coordinates"":[]}"
275,3.892248856056951E-5,2021-10-03,14,"{""type"":""MultiPoint"",""coordinates"":[]}"
276,6.139631376226977E-5,2021-10-04,14,"{""type"":""MultiPoint"",""coordinates"":[]}"
277,8.61882249576529E-5,2021-10-05,14,"{""type"":""MultiPoint"",""coordinates"":[]}"
278,6.7782777759465E-5,2021-10-06,15,"{""type"":""MultiPoint"",""coordinates"":[]}"
279,6.83197005610773E-5,2021-10-07,14,"{""type"":""MultiPoint"",""coordinates"":[]}"
280,6.71076968251645E-5,2021-10-08,14,"{""type"":""MultiPoint"",""coordinates"":[]}"
281,8.160695755474034E-5,2021-10-09,14,"{""type"":""MultiPoint"",""coordinates"":[]}"
282,8.390810984110152E-5,2021-10-10,14,"{""type"":""MultiPoint"",""coordinates"":[]}"
283,9.752744872579792E-5,2021-10-11,15,"{""type"":""MultiPoint"",""coordinates"":[]}"
284,8.103197114097916E-5,2021-10-12,14,"{""type"":""MultiPoint"",""coordinates"":[]}"
285,6.913671489987503E-5,2021-10-13,14,"{""type"":""MultiPoint"",""coordinates"":[]}"
286,8.427124743676927E-5,2021-10-14,14,"{""type"":""MultiPoint"",""coordinates"":[]}"
287,8.673867124236328E-5,2021-10-15,14,"{""type"":""MultiPoint"",""coordinates"":[]}"
288,1.4038234689079255E-4,2021-10-16,15,"{""type"":""MultiPoint"",""coordinates"":[]}"
289,,2021-10-17,14,"{""type"":""MultiPoint"",""coordinates"":[]}"
290,,2021-10-18,14,"{""type"":""MultiPoint"",""coordinates"":[]}"
291,6.0525259414332884E-5,2021-10-19,14,"{""type"":""MultiPoint"",""coordinates"":[]}"
292,7.895165515317677E-5,2021-10-20,14,"{""type"":""MultiPoint"",""coordinates"":[]}"
293,8.71835498639787E-5,2021-10-21,13,"{""type"":""MultiPoint"",""coordinates"":[]}"
294,6.228786537414742E-5,2021-10-22,15,"{""type"":""MultiPoint"",""coordinates"":[]}"
295,8.750766824541136E-5,2021-10-23,14,"{""type"":""MultiPoint"",""coordinates"":[]}"
296,6.559688694170195E-5,2021-10-24,14,"{""type"":""MultiPoint"",""coordinates"":[]}"
297,7.44823225376547E-5,2021-10-25,14,"{""type"":""MultiPoint"",""coordinates"":[]}"
298,7.864327937307263E-5,2021-10-26,14,"{""type"":""MultiPoint"",""coordinates"":[]}"
299,8.816665793110515E-5,2021-10-27,15,"{""type"":""MultiPoint"",""coordinates"":[]}"
300,8.957500979432085E-5,2021-10-28,14,"{""type"":""MultiPoint"",""coordinates"":[]}"
301,9.45718120013808E-5,2021-10-29,14,"{""type"":""MultiPoint"",""coordinates"":[]}"
302,8.070730369006929E-5,2021-10-30,14,"{""type"":""MultiPoint"",""coordinates"":[]}"
303,8.658458187470404E-5,2021-10-31,14,"{""type"":""MultiPoint"",""coordinates"":[]}"
304,1.1293503416065322E-4,2021-11-01,15,"{""type"":""MultiPoint"",""coordinates"":[]}"
305,1.0485701138116647E-4,2021-11-02,14,"{""type"":""MultiPoint"",""coordinates"":[]}"
306,8.892199171243369E-5,2021-11-03,14,"{""type"":""MultiPoint"",""coordinates"":[]}"
307,6.668779660885559E-5,2021-11-04,14,"{""type"":""MultiPoint"",""coordinates"":[]}"
308,5.314867665556207E-5,2021-11-05,14,"{""type"":""MultiPoint"",""coordinates"":[]}"
309,6.150649431614982E-5,2021-11-06,14,"{""type"":""MultiPoint"",""coordinates"":[]}"
310,5.48335011411849E-5,2021-11-07,15,"{""type"":""MultiPoint"",""coordinates"":[]}"
311,6.472485772060682E-5,2021-11-08,14,"{""type"":""MultiPoint"",""coordinates"":[]}"
312,7.481524503298924E-5,2021-11-09,14,"{""type"":""MultiPoint"",""coordinates"":[]}"
313,9.608630141259459E-5,2021-11-10,14,"{""type"":""MultiPoint"",""coordinates"":[]}"
314,1.0788618984868295E-4,2021-11-11,14,"{""type"":""MultiPoint"",""coordinates"":[]}"
315,6.356875697811039E-5,2021-11-12,15,"{""type"":""MultiPoint"",""coordinates"":[]}"
316,1.0041843524777757E-4,2021-11-13,14,"{""type"":""MultiPoint"",""coordinates"":[]}"
317,9.16784675997703E-5,2021-11-14,14,"{""type"":""MultiPoint"",""coordinates"":[]}"
318,1.0485167027968401E-4,2021-11-15,14,"{""type"":""MultiPoint"",""coordinates"":[]}"
319,1.0329022512745723E-4,2021-11-16,14,"{""type"":""MultiPoint"",""coordinates"":[]}"
320,1.3343490455254814E-4,2021-11-17,15,"{""type"":""MultiPoint"",""coordinates"":[]}"
321,1.4067020018238897E-4,2021-11-18,14,"{""type"":""MultiPoint"",""coordinates"":[]}"
322,6.065946149371644E-5,2021-11-19,14,"{""type"":""MultiPoint"",""coordinates"":[]}"
323,1.1543045980501512E-4,2021-11-20,14,"{""type"":""MultiPoint"",""coordinates"":[]}"
324,6.777393779457166E-5,2021-11-21,14,"{""type"":""MultiPoint"",""coordinates"":[]}"
325,7.305331828404843E-5,2021-11-22,15,"{""type"":""MultiPoint"",""coordinates"":[]}"
326,9.281359918351305E-5,2021-11-23,14,"{""type"":""MultiPoint"",""coordinates"":[]}"
327,1.4577571837576906E-4,2021-11-24,14,"{""type"":""MultiPoint"",""coordinates"":[]}"
328,8.487934549058822E-5,2021-11-25,14,"{""type"":""MultiPoint"",""coordinates"":[]}"
329,1.2981185381520243E-4,2021-11-26,14,"{""type"":""MultiPoint"",""coordinates"":[]}"
330,1.1132302001155745E-4,2021-11-27,14,"{""type"":""MultiPoint"",""coordinates"":[]}"
331,7.072094292885425E-5,2021-11-28,15,"{""type"":""MultiPoint"",""coordinates"":[]}"
332,9.927339681836511E-5,2021-11-29,14,"{""type"":""MultiPoint"",""coordinates"":[]}"
333,7.867899595533981E-5,2021-11-30,14,"{""type"":""MultiPoint"",""coordinates"":[]}"
334,,2021-12-01,14,"{""type"":""MultiPoint"",""coordinates"":[]}"
335,,2021-12-02,14,"{""type"":""MultiPoint"",""coordinates"":[]}"
336,5.392687076824852E-5,2021-12-03,15,"{""type"":""MultiPoint"",""coordinates"":[]}"
337,1.0579565965482665E-4,2021-12-04,14,"{""type"":""MultiPoint"",""coordinates"":[]}"
338,8.291945741148533E-5,2021-12-05,14,"{""type"":""MultiPoint"",""coordinates"":[]}"
339,8.263101413249482E-5,2021-12-06,13,"{""type"":""MultiPoint"",""coordinates"":[]}"
340,8.530966042557468E-5,2021-12-07,14,"{""type"":""MultiPoint"",""coordinates"":[]}"
341,9.598301853117116E-5,2021-12-08,15,"{""type"":""MultiPoint"",""coordinates"":[]}"
342,1.1819386995790244E-4,2021-12-09,14,"{""type"":""MultiPoint"",""coordinates"":[]}"
343,8.608090155201051E-5,2021-12-10,14,"{""type"":""MultiPoint"",""coordinates"":[]}"
344,7.371355122107867E-5,2021-12-11,13,"{""type"":""MultiPoint"",""coordinates"":[]}"
345,1.0851990460990236E-4,2021-12-12,14,"{""type"":""MultiPoint"",""coordinates"":[]}"
346,1.6356824536750713E-4,2021-12-13,14,"{""type"":""MultiPoint"",""coordinates"":[]}"
347,7.933461267750111E-5,2021-12-14,15,"{""type"":""MultiPoint"",""coordinates"":[]}"
348,7.136617514172855E-5,2021-12-15,14,"{""type"":""MultiPoint"",""coordinates"":[]}"
349,6.149197848471296E-5,2021-12-16,14,"{""type"":""MultiPoint"",""coordinates"":[]}"
350,6.979249912364466E-5,2021-12-17,14,"{""type"":""MultiPoint"",""coordinates"":[]}"
351,7.851079376520454E-5,2021-12-18,14,"{""type"":""MultiPoint"",""coordinates"":[]}"
352,9.058166626396046E-5,2021-12-19,15,"{""type"":""MultiPoint"",""coordinates"":[]}"
353,1.1707298626889885E-4,2021-12-20,14,"{""type"":""MultiPoint"",""coordinates"":[]}"
354,1.7681697864471786E-4,2021-12-21,14,"{""type"":""MultiPoint"",""coordinates"":[]}"
355,1.7853212534634346E-4,2021-12-22,14,"{""type"":""MultiPoint"",""coordinates"":[]}"
356,1.315543618141182E-4,2021-12-23,14,"{""type"":""MultiPoint"",""coordinates"":[]}"
357,1.1936777067628627E-4,2021-12-24,15,"{""type"":""MultiPoint"",""coordinates"":[]}"
358,1.7279348561695601E-4,2021-12-25,14,"{""type"":""MultiPoint"",""coordinates"":[]}"
359,8.970819920940142E-5,2021-12-26,14,"{""type"":""MultiPoint"",""coordinates"":[]}"
360,7.963443166579246E-5,2021-12-27,14,"{""type"":""MultiPoint"",""coordinates"":[]}"
361,1.1234112860545169E-4,2021-12-28,14,"{""type"":""MultiPoint"",""coordinates"":[]}"
362,1.4645090308305987E-4,2021-12-29,14,"{""type"":""MultiPoint"",""coordinates"":[]}"
363,5.878652555154675E-5,2021-12-30,15,"{""type"":""MultiPoint"",""coordinates"":[]}"
364,1.2511301831969767E-4,2021-12-31,14,"{""type"":""MultiPoint"",""coordinates"":[]}"
365,1.5243069483878165E-4,2022-01-01,14,"{""type"":""MultiPoint"",""coordinates"":[]}"
366,1.860005956156255E-4,2022-01-02,14,"{""type"":""MultiPoint"",""coordinates"":[]}"
367,1.6402105514865833E-4,2022-01-03,14,"{""type"":""MultiPoint"",""coordinates"":[]}"
368,2.0584882454631505E-4,2022-01-04,15,"{""type"":""MultiPoint"",""coordinates"":[]}"
369,,2022-01-05,14,"{""type"":""MultiPoint"",""coordinates"":[]}"
370,3.720100943724727E-5,2022-01-06,14,"{""type"":""MultiPoint"",""coordinates"":[]}"
371,3.36796739508163E-5,2022-01-07,14,"{""type"":""MultiPoint"",""coordinates"":[]}"
372,6.372797886351299E-5,2022-01-08,14,"{""type"":""MultiPoint"",""coordinates"":[]}"
373,3.1280273263255196E-5,2022-01-09,15,"{""type"":""MultiPoint"",""coordinates"":[]}"
374,1.2019342614868855E-4,2022-01-10,13,"{""type"":""MultiPoint"",""coordinates"":[]}"
375,7.231513573414211E-5,2022-01-11,14,"{""type"":""MultiPoint"",""coordinates"":[]}"
376,8.224337414043998E-5,2022-01-12,14,"{""type"":""MultiPoint"",""coordinates"":[]}"
377,8.155800112470266E-5,2022-01-13,14,"{""type"":""MultiPoint"",""coordinates"":[]}"
378,1.1559973823839537E-4,2022-01-14,14,"{""type"":""MultiPoint"",""coordinates"":[]}"
379,,2022-01-15,15,"{""type"":""MultiPoint"",""coordinates"":[]}"
380,9.644544074256833E-5,2022-01-16,12,"{""type"":""MultiPoint"",""coordinates"":[]}"
381,1.8820077674305957E-4,2022-01-17,14,"{""type"":""MultiPoint"",""coordinates"":[]}"
382,1.2223028908140608E-4,2022-01-18,14,"{""type"":""MultiPoint"",""coordinates"":[]}"
383,1.5629345339083478E-4,2022-01-19,13,"{""type"":""MultiPoint"",""coordinates"":[]}"
384,9.416420850442796E-5,2022-01-20,13,"{""type"":""MultiPoint"",""coordinates"":[]}"
385,7.919525054338239E-5,2022-01-21,14,"{""type"":""MultiPoint"",""coordinates"":[]}"
386,,2022-01-22,14,"{""type"":""MultiPoint"",""coordinates"":[]}"
387,2.3182819567888062E-5,2022-01-23,14,"{""type"":""MultiPoint"",""coordinates"":[]}"
388,2.7780274514421047E-5,2022-01-24,14,"{""type"":""MultiPoint"",""coordinates"":[]}"
389,,2022-01-25,15,"{""type"":""MultiPoint"",""coordinates"":[]}"
390,1.9706046186142154E-5,2022-01-26,14,"{""type"":""MultiPoint"",""coordinates"":[]}"
391,6.173333428340329E-5,2022-01-27,13,"{""type"":""MultiPoint"",""coordinates"":[]}"
392,4.9410883083519866E-5,2022-01-28,14,"{""type"":""MultiPoint"",""coordinates"":[]}"
393,9.93559202255311E-5,2022-01-29,14,"{""type"":""MultiPoint"",""coordinates"":[]}"
394,8.258070839804475E-5,2022-01-30,14,"{""type"":""MultiPoint"",""coordinates"":[]}"
395,1.6752569325902207E-4,2022-01-31,15,"{""type"":""MultiPoint"",""coordinates"":[]}"
396,1.3107561810716222E-4,2022-02-01,14,"{""type"":""MultiPoint"",""coordinates"":[]}"
397,1.2036161339281512E-4,2022-02-02,14,"{""type"":""MultiPoint"",""coordinates"":[]}"
398,5.77676655689845E-5,2022-02-03,14,"{""type"":""MultiPoint"",""coordinates"":[]}"
399,7.326944208957337E-5,2022-02-04,14,"{""type"":""MultiPoint"",""coordinates"":[]}"
400,1.8102991499149338E-4,2022-02-05,15,"{""type"":""MultiPoint"",""coordinates"":[]}"
401,1.6041536518300026E-4,2022-02-06,14,"{""type"":""MultiPoint"",""coordinates"":[]}"
402,8.35292720745488E-5,2022-02-07,14,"{""type"":""MultiPoint"",""coordinates"":[]}"
403,1.2579970013648663E-4,2022-02-08,14,"{""type"":""MultiPoint"",""coordinates"":[]}"
404,5.9120915459000174E-5,2022-02-09,14,"{""type"":""MultiPoint"",""coordinates"":[]}"
405,8.826186437062725E-5,2022-02-10,14,"{""type"":""MultiPoint"",""coordinates"":[]}"
406,7.648817590968271E-5,2022-02-11,15,"{""type"":""MultiPoint"",""coordinates"":[]}"
407,7.517257794356084E-5,2022-02-12,14,"{""type"":""MultiPoint"",""coordinates"":[]}"
408,1.0507208408737694E-4,2022-02-13,14,"{""type"":""MultiPoint"",""coordinates"":[]}"
409,1.0217739936257896E-4,2022-02-14,14,"{""type"":""MultiPoint"",""coordinates"":[]}"
410,1.0841132147616648E-4,2022-02-15,14,"{""type"":""MultiPoint"",""coordinates"":[]}"
411,1.851228587527791E-4,2022-02-16,15,"{""type"":""MultiPoint"",""coordinates"":[]}"
412,1.0797027421470987E-4,2022-02-17,14,"{""type"":""MultiPoint"",""coordinates"":[]}"
413,9.0591773300787E-5,2022-02-18,14,"{""type"":""MultiPoint"",""coordinates"":[]}"
414,6.738244744597765E-5,2022-02-19,14,"{""type"":""MultiPoint"",""coordinates"":[]}"
415,6.197447777966825E-5,2022-02-20,13,"{""type"":""MultiPoint"",""coordinates"":[]}"
416,1.0631940278466272E-4,2022-02-21,14,"{""type"":""MultiPoint"",""coordinates"":[]}"
417,6.849772834411391E-5,2022-02-22,13,"{""type"":""MultiPoint"",""coordinates"":[]}"
418,7.484937454745483E-5,2022-02-23,14,"{""type"":""MultiPoint"",""coordinates"":[]}"
419,1.0957617567685609E-4,2022-02-24,14,"{""type"":""MultiPoint"",""coordinates"":[]}"
420,1.0051771075880114E-4,2022-02-25,14,"{""type"":""MultiPoint"",""coordinates"":[]}"
421,4.338854536891377E-5,2022-02-26,14,"{""type"":""MultiPoint"",""coordinates"":[]}"
422,5.882453675717384E-5,2022-02-27,15,"{""type"":""MultiPoint"",""coordinates"":[]}"
423,7.500391160687996E-5,2022-02-28,14,"{""type"":""MultiPoint"",""coordinates"":[]}"
424,7.714428073665105E-5,2022-03-01,14,"{""type"":""MultiPoint"",""coordinates"":[]}"
425,1.060254495240571E-4,2022-03-02,14,"{""type"":""MultiPoint"",""coordinates"":[]}"
426,9.639639014763961E-5,2022-03-03,14,"{""type"":""MultiPoint"",""coordinates"":[]}"
427,6.623219112609653E-5,2022-03-04,15,"{""type"":""MultiPoint"",""coordinates"":[]}"
428,6.388427509270533E-5,2022-03-05,14,"{""type"":""MultiPoint"",""coordinates"":[]}"
429,7.351902308339079E-5,2022-03-06,14,"{""type"":""MultiPoint"",""coordinates"":[]}"
430,8.2544308376344E-5,2022-03-07,14,"{""type"":""MultiPoint"",""coordinates"":[]}"
431,6.552237014701415E-5,2022-03-08,14,"{""type"":""MultiPoint"",""coordinates"":[]}"
432,5.7144024249087696E-5,2022-03-09,15,"{""type"":""MultiPoint"",""coordinates"":[]}"
433,4.727872995377957E-5,2022-03-10,14,"{""type"":""MultiPoint"",""coordinates"":[]}"
434,5.0331859750081196E-5,2022-03-11,14,"{""type"":""MultiPoint"",""coordinates"":[]}"
435,5.6234189449704396E-5,2022-03-12,14,"{""type"":""MultiPoint"",""coordinates"":[]}"
436,7.413969934816505E-5,2022-03-13,14,"{""type"":""MultiPoint"",""coordinates"":[]}"
437,9.19548176339253E-5,2022-03-14,14,"{""type"":""MultiPoint"",""coordinates"":[]}"
438,8.953631196253693E-5,2022-03-15,15,"{""type"":""MultiPoint"",""coordinates"":[]}"
439,5.622772520061076E-5,2022-03-16,14,"{""type"":""MultiPoint"",""coordinates"":[]}"
440,8.466812947463964E-5,2022-03-17,14,"{""type"":""MultiPoint"",""coordinates"":[]}"
441,4.4147698185881027E-5,2022-03-18,14,"{""type"":""MultiPoint"",""coordinates"":[]}"
442,5.892324335599771E-5,2022-03-19,14,"{""type"":""MultiPoint"",""coordinates"":[]}"
443,6.984634648046678E-5,2022-03-20,15,"{""type"":""MultiPoint"",""coordinates"":[]}"
444,8.176240511456887E-5,2022-03-21,14,"{""type"":""MultiPoint"",""coordinates"":[]}"
445,5.299017515892919E-5,2022-03-22,14,"{""type"":""MultiPoint"",""coordinates"":[]}"
446,7.451615903736141E-5,2022-03-23,14,"{""type"":""MultiPoint"",""coordinates"":[]}"
447,6.876488142122196E-5,2022-03-24,14,"{""type"":""MultiPoint"",""coordinates"":[]}"
448,5.982588905467404E-5,2022-03-25,15,"{""type"":""MultiPoint"",""coordinates"":[]}"
449,5.688987458038246E-5,2022-03-26,14,"{""type"":""MultiPoint"",""coordinates"":[]}"
450,4.352456011242771E-5,2022-03-27,14,"{""type"":""MultiPoint"",""coordinates"":[]}"
451,6.797278884088037E-5,2022-03-28,14,"{""type"":""MultiPoint"",""coordinates"":[]}"
452,8.018371506641964E-5,2022-03-29,14,"{""type"":""MultiPoint"",""coordinates"":[]}"
453,1.1722475361867873E-4,2022-03-30,14,"{""type"":""MultiPoint"",""coordinates"":[]}"
454,1.0228475771732821E-4,2022-03-31,15,"{""type"":""MultiPoint"",""coordinates"":[]}"
455,8.020308458356225E-5,2022-04-01,14,"{""type"":""MultiPoint"",""coordinates"":[]}"
456,8.222886757934293E-5,2022-04-02,14,"{""type"":""MultiPoint"",""coordinates"":[]}"
457,9.317895015079576E-5,2022-04-03,14,"{""type"":""MultiPoint"",""coordinates"":[]}"
458,8.164486450019652E-5,2022-04-04,14,"{""type"":""MultiPoint"",""coordinates"":[]}"
459,7.980805093883204E-5,2022-04-05,15,"{""type"":""MultiPoint"",""coordinates"":[]}"
460,7.754911942237014E-5,2022-04-06,14,"{""type"":""MultiPoint"",""coordinates"":[]}"
461,8.825116799232953E-5,2022-04-07,14,"{""type"":""MultiPoint"",""coordinates"":[]}"
462,8.953062364642947E-5,2022-04-08,14,"{""type"":""MultiPoint"",""coordinates"":[]}"
463,1.1108866137604504E-4,2022-04-09,14,"{""type"":""MultiPoint"",""coordinates"":[]}"
464,8.581592215750916E-5,2022-04-10,14,"{""type"":""MultiPoint"",""coordinates"":[]}"
465,8.67394107908635E-5,2022-04-11,15,"{""type"":""MultiPoint"",""coordinates"":[]}"
466,8.653237541860131E-5,2022-04-12,14,"{""type"":""MultiPoint"",""coordinates"":[]}"
467,8.605299515687667E-5,2022-04-13,14,"{""type"":""MultiPoint"",""coordinates"":[]}"
468,7.692631344868263E-5,2022-04-14,13,"{""type"":""MultiPoint"",""coordinates"":[]}"
469,8.852928910650557E-5,2022-04-15,14,"{""type"":""MultiPoint"",""coordinates"":[]}"
470,8.320789597789667E-5,2022-04-16,15,"{""type"":""MultiPoint"",""coordinates"":[]}"
471,6.896764548598662E-5,2022-04-17,14,"{""type"":""MultiPoint"",""coordinates"":[]}"
472,9.152152516303186E-5,2022-04-18,14,"{""type"":""MultiPoint"",""coordinates"":[]}"
473,7.958323347354147E-5,2022-04-19,14,"{""type"":""MultiPoint"",""coordinates"":[]}"
474,7.147300728607762E-5,2022-04-20,14,"{""type"":""MultiPoint"",""coordinates"":[]}"
475,,2022-04-21,15,"{""type"":""MultiPoint"",""coordinates"":[]}"
476,7.146283787063053E-5,2022-04-22,14,"{""type"":""MultiPoint"",""coordinates"":[]}"
477,8.238528004609252E-5,2022-04-23,14,"{""type"":""MultiPoint"",""coordinates"":[]}"
478,6.977870692680031E-5,2022-04-24,14,"{""type"":""MultiPoint"",""coordinates"":[]}"
479,7.339662731237694E-5,2022-04-25,14,"{""type"":""MultiPoint"",""coordinates"":[]}"
480,8.381703015977203E-5,2022-04-26,14,"{""type"":""MultiPoint"",""coordinates"":[]}"
481,8.567691954345486E-5,2022-04-27,15,"{""type"":""MultiPoint"",""coordinates"":[]}"
482,8.467926928045408E-5,2022-04-28,14,"{""type"":""MultiPoint"",""coordinates"":[]}"
483,8.627539150643816E-5,2022-04-29,14,"{""type"":""MultiPoint"",""coordinates"":[]}"
484,1.0620514584125558E-4,2022-04-30,14,"{""type"":""MultiPoint"",""coordinates"":[]}"
485,,2022-05-01,0,"{""type"":""MultiPoint"",""coordinates"":[]}"
486,6.47031680671767E-5,2022-05-02,15,"{""type"":""MultiPoint"",""coordinates"":[]}"
487,6.801713271468964E-5,2022-05-03,14,"{""type"":""MultiPoint"",""coordinates"":[]}"
488,6.959176077661269E-5,2022-05-04,14,"{""type"":""MultiPoint"",""coordinates"":[]}"
489,9.657766070280507E-5,2022-05-05,14,"{""type"":""MultiPoint"",""coordinates"":[]}"
490,1.0120653703836731E-4,2022-05-06,14,"{""type"":""MultiPoint"",""coordinates"":[]}"
491,1.1313618643092111E-4,2022-05-07,15,"{""type"":""MultiPoint"",""coordinates"":[]}"
492,7.398363830487185E-5,2022-05-08,14,"{""type"":""MultiPoint"",""coordinates"":[]}"
493,5.585296318944767E-5,2022-05-09,14,"{""type"":""MultiPoint"",""coordinates"":[]}"
494,6.456117924356233E-5,2022-05-10,14,"{""type"":""MultiPoint"",""coordinates"":[]}"
495,8.173105167565878E-5,2022-05-11,14,"{""type"":""MultiPoint"",""coordinates"":[]}"
496,6.446148356536205E-5,2022-05-12,14,"{""type"":""MultiPoint"",""coordinates"":[]}"
497,6.785925542283275E-5,2022-05-13,15,"{""type"":""MultiPoint"",""coordinates"":[]}"
498,7.519115551643559E-5,2022-05-14,14,"{""type"":""MultiPoint"",""coordinates"":[]}"
499,7.021623393915247E-5,2022-05-15,14,"{""type"":""MultiPoint"",""coordinates"":[]}"
500,7.427520225947387E-5,2022-05-16,14,"{""type"":""MultiPoint"",""coordinates"":[]}"
501,7.944759382406692E-5,2022-05-17,14,"{""type"":""MultiPoint"",""coordinates"":[]}"
502,6.883318436624133E-5,2022-05-18,15,"{""type"":""MultiPoint"",""coordinates"":[]}"
503,5.442512630819035E-5,2022-05-19,14,"{""type"":""MultiPoint"",""coordinates"":[]}"
504,6.742524119044508E-5,2022-05-20,14,"{""type"":""MultiPoint"",""coordinates"":[]}"
505,9.26843631442757E-5,2022-05-21,14,"{""type"":""MultiPoint"",""coordinates"":[]}"
506,8.67053063072846E-5,2022-05-22,14,"{""type"":""MultiPoint"",""coordinates"":[]}"
507,4.543195199439414E-5,2022-05-23,15,"{""type"":""MultiPoint"",""coordinates"":[]}"
508,5.8366128324656514E-5,2022-05-24,14,"{""type"":""MultiPoint"",""coordinates"":[]}"
509,5.9936282719714166E-5,2022-05-25,14,"{""type"":""MultiPoint"",""coordinates"":[]}"
510,7.726933181430777E-5,2022-05-26,14,"{""type"":""MultiPoint"",""coordinates"":[]}"
511,8.696394236156007E-5,2022-05-27,14,"{""type"":""MultiPoint"",""coordinates"":[]}"
512,6.978778771788105E-5,2022-05-28,14,"{""type"":""MultiPoint"",""coordinates"":[]}"
513,6.714998309215291E-5,2022-05-29,15,"{""type"":""MultiPoint"",""coordinates"":[]}"
514,6.941573903239549E-5,2022-05-30,14,"{""type"":""MultiPoint"",""coordinates"":[]}"
515,7.026737169451226E-5,2022-05-31,14,"{""type"":""MultiPoint"",""coordinates"":[]}"
516,8.670561631745712E-5,2022-06-01,14,"{""type"":""MultiPoint"",""coordinates"":[]}"
517,8.627262662098512E-5,2022-06-02,14,"{""type"":""MultiPoint"",""coordinates"":[]}"
518,8.229181299030636E-5,2022-06-03,15,"{""type"":""MultiPoint"",""coordinates"":[]}"
519,7.036061540611876E-5,2022-06-04,14,"{""type"":""MultiPoint"",""coordinates"":[]}"
520,6.202627238863578E-5,2022-06-05,14,"{""type"":""MultiPoint"",""coordinates"":[]}"
521,8.68948510102037E-5,2022-06-06,14,"{""type"":""MultiPoint"",""coordinates"":[]}"
522,7.348633765660808E-5,2022-06-07,14,"{""type"":""MultiPoint"",""coordinates"":[]}"
523,5.1872601547450734E-5,2022-06-08,15,"{""type"":""MultiPoint"",""coordinates"":[]}"
524,5.72870008053861E-5,2022-06-09,14,"{""type"":""MultiPoint"",""coordinates"":[]}"
525,5.1076081994358064E-5,2022-06-10,14,"{""type"":""MultiPoint"",""coordinates"":[]}"
526,5.366381808448117E-5,2022-06-11,14,"{""type"":""MultiPoint"",""coordinates"":[]}"
527,6.148939945545909E-5,2022-06-12,14,"{""type"":""MultiPoint"",""coordinates"":[]}"
528,4.5798476965052345E-5,2022-06-13,14,"{""type"":""MultiPoint"",""coordinates"":[]}"
529,6.235746366032365E-5,2022-06-14,15,"{""type"":""MultiPoint"",""coordinates"":[]}"
530,5.235775698854384E-5,2022-06-15,14,"{""type"":""MultiPoint"",""coordinates"":[]}"
531,6.15885156644167E-5,2022-06-16,14,"{""type"":""MultiPoint"",""coordinates"":[]}"
532,4.046722988544489E-5,2022-06-17,14,"{""type"":""MultiPoint"",""coordinates"":[]}"
533,4.1320171600587795E-5,2022-06-18,14,"{""type"":""MultiPoint"",""coordinates"":[]}"
534,7.007444444456651E-5,2022-06-19,15,"{""type"":""MultiPoint"",""coordinates"":[]}"
535,7.860988358161253E-5,2022-06-20,14,"{""type"":""MultiPoint"",""coordinates"":[]}"
536,6.838488750186348E-5,2022-06-21,14,"{""type"":""MultiPoint"",""coordinates"":[]}"
537,6.415823624337461E-5,2022-06-22,14,"{""type"":""MultiPoint"",""coordinates"":[]}"
538,7.62980452627178E-5,2022-06-23,14,"{""type"":""MultiPoint"",""coordinates"":[]}"
539,8.719370017989352E-5,2022-06-24,15,"{""type"":""MultiPoint"",""coordinates"":[]}"
540,8.89143388106547E-5,2022-06-25,14,"{""type"":""MultiPoint"",""coordinates"":[]}"
541,5.3599705103154317E-5,2022-06-26,14,"{""type"":""MultiPoint"",""coordinates"":[]}"
542,5.086692632564279E-5,2022-06-27,14,"{""type"":""MultiPoint"",""coordinates"":[]}"
543,5.4324632261245404E-5,2022-06-28,14,"{""type"":""MultiPoint"",""coordinates"":[]}"
544,1.0630949294077811E-4,2022-06-29,14,"{""type"":""MultiPoint"",""coordinates"":[]}"
545,,2022-06-30,15,"{""type"":""MultiPoint"",""coordinates"":[]}"
546,4.621758795586675E-5,2022-07-01,14,"{""type"":""MultiPoint"",""coordinates"":[]}"
547,4.274191058403682E-5,2022-07-02,14,"{""type"":""MultiPoint"",""coordinates"":[]}"
548,4.864335242353562E-5,2022-07-03,14,"{""type"":""MultiPoint"",""coordinates"":[]}"
549,5.148183241490203E-5,2022-07-04,14,"{""type"":""MultiPoint"",""coordinates"":[]}"
550,6.433149642878132E-5,2022-07-05,15,"{""type"":""MultiPoint"",""coordinates"":[]}"
551,4.447969769799807E-5,2022-07-06,14,"{""type"":""MultiPoint"",""coordinates"":[]}"
552,4.4928954760475244E-5,2022-07-07,14,"{""type"":""MultiPoint"",""coordinates"":[]}"
553,5.5773695362467E-5,2022-07-08,14,"{""type"":""MultiPoint"",""coordinates"":[]}"
554,,2022-07-09,14,"{""type"":""MultiPoint"",""coordinates"":[]}"
555,4.984103792002735E-5,2022-07-10,15,"{""type"":""MultiPoint"",""coordinates"":[]}"
556,4.398657120382905E-5,2022-07-11,14,"{""type"":""MultiPoint"",""coordinates"":[]}"
557,5.667277616859722E-5,2022-07-12,14,"{""type"":""MultiPoint"",""coordinates"":[]}"
558,5.297518172906694E-5,2022-07-13,14,"{""type"":""MultiPoint"",""coordinates"":[]}"
559,5.786938841785851E-5,2022-07-14,14,"{""type"":""MultiPoint"",""coordinates"":[]}"
560,5.7123268860081444E-5,2022-07-15,14,"{""type"":""MultiPoint"",""coordinates"":[]}"
561,4.085434861576442E-5,2022-07-16,15,"{""type"":""MultiPoint"",""coordinates"":[]}"
562,3.8866661100487644E-5,2022-07-17,14,"{""type"":""MultiPoint"",""coordinates"":[]}"
563,3.588482291025085E-5,2022-07-18,14,"{""type"":""MultiPoint"",""coordinates"":[]}"
564,4.800795372505871E-5,2022-07-19,14,"{""type"":""MultiPoint"",""coordinates"":[]}"
565,,2022-07-20,14,"{""type"":""MultiPoint"",""coordinates"":[]}"
566,4.343880874050282E-5,2022-07-21,15,"{""type"":""MultiPoint"",""coordinates"":[]}"
567,4.144194933046931E-5,2022-07-22,14,"{""type"":""MultiPoint"",""coordinates"":[]}"
568,4.160254527131038E-5,2022-07-23,14,"{""type"":""MultiPoint"",""coordinates"":[]}"
569,2.9133741424429745E-5,2022-07-24,14,"{""type"":""MultiPoint"",""coordinates"":[]}"
570,3.7002426470586E-5,2022-07-25,14,"{""type"":""MultiPoint"",""coordinates"":[]}"
571,3.982120453193068E-5,2022-07-26,15,"{""type"":""MultiPoint"",""coordinates"":[]}"
572,3.0931711039455246E-5,2022-07-27,14,"{""type"":""MultiPoint"",""coordinates"":[]}"
573,3.792780793902154E-5,2022-07-28,14,"{""type"":""MultiPoint"",""coordinates"":[]}"
574,3.774866057481608E-5,2022-07-29,14,"{""type"":""MultiPoint"",""coordinates"":[]}"
575,3.095038837499006E-5,2022-07-30,14,"{""type"":""MultiPoint"",""coordinates"":[]}"
576,3.566387084943577E-5,2022-07-31,14,"{""type"":""MultiPoint"",""coordinates"":[]}"
577,5.0398108167346744E-5,2022-08-01,15,"{""type"":""MultiPoint"",""coordinates"":[]}"
578,3.9477138976186924E-5,2022-08-02,14,"{""type"":""MultiPoint"",""coordinates"":[]}"
579,8.088420198733996E-5,2022-08-03,14,"{""type"":""MultiPoint"",""coordinates"":[]}"
580,3.71248395539319E-5,2022-08-04,14,"{""type"":""MultiPoint"",""coordinates"":[]}"
581,3.6866920112858405E-5,2022-08-05,14,"{""type"":""MultiPoint"",""coordinates"":[]}"
582,7.006723363318455E-5,2022-08-06,15,"{""type"":""MultiPoint"",""coordinates"":[]}"
583,,2022-08-07,14,"{""type"":""MultiPoint"",""coordinates"":[]}"
584,4.381185296100104E-5,2022-08-08,14,"{""type"":""MultiPoint"",""coordinates"":[]}"
585,4.4242426478205325E-5,2022-08-09,14,"{""type"":""MultiPoint"",""coordinates"":[]}"
586,3.548109096640232E-5,2022-08-10,14,"{""type"":""MultiPoint"",""coordinates"":[]}"
587,,2022-08-11,15,"{""type"":""MultiPoint"",""coordinates"":[]}"
588,3.456107014065737E-5,2022-08-12,14,"{""type"":""MultiPoint"",""coordinates"":[]}"
589,2.997958463404835E-5,2022-08-13,14,"{""type"":""MultiPoint"",""coordinates"":[]}"
590,4.294997879344083E-5,2022-08-14,14,"{""type"":""MultiPoint"",""coordinates"":[]}"
591,3.454169246721005E-5,2022-08-15,14,"{""type"":""MultiPoint"",""coordinates"":[]}"
592,2.4579130678814706E-5,2022-08-16,14,"{""type"":""MultiPoint"",""coordinates"":[]}"
593,4.0669445836943386E-5,2022-08-17,15,"{""type"":""MultiPoint"",""coordinates"":[]}"
594,4.807717285780125E-5,2022-08-18,14,"{""type"":""MultiPoint"",""coordinates"":[]}"
595,4.24664132889637E-5,2022-08-19,14,"{""type"":""MultiPoint"",""coordinates"":[]}"
596,4.668702726332554E-5,2022-08-20,14,"{""type"":""MultiPoint"",""coordinates"":[]}"
597,3.999435377703614E-5,2022-08-21,14,"{""type"":""MultiPoint"",""coordinates"":[]}"
598,3.629656547440191E-5,2022-08-22,15,"{""type"":""MultiPoint"",""coordinates"":[]}"
599,4.067151095115938E-5,2022-08-23,14,"{""type"":""MultiPoint"",""coordinates"":[]}"
600,3.514405152273329E-5,2022-08-24,14,"{""type"":""MultiPoint"",""coordinates"":[]}"
601,4.136616015828518E-5,2022-08-25,14,"{""type"":""MultiPoint"",""coordinates"":[]}"
602,4.936870012617506E-5,2022-08-26,14,"{""type"":""MultiPoint"",""coordinates"":[]}"
603,4.7819553746074274E-5,2022-08-27,15,"{""type"":""MultiPoint"",""coordinates"":[]}"
604,4.106643313752034E-5,2022-08-28,14,"{""type"":""MultiPoint"",""coordinates"":[]}"
605,4.410337836080949E-5,2022-08-29,14,"{""type"":""MultiPoint"",""coordinates"":[]}"
606,3.613422302038907E-5,2022-08-30,14,"{""type"":""MultiPoint"",""coordinates"":[]}"
607,5.142832875132943E-5,2022-08-31,14,"{""type"":""MultiPoint"",""coordinates"":[]}"
608,4.6508374335916617E-5,2022-09-01,14,"{""type"":""MultiPoint"",""coordinates"":[]}"
609,4.678319617143779E-5,2022-09-02,15,"{""type"":""MultiPoint"",""coordinates"":[]}"
610,4.541079701036976E-5,2022-09-03,14,"{""type"":""MultiPoint"",""coordinates"":[]}"
611,4.191220248345503E-5,2022-09-04,14,"{""type"":""MultiPoint"",""coordinates"":[]}"
612,5.144169637289329E-5,2022-09-05,14,"{""type"":""MultiPoint"",""coordinates"":[]}"
613,5.683133474096313E-5,2022-09-06,14,"{""type"":""MultiPoint"",""coordinates"":[]}"
614,6.435125339423186E-5,2022-09-07,15,"{""type"":""MultiPoint"",""coordinates"":[]}"
615,5.257929362911744E-5,2022-09-08,14,"{""type"":""MultiPoint"",""coordinates"":[]}"
616,6.447902890436788E-5,2022-09-09,14,"{""type"":""MultiPoint"",""coordinates"":[]}"
617,6.0022416913208386E-5,2022-09-10,14,"{""type"":""MultiPoint"",""coordinates"":[]}"
618,4.769606114599635E-5,2022-09-11,14,"{""type"":""MultiPoint"",""coordinates"":[]}"
619,5.898206607205327E-5,2022-09-12,15,"{""type"":""MultiPoint"",""coordinates"":[]}"
620,5.670708947706495E-5,2022-09-13,14,"{""type"":""MultiPoint"",""coordinates"":[]}"
621,4.250502282956793E-5,2022-09-14,14,"{""type"":""MultiPoint"",""coordinates"":[]}"
622,4.828300934022697E-5,2022-09-15,14,"{""type"":""MultiPoint"",""coordinates"":[]}"
623,,2022-09-16,14,"{""type"":""MultiPoint"",""coordinates"":[]}"
624,4.450748938561749E-5,2022-09-17,15,"{""type"":""MultiPoint"",""coordinates"":[]}"
625,4.0896562817019595E-5,2022-09-18,14,"{""type"":""MultiPoint"",""coordinates"":[]}"
626,1.0023071248861163E-4,2022-09-19,14,"{""type"":""MultiPoint"",""coordinates"":[]}"
627,5.3751773178845906E-5,2022-09-20,14,"{""type"":""MultiPoint"",""coordinates"":[]}"
628,,2022-09-21,14,"{""type"":""MultiPoint"",""coordinates"":[]}"
629,,2022-09-22,14,"{""type"":""MultiPoint"",""coordinates"":[]}"
630,,2022-09-23,15,"{""type"":""MultiPoint"",""coordinates"":[]}"
631,,2022-09-24,14,"{""type"":""MultiPoint"",""coordinates"":[]}"
632,3.86244809687718E-5,2022-09-25,14,"{""type"":""MultiPoint"",""coordinates"":[]}"
633,5.537129666830196E-5,2022-09-26,14,"{""type"":""MultiPoint"",""coordinates"":[]}"
634,5.660547936909983E-5,2022-09-27,14,"{""type"":""MultiPoint"",""coordinates"":[]}"
635,6.749807454217976E-5,2022-09-28,15,"{""type"":""MultiPoint"",""coordinates"":[]}"
636,6.86818206487292E-5,2022-09-29,14,"{""type"":""MultiPoint"",""coordinates"":[]}"
637,6.988664411862766E-5,2022-09-30,14,"{""type"":""MultiPoint"",""coordinates"":[]}"
638,6.610352966947678E-5,2022-10-01,14,"{""type"":""MultiPoint"",""coordinates"":[]}"
639,5.5683508390209104E-5,2022-10-02,14,"{""type"":""MultiPoint"",""coordinates"":[]}"
640,6.075018182162946E-5,2022-10-03,15,"{""type"":""MultiPoint"",""coordinates"":[]}"
641,7.683744508408349E-5,2022-10-04,14,"{""type"":""MultiPoint"",""coordinates"":[]}"
642,5.098527291855257E-5,2022-10-05,14,"{""type"":""MultiPoint"",""coordinates"":[]}"
643,3.32817664295277E-5,2022-10-06,14,"{""type"":""MultiPoint"",""coordinates"":[]}"
644,,2022-10-07,14,"{""type"":""MultiPoint"",""coordinates"":[]}"
645,,2022-10-08,14,"{""type"":""MultiPoint"",""coordinates"":[]}"
646,,2022-10-09,15,"{""type"":""MultiPoint"",""coordinates"":[]}"
647,,2022-10-10,14,"{""type"":""MultiPoint"",""coordinates"":[]}"
648,5.69161180921116E-5,2022-10-11,14,"{""type"":""MultiPoint"",""coordinates"":[]}"
649,6.622179663246926E-5,2022-10-12,14,"{""type"":""MultiPoint"",""coordinates"":[]}"
650,6.461869865819932E-5,2022-10-13,14,"{""type"":""MultiPoint"",""coordinates"":[]}"
651,7.18560983229225E-5,2022-10-14,15,"{""type"":""MultiPoint"",""coordinates"":[]}"
652,8.315698571833367E-5,2022-10-15,14,"{""type"":""MultiPoint"",""coordinates"":[]}"
653,8.770741031948459E-5,2022-10-16,14,"{""type"":""MultiPoint"",""coordinates"":[]}"
654,9.684308796621845E-5,2022-10-17,14,"{""type"":""MultiPoint"",""coordinates"":[]}"
655,9.522043535363456E-5,2022-10-18,14,"{""type"":""MultiPoint"",""coordinates"":[]}"
656,1.0110155125058493E-4,2022-10-19,15,"{""type"":""MultiPoint"",""coordinates"":[]}"
657,1.2344061331518135E-4,2022-10-20,14,"{""type"":""MultiPoint"",""coordinates"":[]}"
658,8.226825610038338E-5,2022-10-21,14,"{""type"":""MultiPoint"",""coordinates"":[]}"
659,8.707835767361734E-5,2022-10-22,14,"{""type"":""MultiPoint"",""coordinates"":[]}"
660,9.100809067559544E-5,2022-10-23,14,"{""type"":""MultiPoint"",""coordinates"":[]}"
661,7.549883878020056E-5,2022-10-24,14,"{""type"":""MultiPoint"",""coordinates"":[]}"
662,6.094970551355278E-5,2022-10-25,15,"{""type"":""MultiPoint"",""coordinates"":[]}"
663,8.377843207221692E-5,2022-10-26,14,"{""type"":""MultiPoint"",""coordinates"":[]}"
664,1.1047291076148329E-4,2022-10-27,14,"{""type"":""MultiPoint"",""coordinates"":[]}"
665,1.1883593100560499E-4,2022-10-28,14,"{""type"":""MultiPoint"",""coordinates"":[]}"
666,8.798642193820132E-5,2022-10-29,14,"{""type"":""MultiPoint"",""coordinates"":[]}"
667,7.741691517327911E-5,2022-10-30,15,"{""type"":""MultiPoint"",""coordinates"":[]}"
668,1.0495508669821161E-4,2022-10-31,14,"{""type"":""MultiPoint"",""coordinates"":[]}"
669,1.2993224412118797E-4,2022-11-01,14,"{""type"":""MultiPoint"",""coordinates"":[]}"
670,7.73786647773787E-5,2022-11-02,14,"{""type"":""MultiPoint"",""coordinates"":[]}"
671,6.768092427634275E-5,2022-11-03,14,"{""type"":""MultiPoint"",""coordinates"":[]}"
672,5.987215689239987E-5,2022-11-04,15,"{""type"":""MultiPoint"",""coordinates"":[]}"
673,5.9442314233450036E-5,2022-11-05,14,"{""type"":""MultiPoint"",""coordinates"":[]}"
674,8.695937181831125E-5,2022-11-06,14,"{""type"":""MultiPoint"",""coordinates"":[]}"
675,9.97477543182024E-5,2022-11-07,14,"{""type"":""MultiPoint"",""coordinates"":[]}"
676,1.0414221148472176E-4,2022-11-08,14,"{""type"":""MultiPoint"",""coordinates"":[]}"
677,7.996038395433076E-5,2022-11-09,14,"{""type"":""MultiPoint"",""coordinates"":[]}"
678,8.27793056915779E-5,2022-11-10,15,"{""type"":""MultiPoint"",""coordinates"":[]}"
679,6.888174159529599E-5,2022-11-11,14,"{""type"":""MultiPoint"",""coordinates"":[]}"
680,5.721302551170624E-5,2022-11-12,14,"{""type"":""MultiPoint"",""coordinates"":[]}"
681,7.094207426141592E-5,2022-11-13,14,"{""type"":""MultiPoint"",""coordinates"":[]}"
682,1.115002538697253E-4,2022-11-14,14,"{""type"":""MultiPoint"",""coordinates"":[]}"
683,1.4508674997227222E-4,2022-11-15,15,"{""type"":""MultiPoint"",""coordinates"":[]}"
684,7.981049239134049E-5,2022-11-16,14,"{""type"":""MultiPoint"",""coordinates"":[]}"
685,7.29331017529585E-5,2022-11-17,14,"{""type"":""MultiPoint"",""coordinates"":[]}"
686,7.895268887379405E-5,2022-11-18,14,"{""type"":""MultiPoint"",""coordinates"":[]}"
687,1.259024535619167E-4,2022-11-19,14,"{""type"":""MultiPoint"",""coordinates"":[]}"
688,1.0843397726505975E-4,2022-11-20,15,"{""type"":""MultiPoint"",""coordinates"":[]}"
689,8.707402886855276E-5,2022-11-21,14,"{""type"":""MultiPoint"",""coordinates"":[]}"
690,8.512331225042452E-5,2022-11-22,14,"{""type"":""MultiPoint"",""coordinates"":[]}"
691,8.458491073507858E-5,2022-11-23,14,"{""type"":""MultiPoint"",""coordinates"":[]}"
692,8.560750454278556E-5,2022-11-24,14,"{""type"":""MultiPoint"",""coordinates"":[]}"
693,1.5852786079259494E-4,2022-11-25,15,"{""type"":""MultiPoint"",""coordinates"":[]}"
694,1.2033378741500397E-4,2022-11-26,14,"{""type"":""MultiPoint"",""coordinates"":[]}"
695,1.3730290353441223E-4,2022-11-27,14,"{""type"":""MultiPoint"",""coordinates"":[]}"
696,1.492576056053693E-4,2022-11-28,14,"{""type"":""MultiPoint"",""coordinates"":[]}"
697,1.4807085235236266E-4,2022-11-29,14,"{""type"":""MultiPoint"",""coordinates"":[]}"
698,1.3360813428431426E-4,2022-11-30,14,"{""type"":""MultiPoint"",""coordinates"":[]}"
699,1.215003575630862E-4,2022-12-01,15,"{""type"":""MultiPoint"",""coordinates"":[]}"
700,1.5321337951698367E-4,2022-12-02,14,"{""type"":""MultiPoint"",""coordinates"":[]}"
701,2.080976782894708E-4,2022-12-03,13,"{""type"":""MultiPoint"",""coordinates"":[]}"
702,1.0036217830908921E-4,2022-12-04,14,"{""type"":""MultiPoint"",""coordinates"":[]}"
703,1.5446658218427764E-4,2022-12-05,14,"{""type"":""MultiPoint"",""coordinates"":[]}"
704,9.864311803884299E-5,2022-12-06,15,"{""type"":""MultiPoint"",""coordinates"":[]}"
705,9.538754605587918E-5,2022-12-07,14,"{""type"":""MultiPoint"",""coordinates"":[]}"
706,8.736493402469187E-5,2022-12-08,14,"{""type"":""MultiPoint"",""coordinates"":[]}"
707,9.892350418077089E-5,2022-12-09,14,"{""type"":""MultiPoint"",""coordinates"":[]}"
708,1.340632495762072E-4,2022-12-10,14,"{""type"":""MultiPoint"",""coordinates"":[]}"
709,1.2361264680116883E-4,2022-12-11,15,"{""type"":""MultiPoint"",""coordinates"":[]}"
710,1.1834766093966447E-4,2022-12-12,14,"{""type"":""MultiPoint"",""coordinates"":[]}"
711,8.175625048946685E-5,2022-12-13,14,"{""type"":""MultiPoint"",""coordinates"":[]}"
712,7.469163080664884E-5,2022-12-14,14,"{""type"":""MultiPoint"",""coordinates"":[]}"
713,1.0752234841371966E-4,2022-12-15,14,"{""type"":""MultiPoint"",""coordinates"":[]}"
714,1.4220236107924305E-4,2022-12-16,14,"{""type"":""MultiPoint"",""coordinates"":[]}"
715,1.5181363255066584E-4,2022-12-17,15,"{""type"":""MultiPoint"",""coordinates"":[]}"
716,1.5361088888685674E-4,2022-12-18,14,"{""type"":""MultiPoint"",""coordinates"":[]}"
717,1.6257419515198696E-4,2022-12-19,14,"{""type"":""MultiPoint"",""coordinates"":[]}"
718,1.6801910280153052E-4,2022-12-20,14,"{""type"":""MultiPoint"",""coordinates"":[]}"
719,1.5587748626663846E-4,2022-12-21,14,"{""type"":""MultiPoint"",""coordinates"":[]}"
720,1.4321145751204682E-4,2022-12-22,15,"{""type"":""MultiPoint"",""coordinates"":[]}"
721,1.5712081500342715E-4,2022-12-23,14,"{""type"":""MultiPoint"",""coordinates"":[]}"
722,8.208307848658825E-5,2022-12-24,14,"{""type"":""MultiPoint"",""coordinates"":[]}"
723,1.0480929554923166E-4,2022-12-25,14,"{""type"":""MultiPoint"",""coordinates"":[]}"
724,1.8558698131066807E-4,2022-12-26,14,"{""type"":""MultiPoint"",""coordinates"":[]}"
725,1.3750568669960043E-4,2022-12-27,15,"{""type"":""MultiPoint"",""coordinates"":[]}"
726,9.54351468946791E-5,2022-12-28,14,"{""type"":""MultiPoint"",""coordinates"":[]}"
727,2.63658614113989E-4,2022-12-29,14,"{""type"":""MultiPoint"",""coordinates"":[]}"
728,1.5774831158740782E-4,2022-12-30,14,"{""type"":""MultiPoint"",""coordinates"":[]}"
729,9.760225110683825E-5,2022-12-31,14,"{""type"":""MultiPoint"",""coordinates"":[]}"
730,1.1970658594215369E-4,2023-01-01,14,"{""type"":""MultiPoint"",""coordinates"":[]}"
731,,2023-01-02,15,"{""type"":""MultiPoint"",""coordinates"":[]}"
732,1.9146109180041764E-4,2023-01-03,14,"{""type"":""MultiPoint"",""coordinates"":[]}"
733,1.239831873895089E-4,2023-01-04,14,"{""type"":""MultiPoint"",""coordinates"":[]}"
734,1.597455612321082E-4,2023-01-05,14,"{""type"":""MultiPoint"",""coordinates"":[]}"
735,2.4698105494577906E-4,2023-01-06,14,"{""type"":""MultiPoint"",""coordinates"":[]}"
736,1.966822690776923E-4,2023-01-07,15,"{""type"":""MultiPoint"",""coordinates"":[]}"
737,2.3414605801657488E-4,2023-01-08,14,"{""type"":""MultiPoint"",""coordinates"":[]}"
738,3.1359502828673207E-4,2023-01-09,14,"{""type"":""MultiPoint"",""coordinates"":[]}"
739,1.440020607946129E-4,2023-01-10,14,"{""type"":""MultiPoint"",""coordinates"":[]}"
740,1.6559878159709248E-4,2023-01-11,14,"{""type"":""MultiPoint"",""coordinates"":[]}"
741,1.2289177372526376E-4,2023-01-12,14,"{""type"":""MultiPoint"",""coordinates"":[]}"
742,6.229730772674784E-5,2023-01-13,15,"{""type"":""MultiPoint"",""coordinates"":[]}"
743,1.0004213179682899E-4,2023-01-14,14,"{""type"":""MultiPoint"",""coordinates"":[]}"
744,8.295684095468319E-5,2023-01-15,14,"{""type"":""MultiPoint"",""coordinates"":[]}"
745,1.434941084113364E-4,2023-01-16,14,"{""type"":""MultiPoint"",""coordinates"":[]}"
746,1.387095036055199E-4,2023-01-17,14,"{""type"":""MultiPoint"",""coordinates"":[]}"
747,2.0563963542628578E-4,2023-01-18,15,"{""type"":""MultiPoint"",""coordinates"":[]}"
748,2.4753148247539644E-4,2023-01-19,14,"{""type"":""MultiPoint"",""coordinates"":[]}"
749,1.3999906069879582E-4,2023-01-20,14,"{""type"":""MultiPoint"",""coordinates"":[]}"
750,1.9846238319920595E-4,2023-01-21,14,"{""type"":""MultiPoint"",""coordinates"":[]}"
751,1.0374163080243883E-4,2023-01-22,14,"{""type"":""MultiPoint"",""coordinates"":[]}"
752,1.2286601256888833E-4,2023-01-23,15,"{""type"":""MultiPoint"",""coordinates"":[]}"
753,,2023-01-24,14,"{""type"":""MultiPoint"",""coordinates"":[]}"
754,,2023-01-25,14,"{""type"":""MultiPoint"",""coordinates"":[]}"
755,8.905708418094589E-5,2023-01-26,14,"{""type"":""MultiPoint"",""coordinates"":[]}"
756,9.160702007189322E-5,2023-01-27,14,"{""type"":""MultiPoint"",""coordinates"":[]}"
757,1.1020890596250032E-4,2023-01-28,14,"{""type"":""MultiPoint"",""coordinates"":[]}"
758,,2023-01-29,15,"{""type"":""MultiPoint"",""coordinates"":[]}"
759,,2023-01-30,14,"{""type"":""MultiPoint"",""coordinates"":[]}"
760,6.075301116968949E-5,2023-01-31,14,"{""type"":""MultiPoint"",""coordinates"":[]}"
761,7.450836737189954E-5,2023-02-01,14,"{""type"":""MultiPoint"",""coordinates"":[]}"
762,9.496487787160117E-5,2023-02-02,14,"{""type"":""MultiPoint"",""coordinates"":[]}"
763,1.3397481290789893E-4,2023-02-03,15,"{""type"":""MultiPoint"",""coordinates"":[]}"
764,1.1357118200214696E-4,2023-02-04,14,"{""type"":""MultiPoint"",""coordinates"":[]}"
765,7.933180098839524E-5,2023-02-05,14,"{""type"":""MultiPoint"",""coordinates"":[]}"
766,1.1891851277878568E-4,2023-02-06,14,"{""type"":""MultiPoint"",""coordinates"":[]}"
767,6.751208548031301E-5,2023-02-07,14,"{""type"":""MultiPoint"",""coordinates"":[]}"
768,9.156852106388738E-5,2023-02-08,15,"{""type"":""MultiPoint"",""coordinates"":[]}"
769,1.3141455485244966E-4,2023-02-09,14,"{""type"":""MultiPoint"",""coordinates"":[]}"
770,1.0376485970000687E-4,2023-02-10,14,"{""type"":""MultiPoint"",""coordinates"":[]}"
771,9.4477881098063E-5,2023-02-11,14,"{""type"":""MultiPoint"",""coordinates"":[]}"
772,6.571807931042979E-5,2023-02-12,14,"{""type"":""MultiPoint"",""coordinates"":[]}"
773,6.812882141613826E-5,2023-02-13,14,"{""type"":""MultiPoint"",""coordinates"":[]}"
774,9.130409015146617E-5,2023-02-14,15,"{""type"":""MultiPoint"",""coordinates"":[]}"
775,7.453112052736667E-5,2023-02-15,14,"{""type"":""MultiPoint"",""coordinates"":[]}"
776,1.403610071547342E-4,2023-02-16,14,"{""type"":""MultiPoint"",""coordinates"":[]}"
777,1.3635139301394793E-4,2023-02-17,14,"{""type"":""MultiPoint"",""coordinates"":[]}"
778,1.1813465298521263E-4,2023-02-18,14,"{""type"":""MultiPoint"",""coordinates"":[]}"
779,1.1013132270613469E-4,2023-02-19,15,"{""type"":""MultiPoint"",""coordinates"":[]}"
780,8.865178786512323E-5,2023-02-20,14,"{""type"":""MultiPoint"",""coordinates"":[]}"
781,9.514250854653217E-5,2023-02-21,14,"{""type"":""MultiPoint"",""coordinates"":[]}"
782,8.703871722509644E-5,2023-02-22,14,"{""type"":""MultiPoint"",""coordinates"":[]}"
783,5.4113311206090644E-5,2023-02-23,14,"{""type"":""MultiPoint"",""coordinates"":[]}"
784,7.327170603374796E-5,2023-02-24,15,"{""type"":""MultiPoint"",""coordinates"":[]}"
785,1.1020504121437812E-4,2023-02-25,14,"{""type"":""MultiPoint"",""coordinates"":[]}"
786,8.598554665886706E-5,2023-02-26,14,"{""type"":""MultiPoint"",""coordinates"":[]}"
787,8.37334990488618E-5,2023-02-27,14,"{""type"":""MultiPoint"",""coordinates"":[]}"
788,1.4272291551633862E-4,2023-02-28,14,"{""type"":""MultiPoint"",""coordinates"":[]}"
789,6.23348127770705E-5,2023-03-01,14,"{""type"":""MultiPoint"",""coordinates"":[]}"
790,9.479786313643842E-5,2023-03-02,15,"{""type"":""MultiPoint"",""coordinates"":[]}"
791,4.829932229400499E-5,2023-03-03,14,"{""type"":""MultiPoint"",""coordinates"":[]}"
792,2.07512615317465E-5,2023-03-04,14,"{""type"":""MultiPoint"",""coordinates"":[]}"
793,4.250699604523075E-5,2023-03-05,14,"{""type"":""MultiPoint"",""coordinates"":[]}"
794,5.800069857028548E-5,2023-03-06,14,"{""type"":""MultiPoint"",""coordinates"":[]}"
795,7.046540401012005E-5,2023-03-07,15,"{""type"":""MultiPoint"",""coordinates"":[]}"
796,6.806684986355007E-5,2023-03-08,14,"{""type"":""MultiPoint"",""coordinates"":[]}"
797,5.035133451489168E-5,2023-03-09,14,"{""type"":""MultiPoint"",""coordinates"":[]}"
798,6.298272823142197E-5,2023-03-10,14,"{""type"":""MultiPoint"",""coordinates"":[]}"
799,7.312731049286295E-5,2023-03-11,14,"{""type"":""MultiPoint"",""coordinates"":[]}"
800,8.7697109677302E-5,2023-03-12,15,"{""type"":""MultiPoint"",""coordinates"":[]}"
801,1.1219373674182239E-4,2023-03-13,14,"{""type"":""MultiPoint"",""coordinates"":[]}"
802,6.0160671444911044E-5,2023-03-14,14,"{""type"":""MultiPoint"",""coordinates"":[]}"
803,8.745098531851477E-5,2023-03-15,14,"{""type"":""MultiPoint"",""coordinates"":[]}"
804,8.122334735996235E-5,2023-03-16,14,"{""type"":""MultiPoint"",""coordinates"":[]}"
805,8.146444970405677E-5,2023-03-17,14,"{""type"":""MultiPoint"",""coordinates"":[]}"
806,,2023-03-18,15,"{""type"":""MultiPoint"",""coordinates"":[]}"
807,5.989601625900955E-5,2023-03-19,14,"{""type"":""MultiPoint"",""coordinates"":[]}"
808,6.0578345154895254E-5,2023-03-20,14,"{""type"":""MultiPoint"",""coordinates"":[]}"
809,4.918531641659561E-5,2023-03-21,14,"{""type"":""MultiPoint"",""coordinates"":[]}"
810,1.0174534346305026E-4,2023-03-22,14,"{""type"":""MultiPoint"",""coordinates"":[]}"
811,6.975767374317374E-5,2023-03-23,15,"{""type"":""MultiPoint"",""coordinates"":[]}"
812,6.41023212664168E-5,2023-03-24,14,"{""type"":""MultiPoint"",""coordinates"":[]}"
813,4.559499076739202E-5,2023-03-25,14,"{""type"":""MultiPoint"",""coordinates"":[]}"
814,6.406505346937436E-5,2023-03-26,14,"{""type"":""MultiPoint"",""coordinates"":[]}"
815,6.303462200327967E-5,2023-03-27,14,"{""type"":""MultiPoint"",""coordinates"":[]}"
816,7.032346359487875E-5,2023-03-28,14,"{""type"":""MultiPoint"",""coordinates"":[]}"
817,1.0069116639983093E-4,2023-03-29,15,"{""type"":""MultiPoint"",""coordinates"":[]}"
818,9.148903995990267E-5,2023-03-30,14,"{""type"":""MultiPoint"",""coordinates"":[]}"
819,5.5915504044841803E-5,2023-03-31,14,"{""type"":""MultiPoint"",""coordinates"":[]}"
820,6.317560123968402E-5,2023-04-01,14,"{""type"":""MultiPoint"",""coordinates"":[]}"
821,4.777729270061605E-5,2023-04-02,14,"{""type"":""MultiPoint"",""coordinates"":[]}"
822,7.382147258751254E-5,2023-04-03,15,"{""type"":""MultiPoint"",""coordinates"":[]}"
823,5.452493292604735E-5,2023-04-04,14,"{""type"":""MultiPoint"",""coordinates"":[]}"
824,5.221070024223256E-5,2023-04-05,14,"{""type"":""MultiPoint"",""coordinates"":[]}"
825,5.9052501585868424E-5,2023-04-06,14,"{""type"":""MultiPoint"",""coordinates"":[]}"
826,6.391219529511575E-5,2023-04-07,14,"{""type"":""MultiPoint"",""coordinates"":[]}"
827,7.31621998142383E-5,2023-04-08,15,"{""type"":""MultiPoint"",""coordinates"":[]}"
828,7.880178364744771E-5,2023-04-09,14,"{""type"":""MultiPoint"",""coordinates"":[]}"
829,7.314664541687884E-5,2023-04-10,14,"{""type"":""MultiPoint"",""coordinates"":[]}"
830,6.809925102547257E-5,2023-04-11,14,"{""type"":""MultiPoint"",""coordinates"":[]}"
831,5.852595499134189E-5,2023-04-12,14,"{""type"":""MultiPoint"",""coordinates"":[]}"
832,7.353299824425654E-5,2023-04-13,14,"{""type"":""MultiPoint"",""coordinates"":[]}"
833,8.58600350207446E-5,2023-04-14,15,"{""type"":""MultiPoint"",""coordinates"":[]}"
834,9.186480458803906E-5,2023-04-15,14,"{""type"":""MultiPoint"",""coordinates"":[]}"
835,5.681486035267494E-5,2023-04-16,14,"{""type"":""MultiPoint"",""coordinates"":[]}"
836,8.972253615256999E-5,2023-04-17,14,"{""type"":""MultiPoint"",""coordinates"":[]}"
837,6.477235800887542E-5,2023-04-18,14,"{""type"":""MultiPoint"",""coordinates"":[]}"
838,6.215519808399807E-5,2023-04-19,15,"{""type"":""MultiPoint"",""coordinates"":[]}"
839,6.0060762578492294E-5,2023-04-20,14,"{""type"":""MultiPoint"",""coordinates"":[]}"
840,8.165323209771226E-5,2023-04-21,14,"{""type"":""MultiPoint"",""coordinates"":[]}"
841,7.641360489623384E-5,2023-04-22,14,"{""type"":""MultiPoint"",""coordinates"":[]}"
842,7.025054194847462E-5,2023-04-23,14,"{""type"":""MultiPoint"",""coordinates"":[]}"
843,1.3544216864541458E-4,2023-04-24,15,"{""type"":""MultiPoint"",""coordinates"":[]}"
844,6.97268690674862E-5,2023-04-25,14,"{""type"":""MultiPoint"",""coordinates"":[]}"
845,1.0395335479520209E-4,2023-04-26,14,"{""type"":""MultiPoint"",""coordinates"":[]}"
846,1.1861527898002344E-4,2023-04-27,14,"{""type"":""MultiPoint"",""coordinates"":[]}"
847,1.2455718326354146E-4,2023-04-28,14,"{""type"":""MultiPoint"",""coordinates"":[]}"
848,,2023-04-29,14,"{""type"":""MultiPoint"",""coordinates"":[]}"
849,5.72012071046422E-5,2023-04-30,15,"{""type"":""MultiPoint"",""coordinates"":[]}"
850,,2023-05-01,14,"{""type"":""MultiPoint"",""coordinates"":[]}"
851,5.811148001175842E-5,2023-05-02,14,"{""type"":""MultiPoint"",""coordinates"":[]}"
852,6.955338488765058E-5,2023-05-03,13,"{""type"":""MultiPoint"",""coordinates"":[]}"
853,6.5555674622653E-5,2023-05-04,14,"{""type"":""MultiPoint"",""coordinates"":[]}"
854,1.0939193335303735E-4,2023-05-05,15,"{""type"":""MultiPoint"",""coordinates"":[]}"
855,3.723185339110469E-5,2023-05-06,14,"{""type"":""MultiPoint"",""coordinates"":[]}"
856,6.385959055078395E-5,2023-05-07,14,"{""type"":""MultiPoint"",""coordinates"":[]}"
857,6.557603647500166E-5,2023-05-08,14,"{""type"":""MultiPoint"",""coordinates"":[]}"
858,8.59959280262713E-5,2023-05-09,14,"{""type"":""MultiPoint"",""coordinates"":[]}"
859,8.334747844744064E-5,2023-05-10,14,"{""type"":""MultiPoint"",""coordinates"":[]}"
860,8.992567621427172E-5,2023-05-11,15,"{""type"":""MultiPoint"",""coordinates"":[]}"
861,8.974294702917926E-5,2023-05-12,14,"{""type"":""MultiPoint"",""coordinates"":[]}"
862,6.869392426731694E-5,2023-05-13,14,"{""type"":""MultiPoint"",""coordinates"":[]}"
863,6.935106056235338E-5,2023-05-14,14,"{""type"":""MultiPoint"",""coordinates"":[]}"
864,7.328284515535974E-5,2023-05-15,14,"{""type"":""MultiPoint"",""coordinates"":[]}"
865,5.8284418708130965E-5,2023-05-16,15,"{""type"":""MultiPoint"",""coordinates"":[]}"
866,4.682984085559517E-5,2023-05-17,14,"{""type"":""MultiPoint"",""coordinates"":[]}"
867,6.776014270510045E-5,2023-05-18,14,"{""type"":""MultiPoint"",""coordinates"":[]}"
868,8.550675630723019E-5,2023-05-19,14,"{""type"":""MultiPoint"",""coordinates"":[]}"
869,8.15870511529668E-5,2023-05-20,14,"{""type"":""MultiPoint"",""coordinates"":[]}"
870,9.511949153188169E-5,2023-05-21,15,"{""type"":""MultiPoint"",""coordinates"":[]}"
871,6.023130533203192E-5,2023-05-22,14,"{""type"":""MultiPoint"",""coordinates"":[]}"
872,5.9185566162056686E-5,2023-05-23,14,"{""type"":""MultiPoint"",""coordinates"":[]}"
873,9.072589150101056E-5,2023-05-24,14,"{""type"":""MultiPoint"",""coordinates"":[]}"
874,7.744113133425408E-5,2023-05-25,14,"{""type"":""MultiPoint"",""coordinates"":[]}"
875,7.893956700140202E-5,2023-05-26,14,"{""type"":""MultiPoint"",""coordinates"":[]}"
876,3.4508099628067984E-5,2023-05-27,10,"{""type"":""MultiPoint"",""coordinates"":[]}"
877,4.815310308529986E-5,2023-05-28,6,"{""type"":""MultiPoint"",""coordinates"":[]}"
878,4.685934599695205E-5,2023-05-29,8,"{""type"":""MultiPoint"",""coordinates"":[]}"
879,,2023-05-30,3,"{""type"":""MultiPoint"",""coordinates"":[]}"
880,6.221484347170632E-5,2023-05-31,7,"{""type"":""MultiPoint"",""coordinates"":[]}"
881,5.949977564985264E-5,2023-06-01,9,"{""type"":""MultiPoint"",""coordinates"":[]}"
882,4.146380664721296E-5,2023-06-02,13,"{""type"":""MultiPoint"",""coordinates"":[]}"
883,5.248287133563783E-5,2023-06-03,4,"{""type"":""MultiPoint"",""coordinates"":[]}"
884,7.43599446740811E-5,2023-06-04,14,"{""type"":""MultiPoint"",""coordinates"":[]}"
885,5.984329327741815E-5,2023-06-05,12,"{""type"":""MultiPoint"",""coordinates"":[]}"
886,7.457377925835711E-5,2023-06-06,14,"{""type"":""MultiPoint"",""coordinates"":[]}"
887,6.427915389167974E-5,2023-06-07,14,"{""type"":""MultiPoint"",""coordinates"":[]}"
888,5.2465455449215986E-5,2023-06-08,12,"{""type"":""MultiPoint"",""coordinates"":[]}"
889,6.466964040054602E-5,2023-06-09,14,"{""type"":""MultiPoint"",""coordinates"":[]}"
890,,2023-06-10,12,"{""type"":""MultiPoint"",""coordinates"":[]}"
891,6.505958453003634E-5,2023-06-11,14,"{""type"":""MultiPoint"",""coordinates"":[]}"
892,4.968993151852848E-5,2023-06-12,15,"{""type"":""MultiPoint"",""coordinates"":[]}"
893,3.8756310639275384E-5,2023-06-13,13,"{""type"":""MultiPoint"",""coordinates"":[]}"
894,3.533669792730911E-5,2023-06-14,12,"{""type"":""MultiPoint"",""coordinates"":[]}"
895,2.674541130636297E-5,2023-06-15,14,"{""type"":""MultiPoint"",""coordinates"":[]}"
896,3.648494994567761E-5,2023-06-16,14,"{""type"":""MultiPoint"",""coordinates"":[]}"
897,4.5483604735095074E-5,2023-06-17,13,"{""type"":""MultiPoint"",""coordinates"":[]}"
898,4.4633325577625994E-5,2023-06-18,11,"{""type"":""MultiPoint"",""coordinates"":[]}"
899,9.207259372959576E-5,2023-06-19,13,"{""type"":""MultiPoint"",""coordinates"":[]}"
900,4.991447644532408E-5,2023-06-20,14,"{""type"":""MultiPoint"",""coordinates"":[]}"
901,5.8649481269068265E-5,2023-06-21,14,"{""type"":""MultiPoint"",""coordinates"":[]}"
902,6.328606430948997E-5,2023-06-22,15,"{""type"":""MultiPoint"",""coordinates"":[]}"
903,4.169236190793567E-5,2023-06-23,13,"{""type"":""MultiPoint"",""coordinates"":[]}"
904,6.920297619429729E-5,2023-06-24,14,"{""type"":""MultiPoint"",""coordinates"":[]}"
905,,2023-06-25,14,"{""type"":""MultiPoint"",""coordinates"":[]}"
906,5.244113626659116E-5,2023-06-26,14,"{""type"":""MultiPoint"",""coordinates"":[]}"
907,4.881539809882217E-5,2023-06-27,14,"{""type"":""MultiPoint"",""coordinates"":[]}"
908,4.79063447702735E-5,2023-06-28,15,"{""type"":""MultiPoint"",""coordinates"":[]}"
909,4.557751643055971E-5,2023-06-29,14,"{""type"":""MultiPoint"",""coordinates"":[]}"
910,3.769619068439778E-5,2023-06-30,14,"{""type"":""MultiPoint"",""coordinates"":[]}"
911,4.9336854463867266E-5,2023-07-01,12,"{""type"":""MultiPoint"",""coordinates"":[]}"
912,,2023-07-02,11,"{""type"":""MultiPoint"",""coordinates"":[]}"
913,6.026178190570315E-5,2023-07-03,15,"{""type"":""MultiPoint"",""coordinates"":[]}"
914,4.919739156898425E-5,2023-07-04,13,"{""type"":""MultiPoint"",""coordinates"":[]}"
915,5.10990742949857E-5,2023-07-05,14,"{""type"":""MultiPoint"",""coordinates"":[]}"
916,6.222473839918281E-5,2023-07-06,14,"{""type"":""MultiPoint"",""coordinates"":[]}"
917,4.667334137221325E-5,2023-07-07,14,"{""type"":""MultiPoint"",""coordinates"":[]}"
918,,2023-07-08,15,"{""type"":""MultiPoint"",""coordinates"":[]}"
919,,2023-07-09,14,"{""type"":""MultiPoint"",""coordinates"":[]}"
920,,2023-07-10,14,"{""type"":""MultiPoint"",""coordinates"":[]}"
921,5.051128585304316E-5,2023-07-11,13,"{""type"":""MultiPoint"",""coordinates"":[]}"
922,,2023-07-12,12,"{""type"":""MultiPoint"",""coordinates"":[]}"
923,4.1516183478557265E-5,2023-07-13,14,"{""type"":""MultiPoint"",""coordinates"":[]}"
924,2.4988188351669854E-5,2023-07-14,14,"{""type"":""MultiPoint"",""coordinates"":[]}"
925,,2023-07-15,11,"{""type"":""MultiPoint"",""coordinates"":[]}"
926,3.5016988664228534E-5,2023-07-16,14,"{""type"":""MultiPoint"",""coordinates"":[]}"
927,2.845240941622791E-5,2023-07-17,13,"{""type"":""MultiPoint"",""coordinates"":[]}"
928,5.1041615112402394E-5,2023-07-18,13,"{""type"":""MultiPoint"",""coordinates"":[]}"
929,3.629135208790891E-5,2023-07-19,15,"{""type"":""MultiPoint"",""coordinates"":[]}"
930,4.846286555941134E-5,2023-07-20,14,"{""type"":""MultiPoint"",""coordinates"":[]}"
931,5.305334205658055E-5,2023-07-21,14,"{""type"":""MultiPoint"",""coordinates"":[]}"
932,3.5667129530202274E-5,2023-07-22,14,"{""type"":""MultiPoint"",""coordinates"":[]}"
933,3.493214832083159E-5,2023-07-23,14,"{""type"":""MultiPoint"",""coordinates"":[]}"
934,4.0647448590947624E-5,2023-07-24,15,"{""type"":""MultiPoint"",""coordinates"":[]}"
935,8.1634459524615E-5,2023-07-25,14,"{""type"":""MultiPoint"",""coordinates"":[]}"
936,5.324597933618942E-5,2023-07-26,14,"{""type"":""MultiPoint"",""coordinates"":[]}"
937,5.574389647518838E-5,2023-07-27,10,"{""type"":""MultiPoint"",""coordinates"":[]}"
938,,2023-07-28,11,"{""type"":""MultiPoint"",""coordinates"":[]}"
939,4.3100863142283E-5,2023-07-29,15,"{""type"":""MultiPoint"",""coordinates"":[]}"
940,3.946188948306036E-5,2023-07-30,12,"{""type"":""MultiPoint"",""coordinates"":[]}"
941,,2023-07-31,12,"{""type"":""MultiPoint"",""coordinates"":[]}"
942,4.3428750015326793E-5,2023-08-01,14,"{""type"":""MultiPoint"",""coordinates"":[]}"
943,3.4622021448405296E-5,2023-08-02,14,"{""type"":""MultiPoint"",""coordinates"":[]}"
944,3.55439001354207E-5,2023-08-03,14,"{""type"":""MultiPoint"",""coordinates"":[]}"
945,,2023-08-04,15,"{""type"":""MultiPoint"",""coordinates"":[]}"
946,3.667433195299743E-5,2023-08-05,14,"{""type"":""MultiPoint"",""coordinates"":[]}"
947,2.8038830943331495E-5,2023-08-06,14,"{""type"":""MultiPoint"",""coordinates"":[]}"
948,3.202594826766988E-5,2023-08-07,14,"{""type"":""MultiPoint"",""coordinates"":[]}"
949,3.727331908744044E-5,2023-08-08,14,"{""type"":""MultiPoint"",""coordinates"":[]}"
950,3.191757093501186E-5,2023-08-09,15,"{""type"":""MultiPoint"",""coordinates"":[]}"
951,3.7888464050993094E-5,2023-08-10,14,"{""type"":""MultiPoint"",""coordinates"":[]}"
952,4.499664627101363E-5,2023-08-11,14,"{""type"":""MultiPoint"",""coordinates"":[]}"
953,4.015993651837279E-5,2023-08-12,14,"{""type"":""MultiPoint"",""coordinates"":[]}"
954,3.1363482957856335E-5,2023-08-13,14,"{""type"":""MultiPoint"",""coordinates"":[]}"
955,6.89317735900276E-5,2023-08-14,15,"{""type"":""MultiPoint"",""coordinates"":[]}"
956,3.383053710388091E-5,2023-08-15,14,"{""type"":""MultiPoint"",""coordinates"":[]}"
957,4.261468254234249E-5,2023-08-16,14,"{""type"":""MultiPoint"",""coordinates"":[]}"
958,4.486400164251716E-5,2023-08-17,14,"{""type"":""MultiPoint"",""coordinates"":[]}"
959,5.082303713272826E-5,2023-08-18,14,"{""type"":""MultiPoint"",""coordinates"":[]}"
960,5.6249957966075426E-5,2023-08-19,13,"{""type"":""MultiPoint"",""coordinates"":[]}"
961,3.569190977198748E-5,2023-08-20,15,"{""type"":""MultiPoint"",""coordinates"":[]}"
962,5.282736520520627E-5,2023-08-21,14,"{""type"":""MultiPoint"",""coordinates"":[]}"
963,5.203771838435305E-5,2023-08-22,14,"{""type"":""MultiPoint"",""coordinates"":[]}"
964,,2023-08-23,14,"{""type"":""MultiPoint"",""coordinates"":[]}"
965,4.319630213928799E-5,2023-08-24,14,"{""type"":""MultiPoint"",""coordinates"":[]}"
966,3.5798616010245694E-5,2023-08-25,15,"{""type"":""MultiPoint"",""coordinates"":[]}"
967,4.2338178330876494E-5,2023-08-26,14,"{""type"":""MultiPoint"",""coordinates"":[]}"
968,3.638266124509845E-5,2023-08-27,14,"{""type"":""MultiPoint"",""coordinates"":[]}"
969,4.812136547843916E-5,2023-08-28,14,"{""type"":""MultiPoint"",""coordinates"":[]}"
970,4.7986694601165496E-5,2023-08-29,14,"{""type"":""MultiPoint"",""coordinates"":[]}"
971,5.373415850662374E-5,2023-08-30,15,"{""type"":""MultiPoint"",""coordinates"":[]}"
972,6.231311159698869E-5,2023-08-31,14,"{""type"":""MultiPoint"",""coordinates"":[]}"
973,5.0237018003836635E-5,2023-09-01,14,"{""type"":""MultiPoint"",""coordinates"":[]}"
974,4.390429628021731E-5,2023-09-02,14,"{""type"":""MultiPoint"",""coordinates"":[]}"
975,4.5494583265348687E-5,2023-09-03,14,"{""type"":""MultiPoint"",""coordinates"":[]}"
976,5.896337426566615E-5,2023-09-04,14,"{""type"":""MultiPoint"",""coordinates"":[]}"
977,5.284546801725784E-5,2023-09-05,15,"{""type"":""MultiPoint"",""coordinates"":[]}"
978,5.008017473457076E-5,2023-09-06,14,"{""type"":""MultiPoint"",""coordinates"":[]}"
979,6.253493038745121E-5,2023-09-07,14,"{""type"":""MultiPoint"",""coordinates"":[]}"
980,5.075129425881516E-5,2023-09-08,14,"{""type"":""MultiPoint"",""coordinates"":[]}"
981,4.795550070396063E-5,2023-09-09,14,"{""type"":""MultiPoint"",""coordinates"":[]}"
982,3.8139384348720285E-5,2023-09-10,15,"{""type"":""MultiPoint"",""coordinates"":[]}"
983,4.771624294692143E-5,2023-09-11,14,"{""type"":""MultiPoint"",""coordinates"":[]}"
984,5.0324832537308056E-5,2023-09-12,14,"{""type"":""MultiPoint"",""coordinates"":[]}"
985,5.067264175494758E-5,2023-09-13,14,"{""type"":""MultiPoint"",""coordinates"":[]}"
986,5.428304050323028E-5,2023-09-14,14,"{""type"":""MultiPoint"",""coordinates"":[]}"
987,7.361510031835095E-5,2023-09-15,15,"{""type"":""MultiPoint"",""coordinates"":[]}"
988,3.186315349370906E-5,2023-09-16,14,"{""type"":""MultiPoint"",""coordinates"":[]}"
989,2.986041653909448E-5,2023-09-17,14,"{""type"":""MultiPoint"",""coordinates"":[]}"
990,3.8553183147384494E-5,2023-09-18,14,"{""type"":""MultiPoint"",""coordinates"":[]}"
991,4.4364258988249104E-5,2023-09-19,14,"{""type"":""MultiPoint"",""coordinates"":[]}"
992,6.28773742459392E-5,2023-09-20,15,"{""type"":""MultiPoint"",""coordinates"":[]}"
993,6.645411410266418E-5,2023-09-21,14,"{""type"":""MultiPoint"",""coordinates"":[]}"
994,6.230323568624888E-5,2023-09-22,14,"{""type"":""MultiPoint"",""coordinates"":[]}"
995,4.596107478616219E-5,2023-09-23,14,"{""type"":""MultiPoint"",""coordinates"":[]}"
996,5.0866053540228875E-5,2023-09-24,14,"{""type"":""MultiPoint"",""coordinates"":[]}"
997,6.944324606226772E-5,2023-09-25,14,"{""type"":""MultiPoint"",""coordinates"":[]}"
998,6.119136513884866E-5,2023-09-26,15,"{""type"":""MultiPoint"",""coordinates"":[]}"
999,5.6175311530882895E-5,2023-09-27,14,"{""type"":""MultiPoint"",""coordinates"":[]}"
1000,6.0229051834025796E-5,2023-09-28,14,"{""type"":""MultiPoint"",""coordinates"":[]}"
1001,7.402419744357673E-5,2023-09-29,14,"{""type"":""MultiPoint"",""coordinates"":[]}"
1002,7.44331410906106E-5,2023-09-30,14,"{""type"":""MultiPoint"",""coordinates"":[]}"
1003,5.423629944562159E-5,2023-10-01,15,"{""type"":""MultiPoint"",""coordinates"":[]}"
1004,5.68993637613177E-5,2023-10-02,14,"{""type"":""MultiPoint"",""coordinates"":[]}"
1005,5.7138019380772256E-5,2023-10-03,14,"{""type"":""MultiPoint"",""coordinates"":[]}"
1006,6.470987997201405E-5,2023-10-04,14,"{""type"":""MultiPoint"",""coordinates"":[]}"
1007,7.235710966796954E-5,2023-10-05,14,"{""type"":""MultiPoint"",""coordinates"":[]}"
1008,8.139896094244183E-5,2023-10-06,15,"{""type"":""MultiPoint"",""coordinates"":[]}"
1009,6.718352698735967E-5,2023-10-07,14,"{""type"":""MultiPoint"",""coordinates"":[]}"
1010,4.999518949258857E-5,2023-10-08,14,"{""type"":""MultiPoint"",""coordinates"":[]}"
1011,5.506884191106683E-5,2023-10-09,14,"{""type"":""MultiPoint"",""coordinates"":[]}"
1012,6.779583052481783E-5,2023-10-10,14,"{""type"":""MultiPoint"",""coordinates"":[]}"
1013,7.667434269030493E-5,2023-10-11,14,"{""type"":""MultiPoint"",""coordinates"":[]}"
1014,8.013763557358219E-5,2023-10-12,15,"{""type"":""MultiPoint"",""coordinates"":[]}"
1015,9.373157465593156E-5,2023-10-13,14,"{""type"":""MultiPoint"",""coordinates"":[]}"
1016,7.185670871538514E-5,2023-10-14,14,"{""type"":""MultiPoint"",""coordinates"":[]}"
1017,4.89461185851961E-5,2023-10-15,14,"{""type"":""MultiPoint"",""coordinates"":[]}"
1018,7.452024775805983E-5,2023-10-16,14,"{""type"":""MultiPoint"",""coordinates"":[]}"
1019,6.158044609542859E-5,2023-10-17,15,"{""type"":""MultiPoint"",""coordinates"":[]}"
1020,7.003484396599869E-5,2023-10-18,14,"{""type"":""MultiPoint"",""coordinates"":[]}"
1021,8.082388560288533E-5,2023-10-19,14,"{""type"":""MultiPoint"",""coordinates"":[]}"
1022,9.572703930304621E-5,2023-10-20,14,"{""type"":""MultiPoint"",""coordinates"":[]}"
1023,1.0479767349228167E-4,2023-10-21,14,"{""type"":""MultiPoint"",""coordinates"":[]}"
1024,1.2155358542713883E-4,2023-10-22,15,"{""type"":""MultiPoint"",""coordinates"":[]}"
1025,7.121171641643505E-5,2023-10-23,14,"{""type"":""MultiPoint"",""coordinates"":[]}"
1026,7.635723547166211E-5,2023-10-24,14,"{""type"":""MultiPoint"",""coordinates"":[]}"
1027,7.662809803279279E-5,2023-10-25,14,"{""type"":""MultiPoint"",""coordinates"":[]}"
1028,7.431016573899539E-5,2023-10-26,14,"{""type"":""MultiPoint"",""coordinates"":[]}"
1029,9.804024805956478E-5,2023-10-27,14,"{""type"":""MultiPoint"",""coordinates"":[]}"
1030,1.1968766260588412E-4,2023-10-28,15,"{""type"":""MultiPoint"",""coordinates"":[]}"
1031,1.0495859045127673E-4,2023-10-29,14,"{""type"":""MultiPoint"",""coordinates"":[]}"
1032,1.1339104697208493E-4,2023-10-30,14,"{""type"":""MultiPoint"",""coordinates"":[]}"
1033,1.3189000389416495E-4,2023-10-31,14,"{""type"":""MultiPoint"",""coordinates"":[]}"
1034,9.639004696927313E-5,2023-11-01,14,"{""type"":""MultiPoint"",""coordinates"":[]}"
1035,1.2459689277433494E-4,2023-11-02,15,"{""type"":""MultiPoint"",""coordinates"":[]}"
1036,8.45762008484375E-5,2023-11-03,14,"{""type"":""MultiPoint"",""coordinates"":[]}"
1037,9.187389472358334E-5,2023-11-04,14,"{""type"":""MultiPoint"",""coordinates"":[]}"
1038,8.993751651285318E-5,2023-11-05,14,"{""type"":""MultiPoint"",""coordinates"":[]}"
1039,8.761130536747497E-5,2023-11-06,14,"{""type"":""MultiPoint"",""coordinates"":[]}"
1040,8.215907568562035E-5,2023-11-07,15,"{""type"":""MultiPoint"",""coordinates"":[]}"
1041,6.783215048193126E-5,2023-11-08,14,"{""type"":""MultiPoint"",""coordinates"":[]}"
1042,7.94953860320721E-5,2023-11-09,14,"{""type"":""MultiPoint"",""coordinates"":[]}"
1043,6.116814196406655E-5,2023-11-10,14,"{""type"":""MultiPoint"",""coordinates"":[]}"
1044,5.9274110964233965E-5,2023-11-11,14,"{""type"":""MultiPoint"",""coordinates"":[]}"
1045,7.492386209837324E-5,2023-11-12,14,"{""type"":""MultiPoint"",""coordinates"":[]}"
1046,3.4182091288479094E-5,2023-11-13,15,"{""type"":""MultiPoint"",""coordinates"":[]}"
1047,8.710960117650418E-5,2023-11-14,14,"{""type"":""MultiPoint"",""coordinates"":[]}"
1048,9.068494423684574E-5,2023-11-15,14,"{""type"":""MultiPoint"",""coordinates"":[]}"
1049,8.284798374047977E-5,2023-11-16,14,"{""type"":""MultiPoint"",""coordinates"":[]}"
1050,1.0218181346476226E-4,2023-11-17,14,"{""type"":""MultiPoint"",""coordinates"":[]}"
1051,8.943444556225525E-5,2023-11-18,15,"{""type"":""MultiPoint"",""coordinates"":[]}"
1052,1.3165966728117013E-4,2023-11-19,14,"{""type"":""MultiPoint"",""coordinates"":[]}"
1053,1.2523944491067137E-4,2023-11-20,14,"{""type"":""MultiPoint"",""coordinates"":[]}"
1054,9.087320141993694E-5,2023-11-21,14,"{""type"":""MultiPoint"",""coordinates"":[]}"
1055,6.733332019934107E-5,2023-11-22,14,"{""type"":""MultiPoint"",""coordinates"":[]}"
1056,1.2922539695287566E-4,2023-11-23,15,"{""type"":""MultiPoint"",""coordinates"":[]}"
1057,,2023-11-24,13,"{""type"":""MultiPoint"",""coordinates"":[]}"
1058,9.792187258779497E-5,2023-11-25,14,"{""type"":""MultiPoint"",""coordinates"":[]}"
1059,1.2041714303368237E-4,2023-11-26,14,"{""type"":""MultiPoint"",""coordinates"":[]}"
1060,8.063258327693513E-5,2023-11-27,14,"{""type"":""MultiPoint"",""coordinates"":[]}"
1061,6.441738080016137E-5,2023-11-28,15,"{""type"":""MultiPoint"",""coordinates"":[]}"
1062,,2023-11-29,14,"{""type"":""MultiPoint"",""coordinates"":[]}"
1063,6.688886379262189E-5,2023-11-30,14,"{""type"":""MultiPoint"",""coordinates"":[]}"
1064,6.809805871203493E-5,2023-12-01,14,"{""type"":""MultiPoint"",""coordinates"":[]}"
1065,9.47467777924317E-5,2023-12-02,14,"{""type"":""MultiPoint"",""coordinates"":[]}"
1066,1.0733951892150566E-4,2023-12-03,14,"{""type"":""MultiPoint"",""coordinates"":[]}"
1067,1.0192930280292703E-4,2023-12-04,15,"{""type"":""MultiPoint"",""coordinates"":[]}"
1068,8.691907312908527E-5,2023-12-05,14,"{""type"":""MultiPoint"",""coordinates"":[]}"
1069,1.0322031478926066E-4,2023-12-06,14,"{""type"":""MultiPoint"",""coordinates"":[]}"
1070,1.0875491987487912E-4,2023-12-07,14,"{""type"":""MultiPoint"",""coordinates"":[]}"
1071,9.229660838015647E-5,2023-12-08,14,"{""type"":""MultiPoint"",""coordinates"":[]}"
1072,1.0363355403601944E-4,2023-12-09,15,"{""type"":""MultiPoint"",""coordinates"":[]}"
1073,8.883769116117001E-5,2023-12-10,14,"{""type"":""MultiPoint"",""coordinates"":[]}"
1074,1.0958260485555506E-4,2023-12-11,14,"{""type"":""MultiPoint"",""coordinates"":[]}"
1075,9.09226831799489E-5,2023-12-12,14,"{""type"":""MultiPoint"",""coordinates"":[]}"
1076,1.1632569579033563E-4,2023-12-13,14,"{""type"":""MultiPoint"",""coordinates"":[]}"
1077,1.4542195715198217E-4,2023-12-14,15,"{""type"":""MultiPoint"",""coordinates"":[]}"
1078,2.0664052241388265E-4,2023-12-15,14,"{""type"":""MultiPoint"",""coordinates"":[]}"
1079,1.4518374490298056E-4,2023-12-16,14,"{""type"":""MultiPoint"",""coordinates"":[]}"
1080,1.0754957170126942E-4,2023-12-17,14,"{""type"":""MultiPoint"",""coordinates"":[]}"
1081,8.451784654612838E-5,2023-12-18,14,"{""type"":""MultiPoint"",""coordinates"":[]}"
1082,9.45420278943792E-5,2023-12-19,14,"{""type"":""MultiPoint"",""coordinates"":[]}"
1083,1.617005737093056E-4,2023-12-20,15,"{""type"":""MultiPoint"",""coordinates"":[]}"
1084,1.1987672266448944E-4,2023-12-21,14,"{""type"":""MultiPoint"",""coordinates"":[]}"
1085,1.8431254610657785E-4,2023-12-22,14,"{""type"":""MultiPoint"",""coordinates"":[]}"
1086,1.0484138609156898E-4,2023-12-23,14,"{""type"":""MultiPoint"",""coordinates"":[]}"
1087,1.4813678173381073E-4,2023-12-24,13,"{""type"":""MultiPoint"",""coordinates"":[]}"
1088,1.1868049111480672E-4,2023-12-25,15,"{""type"":""MultiPoint"",""coordinates"":[]}"
1089,2.048775633739297E-4,2023-12-26,14,"{""type"":""MultiPoint"",""coordinates"":[]}"
1090,1.5164173250079577E-4,2023-12-27,14,"{""type"":""MultiPoint"",""coordinates"":[]}"
1091,1.5415079105966892E-4,2023-12-28,14,"{""type"":""MultiPoint"",""coordinates"":[]}"
1092,2.894527847697204E-4,2023-12-29,14,"{""type"":""MultiPoint"",""coordinates"":[]}"
1093,4.0150838816409545E-4,2023-12-30,15,"{""type"":""MultiPoint"",""coordinates"":[]}"
1094,,2023-12-31,13,"{""type"":""MultiPoint"",""coordinates"":[]}"
1095,1.5234731660730122E-4,2024-01-01,10,"{""type"":""MultiPoint"",""coordinates"":[]}"
1096,1.4803277613935576E-4,2024-01-02,14,"{""type"":""MultiPoint"",""coordinates"":[]}"
1097,1.5832365357889034E-4,2024-01-03,14,"{""type"":""MultiPoint"",""coordinates"":[]}"
1098,,2024-01-04,14,"{""type"":""MultiPoint"",""coordinates"":[]}"
1099,,2024-01-05,15,"{""type"":""MultiPoint"",""coordinates"":[]}"
1100,,2024-01-06,14,"{""type"":""MultiPoint"",""coordinates"":[]}"
1101,1.0921068356845967E-4,2024-01-07,14,"{""type"":""MultiPoint"",""coordinates"":[]}"
1102,1.3208739034900098E-4,2024-01-08,14,"{""type"":""MultiPoint"",""coordinates"":[]}"
1103,1.9272146354891578E-4,2024-01-09,14,"{""type"":""MultiPoint"",""coordinates"":[]}"
1104,1.3359980850830719E-4,2024-01-10,15,"{""type"":""MultiPoint"",""coordinates"":[]}"
1105,1.2630977173013334E-4,2024-01-11,14,"{""type"":""MultiPoint"",""coordinates"":[]}"
1106,1.5758952428607514E-4,2024-01-12,14,"{""type"":""MultiPoint"",""coordinates"":[]}"
1107,2.041228580546527E-4,2024-01-13,14,"{""type"":""MultiPoint"",""coordinates"":[]}"
1108,1.5058907784089645E-4,2024-01-14,14,"{""type"":""MultiPoint"",""coordinates"":[]}"
1109,1.5960954177771593E-4,2024-01-15,15,"{""type"":""MultiPoint"",""coordinates"":[]}"
1110,1.3966775528265657E-4,2024-01-16,14,"{""type"":""MultiPoint"",""coordinates"":[]}"
1111,1.3210321968921707E-4,2024-01-17,14,"{""type"":""MultiPoint"",""coordinates"":[]}"
1112,1.6780174764198248E-4,2024-01-18,14,"{""type"":""MultiPoint"",""coordinates"":[]}"
1113,2.7451491329819495E-4,2024-01-19,14,"{""type"":""MultiPoint"",""coordinates"":[]}"
1114,1.5657587815608197E-4,2024-01-20,14,"{""type"":""MultiPoint"",""coordinates"":[]}"
1115,1.59029418451261E-4,2024-01-21,15,"{""type"":""MultiPoint"",""coordinates"":[]}"
1116,2.229454276123227E-4,2024-01-22,14,"{""type"":""MultiPoint"",""coordinates"":[]}"
1117,1.5107093286709613E-4,2024-01-23,14,"{""type"":""MultiPoint"",""coordinates"":[]}"
1118,1.3371831851724978E-4,2024-01-24,14,"{""type"":""MultiPoint"",""coordinates"":[]}"
1119,1.5276249088733344E-4,2024-01-25,13,"{""type"":""MultiPoint"",""coordinates"":[]}"
1120,1.2019205533595213E-4,2024-01-26,15,"{""type"":""MultiPoint"",""coordinates"":[]}"
1121,6.683501576680207E-5,2024-01-27,11,"{""type"":""MultiPoint"",""coordinates"":[]}"
1122,,2024-01-28,14,"{""type"":""MultiPoint"",""coordinates"":[]}"
1123,9.252016701444486E-5,2024-01-29,14,"{""type"":""MultiPoint"",""coordinates"":[]}"
1124,2.7898585447600757E-4,2024-01-30,14,"{""type"":""MultiPoint"",""coordinates"":[]}"
1125,8.789503977941514E-5,2024-01-31,15,"{""type"":""MultiPoint"",""coordinates"":[]}"
1126,,2024-02-01,14,"{""type"":""MultiPoint"",""coordinates"":[]}"
1127,8.297592423310351E-5,2024-02-02,14,"{""type"":""MultiPoint"",""coordinates"":[]}"
1128,5.721117087894386E-5,2024-02-03,14,"{""type"":""MultiPoint"",""coordinates"":[]}"
1129,8.583012092024316E-5,2024-02-04,14,"{""type"":""MultiPoint"",""coordinates"":[]}"
1130,6.999127923968327E-5,2024-02-05,14,"{""type"":""MultiPoint"",""coordinates"":[]}"
1131,7.677241560411127E-5,2024-02-06,15,"{""type"":""MultiPoint"",""coordinates"":[]}"
1132,6.914523291878916E-5,2024-02-07,14,"{""type"":""MultiPoint"",""coordinates"":[]}"
1133,4.2259521824318744E-5,2024-02-08,14,"{""type"":""MultiPoint"",""coordinates"":[]}"
1134,8.927601233802763E-5,2024-02-09,14,"{""type"":""MultiPoint"",""coordinates"":[]}"
1135,1.237331267630808E-4,2024-02-10,14,"{""type"":""MultiPoint"",""coordinates"":[]}"
1136,1.0586175093762745E-4,2024-02-11,15,"{""type"":""MultiPoint"",""coordinates"":[]}"
1137,1.3336606953210194E-4,2024-02-12,14,"{""type"":""MultiPoint"",""coordinates"":[]}"
1138,2.4499368553877184E-4,2024-02-13,14,"{""type"":""MultiPoint"",""coordinates"":[]}"
1139,7.518932437282045E-5,2024-02-14,14,"{""type"":""MultiPoint"",""coordinates"":[]}"
1140,9.359544024053507E-5,2024-02-15,14,"{""type"":""MultiPoint"",""coordinates"":[]}"
1141,1.0906546377728833E-4,2024-02-16,12,"{""type"":""MultiPoint"",""coordinates"":[]}"
1142,7.762762474254701E-5,2024-02-17,14,"{""type"":""MultiPoint"",""coordinates"":[]}"
1143,7.666168344646556E-5,2024-02-18,13,"{""type"":""MultiPoint"",""coordinates"":[]}"
1144,5.158485702322277E-5,2024-02-19,14,"{""type"":""MultiPoint"",""coordinates"":[]}"
1145,5.2839918009419926E-5,2024-02-20,14,"{""type"":""MultiPoint"",""coordinates"":[]}"
1146,7.171003846520177E-5,2024-02-21,14,"{""type"":""MultiPoint"",""coordinates"":[]}"
1147,8.725346952517411E-5,2024-02-22,15,"{""type"":""MultiPoint"",""coordinates"":[]}"
1148,6.304944957385744E-5,2024-02-23,14,"{""type"":""MultiPoint"",""coordinates"":[]}"
1149,8.760288959424238E-5,2024-02-24,14,"{""type"":""MultiPoint"",""coordinates"":[]}"
1150,8.94607516964653E-5,2024-02-25,14,"{""type"":""MultiPoint"",""coordinates"":[]}"
1151,5.240017580246377E-5,2024-02-26,14,"{""type"":""MultiPoint"",""coordinates"":[]}"
1152,6.345201146289887E-5,2024-02-27,15,"{""type"":""MultiPoint"",""coordinates"":[]}"
1153,6.0953545756843754E-5,2024-02-28,14,"{""type"":""MultiPoint"",""coordinates"":[]}"
1154,6.51271975573144E-5,2024-02-29,14,"{""type"":""MultiPoint"",""coordinates"":[]}"
1155,8.191027090241775E-5,2024-03-01,14,"{""type"":""MultiPoint"",""coordinates"":[]}"
1156,4.832768943968248E-5,2024-03-02,14,"{""type"":""MultiPoint"",""coordinates"":[]}"
1157,6.782301617012159E-5,2024-03-03,14,"{""type"":""MultiPoint"",""coordinates"":[]}"
1158,7.748074962403168E-5,2024-03-04,15,"{""type"":""MultiPoint"",""coordinates"":[]}"
1159,5.428895558439304E-5,2024-03-05,13,"{""type"":""MultiPoint"",""coordinates"":[]}"
1160,5.9491414030355936E-5,2024-03-06,14,"{""type"":""MultiPoint"",""coordinates"":[]}"
1161,6.208623702307459E-5,2024-03-07,14,"{""type"":""MultiPoint"",""coordinates"":[]}"
1162,5.988622984245372E-5,2024-03-08,14,"{""type"":""MultiPoint"",""coordinates"":[]}"
1163,5.701069666449345E-5,2024-03-09,15,"{""type"":""MultiPoint"",""coordinates"":[]}"
1164,6.450771975951539E-5,2024-03-10,14,"{""type"":""MultiPoint"",""coordinates"":[]}"
1165,6.382793857067247E-5,2024-03-11,14,"{""type"":""MultiPoint"",""coordinates"":[]}"
1166,6.073503769073744E-5,2024-03-12,14,"{""type"":""MultiPoint"",""coordinates"":[]}"
1167,7.385546825020814E-5,2024-03-13,14,"{""type"":""MultiPoint"",""coordinates"":[]}"
1168,5.872777427097062E-5,2024-03-14,15,"{""type"":""MultiPoint"",""coordinates"":[]}"
1169,5.1188254332155676E-5,2024-03-15,14,"{""type"":""MultiPoint"",""coordinates"":[]}"
1170,6.323183414668061E-5,2024-03-16,14,"{""type"":""MultiPoint"",""coordinates"":[]}"
1171,7.134598896627556E-5,2024-03-17,14,"{""type"":""MultiPoint"",""coordinates"":[]}"
1172,6.20685125203016E-5,2024-03-18,14,"{""type"":""MultiPoint"",""coordinates"":[]}"
1173,6.375900530217832E-5,2024-03-19,14,"{""type"":""MultiPoint"",""coordinates"":[]}"
1174,5.77957376407094E-5,2024-03-20,15,"{""type"":""MultiPoint"",""coordinates"":[]}"
1175,5.323076982602375E-5,2024-03-21,14,"{""type"":""MultiPoint"",""coordinates"":[]}"
1176,5.6746152877817876E-5,2024-03-22,13,"{""type"":""MultiPoint"",""coordinates"":[]}"
1177,,2024-03-23,9,"{""type"":""MultiPoint"",""coordinates"":[]}"
1178,5.3439747683892583E-5,2024-03-24,14,"{""type"":""MultiPoint"",""coordinates"":[]}"
1179,4.271738550519784E-5,2024-03-25,15,"{""type"":""MultiPoint"",""coordinates"":[]}"
1180,4.970405149132222E-5,2024-03-26,14,"{""type"":""MultiPoint"",""coordinates"":[]}"
1181,5.024444654796963E-5,2024-03-27,14,"{""type"":""MultiPoint"",""coordinates"":[]}"
1182,6.045780098193808E-5,2024-03-28,14,"{""type"":""MultiPoint"",""coordinates"":[]}"
1183,8.974679258609944E-5,2024-03-29,14,"{""type"":""MultiPoint"",""coordinates"":[]}"
1184,7.328895714022158E-5,2024-03-30,14,"{""type"":""MultiPoint"",""coordinates"":[]}"
1185,6.501228064704482E-5,2024-03-31,15,"{""type"":""MultiPoint"",""coordinates"":[]}"
1186,4.307332661833001E-5,2024-04-01,14,"{""type"":""MultiPoint"",""coordinates"":[]}"
1187,5.504950826435605E-5,2024-04-02,14,"{""type"":""MultiPoint"",""coordinates"":[]}"
1188,1.2006622440360942E-4,2024-04-03,14,"{""type"":""MultiPoint"",""coordinates"":[]}"
1189,9.472773694638723E-5,2024-04-04,14,"{""type"":""MultiPoint"",""coordinates"":[]}"
1190,5.794661447788729E-5,2024-04-05,15,"{""type"":""MultiPoint"",""coordinates"":[]}"
1191,6.389610091465352E-5,2024-04-06,14,"{""type"":""MultiPoint"",""coordinates"":[]}"
1192,5.6361292919408345E-5,2024-04-07,14,"{""type"":""MultiPoint"",""coordinates"":[]}"
1193,7.387061347578094E-5,2024-04-08,14,"{""type"":""MultiPoint"",""coordinates"":[]}"
1194,9.843587827868662E-5,2024-04-09,14,"{""type"":""MultiPoint"",""coordinates"":[]}"
1195,7.58409528241873E-5,2024-04-10,15,"{""type"":""MultiPoint"",""coordinates"":[]}"
1196,7.738760217205783E-5,2024-04-11,14,"{""type"":""MultiPoint"",""coordinates"":[]}"
1197,8.20092051336355E-5,2024-04-12,14,"{""type"":""MultiPoint"",""coordinates"":[]}"
1198,1.0386650883110011E-4,2024-04-13,14,"{""type"":""MultiPoint"",""coordinates"":[]}"
1199,6.0592306025487E-5,2024-04-14,14,"{""type"":""MultiPoint"",""coordinates"":[]}"
1200,7.47890177233452E-5,2024-04-15,14,"{""type"":""MultiPoint"",""coordinates"":[]}"
1201,7.168938995160215E-5,2024-04-16,15,"{""type"":""MultiPoint"",""coordinates"":[]}"
1202,7.470961823560781E-5,2024-04-17,14,"{""type"":""MultiPoint"",""coordinates"":[]}"
1203,4.833834011389007E-5,2024-04-18,14,"{""type"":""MultiPoint"",""coordinates"":[]}"
1204,4.637944536222302E-5,2024-04-19,14,"{""type"":""MultiPoint"",""coordinates"":[]}"
1205,6.111882220409583E-5,2024-04-20,14,"{""type"":""MultiPoint"",""coordinates"":[]}"
1206,5.237101050642798E-5,2024-04-21,15,"{""type"":""MultiPoint"",""coordinates"":[]}"
1207,5.901137830345012E-5,2024-04-22,14,"{""type"":""MultiPoint"",""coordinates"":[]}"
1208,6.823590808169038E-5,2024-04-23,14,"{""type"":""MultiPoint"",""coordinates"":[]}"
1209,8.32321060555878E-5,2024-04-24,14,"{""type"":""MultiPoint"",""coordinates"":[]}"
1210,7.44191441384891E-5,2024-04-25,14,"{""type"":""MultiPoint"",""coordinates"":[]}"
1211,7.34871704913013E-5,2024-04-26,15,"{""type"":""MultiPoint"",""coordinates"":[]}"
1212,6.382997521190822E-5,2024-04-27,14,"{""type"":""MultiPoint"",""coordinates"":[]}"
1213,7.306428476373203E-5,2024-04-28,14,"{""type"":""MultiPoint"",""coordinates"":[]}"
1214,9.9574920045227E-5,2024-04-29,14,"{""type"":""MultiPoint"",""coordinates"":[]}"
1215,8.145727873930077E-5,2024-04-30,14,"{""type"":""MultiPoint"",""coordinates"":[]}"
1216,7.239941958446629E-5,2024-05-01,14,"{""type"":""MultiPoint"",""coordinates"":[]}"
1217,9.023692240686127E-5,2024-05-02,15,"{""type"":""MultiPoint"",""coordinates"":[]}"
1218,6.589104994992108E-5,2024-05-03,14,"{""type"":""MultiPoint"",""coordinates"":[]}"
1219,1.0138563016968216E-4,2024-05-04,14,"{""type"":""MultiPoint"",""coordinates"":[]}"
1220,1.0676044676269211E-4,2024-05-05,14,"{""type"":""MultiPoint"",""coordinates"":[]}"
1221,1.0187885575180895E-4,2024-05-06,14,"{""type"":""MultiPoint"",""coordinates"":[]}"
1222,1.1788596188932743E-4,2024-05-07,15,"{""type"":""MultiPoint"",""coordinates"":[]}"
1223,7.457386200170989E-5,2024-05-08,14,"{""type"":""MultiPoint"",""coordinates"":[]}"
1224,6.501708987142968E-5,2024-05-09,14,"{""type"":""MultiPoint"",""coordinates"":[]}"
1225,7.064322858619711E-5,2024-05-10,14,"{""type"":""MultiPoint"",""coordinates"":[]}"
1226,9.59921313723614E-5,2024-05-11,14,"{""type"":""MultiPoint"",""coordinates"":[]}"
1227,9.55092834716929E-5,2024-05-12,15,"{""type"":""MultiPoint"",""coordinates"":[]}"
1228,7.80399533198746E-5,2024-05-13,14,"{""type"":""MultiPoint"",""coordinates"":[]}"
1229,1.1641974721273691E-4,2024-05-14,14,"{""type"":""MultiPoint"",""coordinates"":[]}"
1230,9.793365784027754E-5,2024-05-15,14,"{""type"":""MultiPoint"",""coordinates"":[]}"
1231,1.0719181149281566E-4,2024-05-16,14,"{""type"":""MultiPoint"",""coordinates"":[]}"
1232,1.1362253004586429E-4,2024-05-17,14,"{""type"":""MultiPoint"",""coordinates"":[]}"
1233,1.0687696211925964E-4,2024-05-18,15,"{""type"":""MultiPoint"",""coordinates"":[]}"
1234,6.856174110365313E-5,2024-05-19,14,"{""type"":""MultiPoint"",""coordinates"":[]}"
1235,7.42772465616496E-5,2024-05-20,14,"{""type"":""MultiPoint"",""coordinates"":[]}"
1236,9.685346589973619E-5,2024-05-21,14,"{""type"":""MultiPoint"",""coordinates"":[]}"
1237,8.482458570311706E-5,2024-05-22,14,"{""type"":""MultiPoint"",""coordinates"":[]}"
1238,7.012777327719823E-5,2024-05-23,15,"{""type"":""MultiPoint"",""coordinates"":[]}"
1239,6.238548496249226E-5,2024-05-24,14,"{""type"":""MultiPoint"",""coordinates"":[]}"
1240,7.366804205823832E-5,2024-05-25,14,"{""type"":""MultiPoint"",""coordinates"":[]}"
1241,8.307231537773618E-5,2024-05-26,14,"{""type"":""MultiPoint"",""coordinates"":[]}"
1242,1.1184373466978247E-4,2024-05-27,14,"{""type"":""MultiPoint"",""coordinates"":[]}"
1243,9.974602988115219E-5,2024-05-28,15,"{""type"":""MultiPoint"",""coordinates"":[]}"
1244,7.740556499034411E-5,2024-05-29,13,"{""type"":""MultiPoint"",""coordinates"":[]}"
1245,7.505419451151055E-5,2024-05-30,14,"{""type"":""MultiPoint"",""coordinates"":[]}"
1246,7.698325030493564E-5,2024-05-31,14,"{""type"":""MultiPoint"",""coordinates"":[]}"
1247,7.347723544919141E-5,2024-06-01,14,"{""type"":""MultiPoint"",""coordinates"":[]}"
1248,9.066109182034235E-5,2024-06-02,14,"{""type"":""MultiPoint"",""coordinates"":[]}"
1249,7.090914047267813E-5,2024-06-03,15,"{""type"":""MultiPoint"",""coordinates"":[]}"
1250,7.482194359106743E-5,2024-06-04,14,"{""type"":""MultiPoint"",""coordinates"":[]}"
1251,6.020379254847289E-5,2024-06-05,14,"{""type"":""MultiPoint"",""coordinates"":[]}"
1252,1.0090834772988685E-4,2024-06-06,14,"{""type"":""MultiPoint"",""coordinates"":[]}"
1253,9.833810638468839E-5,2024-06-07,14,"{""type"":""MultiPoint"",""coordinates"":[]}"
1254,6.401158422867169E-5,2024-06-08,15,"{""type"":""MultiPoint"",""coordinates"":[]}"
1255,6.0919693210754855E-5,2024-06-09,14,"{""type"":""MultiPoint"",""coordinates"":[]}"
1256,7.000947498548492E-5,2024-06-10,14,"{""type"":""MultiPoint"",""coordinates"":[]}"
1257,7.198986635104965E-5,2024-06-11,14,"{""type"":""MultiPoint"",""coordinates"":[]}"
1258,8.681137116163641E-5,2024-06-12,14,"{""type"":""MultiPoint"",""coordinates"":[]}"
1259,7.27517325152217E-5,2024-06-13,15,"{""type"":""MultiPoint"",""coordinates"":[]}"
1260,6.34486395018944E-5,2024-06-14,14,"{""type"":""MultiPoint"",""coordinates"":[]}"
1261,5.7207568973116393E-5,2024-06-15,14,"{""type"":""MultiPoint"",""coordinates"":[]}"
1262,6.02107797674736E-5,2024-06-16,14,"{""type"":""MultiPoint"",""coordinates"":[]}"
1263,6.366393916977591E-5,2024-06-17,14,"{""type"":""MultiPoint"",""coordinates"":[]}"
1264,5.549329583948752E-5,2024-06-18,14,"{""type"":""MultiPoint"",""coordinates"":[]}"
1265,5.0756876056583986E-5,2024-06-19,15,"{""type"":""MultiPoint"",""coordinates"":[]}"
1266,4.469521940094668E-5,2024-06-20,14,"{""type"":""MultiPoint"",""coordinates"":[]}"
1267,6.301523370125944E-5,2024-06-21,14,"{""type"":""MultiPoint"",""coordinates"":[]}"
1268,8.121018372514197E-5,2024-06-22,14,"{""type"":""MultiPoint"",""coordinates"":[]}"
1269,7.425834787121447E-5,2024-06-23,14,"{""type"":""MultiPoint"",""coordinates"":[]}"
1270,8.399626591276922E-5,2024-06-24,15,"{""type"":""MultiPoint"",""coordinates"":[]}"
1271,7.444942226454484E-5,2024-06-25,14,"{""type"":""MultiPoint"",""coordinates"":[]}"
1272,9.01725504860925E-5,2024-06-26,14,"{""type"":""MultiPoint"",""coordinates"":[]}"
1273,8.377114475555099E-5,2024-06-27,14,"{""type"":""MultiPoint"",""coordinates"":[]}"
1274,7.189689636347097E-5,2024-06-28,14,"{""type"":""MultiPoint"",""coordinates"":[]}"
1275,8.411021494365866E-5,2024-06-29,15,"{""type"":""MultiPoint"",""coordinates"":[]}"
1276,5.431894579396418E-5,2024-06-30,14,"{""type"":""MultiPoint"",""coordinates"":[]}"
1277,6.867639586621054E-5,2024-07-01,14,"{""type"":""MultiPoint"",""coordinates"":[]}"
1278,7.231560677004323E-5,2024-07-02,14,"{""type"":""MultiPoint"",""coordinates"":[]}"
1279,,2024-07-03,14,"{""type"":""MultiPoint"",""coordinates"":[]}"
1280,,2024-07-04,14,"{""type"":""MultiPoint"",""coordinates"":[]}"
1281,,2024-07-05,15,"{""type"":""MultiPoint"",""coordinates"":[]}"
1282,6.201693670995022E-5,2024-07-06,14,"{""type"":""MultiPoint"",""coordinates"":[]}"
1283,4.155215743145889E-5,2024-07-07,14,"{""type"":""MultiPoint"",""coordinates"":[]}"
1284,4.845119414535795E-5,2024-07-08,14,"{""type"":""MultiPoint"",""coordinates"":[]}"
1285,3.722410330581102E-5,2024-07-09,14,"{""type"":""MultiPoint"",""coordinates"":[]}"
1286,5.066130344816873E-5,2024-07-10,15,"{""type"":""MultiPoint"",""coordinates"":[]}"
1287,5.939428731809435E-5,2024-07-11,14,"{""type"":""MultiPoint"",""coordinates"":[]}"
1288,4.296760844085393E-5,2024-07-12,14,"{""type"":""MultiPoint"",""coordinates"":[]}"
1289,6.180244684671251E-5,2024-07-13,14,"{""type"":""MultiPoint"",""coordinates"":[]}"
1290,5.385893822053182E-5,2024-07-14,14,"{""type"":""MultiPoint"",""coordinates"":[]}"
1291,5.2478265108893464E-5,2024-07-15,15,"{""type"":""MultiPoint"",""coordinates"":[]}"
1292,3.6742412063332805E-5,2024-07-16,14,"{""type"":""MultiPoint"",""coordinates"":[]}"
1293,3.252729160971888E-5,2024-07-17,14,"{""type"":""MultiPoint"",""coordinates"":[]}"
1294,4.886718785126851E-5,2024-07-18,14,"{""type"":""MultiPoint"",""coordinates"":[]}"
1295,5.6722955700876195E-5,2024-07-19,14,"{""type"":""MultiPoint"",""coordinates"":[]}"
1296,4.673631417220715E-5,2024-07-20,14,"{""type"":""MultiPoint"",""coordinates"":[]}"
1297,4.3397720086428864E-5,2024-07-21,15,"{""type"":""MultiPoint"",""coordinates"":[]}"
1298,,2024-07-22,14,"{""type"":""MultiPoint"",""coordinates"":[]}"
1299,4.4445801988661054E-5,2024-07-23,14,"{""type"":""MultiPoint"",""coordinates"":[]}"
1300,6.935209616238994E-5,2024-07-24,14,"{""type"":""MultiPoint"",""coordinates"":[]}"
1301,4.860383651920696E-5,2024-07-25,14,"{""type"":""MultiPoint"",""coordinates"":[]}"
1302,4.972409306641767E-5,2024-07-26,15,"{""type"":""MultiPoint"",""coordinates"":[]}"
1303,4.752094511895496E-5,2024-07-27,14,"{""type"":""MultiPoint"",""coordinates"":[]}"
1304,3.306927599952512E-5,2024-07-28,14,"{""type"":""MultiPoint"",""coordinates"":[]}"
1305,4.0237165029476265E-5,2024-07-29,14,"{""type"":""MultiPoint"",""coordinates"":[]}"
1306,4.979208634783703E-5,2024-07-30,12,"{""type"":""MultiPoint"",""coordinates"":[]}"
1307,6.570981711922931E-5,2024-07-31,15,"{""type"":""MultiPoint"",""coordinates"":[]}"
1308,6.428282998873722E-5,2024-08-01,14,"{""type"":""MultiPoint"",""coordinates"":[]}"
1309,4.287824412588986E-5,2024-08-02,14,"{""type"":""MultiPoint"",""coordinates"":[]}"
1310,3.681625738529635E-5,2024-08-03,14,"{""type"":""MultiPoint"",""coordinates"":[]}"
1311,2.2891618478524418E-5,2024-08-04,14,"{""type"":""MultiPoint"",""coordinates"":[]}"
1312,2.5916055477503776E-5,2024-08-05,14,"{""type"":""MultiPoint"",""coordinates"":[]}"
1313,3.877217274410404E-5,2024-08-06,15,"{""type"":""MultiPoint"",""coordinates"":[]}"
1314,,2024-08-07,14,"{""type"":""MultiPoint"",""coordinates"":[]}"
1315,3.102008003492761E-5,2024-08-08,14,"{""type"":""MultiPoint"",""coordinates"":[]}"
1316,2.6953755448671417E-5,2024-08-09,14,"{""type"":""MultiPoint"",""coordinates"":[]}"
1317,3.740039673519277E-5,2024-08-10,14,"{""type"":""MultiPoint"",""coordinates"":[]}"
1318,4.747122954022809E-5,2024-08-11,14,"{""type"":""MultiPoint"",""coordinates"":[]}"
1319,4.7636578658818917E-5,2024-08-12,12,"{""type"":""MultiPoint"",""coordinates"":[]}"
1320,2.8468656420030076E-5,2024-08-13,14,"{""type"":""MultiPoint"",""coordinates"":[]}"
1321,4.033276384757183E-5,2024-08-14,14,"{""type"":""MultiPoint"",""coordinates"":[]}"
1322,3.287033414063506E-5,2024-08-15,14,"{""type"":""MultiPoint"",""coordinates"":[]}"
1323,3.5449486411619986E-5,2024-08-16,15,"{""type"":""MultiPoint"",""coordinates"":[]}"
1324,4.5814532770587974E-5,2024-08-17,14,"{""type"":""MultiPoint"",""coordinates"":[]}"
1325,3.661977247870478E-5,2024-08-18,14,"{""type"":""MultiPoint"",""coordinates"":[]}"
1326,3.8598441003706405E-5,2024-08-19,14,"{""type"":""MultiPoint"",""coordinates"":[]}"
1327,6.767170186777902E-5,2024-08-20,14,"{""type"":""MultiPoint"",""coordinates"":[]}"
1328,4.878359260085852E-5,2024-08-21,14,"{""type"":""MultiPoint"",""coordinates"":[]}"
1329,3.707589484964236E-5,2024-08-22,15,"{""type"":""MultiPoint"",""coordinates"":[]}"
1330,6.820738715953732E-5,2024-08-23,14,"{""type"":""MultiPoint"",""coordinates"":[]}"
1331,4.080637590406845E-5,2024-08-24,14,"{""type"":""MultiPoint"",""coordinates"":[]}"
1332,2.808148518998759E-5,2024-08-25,14,"{""type"":""MultiPoint"",""coordinates"":[]}"
1333,2.9038507069680256E-5,2024-08-26,14,"{""type"":""MultiPoint"",""coordinates"":[]}"
1334,2.6397573750005468E-5,2024-08-27,15,"{""type"":""MultiPoint"",""coordinates"":[]}"
1335,3.161156452244133E-5,2024-08-28,14,"{""type"":""MultiPoint"",""coordinates"":[]}"
1336,1.763139531038328E-5,2024-08-29,14,"{""type"":""MultiPoint"",""coordinates"":[]}"
1337,4.188610251169576E-5,2024-08-30,14,"{""type"":""MultiPoint"",""coordinates"":[]}"
1338,4.116028284715029E-5,2024-08-31,14,"{""type"":""MultiPoint"",""coordinates"":[]}"
1339,4.228765664340202E-5,2024-09-01,15,"{""type"":""MultiPoint"",""coordinates"":[]}"
1340,4.218049749412824E-5,2024-09-02,14,"{""type"":""MultiPoint"",""coordinates"":[]}"
1341,3.7197799692568834E-5,2024-09-03,14,"{""type"":""MultiPoint"",""coordinates"":[]}"
1342,,2024-09-04,14,"{""type"":""MultiPoint"",""coordinates"":[]}"
1343,4.118255875810939E-5,2024-09-05,14,"{""type"":""MultiPoint"",""coordinates"":[]}"
1344,5.324147978931547E-5,2024-09-06,15,"{""type"":""MultiPoint"",""coordinates"":[]}"
1345,5.785080241794809E-5,2024-09-07,14,"{""type"":""MultiPoint"",""coordinates"":[]}"
1346,,2024-09-08,14,"{""type"":""MultiPoint"",""coordinates"":[]}"
1347,5.228571210561912E-5,2024-09-09,14,"{""type"":""MultiPoint"",""coordinates"":[]}"
1348,4.657879418518881E-5,2024-09-10,14,"{""type"":""MultiPoint"",""coordinates"":[]}"
1349,7.22242215443941E-5,2024-09-11,14,"{""type"":""MultiPoint"",""coordinates"":[]}"
1350,,2024-09-12,15,"{""type"":""MultiPoint"",""coordinates"":[]}"
1351,,2024-09-13,14,"{""type"":""MultiPoint"",""coordinates"":[]}"
1352,4.160287011704132E-5,2024-09-14,14,"{""type"":""MultiPoint"",""coordinates"":[]}"
1353,4.21198481111912E-5,2024-09-15,14,"{""type"":""MultiPoint"",""coordinates"":[]}"
1354,4.7267143201006886E-5,2024-09-16,14,"{""type"":""MultiPoint"",""coordinates"":[]}"
1355,5.7576126581697346E-5,2024-09-17,15,"{""type"":""MultiPoint"",""coordinates"":[]}"
1356,6.019491381480227E-5,2024-09-18,14,"{""type"":""MultiPoint"",""coordinates"":[]}"
1357,3.444185424891715E-5,2024-09-19,14,"{""type"":""MultiPoint"",""coordinates"":[]}"
1358,5.8258750435251616E-5,2024-09-20,14,"{""type"":""MultiPoint"",""coordinates"":[]}"
1359,6.003184279634906E-5,2024-09-21,14,"{""type"":""MultiPoint"",""coordinates"":[]}"
1360,4.6789057034242484E-5,2024-09-22,15,"{""type"":""MultiPoint"",""coordinates"":[]}"
1361,5.244466401663973E-5,2024-09-23,14,"{""type"":""MultiPoint"",""coordinates"":[]}"
1362,,2024-09-24,12,"{""type"":""MultiPoint"",""coordinates"":[]}"
1363,5.926444706762656E-5,2024-09-25,14,"{""type"":""MultiPoint"",""coordinates"":[]}"
1364,5.410139432017955E-5,2024-09-26,14,"{""type"":""MultiPoint"",""coordinates"":[]}"
1365,4.4042271870434974E-5,2024-09-27,14,"{""type"":""MultiPoint"",""coordinates"":[]}"
1366,6.21376550034267E-5,2024-09-28,15,"{""type"":""MultiPoint"",""coordinates"":[]}"
1367,4.6577402481265084E-5,2024-09-29,14,"{""type"":""MultiPoint"",""coordinates"":[]}"
1368,5.225106881146717E-5,2024-09-30,14,"{""type"":""MultiPoint"",""coordinates"":[]}"
1369,5.0105120873544E-5,2024-10-01,14,"{""type"":""MultiPoint"",""coordinates"":[]}"
1370,5.794989670856634E-5,2024-10-02,14,"{""type"":""MultiPoint"",""coordinates"":[]}"
1371,7.063791315087721E-5,2024-10-03,15,"{""type"":""MultiPoint"",""coordinates"":[]}"
1372,6.536710976684404E-5,2024-10-04,14,"{""type"":""MultiPoint"",""coordinates"":[]}"
1373,5.259764372483749E-5,2024-10-05,14,"{""type"":""MultiPoint"",""coordinates"":[]}"
1374,6.71519299469335E-5,2024-10-06,14,"{""type"":""MultiPoint"",""coordinates"":[]}"
1375,7.672472961860323E-5,2024-10-07,14,"{""type"":""MultiPoint"",""coordinates"":[]}"
1376,8.096930974563545E-5,2024-10-08,15,"{""type"":""MultiPoint"",""coordinates"":[]}"
1377,7.932563114329888E-5,2024-10-09,14,"{""type"":""MultiPoint"",""coordinates"":[]}"
1378,5.77173844260689E-5,2024-10-10,14,"{""type"":""MultiPoint"",""coordinates"":[]}"
1379,6.211774704638497E-5,2024-10-11,14,"{""type"":""MultiPoint"",""coordinates"":[]}"
1380,7.426067191039906E-5,2024-10-12,14,"{""type"":""MultiPoint"",""coordinates"":[]}"
1381,8.614608354078339E-5,2024-10-13,14,"{""type"":""MultiPoint"",""coordinates"":[]}"
1382,9.153931094015826E-5,2024-10-14,15,"{""type"":""MultiPoint"",""coordinates"":[]}"
1383,7.860424808477571E-5,2024-10-15,14,"{""type"":""MultiPoint"",""coordinates"":[]}"
1384,9.422040575502488E-5,2024-10-16,14,"{""type"":""MultiPoint"",""coordinates"":[]}"
1385,1.0287784937319238E-4,2024-10-17,14,"{""type"":""MultiPoint"",""coordinates"":[]}"
1386,9.674375355626722E-5,2024-10-18,14,"{""type"":""MultiPoint"",""coordinates"":[]}"
1387,1.1884117400021312E-4,2024-10-19,15,"{""type"":""MultiPoint"",""coordinates"":[]}"
1388,9.357473215351346E-5,2024-10-20,14,"{""type"":""MultiPoint"",""coordinates"":[]}"
1389,1.1418824346827623E-4,2024-10-21,14,"{""type"":""MultiPoint"",""coordinates"":[]}"
1390,8.668165135798666E-5,2024-10-22,14,"{""type"":""MultiPoint"",""coordinates"":[]}"
1391,6.467073463705995E-5,2024-10-23,14,"{""type"":""MultiPoint"",""coordinates"":[]}"
1392,8.142996372899921E-5,2024-10-24,15,"{""type"":""MultiPoint"",""coordinates"":[]}"
1393,8.766671312247203E-5,2024-10-25,14,"{""type"":""MultiPoint"",""coordinates"":[]}"
1394,9.748600675279211E-5,2024-10-26,14,"{""type"":""MultiPoint"",""coordinates"":[]}"
1395,1.0069636304398501E-4,2024-10-27,14,"{""type"":""MultiPoint"",""coordinates"":[]}"
1396,6.70211565648398E-5,2024-10-28,14,"{""type"":""MultiPoint"",""coordinates"":[]}"
1397,8.174992777787332E-5,2024-10-29,14,"{""type"":""MultiPoint"",""coordinates"":[]}"
1398,1.0900169819506502E-4,2024-10-30,15,"{""type"":""MultiPoint"",""coordinates"":[]}"
1399,7.431357870282891E-5,2024-10-31,14,"{""type"":""MultiPoint"",""coordinates"":[]}"
1400,6.236058907734512E-5,2024-11-01,14,"{""type"":""MultiPoint"",""coordinates"":[]}"
1401,7.813739888847534E-5,2024-11-02,14,"{""type"":""MultiPoint"",""coordinates"":[]}"
1402,8.059030612220445E-5,2024-11-03,14,"{""type"":""MultiPoint"",""coordinates"":[]}"
1403,8.428505566172069E-5,2024-11-04,15,"{""type"":""MultiPoint"",""coordinates"":[]}"
1404,1.0844113486221691E-4,2024-11-05,14,"{""type"":""MultiPoint"",""coordinates"":[]}"
1405,1.3592806884413846E-4,2024-11-06,14,"{""type"":""MultiPoint"",""coordinates"":[]}"
1406,1.0007349743952404E-4,2024-11-07,14,"{""type"":""MultiPoint"",""coordinates"":[]}"
1407,6.477800690008025E-5,2024-11-08,14,"{""type"":""MultiPoint"",""coordinates"":[]}"
1408,6.217930840232366E-5,2024-11-09,15,"{""type"":""MultiPoint"",""coordinates"":[]}"
1409,8.797507800444463E-5,2024-11-10,14,"{""type"":""MultiPoint"",""coordinates"":[]}"
1410,1.0985106732710621E-4,2024-11-11,14,"{""type"":""MultiPoint"",""coordinates"":[]}"
1411,7.711982738095351E-5,2024-11-12,14,"{""type"":""MultiPoint"",""coordinates"":[]}"
1412,6.358427548192194E-5,2024-11-13,14,"{""type"":""MultiPoint"",""coordinates"":[]}"
1413,7.067888696068676E-5,2024-11-14,15,"{""type"":""MultiPoint"",""coordinates"":[]}"
1414,7.471463557183522E-5,2024-11-15,14,"{""type"":""MultiPoint"",""coordinates"":[]}"
1415,8.285167816261264E-5,2024-11-16,14,"{""type"":""MultiPoint"",""coordinates"":[]}"
1416,6.66129838892567E-5,2024-11-17,14,"{""type"":""MultiPoint"",""coordinates"":[]}"
1417,5.107064911229079E-5,2024-11-18,14,"{""type"":""MultiPoint"",""coordinates"":[]}"
1418,6.275134122699444E-5,2024-11-19,14,"{""type"":""MultiPoint"",""coordinates"":[]}"
1419,8.465653208268437E-5,2024-11-20,15,"{""type"":""MultiPoint"",""coordinates"":[]}"
1420,1.0702554352578905E-4,2024-11-21,14,"{""type"":""MultiPoint"",""coordinates"":[]}"
1421,8.986968834563112E-5,2024-11-22,14,"{""type"":""MultiPoint"",""coordinates"":[]}"
1422,1.010481103214923E-4,2024-11-23,14,"{""type"":""MultiPoint"",""coordinates"":[]}"
1423,8.014009645299207E-5,2024-11-24,14,"{""type"":""MultiPoint"",""coordinates"":[]}"
1424,6.135376620146681E-5,2024-11-25,15,"{""type"":""MultiPoint"",""coordinates"":[]}"
1425,7.153443611692963E-5,2024-11-26,14,"{""type"":""MultiPoint"",""coordinates"":[]}"
1426,8.769202188333962E-5,2024-11-27,14,"{""type"":""MultiPoint"",""coordinates"":[]}"
1427,1.0189494455957235E-4,2024-11-28,14,"{""type"":""MultiPoint"",""coordinates"":[]}"
1428,1.1840702611773825E-4,2024-11-29,14,"{""type"":""MultiPoint"",""coordinates"":[]}"
1429,1.0238252203611857E-4,2024-11-30,15,"{""type"":""MultiPoint"",""coordinates"":[]}"
1430,7.849129569095293E-5,2024-12-01,14,"{""type"":""MultiPoint"",""coordinates"":[]}"
1431,8.404403851456897E-5,2024-12-02,14,"{""type"":""MultiPoint"",""coordinates"":[]}"
1432,7.095422102910455E-5,2024-12-03,13,"{""type"":""MultiPoint"",""coordinates"":[]}"
1433,7.516195308795355E-5,2024-12-04,14,"{""type"":""MultiPoint"",""coordinates"":[]}"
1434,8.180797423605775E-5,2024-12-05,14,"{""type"":""MultiPoint"",""coordinates"":[]}"
1435,9.410777505711553E-5,2024-12-06,15,"{""type"":""MultiPoint"",""coordinates"":[]}"
1436,1.4619703698729082E-4,2024-12-07,14,"{""type"":""MultiPoint"",""coordinates"":[]}"
1437,6.78854488482546E-5,2024-12-08,14,"{""type"":""MultiPoint"",""coordinates"":[]}"
1438,9.149893525625335E-5,2024-12-09,14,"{""type"":""MultiPoint"",""coordinates"":[]}"
1439,8.817827484113307E-5,2024-12-10,14,"{""type"":""MultiPoint"",""coordinates"":[]}"
1440,9.472656931971952E-5,2024-12-11,15,"{""type"":""MultiPoint"",""coordinates"":[]}"
1441,1.1173710922176953E-4,2024-12-12,14,"{""type"":""MultiPoint"",""coordinates"":[]}"
1442,7.553552621203505E-5,2024-12-13,14,"{""type"":""MultiPoint"",""coordinates"":[]}"
1443,9.455474649131238E-5,2024-12-14,14,"{""type"":""MultiPoint"",""coordinates"":[]}"
1444,1.2980698558080612E-4,2024-12-15,14,"{""type"":""MultiPoint"",""coordinates"":[]}"
1445,1.5905371380720614E-4,2024-12-16,15,"{""type"":""MultiPoint"",""coordinates"":[]}"
1446,1.1062156725860097E-4,2024-12-17,14,"{""type"":""MultiPoint"",""coordinates"":[]}"
1447,1.8114374928289298E-4,2024-12-18,14,"{""type"":""MultiPoint"",""coordinates"":[]}"
1448,6.260857578605005E-5,2024-12-19,14,"{""type"":""MultiPoint"",""coordinates"":[]}"
1449,9.753377499601538E-5,2024-12-20,14,"{""type"":""MultiPoint"",""coordinates"":[]}"
1450,1.0572125368697514E-4,2024-12-21,14,"{""type"":""MultiPoint"",""coordinates"":[]}"
1451,9.566716321468807E-5,2024-12-22,15,"{""type"":""MultiPoint"",""coordinates"":[]}"
1452,,2024-12-23,14,"{""type"":""MultiPoint"",""coordinates"":[]}"
1453,6.410047208417389E-5,2024-12-24,14,"{""type"":""MultiPoint"",""coordinates"":[]}"
1454,7.797143467648916E-5,2024-12-25,14,"{""type"":""MultiPoint"",""coordinates"":[]}"
1455,1.352944994646985E-4,2024-12-26,14,"{""type"":""MultiPoint"",""coordinates"":[]}"
1456,,2024-12-27,15,"{""type"":""MultiPoint"",""coordinates"":[]}"
1457,,2024-12-28,14,"{""type"":""MultiPoint"",""coordinates"":[]}"
1458,5.4644667382209155E-5,2024-12-29,14,"{""type"":""MultiPoint"",""coordinates"":[]}"
1459,1.2433100944027624E-4,2024-12-30,14,"{""type"":""MultiPoint"",""coordinates"":[]}"
1460,1.3138832113625322E-4,2024-12-31,14,"{""type"":""MultiPoint"",""coordinates"":[]}"
1461,1.5275285687117217E-4,2025-01-01,15,"{""type"":""MultiPoint"",""coordinates"":[]}"
1462,1.0226708031829474E-4,2025-01-02,14,"{""type"":""MultiPoint"",""coordinates"":[]}"
1463,1.928073582629036E-4,2025-01-03,14,"{""type"":""MultiPoint"",""coordinates"":[]}"
1464,1.9721775995951518E-4,2025-01-04,14,"{""type"":""MultiPoint"",""coordinates"":[]}"
1465,1.240936298278247E-4,2025-01-05,14,"{""type"":""MultiPoint"",""coordinates"":[]}"
1466,8.102021998422456E-5,2025-01-06,14,"{""type"":""MultiPoint"",""coordinates"":[]}"
1467,,2025-01-07,15,"{""type"":""MultiPoint"",""coordinates"":[]}"
1468,1.0174207039530488E-4,2025-01-08,14,"{""type"":""MultiPoint"",""coordinates"":[]}"
1469,2.4975082336658604E-4,2025-01-09,14,"{""type"":""MultiPoint"",""coordinates"":[]}"
1470,1.2031312636863643E-4,2025-01-10,14,"{""type"":""MultiPoint"",""coordinates"":[]}"
1471,1.0894686776367739E-4,2025-01-11,14,"{""type"":""MultiPoint"",""coordinates"":[]}"
1472,,2025-01-12,15,"{""type"":""MultiPoint"",""coordinates"":[]}"
1473,9.081225443935668E-5,2025-01-13,14,"{""type"":""MultiPoint"",""coordinates"":[]}"
1474,9.086513116245234E-5,2025-01-14,14,"{""type"":""MultiPoint"",""coordinates"":[]}"
1475,2.216296185060741E-4,2025-01-15,14,"{""type"":""MultiPoint"",""coordinates"":[]}"
1476,9.578613857584296E-5,2025-01-16,14,"{""type"":""MultiPoint"",""coordinates"":[]}"
1477,1.058803858223912E-4,2025-01-17,15,"{""type"":""MultiPoint"",""coordinates"":[]}"
1478,1.4450258785911744E-4,2025-01-18,14,"{""type"":""MultiPoint"",""coordinates"":[]}"
1479,7.115360029067624E-5,2025-01-19,14,"{""type"":""MultiPoint"",""coordinates"":[]}"
1480,4.728330780229685E-5,2025-01-20,14,"{""type"":""MultiPoint"",""coordinates"":[]}"
1481,8.03427405200637E-5,2025-01-21,14,"{""type"":""MultiPoint"",""coordinates"":[]}"
1482,8.515069329673291E-5,2025-01-22,14,"{""type"":""MultiPoint"",""coordinates"":[]}"
1483,8.205887806254286E-5,2025-01-23,15,"{""type"":""MultiPoint"",""coordinates"":[]}"
1484,7.590822510280987E-5,2025-01-24,14,"{""type"":""MultiPoint"",""coordinates"":[]}"
1485,7.517040972993817E-5,2025-01-25,14,"{""type"":""MultiPoint"",""coordinates"":[]}"
1486,7.381361673809279E-5,2025-01-26,14,"{""type"":""MultiPoint"",""coordinates"":[]}"
1487,1.0254593083254318E-4,2025-01-27,14,"{""type"":""MultiPoint"",""coordinates"":[]}"
1488,1.1350589026353881E-4,2025-01-28,15,"{""type"":""MultiPoint"",""coordinates"":[]}"
1489,1.1395193457170244E-4,2025-01-29,14,"{""type"":""MultiPoint"",""coordinates"":[]}"
1490,7.480125283441138E-5,2025-01-30,14,"{""type"":""MultiPoint"",""coordinates"":[]}"
1491,1.0227680589904995E-4,2025-01-31,14,"{""type"":""MultiPoint"",""coordinates"":[]}"
1492,1.0044408148027244E-4,2025-02-01,14,"{""type"":""MultiPoint"",""coordinates"":[]}"
1493,7.137703841455741E-5,2025-02-02,14,"{""type"":""MultiPoint"",""coordinates"":[]}"
1494,8.063457161092469E-5,2025-02-03,15,"{""type"":""MultiPoint"",""coordinates"":[]}"
1495,5.39350657382518E-5,2025-02-04,14,"{""type"":""MultiPoint"",""coordinates"":[]}"
1496,4.579986166152259E-5,2025-02-05,14,"{""type"":""MultiPoint"",""coordinates"":[]}"
1497,4.606084491424017E-5,2025-02-06,14,"{""type"":""MultiPoint"",""coordinates"":[]}"
1498,6.855980917491725E-5,2025-02-07,14,"{""type"":""MultiPoint"",""coordinates"":[]}"
1499,7.406882450850025E-5,2025-02-08,15,"{""type"":""MultiPoint"",""coordinates"":[]}"
1500,1.0540052902017654E-4,2025-02-09,14,"{""type"":""MultiPoint"",""coordinates"":[]}"
1501,1.2237685966133568E-4,2025-02-10,14,"{""type"":""MultiPoint"",""coordinates"":[]}"
1502,8.665099198546125E-5,2025-02-11,14,"{""type"":""MultiPoint"",""coordinates"":[]}"
1503,5.2946578044041E-5,2025-02-12,14,"{""type"":""MultiPoint"",""coordinates"":[]}"
1504,6.304345219830285E-5,2025-02-13,15,"{""type"":""MultiPoint"",""coordinates"":[]}"
1505,5.360464869952379E-5,2025-02-14,14,"{""type"":""MultiPoint"",""coordinates"":[]}"
1506,7.24616704845837E-5,2025-02-15,14,"{""type"":""MultiPoint"",""coordinates"":[]}"
1507,9.06201554303417E-5,2025-02-16,14,"{""type"":""MultiPoint"",""coordinates"":[]}"
1508,1.0862228609946286E-4,2025-02-17,14,"{""type"":""MultiPoint"",""coordinates"":[]}"
1509,9.317303216258157E-5,2025-02-18,14,"{""type"":""MultiPoint"",""coordinates"":[]}"
1510,9.830893915062911E-5,2025-02-19,15,"{""type"":""MultiPoint"",""coordinates"":[]}"
1511,6.294955225451695E-5,2025-02-20,14,"{""type"":""MultiPoint"",""coordinates"":[]}"
1512,8.926141173669901E-5,2025-02-21,14,"{""type"":""MultiPoint"",""coordinates"":[]}"
1513,7.770966036136586E-5,2025-02-22,14,"{""type"":""MultiPoint"",""coordinates"":[]}"
1514,8.029327937625077E-5,2025-02-23,14,"{""type"":""MultiPoint"",""coordinates"":[]}"
1515,8.792108045088472E-5,2025-02-24,15,"{""type"":""MultiPoint"",""coordinates"":[]}"
1516,7.600809323944024E-5,2025-02-25,14,"{""type"":""MultiPoint"",""coordinates"":[]}"
1517,7.36269892810565E-5,2025-02-26,14,"{""type"":""MultiPoint"",""coordinates"":[]}"
1518,,2025-02-27,14,"{""type"":""MultiPoint"",""coordinates"":[]}"
1519,8.288457823385603E-5,2025-02-28,14,"{""type"":""MultiPoint"",""coordinates"":[]}"
1520,8.211533799606813E-5,2025-03-01,15,"{""type"":""MultiPoint"",""coordinates"":[]}"
1521,6.283930344626842E-5,2025-03-02,14,"{""type"":""MultiPoint"",""coordinates"":[]}"
1522,6.54337731610647E-5,2025-03-03,14,"{""type"":""MultiPoint"",""coordinates"":[]}"
1523,4.3297305320593246E-5,2025-03-04,14,"{""type"":""MultiPoint"",""coordinates"":[]}"
1524,5.345807299186321E-5,2025-03-05,14,"{""type"":""MultiPoint"",""coordinates"":[]}"
1525,6.528836501253367E-5,2025-03-06,14,"{""type"":""MultiPoint"",""coordinates"":[]}"
1526,7.05328965577154E-5,2025-03-07,15,"{""type"":""MultiPoint"",""coordinates"":[]}"
1527,6.226859472604774E-5,2025-03-08,14,"{""type"":""MultiPoint"",""coordinates"":[]}"
1528,6.881382723517186E-5,2025-03-09,14,"{""type"":""MultiPoint"",""coordinates"":[]}"
1529,7.802502473690464E-5,2025-03-10,14,"{""type"":""MultiPoint"",""coordinates"":[]}"
1530,7.187776999671419E-5,2025-03-11,14,"{""type"":""MultiPoint"",""coordinates"":[]}"
1531,6.115514134082356E-5,2025-03-12,14,"{""type"":""MultiPoint"",""coordinates"":[]}"
1532,8.197318038629093E-5,2025-03-13,14,"{""type"":""MultiPoint"",""coordinates"":[]}"
1533,5.2298309245733316E-5,2025-03-14,14,"{""type"":""MultiPoint"",""coordinates"":[]}"
1534,6.0381126789013645E-5,2025-03-15,14,"{""type"":""MultiPoint"",""coordinates"":[]}"
1535,7.577214317208208E-5,2025-03-16,14,"{""type"":""MultiPoint"",""coordinates"":[]}"
1536,6.0024214098508704E-5,2025-03-17,15,"{""type"":""MultiPoint"",""coordinates"":[]}"
1537,6.047191294605389E-5,2025-03-18,14,"{""type"":""MultiPoint"",""coordinates"":[]}"
1538,6.848655383018288E-5,2025-03-19,14,"{""type"":""MultiPoint"",""coordinates"":[]}"
1539,7.549016437141436E-5,2025-03-20,14,"{""type"":""MultiPoint"",""coordinates"":[]}"
1540,6.330687879447893E-5,2025-03-21,14,"{""type"":""MultiPoint"",""coordinates"":[]}"
1541,7.142128884710053E-5,2025-03-22,14,"{""type"":""MultiPoint"",""coordinates"":[]}"
1542,8.21075333420429E-5,2025-03-23,15,"{""type"":""MultiPoint"",""coordinates"":[]}"
1543,8.596390475558834E-5,2025-03-24,14,"{""type"":""MultiPoint"",""coordinates"":[]}"
1544,7.406096891191776E-5,2025-03-25,14,"{""type"":""MultiPoint"",""coordinates"":[]}"
1545,7.407781123751503E-5,2025-03-26,14,"{""type"":""MultiPoint"",""coordinates"":[]}"
1546,6.126168185599979E-5,2025-03-27,14,"{""type"":""MultiPoint"",""coordinates"":[]}"
1547,7.022140382732179E-5,2025-03-28,15,"{""type"":""MultiPoint"",""coordinates"":[]}"
1548,4.207026822393777E-5,2025-03-29,14,"{""type"":""MultiPoint"",""coordinates"":[]}"
1549,6.042721783345979E-5,2025-03-30,14,"{""type"":""MultiPoint"",""coordinates"":[]}"
1550,6.190773825296123E-5,2025-03-31,14,"{""type"":""MultiPoint"",""coordinates"":[]}"
1551,6.257984369247619E-5,2025-04-01,14,"{""type"":""MultiPoint"",""coordinates"":[]}"
1552,7.488000799619648E-5,2025-04-02,14,"{""type"":""MultiPoint"",""coordinates"":[]}"
1553,8.187408642804E-5,2025-04-03,15,"{""type"":""MultiPoint"",""coordinates"":[]}"
1554,7.404522681206056E-5,2025-04-04,14,"{""type"":""MultiPoint"",""coordinates"":[]}"
1555,6.190425284813452E-5,2025-04-05,14,"{""type"":""MultiPoint"",""coordinates"":[]}"
1556,7.213734117649435E-5,2025-04-06,14,"{""type"":""MultiPoint"",""coordinates"":[]}"
1557,7.657314825004684E-5,2025-04-07,14,"{""type"":""MultiPoint"",""coordinates"":[]}"
1558,6.619607011004352E-5,2025-04-08,15,"{""type"":""MultiPoint"",""coordinates"":[]}"
1559,8.892135643330145E-5,2025-04-09,14,"{""type"":""MultiPoint"",""coordinates"":[]}"
1560,1.0641536826299579E-4,2025-04-10,14,"{""type"":""MultiPoint"",""coordinates"":[]}"
1561,7.37966710585377E-5,2025-04-11,14,"{""type"":""MultiPoint"",""coordinates"":[]}"
1562,8.678620410934353E-5,2025-04-12,14,"{""type"":""MultiPoint"",""coordinates"":[]}"
1563,8.504490885945432E-5,2025-04-13,15,"{""type"":""MultiPoint"",""coordinates"":[]}"
1564,8.879585510453775E-5,2025-04-14,14,"{""type"":""MultiPoint"",""coordinates"":[]}"
1565,7.348488195122249E-5,2025-04-15,14,"{""type"":""MultiPoint"",""coordinates"":[]}"
1566,6.245123306927333E-5,2025-04-16,14,"{""type"":""MultiPoint"",""coordinates"":[]}"
1567,7.87905803366143E-5,2025-04-17,14,"{""type"":""MultiPoint"",""coordinates"":[]}"
1568,6.582360472068216E-5,2025-04-18,14,"{""type"":""MultiPoint"",""coordinates"":[]}"
1569,5.646295079684831E-5,2025-04-19,15,"{""type"":""MultiPoint"",""coordinates"":[]}"
1570,7.018081810171487E-5,2025-04-20,14,"{""type"":""MultiPoint"",""coordinates"":[]}"
1571,8.250391934539611E-5,2025-04-21,14,"{""type"":""MultiPoint"",""coordinates"":[]}"
1572,8.645816325031789E-5,2025-04-22,14,"{""type"":""MultiPoint"",""coordinates"":[]}"
1573,8.966975522427621E-5,2025-04-23,14,"{""type"":""MultiPoint"",""coordinates"":[]}"
1574,8.722329851988633E-5,2025-04-24,15,"{""type"":""MultiPoint"",""coordinates"":[]}"
1575,8.861471704776482E-5,2025-04-25,14,"{""type"":""MultiPoint"",""coordinates"":[]}"
1576,1.1173395193063826E-4,2025-04-26,14,"{""type"":""MultiPoint"",""coordinates"":[]}"
1577,9.172188797194825E-5,2025-04-27,14,"{""type"":""MultiPoint"",""coordinates"":[]}"
1578,1.0186553553133419E-4,2025-04-28,14,"{""type"":""MultiPoint"",""coordinates"":[]}"
1579,7.175993889799554E-5,2025-04-29,15,"{""type"":""MultiPoint"",""coordinates"":[]}"
1580,8.143664104771201E-5,2025-04-30,14,"{""type"":""MultiPoint"",""coordinates"":[]}"
1581,8.662468537787791E-5,2025-05-01,14,"{""type"":""MultiPoint"",""coordinates"":[]}"
1582,1.1155914610222688E-4,2025-05-02,14,"{""type"":""MultiPoint"",""coordinates"":[]}"
1583,7.914211699239072E-5,2025-05-03,14,"{""type"":""MultiPoint"",""coordinates"":[]}"
1584,1.0267731979809752E-4,2025-05-04,14,"{""type"":""MultiPoint"",""coordinates"":[]}"
1585,,2025-05-05,15,"{""type"":""MultiPoint"",""coordinates"":[]}"
1586,8.751397659456693E-5,2025-05-06,14,"{""type"":""MultiPoint"",""coordinates"":[]}"
1587,7.960826217566982E-5,2025-05-07,14,"{""type"":""MultiPoint"",""coordinates"":[]}"
1588,6.19692982025359E-5,2025-05-08,14,"{""type"":""MultiPoint"",""coordinates"":[]}"
1589,6.370201754403776E-5,2025-05-09,14,"{""type"":""MultiPoint"",""coordinates"":[]}"
1590,4.990172014151271E-5,2025-05-10,15,"{""type"":""MultiPoint"",""coordinates"":[]}"
1591,6.997718692542537E-5,2025-05-11,14,"{""type"":""MultiPoint"",""coordinates"":[]}"
1592,6.832166580637822E-5,2025-05-12,14,"{""type"":""MultiPoint"",""coordinates"":[]}"
1593,6.87876689188165E-5,2025-05-13,14,"{""type"":""MultiPoint"",""coordinates"":[]}"
1594,8.23799531185757E-5,2025-05-14,14,"{""type"":""MultiPoint"",""coordinates"":[]}"
1595,7.595727098586327E-5,2025-05-15,15,"{""type"":""MultiPoint"",""coordinates"":[]}"
1596,9.431433998690045E-5,2025-05-16,14,"{""type"":""MultiPoint"",""coordinates"":[]}"
1597,7.837891103030918E-5,2025-05-17,14,"{""type"":""MultiPoint"",""coordinates"":[]}"
1598,8.371738450260675E-5,2025-05-18,14,"{""type"":""MultiPoint"",""coordinates"":[]}"
1599,6.658876329228849E-5,2025-05-19,14,"{""type"":""MultiPoint"",""coordinates"":[]}"
1600,6.597509934004638E-5,2025-05-20,14,"{""type"":""MultiPoint"",""coordinates"":[]}"
1601,8.043652232457851E-5,2025-05-21,15,"{""type"":""MultiPoint"",""coordinates"":[]}"
1602,4.91089346591673E-5,2025-05-22,14,"{""type"":""MultiPoint"",""coordinates"":[]}"
1603,5.945890560338858E-5,2025-05-23,14,"{""type"":""MultiPoint"",""coordinates"":[]}"
1604,5.703232666745707E-5,2025-05-24,13,"{""type"":""MultiPoint"",""coordinates"":[]}"
1605,6.203947335185995E-5,2025-05-25,14,"{""type"":""MultiPoint"",""coordinates"":[]}"
1606,3.874415841431389E-5,2025-05-26,15,"{""type"":""MultiPoint"",""coordinates"":[]}"
1607,5.112659436381017E-5,2025-05-27,14,"{""type"":""MultiPoint"",""coordinates"":[]}"
1608,5.047364627102098E-5,2025-05-28,14,"{""type"":""MultiPoint"",""coordinates"":[]}"
1609,7.522942398122098E-5,2025-05-29,14,"{""type"":""MultiPoint"",""coordinates"":[]}"
1610,5.6946294843525605E-5,2025-05-30,14,"{""type"":""MultiPoint"",""coordinates"":[]}"
1611,6.584130770954606E-5,2025-05-31,14,"{""type"":""MultiPoint"",""coordinates"":[]}"
1612,5.2412206177226556E-5,2025-06-01,15,"{""type"":""MultiPoint"",""coordinates"":[]}"
1613,5.6991342204144555E-5,2025-06-02,14,"{""type"":""MultiPoint"",""coordinates"":[]}"
1614,5.4691904981152634E-5,2025-06-03,14,"{""type"":""MultiPoint"",""coordinates"":[]}"
1615,8.530606661892948E-5,2025-06-04,14,"{""type"":""MultiPoint"",""coordinates"":[]}"
1616,6.740398847514705E-5,2025-06-05,14,"{""type"":""MultiPoint"",""coordinates"":[]}"
1617,5.6969666895603136E-5,2025-06-06,15,"{""type"":""MultiPoint"",""coordinates"":[]}"
1618,6.132505165819178E-5,2025-06-07,14,"{""type"":""MultiPoint"",""coordinates"":[]}"
1619,5.985961617499571E-5,2025-06-08,14,"{""type"":""MultiPoint"",""coordinates"":[]}"
1620,6.814060593309995E-5,2025-06-09,14,"{""type"":""MultiPoint"",""coordinates"":[]}"
1621,6.666238785449182E-5,2025-06-10,14,"{""type"":""MultiPoint"",""coordinates"":[]}"
1622,6.459719176076256E-5,2025-06-11,15,"{""type"":""MultiPoint"",""coordinates"":[]}"
1623,7.443413837070401E-5,2025-06-12,14,"{""type"":""MultiPoint"",""coordinates"":[]}"
1624,5.681307828002032E-5,2025-06-13,14,"{""type"":""MultiPoint"",""coordinates"":[]}"
1625,7.350486109313983E-5,2025-06-14,14,"{""type"":""MultiPoint"",""coordinates"":[]}"
1626,7.395430798898329E-5,2025-06-15,14,"{""type"":""MultiPoint"",""coordinates"":[]}"
1627,6.900303987939074E-5,2025-06-16,14,"{""type"":""MultiPoint"",""coordinates"":[]}"
1628,9.554803381186146E-5,2025-06-17,15,"{""type"":""MultiPoint"",""coordinates"":[]}"
1629,5.434666086348695E-5,2025-06-18,14,"{""type"":""MultiPoint"",""coordinates"":[]}"
1630,4.799614611836642E-5,2025-06-19,14,"{""type"":""MultiPoint"",""coordinates"":[]}"
1631,4.585241432053672E-5,2025-06-20,14,"{""type"":""MultiPoint"",""coordinates"":[]}"
1632,3.7898612345705496E-5,2025-06-21,14,"{""type"":""MultiPoint"",""coordinates"":[]}"
1633,,2025-06-22,15,"{""type"":""MultiPoint"",""coordinates"":[]}"
1634,3.7912123928364626E-5,2025-06-23,14,"{""type"":""MultiPoint"",""coordinates"":[]}"
1635,3.6737815023020424E-5,2025-06-24,14,"{""type"":""MultiPoint"",""coordinates"":[]}"
1636,3.809204751174235E-5,2025-06-25,14,"{""type"":""MultiPoint"",""coordinates"":[]}"
1637,3.5190630752927346E-5,2025-06-26,14,"{""type"":""MultiPoint"",""coordinates"":[]}"
1638,3.8163099056023374E-5,2025-06-27,15,"{""type"":""MultiPoint"",""coordinates"":[]}"
1639,4.035317159121046E-5,2025-06-28,14,"{""type"":""MultiPoint"",""coordinates"":[]}"
1640,,2025-06-29,14,"{""type"":""MultiPoint"",""coordinates"":[]}"
1641,7.91019041812348E-5,2025-06-30,14,"{""type"":""MultiPoint"",""coordinates"":[]}"
1642,3.752513868621271E-5,2025-07-01,14,"{""type"":""MultiPoint"",""coordinates"":[]}"
1643,3.3567778039333825E-5,2025-07-02,14,"{""type"":""MultiPoint"",""coordinates"":[]}"
1644,3.146348392462305E-5,2025-07-03,15,"{""type"":""MultiPoint"",""coordinates"":[]}"
1645,3.372717520866671E-5,2025-07-04,14,"{""type"":""MultiPoint"",""coordinates"":[]}"
1646,4.3604973290878676E-5,2025-07-05,14,"{""type"":""MultiPoint"",""coordinates"":[]}"
1647,3.2484063568810056E-5,2025-07-06,14,"{""type"":""MultiPoint"",""coordinates"":[]}"
1648,7.501019819321678E-5,2025-07-07,14,"{""type"":""MultiPoint"",""coordinates"":[]}"
1649,4.2247008805510544E-5,2025-07-08,15,"{""type"":""MultiPoint"",""coordinates"":[]}"
1650,5.278638983449726E-5,2025-07-09,14,"{""type"":""MultiPoint"",""coordinates"":[]}"
1651,5.192743687858086E-5,2025-07-10,14,"{""type"":""MultiPoint"",""coordinates"":[]}"
1652,2.3522888218197177E-5,2025-07-11,14,"{""type"":""MultiPoint"",""coordinates"":[]}"
1653,4.301917257049049E-5,2025-07-12,14,"{""type"":""MultiPoint"",""coordinates"":[]}"
1654,5.5909201315380994E-5,2025-07-13,15,"{""type"":""MultiPoint"",""coordinates"":[]}"
1655,3.660606702636834E-5,2025-07-14,14,"{""type"":""MultiPoint"",""coordinates"":[]}"
1656,2.37589346548535E-5,2025-07-15,14,"{""type"":""MultiPoint"",""coordinates"":[]}"
1657,3.077901527110444E-5,2025-07-16,14,"{""type"":""MultiPoint"",""coordinates"":[]}"
1658,4.731957474754211E-5,2025-07-17,14,"{""type"":""MultiPoint"",""coordinates"":[]}"
1659,2.6302328819715773E-5,2025-07-18,14,"{""type"":""MultiPoint"",""coordinates"":[]}"
1660,3.8422883204536876E-5,2025-07-19,15,"{""type"":""MultiPoint"",""coordinates"":[]}"
1661,3.4123544766331185E-5,2025-07-20,14,"{""type"":""MultiPoint"",""coordinates"":[]}"
1662,,2025-07-21,14,"{""type"":""MultiPoint"",""coordinates"":[]}"
1663,1.4707241667485241E-5,2025-07-22,14,"{""type"":""MultiPoint"",""coordinates"":[]}"
1664,,2025-07-23,14,"{""type"":""MultiPoint"",""coordinates"":[]}"
1665,3.6829484604533466E-5,2025-07-24,15,"{""type"":""MultiPoint"",""coordinates"":[]}"
1666,4.8173535103980854E-5,2025-07-25,14,"{""type"":""MultiPoint"",""coordinates"":[]}"
1667,6.104724558863092E-5,2025-07-26,14,"{""type"":""MultiPoint"",""coordinates"":[]}"
1668,3.429491716910125E-5,2025-07-27,14,"{""type"":""MultiPoint"",""coordinates"":[]}"
1669,2.783838143867413E-5,2025-07-28,14,"{""type"":""MultiPoint"",""coordinates"":[]}"
1670,,2025-07-29,15,"{""type"":""MultiPoint"",""coordinates"":[]}"
1671,2.7455236352398282E-5,2025-07-30,14,"{""type"":""MultiPoint"",""coordinates"":[]}"
1672,,2025-07-31,14,"{""type"":""MultiPoint"",""coordinates"":[]}"
1673,3.521742052754701E-5,2025-08-01,14,"{""type"":""MultiPoint"",""coordinates"":[]}"
1674,3.691521383761743E-5,2025-08-02,14,"{""type"":""MultiPoint"",""coordinates"":[]}"
1675,3.4253307453698E-5,2025-08-03,14,"{""type"":""MultiPoint"",""coordinates"":[]}"
1676,,2025-08-04,15,"{""type"":""MultiPoint"",""coordinates"":[]}"
1677,,2025-08-05,14,"{""type"":""MultiPoint"",""coordinates"":[]}"
1678,4.2943124633200006E-5,2025-08-06,14,"{""type"":""MultiPoint"",""coordinates"":[]}"
1679,3.7432944906176405E-5,2025-08-07,14,"{""type"":""MultiPoint"",""coordinates"":[]}"
1680,5.102720572493646E-5,2025-08-08,14,"{""type"":""MultiPoint"",""coordinates"":[]}"
1681,,2025-08-09,15,"{""type"":""MultiPoint"",""coordinates"":[]}"
1682,3.4690021128866745E-5,2025-08-10,14,"{""type"":""MultiPoint"",""coordinates"":[]}"
1683,5.570671616822934E-5,2025-08-11,14,"{""type"":""MultiPoint"",""coordinates"":[]}"
1684,3.5108668999033075E-5,2025-08-12,14,"{""type"":""MultiPoint"",""coordinates"":[]}"
1685,4.0238040609404176E-5,2025-08-13,14,"{""type"":""MultiPoint"",""coordinates"":[]}"
1686,,2025-08-14,15,"{""type"":""MultiPoint"",""coordinates"":[]}"
1687,2.5012561355894904E-5,2025-08-15,14,"{""type"":""MultiPoint"",""coordinates"":[]}"
1688,3.4031195720117E-5,2025-08-16,14,"{""type"":""MultiPoint"",""coordinates"":[]}"
1689,3.089841601814597E-5,2025-08-17,14,"{""type"":""MultiPoint"",""coordinates"":[]}"
1690,2.8399638397337815E-5,2025-08-18,14,"{""type"":""MultiPoint"",""coordinates"":[]}"
1691,2.808562887271912E-5,2025-08-19,15,"{""type"":""MultiPoint"",""coordinates"":[]}"
1692,2.615548436807825E-5,2025-08-20,14,"{""type"":""MultiPoint"",""coordinates"":[]}"
1693,2.908102184783512E-5,2025-08-21,14,"{""type"":""MultiPoint"",""coordinates"":[]}"
1694,3.107954774473411E-5,2025-08-22,14,"{""type"":""MultiPoint"",""coordinates"":[]}"
1695,3.671131927704444E-5,2025-08-23,13,"{""type"":""MultiPoint"",""coordinates"":[]}"
1696,2.7470785856133022E-5,2025-08-24,14,"{""type"":""MultiPoint"",""coordinates"":[]}"
1697,,2025-08-25,15,"{""type"":""MultiPoint"",""coordinates"":[]}"
1698,2.1748437673418946E-5,2025-08-26,14,"{""type"":""MultiPoint"",""coordinates"":[]}"
1699,2.8991833800367232E-5,2025-08-27,14,"{""type"":""MultiPoint"",""coordinates"":[]}"
1700,3.306780481799956E-5,2025-08-28,14,"{""type"":""MultiPoint"",""coordinates"":[]}"
1701,,2025-08-29,14,"{""type"":""MultiPoint"",""coordinates"":[]}"
1702,2.9919066872212347E-5,2025-08-30,15,"{""type"":""MultiPoint"",""coordinates"":[]}"
1703,4.471328779802916E-5,2025-08-31,14,"{""type"":""MultiPoint"",""coordinates"":[]}"
1704,3.827896774651009E-5,2025-09-01,14,"{""type"":""MultiPoint"",""coordinates"":[]}"
1705,,2025-09-02,14,"{""type"":""MultiPoint"",""coordinates"":[]}"
1706,4.1382086920916467E-5,2025-09-03,14,"{""type"":""MultiPoint"",""coordinates"":[]}"
1707,3.117591657601402E-5,2025-09-04,15,"{""type"":""MultiPoint"",""coordinates"":[]}"
1708,2.6950346374053755E-5,2025-09-05,14,"{""type"":""MultiPoint"",""coordinates"":[]}"
1709,3.062030967759089E-5,2025-09-06,14,"{""type"":""MultiPoint"",""coordinates"":[]}"
1710,3.0853858704145426E-5,2025-09-07,14,"{""type"":""MultiPoint"",""coordinates"":[]}"
1711,4.066752693515204E-5,2025-09-08,14,"{""type"":""MultiPoint"",""coordinates"":[]}"
1712,4.0601656725133896E-5,2025-09-09,14,"{""type"":""MultiPoint"",""coordinates"":[]}"
1713,3.456237658849963E-5,2025-09-10,13,"{""type"":""MultiPoint"",""coordinates"":[]}"
1714,4.333773846247121E-5,2025-09-11,14,"{""type"":""MultiPoint"",""coordinates"":[]}"
1715,4.2348047821835306E-5,2025-09-12,14,"{""type"":""MultiPoint"",""coordinates"":[]}"
1716,4.648055477303806E-5,2025-09-13,14,"{""type"":""MultiPoint"",""coordinates"":[]}"
1717,3.650615899193333E-5,2025-09-14,14,"{""type"":""MultiPoint"",""coordinates"":[]}"
1718,4.6765596487865886E-5,2025-09-15,15,"{""type"":""MultiPoint"",""coordinates"":[]}"
1719,5.9392826517410173E-5,2025-09-16,14,"{""type"":""MultiPoint"",""coordinates"":[]}"
1720,4.2591426821280975E-5,2025-09-17,14,"{""type"":""MultiPoint"",""coordinates"":[]}"
1721,4.668434726103286E-5,2025-09-18,13,"{""type"":""MultiPoint"",""coordinates"":[]}"
1722,5.122881386335701E-5,2025-09-19,14,"{""type"":""MultiPoint"",""coordinates"":[]}"
1723,5.263205442644006E-5,2025-09-20,15,"{""type"":""MultiPoint"",""coordinates"":[]}"
1724,5.324394766789035E-5,2025-09-21,13,"{""type"":""MultiPoint"",""coordinates"":[]}"
1725,4.8441199614444005E-5,2025-09-22,15,"{""type"":""MultiPoint"",""coordinates"":[]}"
1726,5.37954174527145E-5,2025-09-23,14,"{""type"":""MultiPoint"",""coordinates"":[]}"
1727,6.18102301000263E-5,2025-09-24,14,"{""type"":""MultiPoint"",""coordinates"":[]}"
1728,6.27027150638698E-5,2025-09-25,14,"{""type"":""MultiPoint"",""coordinates"":[]}"
1729,5.463910304978216E-5,2025-09-26,15,"{""type"":""MultiPoint"",""coordinates"":[]}"
1730,7.303818856133923E-5,2025-09-27,14,"{""type"":""MultiPoint"",""coordinates"":[]}"
1731,4.677804294626024E-5,2025-09-28,14,"{""type"":""MultiPoint"",""coordinates"":[]}"
1732,5.208392360121413E-5,2025-09-29,14,"{""type"":""MultiPoint"",""coordinates"":[]}"
1733,5.512270219127048E-5,2025-09-30,14,"{""type"":""MultiPoint"",""coordinates"":[]}"
1734,4.3787241619656966E-5,2025-10-01,15,"{""type"":""MultiPoint"",""coordinates"":[]}"
1735,4.808978710693901E-5,2025-10-02,14,"{""type"":""MultiPoint"",""coordinates"":[]}"
1736,4.0759791978093275E-5,2025-10-03,14,"{""type"":""MultiPoint"",""coordinates"":[]}"
1737,6.009814428175672E-5,2025-10-04,14,"{""type"":""MultiPoint"",""coordinates"":[]}"
1738,4.220295490375822E-5,2025-10-05,13,"{""type"":""MultiPoint"",""coordinates"":[]}"
1739,,2025-10-06,14,"{""type"":""MultiPoint"",""coordinates"":[]}"
1740,4.2246478561413095E-5,2025-10-07,14,"{""type"":""MultiPoint"",""coordinates"":[]}"
1741,5.245715425386632E-5,2025-10-08,14,"{""type"":""MultiPoint"",""coordinates"":[]}"
1742,4.610251922239306E-5,2025-10-09,14,"{""type"":""MultiPoint"",""coordinates"":[]}"
1743,6.10592209761939E-5,2025-10-10,14,"{""type"":""MultiPoint"",""coordinates"":[]}"
1744,5.6469774680643816E-5,2025-10-11,15,"{""type"":""MultiPoint"",""coordinates"":[]}"
1745,6.17707671169601E-5,2025-10-12,14,"{""type"":""MultiPoint"",""coordinates"":[]}"
1746,7.018553659978845E-5,2025-10-13,14,"{""type"":""MultiPoint"",""coordinates"":[]}"
1747,7.069832628187442E-5,2025-10-14,14,"{""type"":""MultiPoint"",""coordinates"":[]}"
1748,7.813839756183465E-5,2025-10-15,14,"{""type"":""MultiPoint"",""coordinates"":[]}"
1749,7.983086607489403E-5,2025-10-16,14,"{""type"":""MultiPoint"",""coordinates"":[]}"
1750,6.518253452280513E-5,2025-10-17,15,"{""type"":""MultiPoint"",""coordinates"":[]}"
1751,9.824616808631854E-5,2025-10-18,14,"{""type"":""MultiPoint"",""coordinates"":[]}"
1752,9.507055224195129E-5,2025-10-19,14,"{""type"":""MultiPoint"",""coordinates"":[]}"
1753,7.966844234532206E-5,2025-10-20,14,"{""type"":""MultiPoint"",""coordinates"":[]}"
1754,5.3598702126101066E-5,2025-10-21,14,"{""type"":""MultiPoint"",""coordinates"":[]}"
1755,,2025-10-22,1,"{""type"":""MultiPoint"",""coordinates"":[]}"
1756,,2025-10-23,1,"{""type"":""MultiPoint"",""coordinates"":[]}"
1757,,2025-10-24,1,"{""type"":""MultiPoint"",""coordinates"":[]}"
1758,,2025-10-25,2,"{""type"":""MultiPoint"",""coordinates"":[]}"
1759,,2025-10-26,5,"{""type"":""MultiPoint"",""coordinates"":[]}"
1760,,2025-10-27,4,"{""type"":""MultiPoint"",""coordinates"":[]}"
1761,5.641410738113692E-5,2025-10-28,11,"{""type"":""MultiPoint"",""coordinates"":[]}"
1762,,2025-10-29,6,"{""type"":""MultiPoint"",""coordinates"":[]}"
1763,1.1012291247238968E-4,2025-10-30,7,"{""type"":""MultiPoint"",""coordinates"":[]}"
1764,,2025-10-31,4,"{""type"":""MultiPoint"",""coordinates"":[]}"
1765,,2025-11-01,0,"{""type"":""MultiPoint"",""coordinates"":[]}"
1766,,2025-11-02,2,"{""type"":""MultiPoint"",""coordinates"":[]}"
1767,,2025-11-03,2,"{""type"":""MultiPoint"",""coordinates"":[]}"
1768,5.941071829333997E-5,2025-11-04,14,"{""type"":""MultiPoint"",""coordinates"":[]}"
1769,8.03945391453469E-5,2025-11-05,14,"{""type"":""MultiPoint"",""coordinates"":[]}"
1770,6.985437933638596E-5,2025-11-06,14,"{""type"":""MultiPoint"",""coordinates"":[]}"
1771,7.305160547191863E-5,2025-11-07,15,"{""type"":""MultiPoint"",""coordinates"":[]}"
1772,8.124084948748242E-5,2025-11-08,14,"{""type"":""MultiPoint"",""coordinates"":[]}"
1773,6.619187890377596E-5,2025-11-09,14,"{""type"":""MultiPoint"",""coordinates"":[]}"
1774,7.326191224161222E-5,2025-11-10,14,"{""type"":""MultiPoint"",""coordinates"":[]}"
1775,7.442363237805152E-5,2025-11-11,14,"{""type"":""MultiPoint"",""coordinates"":[]}"
1776,6.464058036987341E-5,2025-11-12,15,"{""type"":""MultiPoint"",""coordinates"":[]}"
1777,6.950183715642189E-5,2025-11-13,14,"{""type"":""MultiPoint"",""coordinates"":[]}"
1778,6.746883482301861E-5,2025-11-14,14,"{""type"":""MultiPoint"",""coordinates"":[]}"
1779,6.835386421262909E-5,2025-11-15,14,"{""type"":""MultiPoint"",""coordinates"":[]}"
1780,6.66235099564208E-5,2025-11-16,14,"{""type"":""MultiPoint"",""coordinates"":[]}"
1781,8.508436886645152E-5,2025-11-17,14,"{""type"":""MultiPoint"",""coordinates"":[]}"
1782,9.512434815791639E-5,2025-11-18,15,"{""type"":""MultiPoint"",""coordinates"":[]}"
1783,1.280840911067416E-4,2025-11-19,14,"{""type"":""MultiPoint"",""coordinates"":[]}"
1784,1.24710676146397E-4,2025-11-20,14,"{""type"":""MultiPoint"",""coordinates"":[]}"
1785,1.0403920666201317E-4,2025-11-21,14,"{""type"":""MultiPoint"",""coordinates"":[]}"
1786,9.291938806297284E-5,2025-11-22,14,"{""type"":""MultiPoint"",""coordinates"":[]}"
1787,9.273589125155242E-5,2025-11-23,15,"{""type"":""MultiPoint"",""coordinates"":[]}"
1788,9.154098413277479E-5,2025-11-24,14,"{""type"":""MultiPoint"",""coordinates"":[]}"
1789,7.12893714900968E-5,2025-11-25,14,"{""type"":""MultiPoint"",""coordinates"":[]}"
1790,1.060765396218409E-4,2025-11-26,14,"{""type"":""MultiPoint"",""coordinates"":[]}"
1791,1.3940145810396128E-4,2025-11-27,14,"{""type"":""MultiPoint"",""coordinates"":[]}"
1792,1.157738862569031E-4,2025-11-28,15,"{""type"":""MultiPoint"",""coordinates"":[]}"
1793,6.333292720606924E-5,2025-11-29,13,"{""type"":""MultiPoint"",""coordinates"":[]}"
1794,7.009024708986784E-5,2025-11-30,14,"{""type"":""MultiPoint"",""coordinates"":[]}"
1795,9.729860693072806E-5,2025-12-01,14,"{""type"":""MultiPoint"",""coordinates"":[]}"
1796,8.919456366433229E-5,2025-12-02,14,"{""type"":""MultiPoint"",""coordinates"":[]}"
1797,8.414762624514872E-5,2025-12-03,14,"{""type"":""MultiPoint"",""coordinates"":[]}"
1798,9.164325663433773E-5,2025-12-04,15,"{""type"":""MultiPoint"",""coordinates"":[]}"
1799,1.0628023154531132E-4,2025-12-05,14,"{""type"":""MultiPoint"",""coordinates"":[]}"
1800,6.599761026627833E-5,2025-12-06,14,"{""type"":""MultiPoint"",""coordinates"":[]}"
1801,8.079233722859976E-5,2025-12-07,14,"{""type"":""MultiPoint"",""coordinates"":[]}"
1802,8.02631372005534E-5,2025-12-08,14,"{""type"":""MultiPoint"",""coordinates"":[]}"
1803,8.841589122852167E-5,2025-12-09,15,"{""type"":""MultiPoint"",""coordinates"":[]}"
1804,9.720398429952575E-5,2025-12-10,14,"{""type"":""MultiPoint"",""coordinates"":[]}"
1805,1.0236570647908658E-4,2025-12-11,14,"{""type"":""MultiPoint"",""coordinates"":[]}"
1806,1.434816617376932E-4,2025-12-12,14,"{""type"":""MultiPoint"",""coordinates"":[]}"
1807,2.010537203175177E-4,2025-12-13,14,"{""type"":""MultiPoint"",""coordinates"":[]}"
1808,2.421320312684997E-4,2025-12-14,15,"{""type"":""MultiPoint"",""coordinates"":[]}"
1809,8.853717411522511E-5,2025-12-15,14,"{""type"":""MultiPoint"",""coordinates"":[]}"
1810,7.250626057723356E-5,2025-12-16,14,"{""type"":""MultiPoint"",""coordinates"":[]}"
1811,9.045233365413582E-5,2025-12-17,14,"{""type"":""MultiPoint"",""coordinates"":[]}"
1812,2.1057817179610648E-4,2025-12-18,14,"{""type"":""MultiPoint"",""coordinates"":[]}"
1813,1.90716179919494E-4,2025-12-19,14,"{""type"":""MultiPoint"",""coordinates"":[]}"
1814,1.143233856913941E-4,2025-12-20,15,"{""type"":""MultiPoint"",""coordinates"":[]}"
1815,1.910649347663091E-4,2025-12-21,14,"{""type"":""MultiPoint"",""coordinates"":[]}"
1816,1.3109484299042814E-4,2025-12-22,14,"{""type"":""MultiPoint"",""coordinates"":[]}"
1817,1.0233496463435979E-4,2025-12-23,14,"{""type"":""MultiPoint"",""coordinates"":[]}"
1818,8.688668818873009E-5,2025-12-24,14,"{""type"":""MultiPoint"",""coordinates"":[]}"
1819,1.273608305944946E-4,2025-12-25,15,"{""type"":""MultiPoint"",""coordinates"":[]}"
1820,1.1454477104862316E-4,2025-12-26,14,"{""type"":""MultiPoint"",""coordinates"":[]}"
1821,1.3423773771507013E-4,2025-12-27,14,"{""type"":""MultiPoint"",""coordinates"":[]}"
1822,1.2623633429211287E-4,2025-12-28,14,"{""type"":""MultiPoint"",""coordinates"":[]}"
1823,1.6581846222543957E-4,2025-12-29,14,"{""type"":""MultiPoint"",""coordinates"":[]}"
1824,1.7573423794247517E-4,2025-12-30,15,"{""type"":""MultiPoint"",""coordinates"":[]}"
1825,1.733927795972561E-4,2025-12-31,14,"{""type"":""MultiPoint"",""coordinates"":[]}"
