time,temperature_2m,relative_humidity_2m,wind_speed_10m,wind_direction_10m,pressure_msl,precipitation
2024-01-01T00:00,6.2,100,4.9,306,1018.6,0.0
2024-01-01T01:00,9.7,91,3.8,343,1019.8,0.0
2024-01-01T02:00,9.9,90,3.6,354,1020.2,0.0
2024-01-01T03:00,10.8,87,4.7,351,1020.8,0.0
2024-01-01T04:00,11.9,80,5.8,353,1021.3,0.0
2024-01-01T05:00,13.0,72,4.5,346,1021.3,0.0
2024-01-01T06:00,14.0,69,3.4,328,1020.4,0.0
2024-01-01T07:00,15.1,66,3.8,311,1019.1,0.0
2024-01-01T08:00,15.9,64,5.2,304,1018.0,0.0
2024-01-01T09:00,16.4,62,6.4,308,1017.1,0.0
2024-01-01T10:00,16.5,62,8.2,311,1016.6,0.0
2024-01-01T11:00,15.9,65,8.2,319,1016.4,0.0
2024-01-01T12:00,13.2,79,6.6,319,1016.5,0.0
2024-01-01T13:00,10.8,88,6.1,320,1018.2,0.0
2024-01-01T14:00,9.8,92,6.1,310,1018.8,0.0
2024-01-01T15:00,9.0,93,6.5,304,1019.2,0.0
2024-01-01T16:00,8.2,95,5.9,308,1019.4,0.0
2024-01-01T17:00,7.4,96,5.6,310,1019.5,0.0
2024-01-01T18:00,6.8,97,5.6,310,1019.1,0.0
2024-01-01T19:00,6.1,98,6.4,313,1018.9,0.0
2024-01-01T20:00,5.6,99,6.6,315,1018.3,0.0
2024-01-01T21:00,5.3,99,6.1,310,1018.2,0.0
2024-01-01T22:00,4.9,100,6.0,303,1018.0,0.0
2024-01-01T23:00,4.7,100,5.2,304,1017.9,0.0
2024-01-02T00:00,4.4,100,5.4,312,1018.0,0.0
2024-01-02T01:00,7.9,92,6.9,332,1019.1,0.0
2024-01-02T02:00,8.4,91,6.3,336,1020.0,0.0
2024-01-02T03:00,9.2,88,6.6,347,1020.6,0.0
2024-01-02T04:00,9.9,83,4.0,10,1021.3,0.0
2024-01-02T05:00,11.1,76,1.3,34,1021.3,0.0
2024-01-02T06:00,12.2,70,1.1,18,1020.2,0.0
2024-01-02T07:00,13.4,67,1.8,360,1018.8,0.0
2024-01-02T08:00,14.4,65,2.9,353,1017.7,0.0
2024-01-02T09:00,15.1,63,3.5,336,1016.7,0.0
2024-01-02T10:00,15.2,63,5.3,332,1016.2,0.0
2024-01-02T11:00,14.5,65,7.1,336,1016.0,0.0
2024-01-02T12:00,11.7,79,6.3,347,1016.3,0.0
2024-01-02T13:00,9.6,89,6.3,329,1017.7,0.0
2024-01-02T14:00,8.8,92,6.4,322,1018.1,0.0
2024-01-02T15:00,8.0,93,5.9,322,1018.1,0.0
2024-01-02T16:00,6.8,95,8.4,313,1018.4,0.0
2024-01-02T17:00,6.6,95,6.8,302,1018.5,0.0
2024-01-02T18:00,6.2,96,6.1,315,1018.2,0.0
2024-01-02T19:00,5.9,97,6.4,322,1018.1,0.0
2024-01-02T20:00,5.2,99,5.5,337,1018.0,0.0
2024-01-02T21:00,4.4,100,8.2,345,1018.0,0.0
2024-01-02T22:00,4.9,100,6.6,347,1017.6,0.0
2024-01-02T23:00,4.8,100,5.0,339,1017.5,0.0
2024-01-03T00:00,4.7,100,2.4,333,1017.7,0.0
2024-01-03T01:00,6.0,99,4.0,350,1018.7,0.0
2024-01-03T02:00,6.5,99,3.4,18,1019.3,0.0
2024-01-03T03:00,7.4,98,3.3,49,1020.0,0.0
2024-01-03T04:00,8.7,97,3.6,90,1020.7,0.0
2024-01-03T05:00,10.0,95,3.3,139,1020.8,0.0
2024-01-03T06:00,12.4,82,2.2,180,1019.9,0.0
2024-01-03T07:00,14.6,70,1.1,198,1018.7,0.0
2024-01-03T08:00,15.5,67,3.9,326,1017.3,0.0
2024-01-03T09:00,15.9,66,6.4,333,1016.6,0.0
2024-01-03T10:00,15.8,66,6.9,332,1016.4,0.0
2024-01-03T11:00,15.2,68,6.8,328,1016.2,0.0
2024-01-03T12:00,12.5,82,6.9,321,1016.4,0.0
2024-01-03T13:00,11.5,80,11.2,339,1017.3,0.0
2024-01-03T14:00,10.2,87,9.2,339,1017.5,0.0
2024-01-03T15:00,9.2,92,7.4,331,1017.7,0.0
2024-01-03T16:00,8.7,93,6.0,327,1018.0,0.0
2024-01-03T17:00,8.1,95,5.1,315,1018.2,0.0
2024-01-03T18:00,7.7,96,5.6,310,1018.0,0.0
2024-01-03T19:00,7.6,96,6.6,311,1017.8,0.0
2024-01-03T20:00,6.9,97,7.4,309,1017.6,0.0
2024-01-03T21:00,6.5,97,7.0,305,1017.7,0.0
2024-01-03T22:00,6.0,98,6.0,303,1017.6,0.0
2024-01-03T23:00,5.5,98,5.4,312,1017.5,0.0
2024-01-04T00:00,5.1,99,5.6,315,1017.9,0.0
2024-01-04T01:00,8.8,90,4.9,306,1019.1,0.0
2024-01-04T02:00,9.0,90,5.7,305,1019.7,0.0
2024-01-04T03:00,9.8,87,6.6,299,1020.4,0.0
2024-01-04T04:00,11.7,80,7.3,290,1021.1,0.0
2024-01-04T05:00,14.0,72,7.0,291,1021.0,0.0
2024-01-04T06:00,15.8,67,7.1,294,1019.7,0.0
2024-01-04T07:00,17.0,64,4.3,294,1018.3,0.0
2024-01-04T08:00,17.8,61,2.6,326,1017.1,0.0
2024-01-04T09:00,18.0,59,2.9,330,1016.2,0.0
2024-01-04T10:00,18.1,58,3.1,324,1015.9,0.0
2024-01-04T11:00,17.7,59,4.3,318,1015.7,0.0
2024-01-04T12:00,16.0,68,6.9,317,1015.7,0.0
2024-01-04T13:00,13.5,80,8.9,339,1017.3,0.0
2024-01-04T14:00,13.1,81,9.6,340,1017.6,0.0
2024-01-04T15:00,12.3,84,10.7,340,1017.9,0.0
2024-01-04T16:00,10.5,93,10.0,345,1018.0,0.0
2024-01-04T17:00,9.8,95,8.3,342,1018.1,0.0
2024-01-04T18:00,9.0,96,6.1,332,1017.7,0.0
2024-01-04T19:00,8.3,97,5.9,317,1017.4,0.0
2024-01-04T20:00,7.9,98,5.7,305,1017.3,0.0
2024-01-04T21:00,8.2,98,5.8,300,1017.3,0.0
2024-01-04T22:00,9.0,97,6.4,297,1017.2,0.0
2024-01-04T23:00,9.6,96,7.4,309,1017.1,0.0
2024-01-05T00:00,9.9,95,7.1,319,1017.4,0.0
2024-01-05T01:00,10.4,94,6.2,324,1018.6,0.1
2024-01-05T02:00,10.4,94,6.0,327,1019.2,0.0
2024-01-05T03:00,11.0,91,4.6,342,1019.8,0.0
2024-01-05T04:00,11.8,88,3.8,343,1020.5,0.0
2024-01-05T05:00,12.8,84,4.3,336,1020.5,0.0
2024-01-05T06:00,15.1,74,3.0,346,1019.4,0.0
2024-01-05T07:00,16.7,68,0.8,63,1018.0,0.0
2024-01-05T08:00,16.9,65,1.9,112,1016.8,0.0
2024-01-05T09:00,17.1,63,1.8,169,1016.5,0.0
2024-01-05T10:00,17.4,61,1.9,248,1016.2,0.0
2024-01-05T11:00,17.2,60,4.0,297,1016.8,0.0
2024-01-05T12:00,16.1,67,5.6,315,1016.9,0.0
2024-01-05T13:00,11.1,90,6.4,344,1017.9,0.0
2024-01-05T14:00,10.4,92,7.0,339,1018.9,0.0
2024-01-05T15:00,9.6,94,6.4,333,1019.5,0.0
2024-01-05T16:00,8.9,95,6.1,332,1019.8,0.0
2024-01-05T17:00,8.6,96,6.1,332,1019.6,0.0
2024-01-05T18:00,8.0,97,7.1,330,1019.1,0.0
2024-01-05T19:00,7.3,98,8.9,320,1018.9,0.0
2024-01-05T20:00,7.2,99,6.5,304,1018.7,0.0
2024-01-05T21:00,6.5,100,7.0,305,1018.6,0.0
2024-01-05T22:00,7.0,100,5.1,309,1018.3,0.0
2024-01-05T23:00,6.6,100,5.4,312,1018.3,0.0
2024-01-06T00:00,7.4,100,5.2,304,1018.7,0.0
2024-01-06T01:00,9.2,97,6.6,338,1020.0,0.0
2024-01-06T02:00,9.5,97,5.8,330,1020.6,0.0
2024-01-06T03:00,10.7,92,6.0,343,1021.6,0.0
2024-01-06T04:00,11.7,88,6.9,354,1022.4,0.0
2024-01-06T05:00,13.1,81,7.1,336,1022.1,0.0
2024-01-06T06:00,14.6,71,4.7,4,1021.0,0.0
2024-01-06T07:00,15.7,65,5.2,74,1019.6,0.0
2024-01-06T08:00,16.4,61,3.6,96,1018.5,0.0
2024-01-06T09:00,17.2,58,0.8,153,1017.6,0.0
2024-01-06T10:00,17.3,58,1.5,284,1017.3,0.0
2024-01-06T11:00,17.1,60,3.1,324,1017.4,0.0
2024-01-06T12:00,14.8,71,5.2,295,1017.8,0.0
2024-01-06T13:00,12.3,82,4.8,318,1019.4,0.0
2024-01-06T14:00,12.8,81,4.7,274,1020.0,0.0
2024-01-06T15:00,12.7,81,6.9,264,1020.5,0.0
2024-01-06T16:00,12.4,82,6.9,261,1021.0,0.0
2024-01-06T17:00,11.9,84,6.9,276,1020.9,0.0
2024-01-06T18:00,11.8,82,7.8,292,1020.5,0.0
2024-01-06T19:00,11.2,84,7.4,299,1020.1,0.0
2024-01-06T20:00,11.0,84,6.6,299,1019.4,0.0
2024-01-06T21:00,11.0,84,5.9,317,1019.4,0.0
2024-01-06T22:00,10.4,88,6.4,333,1019.3,0.0
2024-01-06T23:00,10.7,87,8.3,342,1019.2,0.0
2024-01-07T00:00,11.1,83,9.0,344,1019.1,0.0
2024-01-07T01:00,6.6,97,5.9,284,1020.4,0.0
2024-01-07T02:00,6.3,98,5.8,277,1021.5,0.0
2024-01-07T03:00,8.6,92,6.2,280,1022.6,0.0
2024-01-07T04:00,11.3,82,3.4,288,1023.4,0.0
2024-01-07T05:00,13.7,74,3.1,306,1023.4,0.0
2024-01-07T06:00,15.3,67,2.2,351,1022.5,0.0
2024-01-07T07:00,16.3,63,2.6,56,1021.1,0.0
2024-01-07T08:00,17.1,61,3.3,77,1019.8,0.0
2024-01-07T09:00,17.6,59,2.9,97,1019.0,0.0
2024-01-07T10:00,17.7,59,2.6,124,1018.4,0.0
2024-01-07T11:00,17.3,60,3.2,153,1018.3,0.0
2024-01-07T12:00,14.1,75,7.3,171,1018.2,0.0
2024-01-07T13:00,11.2,83,5.2,236,1018.7,0.0
2024-01-07T14:00,10.5,87,5.2,236,1019.5,0.0
2024-01-07T15:00,9.4,92,6.7,234,1019.9,0.0
2024-01-07T16:00,8.6,93,6.3,239,1020.1,0.0
2024-01-07T17:00,8.0,94,6.2,249,1020.3,0.0
2024-01-07T18:00,7.5,95,6.1,267,1020.2,0.0
2024-01-07T19:00,6.6,97,6.8,288,1019.8,0.0
2024-01-07T20:00,6.4,97,7.1,300,1019.5,0.0
2024-01-07T21:00,7.2,95,6.4,308,1019.2,0.0
2024-01-07T22:00,6.7,96,6.5,304,1019.3,0.0
2024-01-07T23:00,6.2,98,6.4,297,1019.5,0.0
2024-01-08T00:00,5.6,99,7.8,304,1019.6,0.0
2024-01-08T01:00,6.2,99,6.2,339,1020.7,0.0
2024-01-08T02:00,6.3,100,8.0,355,1021.8,0.0
2024-01-08T03:00,8.3,99,4.5,14,1022.4,0.0
2024-01-08T04:00,10.6,99,4.1,38,1022.7,0.0
2024-01-08T05:00,13.6,85,3.3,49,1022.7,0.0
2024-01-08T06:00,15.8,73,3.3,96,1021.6,0.0
2024-01-08T07:00,17.1,64,3.6,127,1020.3,0.0
2024-01-08T08:00,18.0,61,3.3,131,1019.2,0.0
2024-01-08T09:00,18.4,60,3.1,144,1018.5,0.0
2024-01-08T10:00,18.5,61,2.6,146,1017.9,0.0
2024-01-08T11:00,18.0,63,1.8,143,1017.8,0.0
2024-01-08T12:00,17.0,67,3.1,135,1017.7,0.0
2024-01-08T13:00,11.3,90,8.4,335,1019.3,0.0
2024-01-08T14:00,10.3,94,8.7,322,1019.4,0.0
2024-01-08T15:00,9.4,95,8.7,315,1019.8,0.0
2024-01-08T16:00,8.5,96,9.4,320,1020.0,0.0
2024-01-08T17:00,8.1,97,8.2,322,1019.9,0.0
2024-01-08T18:00,7.9,98,6.3,336,1019.5,0.0
2024-01-08T19:00,7.6,99,6.5,341,1019.2,0.0
2024-01-08T20:00,7.2,99,6.1,332,1019.2,0.0
2024-01-08T21:00,7.1,99,6.6,338,1019.2,0.0
2024-01-08T22:00,7.2,97,8.3,342,1019.1,0.0
2024-01-08T23:00,6.7,97,6.2,339,1019.0,0.0
2024-01-09T00:00,6.0,98,7.0,339,1019.2,0.0
2024-01-09T01:00,7.3,98,6.2,350,1020.9,0.0
2024-01-09T02:00,6.5,99,7.2,3,1021.6,0.0
2024-01-09T03:00,8.7,93,6.3,329,1022.0,0.0
2024-01-09T04:00,11.1,85,4.8,297,1022.5,0.0
2024-01-09T05:00,13.9,75,4.9,287,1022.3,0.0
2024-01-09T06:00,15.9,70,10.0,291,1021.1,0.0
2024-01-09T07:00,17.2,67,12.3,291,1019.9,0.0
2024-01-09T08:00,18.0,65,13.4,290,1018.7,0.0
2024-01-09T09:00,18.4,62,12.8,292,1018.1,0.0
2024-01-09T10:00,18.4,62,12.0,291,1017.6,0.0
2024-01-09T11:00,17.8,65,11.9,295,1017.6,0.0
2024-01-09T12:00,15.5,77,9.0,299,1017.9,0.0
2024-01-09T13:00,10.8,88,10.6,332,1020.0,0.0
2024-01-09T14:00,9.6,92,9.4,328,1020.6,0.0
2024-01-09T15:00,8.8,93,10.6,325,1021.2,0.0
2024-01-09T16:00,8.0,94,10.2,321,1021.6,0.0
2024-01-09T17:00,7.3,95,10.9,314,1021.7,0.0
2024-01-09T18:00,6.7,95,11.2,291,1021.0,0.0
2024-01-09T19:00,6.1,96,12.6,294,1020.7,0.0
2024-01-09T20:00,5.7,96,13.2,299,1020.4,0.0
2024-01-09T21:00,5.2,95,13.0,304,1020.2,0.0
2024-01-09T22:00,4.8,96,11.9,299,1020.1,0.0
2024-01-09T23:00,4.5,96,12.0,291,1019.7,0.0
2024-01-10T00:00,4.5,96,13.5,286,1019.5,0.0
2024-01-10T01:00,5.2,96,13.7,300,1020.9,0.0
2024-01-10T02:00,5.2,96,14.2,294,1021.1,0.0
2024-01-10T03:00,6.4,90,14.7,295,1021.4,0.0
2024-01-10T04:00,8.4,83,13.8,298,1021.8,0.0
2024-01-10T05:00,10.5,76,13.5,299,1021.5,0.0
2024-01-10T06:00,12.5,71,13.7,293,1020.2,0.0
2024-01-10T07:00,14.1,67,14.9,290,1018.5,0.0
2024-01-10T08:00,15.4,64,15.4,286,1017.0,0.0
2024-01-10T09:00,16.1,62,15.4,286,1016.1,0.0
2024-01-10T10:00,16.3,62,14.8,283,1015.4,0.0
2024-01-10T11:00,15.6,65,14.2,279,1015.4,0.0
2024-01-10T12:00,13.6,75,11.5,274,1015.7,0.0
2024-01-10T13:00,10.3,88,10.4,284,1017.1,0.0
2024-01-10T14:00,9.7,90,11.8,290,1017.8,0.0
2024-01-10T15:00,9.1,92,11.8,297,1018.5,0.0
2024-01-10T16:00,8.5,92,11.0,302,1018.9,0.0
2024-01-10T17:00,7.8,93,8.7,300,1018.9,0.0
2024-01-10T18:00,7.0,94,7.5,287,1018.8,0.0
2024-01-10T19:00,6.5,96,8.7,277,1018.5,0.0
2024-01-10T20:00,6.3,96,9.7,272,1018.4,0.0
2024-01-10T21:00,6.0,96,10.8,272,1018.6,0.0
2024-01-10T22:00,5.8,96,11.2,274,1018.6,0.0
2024-01-10T23:00,5.5,97,11.6,277,1018.7,0.0
2024-01-11T00:00,5.3,97,10.2,278,1019.0,0.0
2024-01-11T01:00,6.2,100,10.5,292,1020.8,0.0
2024-01-11T02:00,6.4,99,11.1,299,1021.0,0.0
2024-01-11T03:00,6.7,99,11.8,308,1022.0,0.0
2024-01-11T04:00,7.4,98,11.7,313,1023.1,0.0
2024-01-11T05:00,9.2,87,10.2,312,1023.3,0.0
2024-01-11T06:00,11.3,79,9.9,314,1022.2,0.0
2024-01-11T07:00,13.3,73,10.0,311,1020.8,0.0
2024-01-11T08:00,14.6,70,10.5,308,1019.6,0.0
2024-01-11T09:00,15.4,69,10.9,304,1018.5,0.0
2024-01-11T10:00,15.6,68,11.8,301,1018.0,0.0
2024-01-11T11:00,15.0,71,11.9,299,1017.9,0.0
2024-01-11T12:00,12.7,83,7.6,295,1017.8,0.0
2024-01-11T13:00,10.8,87,9.2,301,1018.4,0.0
2024-01-11T14:00,9.7,91,8.4,310,1018.7,0.0
2024-01-11T15:00,8.8,93,7.7,319,1018.9,0.0
2024-01-11T16:00,8.0,94,7.4,317,1019.0,0.0
2024-01-11T17:00,7.6,95,7.4,309,1018.9,0.0
2024-01-11T18:00,7.2,96,8.0,297,1018.6,0.0
2024-01-11T19:00,7.2,95,10.5,286,1018.9,0.0
2024-01-11T20:00,6.8,96,8.8,282,1018.7,0.0
2024-01-11T21:00,6.4,97,8.4,280,1018.2,0.0
2024-01-11T22:00,6.2,97,9.4,274,1017.8,0.0
2024-01-11T23:00,6.0,97,9.4,272,1017.4,0.0
2024-01-12T00:00,5.9,97,10.1,270,1017.3,0.0
2024-01-12T01:00,5.9,100,10.4,270,1018.6,0.0
2024-01-12T02:00,5.6,100,9.4,274,1019.1,0.0
2024-01-12T03:00,6.6,99,10.4,284,1020.1,0.0
2024-01-12T04:00,7.8,98,11.5,284,1021.1,0.0
2024-01-12T05:00,10.4,87,10.2,278,1021.0,0.0
2024-01-12T06:00,12.9,79,10.4,284,1020.2,0.0
2024-01-12T07:00,15.0,69,9.0,286,1018.8,0.0
2024-01-12T08:00,16.5,63,8.8,289,1017.6,0.0
2024-01-12T09:00,17.4,60,9.7,292,1017.1,0.0
2024-01-12T10:00,17.6,58,10.2,288,1016.7,0.0
2024-01-12T11:00,17.1,62,9.4,288,1016.8,0.0
2024-01-12T12:00,13.6,79,7.5,287,1017.1,0.0
2024-01-12T13:00,11.2,87,7.1,315,1017.9,0.0
2024-01-12T14:00,10.1,90,7.0,325,1018.2,0.0
2024-01-12T15:00,9.1,92,7.4,346,1018.4,0.0
2024-01-12T16:00,7.9,94,9.8,354,1018.6,0.0
2024-01-12T17:00,7.5,95,9.4,360,1018.0,0.0
2024-01-12T18:00,8.5,95,5.6,315,1017.8,0.0
2024-01-12T19:00,6.7,99,4.7,274,1017.4,0.0
2024-01-12T20:00,5.4,100,5.8,263,1016.7,0.0
2024-01-12T21:00,5.2,100,5.8,263,1016.7,0.0
2024-01-12T22:00,5.8,99,5.1,274,1016.5,0.0
2024-01-12T23:00,5.7,100,4.6,288,1016.7,0.0
2024-01-13T00:00,5.9,99,5.6,315,1017.2,0.0
2024-01-13T01:00,5.6,100,4.6,309,1017.4,0.0
2024-01-13T02:00,5.8,98,4.3,318,1018.3,0.0
2024-01-13T03:00,6.4,96,3.3,311,1019.6,0.0
2024-01-13T04:00,7.5,95,2.5,262,1020.4,0.0
2024-01-13T05:00,9.3,95,4.0,243,1021.0,0.0
2024-01-13T06:00,12.3,81,2.5,262,1019.8,0.0
2024-01-13T07:00,14.9,65,2.9,263,1018.4,0.0
2024-01-13T08:00,16.7,55,3.3,283,1017.1,0.0
2024-01-13T09:00,17.7,49,3.5,294,1016.3,0.0
2024-01-13T10:00,18.0,48,3.1,315,1015.8,0.0
2024-01-13T11:00,17.3,59,1.8,349,1015.8,0.0
2024-01-13T12:00,14.2,71,6.2,10,1015.9,0.0
2024-01-13T13:00,11.1,85,8.4,7,1016.8,0.0
2024-01-13T14:00,9.8,87,9.4,4,1017.2,0.0
2024-01-13T15:00,8.2,90,10.8,358,1017.5,0.0
2024-01-13T16:00,7.6,91,9.0,358,1017.9,0.0
2024-01-13T17:00,7.9,91,6.0,343,1017.8,0.0
2024-01-13T18:00,8.2,93,4.3,318,1017.4,0.0
2024-01-13T19:00,6.2,99,5.8,330,1017.3,0.0
2024-01-13T20:00,4.8,100,7.3,327,1017.2,0.0
2024-01-13T21:00,4.2,100,6.5,304,1016.9,0.0
2024-01-13T22:00,4.6,100,7.2,297,1016.4,0.0
2024-01-13T23:00,5.1,100,5.8,292,1016.0,0.0
2024-01-14T00:00,4.2,99,6.4,297,1016.3,0.0
2024-01-14T01:00,4.6,99,7.4,313,1017.8,0.0
2024-01-14T02:00,4.6,97,6.6,319,1018.4,0.0
2024-01-14T03:00,4.2,97,5.9,322,1019.1,0.0
2024-01-14T04:00,6.0,97,7.7,319,1020.3,0.0
2024-01-14T05:00,8.4,94,6.9,313,1020.8,0.0
2024-01-14T06:00,11.9,80,6.6,311,1020.1,0.0
2024-01-14T07:00,14.8,68,7.1,319,1018.5,0.0
2024-01-14T08:00,16.6,59,7.1,319,1017.2,0.0
2024-01-14T09:00,17.7,54,7.1,315,1016.4,0.0
2024-01-14T10:00,18.0,51,7.9,313,1015.8,0.0
2024-01-14T11:00,17.2,56,7.9,309,1015.8,0.0
2024-01-14T12:00,13.3,76,7.7,298,1016.0,0.0
2024-01-14T13:00,10.8,87,7.7,298,1017.5,0.0
2024-01-14T14:00,9.5,91,8.1,302,1018.0,0.0
2024-01-14T15:00,8.5,93,8.7,318,1018.5,0.0
2024-01-14T16:00,8.2,93,7.7,332,1019.0,0.0
2024-01-14T17:00,7.9,93,8.0,333,1018.9,0.0
2024-01-14T18:00,7.4,94,7.9,330,1018.3,0.0
2024-01-14T19:00,6.9,96,7.5,325,1018.0,0.0
2024-01-14T20:00,6.0,98,6.6,319,1017.5,0.0
2024-01-14T21:00,5.1,99,7.1,311,1017.2,0.0
2024-01-14T22:00,4.9,100,6.5,304,1016.9,0.0
2024-01-14T23:00,5.0,100,7.2,297,1016.5,0.0
2024-01-15T00:00,5.1,100,8.4,290,1016.7,0.0
2024-01-15T01:00,5.4,100,9.1,304,1018.5,0.0
2024-01-15T02:00,5.5,99,7.9,294,1018.8,0.0
2024-01-15T03:00,5.8,99,8.2,285,1019.2,0.0
2024-01-15T04:00,6.7,97,8.7,287,1020.1,0.0
2024-01-15T05:00,8.4,88,8.4,301,1020.3,0.0
2024-01-15T06:00,11.0,80,6.8,302,1019.3,0.0
2024-01-15T07:00,13.1,71,6.8,302,1018.0,0.0
2024-01-15T08:00,14.7,64,7.3,303,1016.8,0.0
2024-01-15T09:00,15.8,58,7.7,298,1016.0,0.0
2024-01-15T10:00,16.1,56,8.4,295,1015.5,0.0
2024-01-15T11:00,15.5,59,7.0,291,1015.4,0.0
2024-01-15T12:00,12.1,78,8.3,288,1015.4,0.0
2024-01-15T13:00,10.8,78,6.1,332,1016.5,0.0
2024-01-15T14:00,8.2,89,8.7,353,1017.1,0.0
2024-01-15T15:00,7.3,92,9.0,5,1017.4,0.0
2024-01-15T16:00,6.5,93,9.4,360,1017.6,0.0
2024-01-15T17:00,6.1,93,7.9,360,1017.4,0.0
2024-01-15T18:00,5.1,97,7.9,3,1016.6,0.0
2024-01-15T19:00,4.2,99,8.4,10,1016.0,0.0
2024-01-15T20:00,4.0,100,8.2,15,1015.4,0.0
2024-01-15T21:00,4.4,100,6.1,360,1015.1,0.0
2024-01-15T22:00,3.6,100,4.1,322,1014.7,0.0
2024-01-15T23:00,3.1,100,2.3,288,1014.5,0.0
2024-01-16T00:00,3.6,100,3.4,288,1014.7,0.0
2024-01-16T01:00,3.5,99,3.1,291,1015.6,0.0
2024-01-16T02:00,4.0,97,3.2,297,1016.3,0.0
2024-01-16T03:00,4.5,91,3.8,343,1017.0,0.0
2024-01-16T04:00,5.4,95,2.5,352,1017.9,0.0
2024-01-16T05:00,7.5,94,1.3,34,1018.2,0.0
2024-01-16T06:00,10.3,88,1.4,90,1017.3,0.0
2024-01-16T07:00,13.8,70,1.8,90,1015.7,0.0
2024-01-16T08:00,15.8,61,1.8,90,1014.2,0.0
2024-01-16T09:00,16.9,56,2.2,81,1013.2,0.0
2024-01-16T10:00,17.1,53,3.3,84,1012.8,0.0
2024-01-16T11:00,16.7,54,3.2,90,1012.8,0.0
2024-01-16T12:00,14.5,64,5.4,86,1012.9,0.0
2024-01-16T13:00,9.7,85,10.1,96,1014.2,0.0
2024-01-16T14:00,8.8,86,10.0,103,1014.5,0.0
2024-01-16T15:00,7.9,87,9.7,88,1015.0,0.0
2024-01-16T16:00,6.9,91,10.3,78,1015.6,0.0
2024-01-16T17:00,6.0,93,10.9,96,1015.6,0.0
2024-01-16T18:00,5.3,94,10.0,120,1015.4,0.0
2024-01-16T19:00,4.8,95,10.0,128,1015.0,0.0
2024-01-16T20:00,4.4,96,10.2,129,1014.5,0.0
2024-01-16T21:00,4.0,97,10.0,128,1014.1,0.0
2024-01-16T22:00,3.6,98,9.9,136,1013.8,0.0
2024-01-16T23:00,3.4,98,9.3,152,1013.7,0.0
2024-01-17T00:00,3.5,98,8.6,158,1013.9,0.0
2024-01-17T01:00,5.4,96,5.1,135,1015.5,0.0
2024-01-17T02:00,4.2,98,6.3,149,1015.7,0.0
2024-01-17T03:00,6.3,96,7.1,156,1016.3,0.0
2024-01-17T04:00,10.0,86,5.6,135,1016.8,0.0
2024-01-17T05:00,12.8,76,6.9,133,1016.7,0.0
2024-01-17T06:00,14.9,68,7.6,135,1016.1,0.0
2024-01-17T07:00,16.3,62,8.1,135,1015.0,0.0
2024-01-17T08:00,17.1,59,8.1,135,1014.2,0.0
2024-01-17T09:00,17.6,57,7.4,129,1013.4,0.0
2024-01-17T10:00,17.7,57,7.0,125,1013.3,0.0
2024-01-17T11:00,17.0,61,6.3,114,1013.7,0.0
2024-01-17T12:00,13.3,81,8.9,117,1013.9,0.0
2024-01-17T13:00,10.4,87,10.0,120,1015.0,0.0
2024-01-17T14:00,9.5,90,10.2,129,1015.9,0.0
2024-01-17T15:00,8.4,93,10.2,129,1016.6,0.0
2024-01-17T16:00,7.6,95,10.1,125,1017.2,0.0
2024-01-17T17:00,7.5,95,9.4,137,1017.5,0.0
2024-01-17T18:00,6.9,97,8.7,150,1017.3,0.0
2024-01-17T19:00,6.1,99,9.5,151,1017.1,0.0
2024-01-17T20:00,5.8,100,8.8,161,1016.6,0.0
2024-01-17T21:00,5.4,100,9.8,174,1016.6,0.0
2024-01-17T22:00,5.7,100,8.3,182,1016.3,0.0
2024-01-17T23:00,6.3,99,4.1,195,1016.3,0.0
2024-01-18T00:00,5.8,99,3.4,198,1016.7,0.0
2024-01-18T01:00,5.2,100,1.1,342,1017.5,0.0
2024-01-18T02:00,5.2,100,1.9,338,1018.2,0.0
2024-01-18T03:00,5.9,96,2.4,333,1018.9,0.0
2024-01-18T04:00,7.4,96,2.2,351,1019.6,0.0
2024-01-18T05:00,9.2,95,0.5,315,1019.5,0.0
2024-01-18T06:00,12.2,86,0.4,270,1018.9,0.0
2024-01-18T07:00,14.6,79,0.7,270,1017.6,0.0
2024-01-18T08:00,17.1,66,3.3,131,1016.3,0.0
2024-01-18T09:00,17.7,64,3.1,135,1015.6,0.0
2024-01-18T10:00,17.7,63,2.2,171,1015.2,0.0
2024-01-18T11:00,17.3,65,2.6,214,1015.1,0.0
2024-01-18T12:00,14.2,82,6.6,225,1015.3,0.0
2024-01-18T13:00,13.8,75,4.6,219,1017.0,0.0
2024-01-18T14:00,13.0,79,4.0,243,1017.5,0.0
2024-01-18T15:00,12.1,83,3.9,292,1018.2,0.0
2024-01-18T16:00,10.9,88,5.1,315,1018.7,0.0
2024-01-18T17:00,10.4,91,4.1,285,1018.8,0.0
2024-01-18T18:00,9.8,94,4.7,302,1018.5,0.0
2024-01-18T19:00,9.2,97,4.9,324,1018.1,0.0
2024-01-18T20:00,8.6,99,3.6,315,1017.9,0.0
2024-01-18T21:00,6.8,100,4.5,284,1017.8,0.0
2024-01-18T22:00,5.8,100,4.7,274,1017.4,0.0
2024-01-18T23:00,6.5,100,5.0,270,1017.4,0.0
2024-01-19T00:00,6.5,99,5.1,266,1017.6,0.0
2024-01-19T01:00,6.1,100,3.4,252,1018.8,0.0
2024-01-19T02:00,6.5,95,4.4,235,1019.4,0.0
2024-01-19T03:00,6.9,98,4.6,231,1020.3,0.0
2024-01-19T04:00,8.7,96,2.8,230,1021.2,0.0
2024-01-19T05:00,10.3,95,1.1,198,1021.3,0.0
2024-01-19T06:00,11.8,90,1.5,76,1020.5,0.0
2024-01-19T07:00,14.1,78,1.8,79,1019.3,0.0
2024-01-19T08:00,15.6,71,2.9,83,1018.2,0.0
2024-01-19T09:00,16.4,67,3.6,96,1017.4,0.0
2024-01-19T10:00,16.5,66,3.1,111,1016.8,0.0
2024-01-19T11:00,16.3,66,3.1,135,1016.8,0.0
2024-01-19T12:00,15.1,72,4.5,119,1017.3,0.0
2024-01-19T13:00,10.0,89,7.6,135,1019.2,0.0
2024-01-19T14:00,8.5,92,9.4,133,1019.7,0.0
2024-01-19T15:00,7.8,94,8.4,149,1020.1,0.0
2024-01-19T16:00,7.1,96,8.4,155,1020.3,0.0
2024-01-19T17:00,6.8,97,7.9,129,1020.0,0.0
2024-01-19T18:00,6.3,99,7.6,121,1019.6,0.0
2024-01-19T19:00,5.9,100,8.0,144,1019.2,0.0
2024-01-19T20:00,6.2,99,7.9,150,1018.8,0.0
2024-01-19T21:00,5.0,100,9.8,163,1018.5,0.0
2024-01-19T22:00,5.3,98,7.2,177,1018.1,0.0
2024-01-19T23:00,4.6,99,9.4,187,1018.1,0.0
2024-01-20T00:00,5.1,98,8.2,195,1018.4,0.0
2024-01-20T01:00,5.4,98,2.4,153,1019.8,0.0
2024-01-20T02:00,5.3,99,2.5,135,1020.2,0.0
2024-01-20T03:00,6.4,99,3.0,166,1021.0,0.0
2024-01-20T04:00,7.9,98,2.2,171,1021.9,0.0
2024-01-20T05:00,10.2,88,1.4,180,1022.0,0.0
2024-01-20T06:00,12.6,78,1.8,360,1021.1,0.0
2024-01-20T07:00,14.3,70,5.1,356,1019.9,0.0
2024-01-20T08:00,15.1,68,4.0,350,1018.8,0.0
2024-01-20T09:00,15.7,67,3.2,333,1018.0,0.0
2024-01-20T10:00,15.9,66,4.4,325,1017.5,0.0
2024-01-20T11:00,15.5,67,5.4,323,1017.3,0.0
2024-01-20T12:00,12.8,83,7.2,323,1017.5,0.0
2024-01-20T13:00,10.8,90,6.8,328,1018.9,0.0
2024-01-20T14:00,10.1,91,7.1,330,1019.4,0.0
2024-01-20T15:00,9.3,92,7.4,331,1020.2,0.0
2024-01-20T16:00,8.8,93,7.0,339,1020.4,0.0
2024-01-20T17:00,8.3,95,7.4,346,1020.6,0.0
2024-01-20T18:00,7.0,98,7.1,345,1020.0,0.0
2024-01-20T19:00,6.2,99,7.6,329,1019.7,0.0
2024-01-20T20:00,5.8,99,7.9,309,1019.1,0.0
2024-01-20T21:00,5.8,100,5.8,292,1018.6,0.0
2024-01-20T22:00,5.8,100,7.2,288,1017.7,0.0
2024-01-20T23:00,5.8,100,8.4,280,1017.4,0.0
2024-01-21T00:00,5.4,100,9.4,277,1017.3,0.0
2024-01-21T01:00,5.4,100,8.8,279,1018.6,0.0
2024-01-21T02:00,5.5,100,9.6,283,1019.4,0.0
2024-01-21T03:00,5.9,99,10.7,303,1020.4,0.0
2024-01-21T04:00,7.4,97,12.8,308,1021.4,0.0
2024-01-21T05:00,8.6,96,13.3,308,1021.2,0.0
2024-01-21T06:00,11.4,81,14.6,310,1020.2,0.0
2024-01-21T07:00,13.6,73,12.8,302,1019.1,0.0
2024-01-21T08:00,15.0,70,12.6,290,1017.8,0.0
2024-01-21T09:00,16.0,65,13.6,287,1016.9,0.0
2024-01-21T10:00,16.2,63,13.9,287,1016.3,0.0
2024-01-21T11:00,15.8,64,13.3,283,1016.3,0.0
2024-01-21T12:00,13.7,75,9.4,277,1016.3,0.0
2024-01-21T13:00,10.4,90,7.9,300,1018.1,0.0
2024-01-21T14:00,9.6,93,7.9,313,1018.8,0.0
2024-01-21T15:00,8.4,95,6.6,315,1019.3,0.0
2024-01-21T16:00,7.2,97,7.7,311,1019.6,0.0
2024-01-21T17:00,6.4,98,8.2,311,1019.7,0.0
2024-01-21T18:00,5.6,100,8.5,306,1019.3,0.0
2024-01-21T19:00,5.0,100,8.9,302,1019.0,0.0
2024-01-21T20:00,4.5,100,8.1,302,1018.5,0.0
2024-01-21T21:00,4.7,100,5.4,290,1018.1,0.0
2024-01-21T22:00,4.8,99,5.0,270,1017.7,0.0
2024-01-21T23:00,5.0,100,4.8,257,1017.6,0.0
2024-01-22T00:00,5.0,98,4.7,266,1017.9,0.0
2024-01-22T01:00,5.2,100,3.7,299,1020.3,0.0
2024-01-22T02:00,5.6,100,3.3,276,1020.9,0.0
2024-01-22T03:00,6.1,98,3.6,264,1021.8,0.0
2024-01-22T04:00,7.2,97,1.9,292,1022.5,0.0
2024-01-22T05:00,8.5,96,1.1,252,1022.6,0.0
2024-01-22T06:00,11.2,82,1.3,214,1021.7,0.0
2024-01-22T07:00,13.4,74,1.3,214,1020.3,0.0
2024-01-22T08:00,15.0,64,1.6,207,1019.0,0.0
2024-01-22T09:00,16.1,58,2.5,188,1018.1,0.0
2024-01-22T10:00,16.5,57,2.6,196,1017.9,0.0
2024-01-22T11:00,16.3,59,2.5,188,1018.1,0.0
2024-01-22T12:00,15.5,62,2.9,97,1018.2,0.0
2024-01-22T13:00,10.1,86,8.3,90,1019.4,0.0
2024-01-22T14:00,9.1,89,7.6,82,1020.1,0.0
2024-01-22T15:00,7.8,93,9.2,59,1020.7,0.0
2024-01-22T16:00,7.1,94,9.2,51,1021.0,0.0
2024-01-22T17:00,6.6,95,8.0,63,1021.0,0.0
2024-01-22T18:00,5.9,97,9.0,90,1020.8,0.0
2024-01-22T19:00,5.2,98,9.4,122,1020.4,0.0
2024-01-22T20:00,5.2,98,8.7,132,1020.1,0.0
2024-01-22T21:00,5.1,99,7.9,150,1019.7,0.0
2024-01-22T22:00,5.4,100,6.9,171,1019.2,0.0
2024-01-22T23:00,6.3,99,4.6,162,1018.8,0.0
2024-01-23T00:00,5.6,99,3.3,96,1018.8,0.0
2024-01-23T01:00,5.2,100,2.6,106,1020.2,0.0
2024-01-23T02:00,4.8,100,4.2,200,1020.3,0.0
2024-01-23T03:00,5.7,99,5.2,205,1020.6,0.0
2024-01-23T04:00,7.9,97,3.3,221,1021.2,0.0
2024-01-23T05:00,9.5,97,1.4,270,1021.5,0.0
2024-01-23T06:00,12.7,84,1.9,338,1020.6,0.0
2024-01-23T07:00,14.9,76,4.3,270,1019.4,0.0
2024-01-23T08:00,16.3,70,6.8,270,1018.1,0.0
2024-01-23T09:00,17.1,64,6.9,276,1017.0,0.0
2024-01-23T10:00,17.4,62,6.0,287,1016.6,0.0
2024-01-23T11:00,17.1,64,4.8,312,1016.3,0.0
2024-01-23T12:00,16.2,69,4.5,346,1016.2,0.0
2024-01-23T13:00,11.9,88,7.3,11,1017.1,0.0
2024-01-23T14:00,13.0,81,5.0,360,1017.5,0.0
2024-01-23T15:00,11.9,87,7.2,333,1017.9,0.0
2024-01-23T16:00,11.1,90,5.9,322,1018.3,0.0
2024-01-23T17:00,10.1,92,6.5,357,1018.1,0.0
2024-01-23T18:00,8.9,94,6.5,354,1017.9,0.0
2024-01-23T19:00,8.8,95,7.3,351,1017.6,0.0
2024-01-23T20:00,9.3,95,6.4,333,1017.5,0.0
2024-01-23T21:00,9.0,95,6.4,333,1017.3,0.0
2024-01-23T22:00,8.2,96,6.8,328,1017.3,0.0
2024-01-23T23:00,6.9,98,7.7,307,1017.2,0.0
2024-01-24T00:00,6.2,100,8.0,306,1017.3,0.0
2024-01-24T01:00,6.9,98,6.4,308,1018.6,0.0
2024-01-24T02:00,6.7,99,5.6,315,1019.4,0.0
2024-01-24T03:00,8.5,96,6.6,338,1020.2,0.0
2024-01-24T04:00,10.3,93,5.8,330,1021.0,0.0
2024-01-24T05:00,12.8,84,5.4,323,1021.4,0.0
2024-01-24T06:00,14.9,72,5.6,320,1020.5,0.0
2024-01-24T07:00,16.6,60,5.9,317,1019.2,0.0
2024-01-24T08:00,17.8,53,5.9,313,1018.0,0.0
2024-01-24T09:00,18.4,50,6.1,310,1017.3,0.0
2024-01-24T10:00,18.5,51,6.9,309,1016.8,0.0
2024-01-24T11:00,17.9,55,8.3,304,1016.8,0.0
2024-01-24T12:00,15.1,73,6.7,306,1017.0,0.0
2024-01-24T13:00,11.4,86,7.6,341,1018.2,0.0
2024-01-24T14:00,10.8,88,7.8,326,1019.4,0.0
2024-01-24T15:00,10.1,90,7.9,336,1019.8,0.0
2024-01-24T16:00,9.4,93,7.8,347,1020.3,0.0
2024-01-24T17:00,8.6,95,7.3,351,1020.6,0.0
2024-01-24T18:00,7.7,97,6.2,353,1020.6,0.0
2024-01-24T19:00,7.0,98,6.8,357,1020.2,0.0
2024-01-24T20:00,6.2,99,8.4,350,1019.9,0.0
2024-01-24T21:00,5.5,100,7.9,321,1019.5,0.0
2024-01-24T22:00,5.6,100,5.3,298,1019.4,0.0
2024-01-24T23:00,5.8,100,6.7,286,1019.5,0.0
2024-01-25T00:00,5.5,100,7.3,281,1019.9,0.0
2024-01-25T01:00,5.6,97,5.5,302,1021.2,0.0
2024-01-25T02:00,5.7,95,5.2,304,1022.2,0.0
2024-01-25T03:00,6.4,95,4.9,287,1023.0,0.0
2024-01-25T04:00,7.0,97,4.4,261,1023.8,0.0
2024-01-25T05:00,10.0,87,2.3,252,1024.1,0.0
2024-01-25T06:00,13.1,79,1.5,284,1023.1,0.0
2024-01-25T07:00,15.4,70,1.6,297,1021.9,0.0
2024-01-25T08:00,16.4,65,0.8,333,1020.4,0.0
2024-01-25T09:00,17.2,62,1.8,307,1019.6,0.0
2024-01-25T10:00,17.6,60,4.1,285,1019.4,0.0
2024-01-25T11:00,17.1,63,7.2,297,1019.7,0.0
2024-01-25T12:00,15.6,73,4.6,315,1019.7,0.0
2024-01-25T13:00,11.8,89,6.8,335,1020.4,0.0
2024-01-25T14:00,10.8,91,7.0,348,1021.2,0.0
2024-01-25T15:00,10.4,91,8.3,5,1021.8,0.0
2024-01-25T16:00,9.6,92,6.9,28,1021.6,0.0
2024-01-25T17:00,8.1,95,8.7,48,1021.5,0.0
2024-01-25T18:00,9.4,91,6.2,80,1021.2,0.0
2024-01-25T19:00,9.1,93,4.0,175,1020.8,0.0
2024-01-25T20:00,8.0,96,3.9,202,1020.3,0.0
2024-01-25T21:00,7.1,97,4.7,212,1019.9,0.0
2024-01-25T22:00,7.6,95,5.1,219,1019.8,0.0
2024-01-25T23:00,7.4,95,4.7,266,1019.8,0.0
2024-01-26T00:00,5.9,100,4.1,285,1020.0,0.0
2024-01-26T01:00,5.6,98,9.2,259,1021.1,0.0
2024-01-26T02:00,5.7,99,4.3,294,1022.1,0.0
2024-01-26T03:00,7.3,98,4.6,321,1023.1,0.0
2024-01-26T04:00,9.4,95,3.3,347,1023.9,0.0
2024-01-26T05:00,12.0,88,1.9,338,1024.6,0.0
2024-01-26T06:00,14.6,80,3.2,360,1024.2,0.0
2024-01-26T07:00,16.3,72,2.4,333,1023.0,0.0
2024-01-26T08:00,17.5,64,3.4,288,1021.4,0.0
2024-01-26T09:00,18.3,56,4.8,283,1020.5,0.0
2024-01-26T10:00,18.5,53,5.2,295,1020.0,0.0
2024-01-26T11:00,18.1,54,4.8,297,1019.7,0.0
2024-01-26T12:00,16.6,63,4.8,297,1019.7,0.0
2024-01-26T13:00,13.3,80,7.6,335,1020.3,0.0
2024-01-26T14:00,11.3,89,9.4,342,1020.8,0.0
2024-01-26T15:00,10.6,91,8.7,322,1021.6,0.0
2024-01-26T16:00,10.2,92,7.9,317,1022.0,0.0
2024-01-26T17:00,9.2,93,9.1,326,1022.1,0.0
2024-01-26T18:00,8.3,93,9.2,334,1021.9,0.0
2024-01-26T19:00,8.0,93,7.9,344,1021.6,0.0
2024-01-26T20:00,7.0,95,9.4,317,1021.2,0.0
2024-01-26T21:00,7.3,95,5.9,284,1020.7,0.0
2024-01-26T22:00,7.1,96,7.6,278,1020.2,0.0
2024-01-26T23:00,7.1,96,9.1,279,1019.9,0.0
2024-01-27T00:00,7.0,95,9.7,274,1019.6,0.0
2024-01-27T01:00,7.2,94,11.9,265,1020.0,0.0
2024-01-27T02:00,7.2,93,12.6,267,1020.3,0.0
2024-01-27T03:00,8.9,89,14.8,269,1020.9,0.0
2024-01-27T04:00,11.7,82,11.9,273,1021.4,0.0
2024-01-27T05:00,14.8,73,13.0,275,1021.5,0.0
2024-01-27T06:00,17.4,64,14.7,281,1020.8,0.0
2024-01-27T07:00,19.2,57,16.1,286,1019.6,0.0
2024-01-27T08:00,20.3,51,17.1,288,1018.2,0.0
2024-01-27T09:00,20.7,47,17.4,292,1017.6,0.0
2024-01-27T10:00,20.5,47,16.9,294,1017.1,0.0
2024-01-27T11:00,19.7,54,14.0,293,1016.8,0.0
2024-01-27T12:00,17.3,63,9.8,287,1017.2,0.0
2024-01-27T13:00,13.7,76,8.9,297,1018.0,0.0
2024-01-27T14:00,12.5,82,8.0,297,1018.8,0.0
2024-01-27T15:00,11.7,85,7.6,295,1019.0,0.0
2024-01-27T16:00,11.1,87,7.6,295,1019.5,0.0
2024-01-27T17:00,10.4,87,8.6,303,1019.5,0.0
2024-01-27T18:00,9.2,89,11.2,315,1019.3,0.0
2024-01-27T19:00,9.5,87,8.4,313,1018.9,0.0
2024-01-27T20:00,9.1,89,6.5,289,1018.5,0.0
2024-01-27T21:00,8.2,92,6.6,311,1018.2,0.0
2024-01-27T22:00,8.4,92,4.9,287,1017.7,0.0
2024-01-27T23:00,7.7,94,5.2,304,1017.5,0.0
2024-01-28T00:00,6.2,97,6.6,292,1017.6,0.0
2024-01-28T01:00,8.9,94,2.5,270,1018.4,0.0
2024-01-28T02:00,7.6,96,3.1,249,1018.7,0.0
2024-01-28T03:00,9.8,91,2.6,286,1019.4,0.0
2024-01-28T04:00,13.1,84,1.8,53,1019.9,0.0
2024-01-28T05:00,15.7,77,5.1,86,1020.3,0.0
2024-01-28T06:00,17.6,68,7.6,98,1019.4,0.0
2024-01-28T07:00,19.0,62,8.0,108,1018.2,0.0
2024-01-28T08:00,19.9,58,9.0,113,1017.1,0.0
2024-01-28T09:00,20.1,57,9.9,109,1016.2,0.0
2024-01-28T10:00,20.0,58,10.2,108,1016.1,0.0
2024-01-28T11:00,19.3,63,9.4,108,1016.2,0.0
2024-01-28T12:00,17.4,73,6.8,108,1016.4,0.0
2024-01-28T13:00,14.6,85,9.3,106,1017.4,0.0
2024-01-28T14:00,13.8,87,11.3,107,1017.9,0.0
2024-01-28T15:00,13.2,90,12.1,107,1018.3,0.0
2024-01-28T16:00,12.8,92,12.0,106,1018.7,0.0
2024-01-28T17:00,12.4,93,11.1,103,1019.0,0.0
2024-01-28T18:00,12.1,94,10.7,104,1019.0,0.0
2024-01-28T19:00,11.7,95,10.5,106,1018.4,0.0
2024-01-28T20:00,11.3,95,9.5,101,1018.1,0.0
2024-01-28T21:00,11.0,96,8.9,104,1017.9,0.0
2024-01-28T22:00,10.7,96,9.1,108,1017.5,0.0
2024-01-28T23:00,10.5,97,9.4,113,1017.4,0.0
2024-01-29T00:00,10.3,97,9.2,116,1017.3,0.0
2024-01-29T01:00,9.3,97,8.1,111,1018.9,0.0
2024-01-29T02:00,9.1,97,6.6,112,1019.7,0.0
2024-01-29T03:00,10.7,94,8.6,112,1020.3,0.0
2024-01-29T04:00,13.1,87,7.5,125,1020.8,0.0
2024-01-29T05:00,15.6,80,8.2,128,1020.7,0.0
2024-01-29T06:00,17.8,74,7.9,120,1019.7,0.0
2024-01-29T07:00,19.4,70,7.1,120,1018.4,0.0
2024-01-29T08:00,20.4,66,5.6,135,1017.4,0.0
2024-01-29T09:00,21.0,64,4.6,135,1016.2,0.0
2024-01-29T10:00,21.1,63,3.6,135,1015.7,0.0
2024-01-29T11:00,20.8,64,3.1,135,1015.7,0.0
2024-01-29T12:00,19.4,74,4.1,135,1015.8,0.0
2024-01-29T13:00,18.2,75,4.7,360,1016.3,0.0
2024-01-29T14:00,14.4,90,7.9,336,1016.9,0.0
2024-01-29T15:00,13.4,93,8.2,319,1017.5,0.0
2024-01-29T16:00,12.6,95,8.7,312,1017.8,0.0
2024-01-29T17:00,11.9,96,8.8,325,1017.7,0.0
2024-01-29T18:00,11.5,97,7.0,339,1017.8,0.0
2024-01-29T19:00,11.1,98,7.0,339,1017.6,0.0
2024-01-29T20:00,10.3,99,8.7,330,1017.3,0.0
2024-01-29T21:00,9.9,100,8.2,311,1016.8,0.0
2024-01-29T22:00,9.7,100,6.9,298,1016.4,0.0
2024-01-29T23:00,9.7,100,5.6,285,1016.0,0.0
2024-01-30T00:00,10.3,100,6.1,270,1015.9,0.0
2024-01-30T01:00,9.6,100,6.1,270,1017.3,0.0
2024-01-30T02:00,9.6,100,7.3,279,1017.9,0.0
2024-01-30T03:00,10.4,99,7.4,293,1019.1,0.0
2024-01-30T04:00,11.9,96,7.1,311,1019.6,0.0
2024-01-30T05:00,13.6,96,7.1,330,1019.7,0.0
2024-01-30T06:00,17.1,81,6.4,333,1018.8,0.0
2024-01-30T07:00,18.6,76,4.9,324,1017.6,0.0
2024-01-30T08:00,19.7,70,4.1,322,1016.3,0.0
2024-01-30T09:00,20.4,63,3.1,324,1015.3,0.0
2024-01-30T10:00,20.6,59,2.8,310,1014.7,0.0
2024-01-30T11:00,20.3,59,3.3,283,1014.8,0.0
2024-01-30T12:00,18.3,74,5.2,282,1015.0,0.0
2024-01-30T13:00,16.2,81,5.5,302,1015.9,0.0
2024-01-30T14:00,13.8,91,7.9,321,1016.7,0.0
2024-01-30T15:00,12.8,95,8.0,350,1017.4,0.0
2024-01-30T16:00,12.5,96,7.2,27,1017.7,0.0
2024-01-30T17:00,13.4,95,5.2,74,1017.8,0.0
2024-01-30T18:00,11.5,97,5.8,94,1017.7,0.0
2024-01-30T19:00,10.2,99,6.9,81,1017.3,0.0
2024-01-30T20:00,9.5,100,8.1,69,1016.8,0.0
2024-01-30T21:00,9.1,100,9.1,81,1016.4,0.0
2024-01-30T22:00,9.1,100,8.2,113,1016.0,0.0
2024-01-30T23:00,9.1,100,6.1,135,1015.5,0.0
2024-01-31T00:00,9.7,100,5.4,132,1015.4,0.0
2024-01-31T01:00,9.5,100,5.6,135,1016.3,0.0
2024-01-31T02:00,9.7,100,6.8,155,1016.9,0.0
2024-01-31T03:00,10.7,98,6.6,151,1017.6,0.0
2024-01-31T04:00,12.5,99,9.2,149,1018.5,0.0
2024-01-31T05:00,14.6,90,8.2,131,1018.7,0.0
2024-01-31T06:00,17.4,80,9.3,152,1017.6,0.0
2024-01-31T07:00,18.6,77,8.3,162,1016.5,0.0
2024-01-31T08:00,19.5,75,10.0,154,1015.0,0.0
2024-01-31T09:00,20.2,69,5.5,169,1014.3,0.0
2024-01-31T10:00,18.5,77,11.5,51,1013.8,0.4
2024-01-31T11:00,17.3,82,14.8,43,1013.7,0.1
2024-01-31T12:00,16.4,88,3.5,66,1014.1,0.1
2024-01-31T13:00,14.6,97,5.8,97,1014.4,0.0
2024-01-31T14:00,14.4,97,5.2,74,1015.1,0.0
2024-01-31T15:00,13.7,98,4.9,126,1015.5,0.2
2024-01-31T16:00,14.1,97,12.8,128,1015.7,0.1
2024-01-31T17:00,14.1,95,14.0,134,1015.5,0.7
2024-01-31T18:00,13.3,95,6.1,62,1016.1,1.8
2024-01-31T19:00,13.2,94,13.0,124,1015.2,1.8
2024-01-31T20:00,13.1,93,11.4,114,1014.7,0.0
2024-01-31T21:00,12.5,94,12.2,118,1014.6,0.0
2024-01-31T22:00,12.3,94,12.4,116,1014.2,0.0
2024-01-31T23:00,12.3,95,15.5,121,1013.9,0.0
2024-02-01T00:00,12.6,94,13.1,127,1013.9,2.2
2024-02-01T01:00,13.8,92,16.7,115,1014.4,3.4
2024-02-01T02:00,13.8,92,10.5,96,1015.5,7.4
2024-02-01T03:00,14.4,91,10.8,88,1016.5,14.5
2024-02-01T04:00,15.3,90,18.5,119,1017.1,2.1
2024-02-01T05:00,16.3,86,19.5,129,1017.5,0.0
2024-02-01T06:00,17.9,78,21.9,139,1017.0,0.0
2024-02-01T07:00,18.9,74,18.9,145,1016.4,0.0
2024-02-01T08:00,19.6,72,13.8,137,1015.3,0.0
2024-02-01T09:00,20.4,68,11.0,128,1014.7,0.1
2024-02-01T10:00,20.7,67,11.0,113,1014.3,0.0
2024-02-01T11:00,19.9,70,13.9,107,1014.4,0.0
2024-02-01T12:00,18.4,78,9.7,92,1014.9,0.0
2024-02-01T13:00,14.9,91,11.7,99,1016.9,0.0
2024-02-01T14:00,14.0,94,10.8,92,1017.7,0.0
2024-02-01T15:00,13.6,94,10.5,94,1018.5,0.0
2024-02-01T16:00,13.1,96,10.5,98,1019.1,0.0
2024-02-01T17:00,12.6,96,9.2,101,1019.5,0.0
2024-02-01T18:00,11.8,97,7.1,105,1019.4,0.0
2024-02-01T19:00,10.6,98,7.2,108,1019.1,0.0
2024-02-01T20:00,9.5,99,8.0,80,1019.2,0.0
2024-02-01T21:00,9.0,100,6.0,33,1019.4,0.0
2024-02-01T22:00,8.3,100,7.3,9,1019.0,0.0
2024-02-01T23:00,7.8,100,7.6,352,1018.8,0.0
2024-02-02T00:00,8.3,100,5.3,332,1018.8,0.0
2024-02-02T01:00,8.9,100,7.3,351,1020.0,0.0
2024-02-02T02:00,8.8,100,6.5,354,1020.3,0.0
2024-02-02T03:00,9.9,99,7.4,331,1021.1,0.0
2024-02-02T04:00,11.7,97,7.7,319,1021.8,0.0
2024-02-02T05:00,13.7,92,7.6,315,1021.8,0.0
2024-02-02T06:00,16.5,81,9.6,304,1021.4,0.0
2024-02-02T07:00,18.2,67,12.4,300,1020.2,0.0
2024-02-02T08:00,19.2,57,13.9,301,1019.1,0.0
2024-02-02T09:00,19.5,53,15.4,303,1018.2,0.0
2024-02-02T10:00,19.3,52,15.9,303,1017.7,0.0
2024-02-02T11:00,18.5,54,15.2,306,1017.4,0.0
2024-02-02T12:00,16.5,64,10.1,305,1017.2,0.0
2024-02-02T13:00,13.7,81,9.4,310,1017.6,0.0
2024-02-02T14:00,12.5,85,9.9,303,1018.5,0.0
2024-02-02T15:00,12.0,86,11.3,297,1019.2,0.0
2024-02-02T16:00,11.4,88,12.1,297,1019.6,0.0
2024-02-02T17:00,10.7,88,11.8,301,1019.7,0.0
2024-02-02T18:00,10.1,87,10.2,302,1019.4,0.0
2024-02-02T19:00,9.5,86,10.6,298,1019.2,0.0
2024-02-02T20:00,9.1,81,10.0,308,1018.8,0.0
2024-02-02T21:00,8.5,80,8.1,302,1018.4,0.0
2024-02-02T22:00,8.2,78,8.9,302,1018.0,0.0
2024-02-02T23:00,7.9,77,8.8,289,1017.9,0.0
2024-02-03T00:00,7.8,75,9.1,288,1017.6,0.0
2024-02-03T01:00,8.6,86,8.4,310,1018.1,0.0
2024-02-03T02:00,8.7,83,8.0,297,1018.5,0.0
2024-02-03T03:00,10.8,76,10.1,276,1018.9,0.0
2024-02-03T04:00,13.2,70,9.4,274,1019.7,0.0
2024-02-03T05:00,15.2,63,9.8,287,1020.0,0.0
2024-02-03T06:00,17.4,57,9.0,293,1019.5,0.0
2024-02-03T07:00,19.1,52,7.4,299,1018.4,0.0
2024-02-03T08:00,20.3,47,5.0,300,1017.3,0.0
2024-02-03T09:00,20.6,46,4.3,312,1016.4,0.0
2024-02-03T10:00,20.3,47,3.1,315,1015.8,0.0
2024-02-03T11:00,20.0,49,2.1,301,1015.7,0.0
2024-02-03T12:00,19.4,52,3.3,264,1015.8,0.0
2024-02-03T13:00,15.6,75,8.8,305,1016.8,0.0
2024-02-03T14:00,14.6,79,8.1,291,1017.6,0.0
2024-02-03T15:00,13.9,83,9.0,337,1018.0,0.0
2024-02-03T16:00,14.6,80,6.1,360,1018.0,0.0
2024-02-03T17:00,14.0,84,6.6,22,1017.8,0.0
2024-02-03T18:00,13.5,84,7.1,66,1017.4,0.0
2024-02-03T19:00,14.3,80,3.9,146,1016.9,0.0
2024-02-03T20:00,13.5,84,4.0,190,1016.6,0.0
2024-02-03T21:00,13.0,86,3.3,283,1017.0,1.7
2024-02-03T22:00,12.5,89,3.3,77,1015.7,0.0
2024-02-03T23:00,12.2,93,6.1,50,1015.3,0.0
2024-02-04T00:00,12.3,92,6.3,77,1015.0,0.0
2024-02-04T01:00,13.7,91,1.6,153,1016.4,1.2
2024-02-04T02:00,12.8,94,5.0,150,1016.8,0.0
2024-02-04T03:00,14.4,91,5.8,112,1017.6,0.0
2024-02-04T04:00,15.6,88,8.3,92,1018.2,0.0
2024-02-04T05:00,16.9,81,11.3,112,1018.0,0.0
2024-02-04T06:00,18.8,76,8.2,128,1017.4,0.0
2024-02-04T07:00,20.3,71,8.8,145,1016.0,0.0
2024-02-04T08:00,21.2,68,14.4,179,1015.2,0.0
2024-02-04T09:00,19.9,76,14.8,180,1014.4,0.2
2024-02-04T10:00,19.6,78,16.8,195,1014.2,0.1
2024-02-04T11:00,17.6,88,12.4,206,1014.4,0.4
2024-02-04T12:00,17.2,90,8.6,182,1014.2,0.3
2024-02-04T13:00,16.4,91,7.3,123,1015.6,0.0
2024-02-04T14:00,15.9,93,8.1,148,1016.5,0.0
2024-02-04T15:00,15.6,95,10.4,178,1017.1,0.0
2024-02-04T16:00,15.0,96,6.1,152,1017.5,0.0
2024-02-04T17:00,14.4,96,6.8,148,1017.5,0.0
2024-02-04T18:00,13.8,97,6.5,124,1017.5,0.0
2024-02-04T19:00,13.3,98,5.5,113,1016.9,0.0
2024-02-04T20:00,13.2,99,7.4,141,1016.5,0.0
2024-02-04T21:00,13.8,98,10.1,153,1015.9,0.0
2024-02-04T22:00,13.9,99,4.1,165,1015.6,0.2
2024-02-04T23:00,13.4,99,12.8,320,1016.1,0.9
2024-02-05T00:00,13.2,95,6.5,6,1016.1,1.3
2024-02-05T01:00,14.1,99,7.2,357,1017.1,0.3
2024-02-05T02:00,14.4,97,8.0,5,1017.9,0.0
2024-02-05T03:00,14.9,94,9.8,354,1018.6,0.0
2024-02-05T04:00,15.7,89,10.5,354,1019.5,0.1
2024-02-05T05:00,17.2,78,10.0,345,1019.6,0.0
2024-02-05T06:00,18.5,70,8.0,342,1019.1,0.0
2024-02-05T07:00,19.3,64,6.2,324,1018.1,0.0
2024-02-05T08:00,19.8,62,7.7,307,1017.2,0.0
2024-02-05T09:00,20.1,57,9.0,299,1016.5,0.0
2024-02-05T10:00,20.1,53,9.8,298,1016.0,0.0
2024-02-05T11:00,19.4,54,10.3,299,1015.8,0.0
2024-02-05T12:00,17.3,68,7.0,291,1016.0,0.0
2024-02-05T13:00,14.5,77,7.8,326,1017.2,0.0
2024-02-05T14:00,13.5,81,9.3,324,1018.1,0.0
2024-02-05T15:00,12.7,82,10.1,325,1018.7,0.0
2024-02-05T16:00,11.8,86,9.1,326,1019.3,0.0
2024-02-05T17:00,11.0,90,9.1,326,1019.5,0.0
2024-02-05T18:00,10.5,91,9.2,321,1019.6,0.0
2024-02-05T19:00,9.9,93,8.9,320,1019.4,0.0
2024-02-05T20:00,9.4,94,8.7,318,1019.1,0.0
2024-02-05T21:00,8.9,95,9.8,324,1018.7,0.0
2024-02-05T22:00,8.6,94,10.2,328,1018.3,0.0
2024-02-05T23:00,8.2,94,9.3,324,1018.2,0.0
2024-02-06T00:00,7.6,94,8.1,315,1018.5,0.0
2024-02-06T01:00,8.0,96,7.0,305,1019.5,0.0
2024-02-06T02:00,8.0,96,8.4,301,1020.5,0.0
2024-02-06T03:00,9.7,91,10.2,293,1021.2,0.0
2024-02-06T04:00,12.1,83,8.7,294,1021.8,0.0
2024-02-06T05:00,14.6,73,9.5,295,1021.9,0.0
2024-02-06T06:00,16.7,60,11.1,299,1021.2,0.0
2024-02-06T07:00,18.0,46,13.2,305,1020.2,0.0
2024-02-06T08:00,18.7,41,14.9,307,1019.2,0.0
2024-02-06T09:00,18.9,40,15.4,307,1018.6,0.0
2024-02-06T10:00,18.6,42,15.7,307,1018.1,0.0
2024-02-06T11:00,17.9,46,14.1,308,1018.0,0.0
2024-02-06T12:00,16.0,58,8.9,302,1018.3,0.0
2024-02-06T13:00,12.4,74,8.5,324,1019.4,0.0
2024-02-06T14:00,11.3,79,7.9,313,1020.3,0.0
2024-02-06T15:00,10.7,81,7.4,313,1020.8,0.0
2024-02-06T16:00,10.4,79,8.7,322,1021.0,0.0
2024-02-06T17:00,9.7,81,9.2,312,1020.9,0.0
2024-02-06T18:00,9.0,85,9.6,304,1020.6,0.0
2024-02-06T19:00,8.8,85,11.0,308,1020.2,0.0
2024-02-06T20:00,9.1,80,12.0,316,1020.0,0.0
2024-02-06T21:00,9.2,77,11.2,318,1019.7,0.0
2024-02-06T22:00,8.9,78,10.0,311,1019.6,0.0
2024-02-06T23:00,8.3,80,9.2,309,1019.6,0.0
2024-02-07T00:00,7.5,83,8.9,310,1019.8,0.0
2024-02-07T01:00,8.1,85,7.7,319,1019.9,0.0
2024-02-07T02:00,7.8,86,8.2,311,1020.3,0.0
2024-02-07T03:00,10.1,78,12.2,304,1021.4,0.0
2024-02-07T04:00,12.7,70,11.4,298,1021.9,0.0
2024-02-07T05:00,15.1,62,12.9,300,1022.0,0.0
2024-02-07T06:00,17.0,54,16.5,306,1021.7,0.0
2024-02-07T07:00,18.1,47,19.7,308,1020.7,0.0
2024-02-07T08:00,18.7,43,21.3,304,1019.9,0.0
2024-02-07T09:00,18.4,45,23.6,301,1019.3,0.0
2024-02-07T10:00,17.8,46,22.7,306,1018.9,0.0
2024-02-07T11:00,17.0,46,20.2,305,1019.0,0.0
2024-02-07T12:00,15.6,57,15.1,308,1019.0,0.0
2024-02-07T13:00,13.7,57,14.7,306,1020.0,0.0
2024-02-07T14:00,12.6,65,13.0,298,1020.7,0.0
2024-02-07T15:00,11.7,70,12.8,292,1021.2,0.0
2024-02-07T16:00,11.2,71,13.4,290,1021.4,0.0
2024-02-07T17:00,10.8,69,14.0,288,1021.2,0.0
2024-02-07T18:00,10.4,70,14.8,284,1021.0,0.0
2024-02-07T19:00,9.8,73,15.5,283,1020.6,0.0
2024-02-07T20:00,9.4,75,16.1,286,1020.3,0.0
2024-02-07T21:00,9.0,76,16.4,285,1019.6,0.0
2024-02-07T22:00,8.7,76,17.2,280,1019.4,0.0
2024-02-07T23:00,8.5,74,16.8,285,1019.2,0.0
2024-02-08T00:00,8.2,74,17.1,285,1019.0,0.0
2024-02-08T01:00,9.0,81,18.8,282,1019.8,0.0
2024-02-08T02:00,9.0,80,19.8,286,1020.3,0.0
2024-02-08T03:00,10.5,78,21.3,281,1021.2,0.0
2024-02-08T04:00,12.8,70,21.1,287,1021.7,0.0
2024-02-08T05:00,14.9,64,23.4,293,1021.6,0.0
2024-02-08T06:00,16.8,57,25.1,294,1020.9,0.0
2024-02-08T07:00,18.1,51,26.6,298,1019.5,0.0
2024-02-08T08:00,18.9,47,27.0,301,1018.4,0.0
2024-02-08T09:00,19.1,45,26.1,300,1017.5,0.0
2024-02-08T10:00,19.0,46,24.7,299,1016.6,0.0
2024-02-08T11:00,18.3,49,22.1,294,1016.4,0.0
2024-02-08T12:00,16.7,53,19.0,289,1016.1,0.0
2024-02-08T13:00,14.9,53,15.1,288,1016.2,0.0
2024-02-08T14:00,13.3,61,13.6,281,1016.8,0.0
2024-02-08T15:00,12.6,64,14.7,281,1017.1,0.0
2024-02-08T16:00,12.0,66,15.1,288,1017.4,0.0
2024-02-08T17:00,11.4,69,15.0,291,1017.7,0.0
2024-02-08T18:00,10.9,71,14.5,284,1017.5,0.0
2024-02-08T19:00,10.5,72,14.8,283,1017.4,0.0
2024-02-08T20:00,10.2,72,14.8,284,1017.0,0.0
2024-02-08T21:00,9.9,72,14.7,287,1016.8,0.0
2024-02-08T22:00,9.5,73,14.4,292,1016.4,0.0
2024-02-08T23:00,9.0,74,13.4,294,1016.3,0.0
2024-02-09T00:00,8.5,77,12.1,293,1016.7,0.0
2024-02-09T01:00,8.4,80,10.7,282,1018.1,0.0
2024-02-09T02:00,8.1,82,9.5,281,1019.0,0.0
2024-02-09T03:00,10.1,78,9.7,285,1020.0,0.0
2024-02-09T04:00,12.9,71,6.6,283,1021.1,0.0
2024-02-09T05:00,15.5,64,6.3,283,1021.4,0.0
2024-02-09T06:00,17.6,59,6.5,289,1021.1,0.0
2024-02-09T07:00,19.1,54,7.7,298,1020.3,0.0
2024-02-09T08:00,20.1,49,9.2,301,1019.5,0.0
2024-02-09T09:00,20.5,46,9.7,297,1018.7,0.0
2024-02-09T10:00,20.4,45,9.0,299,1018.5,0.0
2024-02-09T11:00,19.9,46,7.7,307,1018.4,0.0
2024-02-09T12:00,17.1,72,7.2,323,1018.6,0.0
2024-02-09T13:00,14.0,68,10.9,352,1019.2,0.0
2024-02-09T14:00,12.7,73,10.9,354,1020.0,0.0
2024-02-09T15:00,11.6,77,9.4,358,1020.4,0.0
2024-02-09T16:00,10.8,81,8.8,9,1021.0,0.0
2024-02-09T17:00,10.2,81,8.4,20,1021.3,0.0
2024-02-09T18:00,9.8,81,7.8,22,1021.3,0.0
2024-02-09T19:00,8.4,86,10.5,38,1020.9,0.0
2024-02-09T20:00,7.9,87,10.0,41,1020.7,0.0
2024-02-09T21:00,9.8,78,6.7,74,1020.4,0.0
2024-02-09T22:00,9.6,79,4.7,32,1020.2,0.0
2024-02-09T23:00,9.0,81,4.6,18,1020.2,0.0
2024-02-10T00:00,6.2,91,6.5,3,1020.4,0.0
2024-02-10T01:00,6.8,100,7.4,29,1021.8,0.0
2024-02-10T02:00,8.3,100,4.7,23,1022.3,0.0
2024-02-10T03:00,8.9,100,2.3,18,1023.2,0.0
2024-02-10T04:00,10.2,97,2.4,27,1024.2,0.0
2024-02-10T05:00,12.0,95,1.9,22,1024.5,0.0
2024-02-10T06:00,15.1,88,2.9,360,1024.0,0.0
2024-02-10T07:00,17.9,72,3.9,338,1022.8,0.0
2024-02-10T08:00,19.1,57,6.5,326,1021.5,0.0
2024-02-10T09:00,19.5,56,7.8,326,1020.6,0.0
2024-02-10T10:00,19.7,55,8.3,326,1020.0,0.0
2024-02-10T11:00,19.3,57,8.3,326,1020.0,0.0
2024-02-10T12:00,17.4,72,5.2,326,1020.1,0.0
2024-02-10T13:00,15.2,76,7.8,326,1020.0,0.0
2024-02-10T14:00,14.1,78,8.2,322,1020.4,0.0
2024-02-10T15:00,13.3,82,7.7,323,1020.8,0.0
2024-02-10T16:00,12.7,87,8.7,336,1021.4,0.0
2024-02-10T17:00,12.2,90,8.8,341,1021.6,0.0
2024-02-10T18:00,11.5,92,7.8,338,1021.5,0.0
2024-02-10T19:00,10.8,93,7.4,337,1021.1,0.0
2024-02-10T20:00,10.3,94,7.2,333,1020.7,0.0
2024-02-10T21:00,9.9,93,7.3,327,1020.4,0.0
2024-02-10T22:00,9.1,95,6.4,317,1019.9,0.0
2024-02-10T23:00,8.8,96,6.6,315,1019.8,0.0
2024-02-11T00:00,8.4,97,6.6,311,1019.8,0.0
2024-02-11T01:00,8.8,98,6.3,301,1020.4,0.0
2024-02-11T02:00,9.0,97,7.9,300,1021.1,0.0
2024-02-11T03:00,11.2,90,8.2,299,1022.0,0.0
2024-02-11T04:00,14.1,80,6.1,298,1023.1,0.0
2024-02-11T05:00,16.9,70,7.1,311,1023.3,0.0
2024-02-11T06:00,19.1,61,7.7,323,1022.9,0.0
2024-02-11T07:00,20.4,53,8.7,330,1022.0,0.0
2024-02-11T08:00,21.1,50,8.0,333,1020.8,0.0
2024-02-11T09:00,21.5,47,7.2,333,1019.9,0.0
2024-02-11T10:00,21.5,47,6.6,331,1019.4,0.0
2024-02-11T11:00,21.1,48,6.1,320,1019.3,0.0
2024-02-11T12:00,18.6,69,6.1,298,1019.5,0.0
2024-02-11T13:00,16.1,64,7.7,311,1019.5,0.0
2024-02-11T14:00,15.0,69,9.2,312,1020.1,0.0
2024-02-11T15:00,13.9,73,9.4,328,1020.6,0.0
2024-02-11T16:00,12.9,77,8.9,328,1020.8,0.0
2024-02-11T17:00,11.8,82,7.5,325,1020.9,0.0
2024-02-11T18:00,11.0,86,7.7,323,1020.6,0.0
2024-02-11T19:00,10.4,88,7.4,321,1020.6,0.0
2024-02-11T20:00,10.0,89,7.2,323,1020.4,0.0
2024-02-11T21:00,9.4,90,7.1,315,1020.0,0.0
2024-02-11T22:00,8.8,92,7.4,313,1019.6,0.0
2024-02-11T23:00,8.2,93,8.4,317,1019.7,0.0
2024-02-12T00:00,7.7,95,8.2,322,1019.6,0.0
2024-02-12T01:00,7.6,99,8.7,315,1020.2,0.0
2024-02-12T02:00,8.3,99,4.8,312,1020.6,0.0
2024-02-12T03:00,11.2,91,5.8,330,1021.3,0.0
2024-02-12T04:00,14.2,84,3.3,319,1022.3,0.0
2024-02-12T05:00,16.6,77,3.2,333,1022.4,0.0
2024-02-12T06:00,19.3,65,5.5,11,1021.5,0.0
2024-02-12T07:00,20.8,55,5.5,32,1020.2,0.0
2024-02-12T08:00,21.4,50,4.0,85,1019.0,0.0
2024-02-12T09:00,21.6,48,3.4,108,1017.9,0.0
2024-02-12T10:00,21.5,47,3.6,143,1017.4,0.0
2024-02-12T11:00,21.0,49,3.6,143,1017.2,0.0
2024-02-12T12:00,19.0,65,4.3,175,1017.3,0.0
2024-02-12T13:00,17.0,69,6.9,317,1017.9,0.0
2024-02-12T14:00,16.2,72,6.8,335,1018.2,0.0
2024-02-12T15:00,15.7,71,8.0,342,1018.8,0.0
2024-02-12T16:00,14.8,73,7.0,339,1019.5,0.0
2024-02-12T17:00,13.3,82,6.9,332,1020.0,0.0
2024-02-12T18:00,11.9,89,9.1,7,1019.7,0.0
2024-02-12T19:00,10.7,91,9.3,347,1019.3,0.0
2024-02-12T20:00,10.8,91,5.7,342,1018.9,0.0
2024-02-12T21:00,9.9,94,5.8,360,1018.5,0.0
2024-02-12T22:00,9.5,95,5.0,360,1017.9,0.0
2024-02-12T23:00,8.5,96,6.8,3,1018.1,0.0
2024-02-13T00:00,8.1,97,7.4,14,1017.9,0.0
2024-02-13T01:00,8.8,99,8.1,347,1019.4,0.0
2024-02-13T02:00,9.2,99,5.5,349,1019.8,0.0
2024-02-13T03:00,12.0,92,2.7,337,1020.7,0.0
2024-02-13T04:00,15.3,83,1.6,27,1020.9,0.0
2024-02-13T05:00,18.3,70,2.3,18,1020.8,0.0
2024-02-13T06:00,20.0,57,2.6,16,1020.3,0.0
2024-02-13T07:00,20.7,53,1.8,11,1019.1,0.0
2024-02-13T08:00,21.0,51,2.3,309,1018.1,0.0
2024-02-13T09:00,21.1,49,3.2,297,1017.3,0.0
2024-02-13T10:00,21.0,50,3.9,292,1017.1,0.0
2024-02-13T11:00,20.8,51,3.8,311,1017.2,0.0
2024-02-13T12:00,19.0,71,4.7,337,1017.3,0.0
2024-02-13T13:00,16.0,61,8.8,348,1017.8,0.0
2024-02-13T14:00,15.1,62,9.7,338,1018.1,0.0
2024-02-13T15:00,14.9,63,7.0,305,1018.7,0.0
2024-02-13T16:00,14.0,67,7.3,290,1019.3,0.0
2024-02-13T17:00,14.0,70,7.0,305,1019.2,0.0
2024-02-13T18:00,12.9,77,7.9,317,1018.9,0.0
2024-02-13T19:00,12.4,84,7.9,321,1018.8,0.0
2024-02-13T20:00,11.6,90,8.5,332,1018.4,0.0
2024-02-13T21:00,11.5,91,8.7,336,1017.9,0.0
2024-02-13T22:00,11.1,91,8.0,324,1017.8,0.0
2024-02-13T23:00,10.4,92,8.2,319,1018.0,0.0
2024-02-14T00:00,10.1,93,7.4,317,1018.2,0.0
2024-02-14T01:00,10.1,96,5.4,307,1018.8,0.0
2024-02-14T02:00,10.3,97,8.4,301,1019.4,0.0
2024-02-14T03:00,12.8,88,8.9,302,1020.1,0.0
2024-02-14T04:00,16.0,78,7.5,305,1020.7,0.0
2024-02-14T05:00,19.0,68,9.2,312,1020.6,0.0
2024-02-14T06:00,21.0,58,12.3,308,1020.1,0.0
2024-02-14T07:00,22.0,51,13.0,312,1019.1,0.0
2024-02-14T08:00,22.6,48,12.0,314,1018.1,0.0
2024-02-14T09:00,22.8,47,11.7,315,1017.2,0.0
2024-02-14T10:00,22.7,47,11.5,314,1016.6,0.0
2024-02-14T11:00,22.1,49,11.2,310,1016.5,0.0
2024-02-14T12:00,20.5,59,7.3,303,1016.7,0.0
2024-02-14T13:00,18.2,69,8.5,298,1017.4,0.0
2024-02-14T14:00,17.2,74,10.1,297,1017.7,0.0
2024-02-14T15:00,16.2,77,9.6,304,1018.4,0.0
2024-02-14T16:00,15.3,81,9.2,321,1019.3,0.0
2024-02-14T17:00,14.2,85,8.9,328,1019.6,0.0
2024-02-14T18:00,13.0,89,7.2,323,1019.4,0.0
2024-02-14T19:00,12.0,91,6.9,317,1019.3,0.0
2024-02-14T20:00,11.5,91,7.4,313,1019.2,0.0
2024-02-14T21:00,10.8,92,7.0,305,1018.9,0.0
2024-02-14T22:00,10.2,92,6.3,294,1018.5,0.0
2024-02-14T23:00,9.9,92,7.5,287,1018.5,0.0
2024-02-15T00:00,9.6,92,8.1,283,1018.6,0.0
2024-02-15T01:00,10.3,94,7.1,294,1019.7,0.0
2024-02-15T02:00,10.4,94,8.6,292,1020.2,0.0
2024-02-15T03:00,12.9,84,9.8,294,1021.2,0.0
2024-02-15T04:00,16.1,74,7.1,294,1021.8,0.0
2024-02-15T05:00,18.9,64,7.5,305,1021.7,0.0
2024-02-15T06:00,21.0,55,8.4,310,1021.1,0.0
2024-02-15T07:00,22.4,47,10.5,311,1020.2,0.0
2024-02-15T08:00,23.3,43,12.5,311,1019.2,0.0
2024-02-15T09:00,23.6,42,14.0,312,1018.4,0.0
2024-02-15T10:00,23.6,41,14.5,314,1017.9,0.0
2024-02-15T11:00,23.0,40,14.0,316,1017.9,0.0
2024-02-15T12:00,21.1,48,9.4,310,1018.0,0.0
2024-02-15T13:00,17.7,60,7.6,301,1018.5,0.0
2024-02-15T14:00,16.5,65,9.4,302,1019.0,0.0
2024-02-15T15:00,15.0,69,8.5,306,1019.6,0.0
2024-02-15T16:00,13.6,75,7.6,315,1020.0,0.0
2024-02-15T17:00,12.4,81,7.4,321,1020.2,0.0
2024-02-15T18:00,11.1,87,9.2,318,1020.1,0.0
2024-02-15T19:00,10.4,89,8.7,312,1020.0,0.0
2024-02-15T20:00,10.1,90,7.6,315,1019.7,0.0
2024-02-15T21:00,9.7,90,6.9,309,1019.6,0.0
2024-02-15T22:00,9.5,90,6.7,306,1019.4,0.0
2024-02-15T23:00,8.9,91,6.5,304,1019.3,0.0
2024-02-16T00:00,8.4,92,6.8,302,1019.5,0.0
2024-02-16T01:00,8.7,95,8.1,302,1020.4,0.0
2024-02-16T02:00,9.4,94,5.8,292,1021.2,0.0
2024-02-16T03:00,12.3,84,7.2,297,1022.0,0.0
2024-02-16T04:00,15.8,73,5.1,309,1022.5,0.0
2024-02-16T05:00,19.0,61,6.4,317,1022.5,0.0
2024-02-16T06:00,21.5,49,8.5,324,1021.8,0.0
2024-02-16T07:00,23.1,39,10.6,325,1021.0,0.0
2024-02-16T08:00,24.1,32,12.1,323,1020.2,0.0
2024-02-16T09:00,24.4,30,13.3,322,1019.5,0.0
2024-02-16T10:00,24.2,30,13.3,322,1018.9,0.0
2024-02-16T11:00,23.6,31,12.0,321,1018.4,0.0
2024-02-16T12:00,20.9,46,6.4,317,1018.0,0.0
2024-02-16T13:00,17.2,55,10.5,311,1017.8,0.0
2024-02-16T14:00,16.5,60,7.9,300,1018.2,0.0
2024-02-16T15:00,15.1,64,8.3,304,1018.5,0.0
2024-02-16T16:00,13.8,65,7.9,317,1018.8,0.0
2024-02-16T17:00,13.2,65,8.9,328,1018.9,0.0
2024-02-16T18:00,12.0,71,8.1,339,1018.6,0.0
2024-02-16T19:00,11.1,77,7.8,338,1018.2,0.0
2024-02-16T20:00,10.1,82,10.0,330,1017.6,0.0
2024-02-16T21:00,10.0,81,8.7,308,1016.5,0.0
2024-02-16T22:00,9.0,85,7.2,270,1015.7,0.0
2024-02-16T23:00,9.4,82,8.6,268,1015.5,0.0
2024-02-17T00:00,9.4,81,10.4,270,1015.7,0.0
2024-02-17T01:00,9.6,87,9.4,266,1016.5,0.0
2024-02-17T02:00,9.7,87,10.1,264,1016.9,0.0
2024-02-17T03:00,12.7,75,11.5,266,1017.5,0.0
2024-02-17T04:00,16.4,65,9.0,272,1018.0,0.0
2024-02-17T05:00,19.8,51,10.7,282,1017.6,0.0
2024-02-17T06:00,22.0,40,12.5,288,1016.8,0.0
2024-02-17T07:00,23.4,34,13.6,292,1015.5,0.0
2024-02-17T08:00,24.2,31,14.2,291,1014.2,0.0
2024-02-17T09:00,24.6,30,14.2,291,1013.2,0.0
2024-02-17T10:00,24.5,31,15.0,291,1012.8,0.0
2024-02-17T11:00,23.9,33,14.8,293,1012.5,0.0
2024-02-17T12:00,22.0,41,9.9,289,1012.7,0.0
2024-02-17T13:00,18.4,57,8.7,287,1013.0,0.0
2024-02-17T14:00,16.8,66,8.8,289,1013.3,0.0
2024-02-17T15:00,15.3,75,8.9,302,1013.8,0.0
2024-02-17T16:00,14.0,80,10.5,292,1014.0,0.0
2024-02-17T17:00,13.5,79,10.0,300,1013.9,0.0
2024-02-17T18:00,12.8,80,9.4,313,1013.3,0.0
2024-02-17T19:00,11.5,85,10.3,335,1012.7,0.0
2024-02-17T20:00,11.2,85,9.1,353,1012.3,0.0
2024-02-17T21:00,13.0,78,4.6,309,1012.1,0.0
2024-02-17T22:00,9.7,90,6.2,234,1012.0,0.0
2024-02-17T23:00,10.0,86,5.6,243,1011.9,0.0
2024-02-18T00:00,11.4,80,3.4,252,1011.8,0.0
2024-02-18T01:00,10.4,84,6.5,214,1012.8,0.0
2024-02-18T02:00,12.0,77,5.8,150,1013.4,0.0
2024-02-18T03:00,14.2,74,5.2,106,1014.3,0.0
2024-02-18T04:00,18.6,62,5.0,111,1015.1,0.0
2024-02-18T05:00,21.8,51,7.6,121,1015.0,0.0
2024-02-18T06:00,24.1,42,10.3,144,1014.5,0.0
2024-02-18T07:00,25.5,36,12.7,155,1012.9,0.0
2024-02-18T08:00,26.3,34,12.5,162,1011.7,0.0
2024-02-18T09:00,26.9,32,11.8,160,1010.6,0.0
2024-02-18T10:00,26.8,31,11.3,158,1010.0,0.0
2024-02-18T11:00,25.9,35,11.8,153,1009.9,0.0
2024-02-18T12:00,23.7,47,7.4,141,1010.2,0.0
2024-02-18T13:00,21.1,55,9.2,138,1010.7,0.0
2024-02-18T14:00,19.1,63,8.1,135,1011.3,0.0
2024-02-18T15:00,18.1,69,10.5,131,1011.8,0.0
2024-02-18T16:00,17.8,68,13.3,128,1011.9,0.0
2024-02-18T17:00,17.5,68,13.8,129,1012.1,0.0
2024-02-18T18:00,17.0,71,14.5,125,1011.7,0.0
2024-02-18T19:00,16.4,72,14.5,136,1011.7,0.0
2024-02-18T20:00,16.0,72,14.3,135,1011.6,0.0
2024-02-18T21:00,15.6,73,14.6,130,1011.3,0.0
2024-02-18T22:00,15.3,73,15.0,125,1010.8,0.0
2024-02-18T23:00,14.8,74,16.4,147,1010.8,0.0
2024-02-19T00:00,14.4,75,17.1,139,1011.1,0.0
2024-02-19T01:00,15.0,74,17.3,126,1011.7,0.0
2024-02-19T02:00,15.2,73,18.4,129,1012.2,0.0
2024-02-19T03:00,17.3,66,18.1,133,1012.7,0.0
2024-02-19T04:00,19.7,59,22.7,134,1012.9,0.0
2024-02-19T05:00,21.8,54,25.2,133,1012.8,0.0
2024-02-19T06:00,23.7,50,27.0,136,1012.2,0.0
2024-02-19T07:00,25.2,47,28.8,136,1010.7,0.0
2024-02-19T08:00,26.2,45,29.0,137,1009.1,0.0
2024-02-19T09:00,26.7,44,28.0,138,1007.8,0.0
2024-02-19T10:00,26.8,45,26.5,143,1007.1,0.0
2024-02-19T11:00,25.9,49,24.9,141,1007.0,0.0
2024-02-19T12:00,24.9,54,18.6,137,1007.4,0.0
2024-02-19T13:00,22.5,61,13.4,110,1008.3,0.0
2024-02-19T14:00,21.5,63,16.8,100,1008.8,0.0
2024-02-19T15:00,20.9,63,16.2,102,1009.7,0.0
2024-02-19T16:00,19.9,67,10.8,90,1010.5,0.1
2024-02-19T17:00,19.0,69,13.4,84,1011.0,0.0
2024-02-19T18:00,18.8,71,17.7,110,1010.2,0.0
2024-02-19T19:00,18.5,71,20.4,126,1009.3,0.0
2024-02-19T20:00,17.9,73,16.3,137,1009.1,0.0
2024-02-19T21:00,17.1,77,12.8,140,1009.0,0.0
2024-02-19T22:00,16.2,83,9.9,136,1009.0,0.0
2024-02-19T23:00,15.6,87,5.3,118,1008.9,0.0
2024-02-20T00:00,14.9,90,8.9,63,1009.7,0.0
2024-02-20T01:00,16.0,86,10.1,92,1009.8,0.0
2024-02-20T02:00,16.0,87,10.5,84,1010.9,0.0
2024-02-20T03:00,17.7,80,10.9,73,1012.1,0.0
2024-02-20T04:00,19.8,71,13.7,93,1013.0,0.0
2024-02-20T05:00,21.1,66,13.9,111,1012.9,0.0
2024-02-20T06:00,23.7,58,13.3,123,1012.6,0.0
2024-02-20T07:00,25.4,51,9.8,144,1011.6,0.0
2024-02-20T08:00,26.8,35,7.6,205,1010.3,0.0
2024-02-20T09:00,27.3,27,8.4,239,1009.4,0.0
2024-02-20T10:00,27.4,23,11.9,265,1008.7,0.0
2024-02-20T11:00,26.6,25,11.9,275,1008.3,0.0
2024-02-20T12:00,23.7,57,6.0,295,1008.2,0.0
2024-02-20T13:00,20.7,69,9.0,67,1008.6,0.0
2024-02-20T14:00,18.8,78,13.7,90,1009.1,0.0
2024-02-20T15:00,18.0,80,9.8,96,1009.7,0.0
2024-02-20T16:00,16.6,86,7.7,62,1010.5,0.0
2024-02-20T17:00,16.1,86,5.7,342,1011.7,1.2
2024-02-20T18:00,15.5,90,5.2,78,1011.1,0.7
2024-02-20T19:00,14.8,93,6.6,49,1010.6,0.0
2024-02-20T20:00,14.1,95,6.3,114,1011.1,0.0
2024-02-20T21:00,13.3,96,3.7,349,1010.9,0.0
2024-02-20T22:00,12.3,98,7.6,45,1010.4,0.0
2024-02-20T23:00,11.8,98,7.5,55,1010.1,0.0
2024-02-21T00:00,11.9,97,6.3,31,1010.0,0.0
2024-02-21T01:00,12.9,95,6.2,324,1009.8,0.0
2024-02-21T02:00,13.4,94,7.6,315,1010.5,0.0
2024-02-21T03:00,15.8,85,10.0,311,1011.5,0.0
2024-02-21T04:00,18.8,69,8.9,320,1012.2,0.0
2024-02-21T05:00,21.7,55,7.4,321,1012.4,0.0
2024-02-21T06:00,23.7,43,7.7,307,1012.0,0.0
2024-02-21T07:00,25.1,30,8.4,295,1010.8,0.0
2024-02-21T08:00,25.8,20,11.1,283,1009.6,0.0
2024-02-21T09:00,26.1,18,13.0,289,1008.7,0.0
2024-02-21T10:00,25.7,18,12.9,297,1008.0,0.0
2024-02-21T11:00,25.0,19,11.5,302,1007.8,0.0
2024-02-21T12:00,22.7,30,6.2,306,1008.0,0.0
2024-02-21T13:00,18.7,41,8.0,333,1009.2,0.0
2024-02-21T14:00,18.0,44,11.6,338,1010.2,0.0
2024-02-21T15:00,17.4,44,17.0,356,1011.0,0.0
2024-02-21T16:00,16.9,46,17.0,6,1011.4,0.0
2024-02-21T17:00,16.2,47,17.7,12,1011.9,0.0
2024-02-21T18:00,16.3,54,19.5,16,1011.6,0.0
2024-02-21T19:00,16.0,61,17.6,15,1011.7,0.0
2024-02-21T20:00,15.4,64,16.9,16,1011.2,0.0
2024-02-21T21:00,14.9,65,16.3,18,1010.7,0.0
2024-02-21T22:00,13.8,68,8.1,21,1010.4,0.0
2024-02-21T23:00,11.9,77,5.1,231,1011.5,0.0
2024-02-22T00:00,10.7,85,6.4,286,1011.5,0.0
2024-02-22T01:00,12.9,83,3.4,302,1011.8,0.0
2024-02-22T02:00,12.4,86,6.4,223,1012.7,0.0
2024-02-22T03:00,15.2,75,11.5,311,1014.1,0.0
2024-02-22T04:00,17.4,63,11.0,311,1014.8,0.0
2024-02-22T05:00,19.9,50,10.3,306,1015.2,0.0
2024-02-22T06:00,21.8,42,12.0,311,1014.7,0.0
2024-02-22T07:00,23.1,32,14.8,313,1013.8,0.0
2024-02-22T08:00,23.8,25,12.8,310,1012.6,0.0
2024-02-22T09:00,24.0,23,13.2,315,1011.9,0.0
2024-02-22T10:00,23.6,21,13.8,311,1011.6,0.0
2024-02-22T11:00,23.0,22,13.8,317,1011.6,0.0
2024-02-22T12:00,21.4,28,10.9,326,1012.0,0.0
2024-02-22T13:00,19.1,37,11.0,337,1013.2,0.0
2024-02-22T14:00,17.5,41,11.3,343,1014.0,0.0
2024-02-22T15:00,16.0,45,10.4,340,1014.9,0.0
2024-02-22T16:00,14.6,51,9.0,331,1015.9,0.0
2024-02-22T17:00,13.7,56,8.9,333,1016.3,0.0
2024-02-22T18:00,12.8,59,8.2,331,1016.3,0.0
2024-02-22T19:00,12.1,60,8.9,333,1016.1,0.0
2024-02-22T20:00,11.9,59,9.7,338,1015.8,0.0
2024-02-22T21:00,11.3,60,9.4,342,1015.3,0.0
2024-02-22T22:00,10.6,61,9.1,351,1014.6,0.0
2024-02-22T23:00,9.8,63,8.1,339,1014.4,0.0
2024-02-23T00:00,8.9,67,7.4,331,1014.6,0.0
2024-02-23T01:00,9.4,78,7.3,327,1015.9,0.0
2024-02-23T02:00,10.3,73,7.1,311,1016.6,0.0
2024-02-23T03:00,13.4,63,8.1,302,1017.6,0.0
2024-02-23T04:00,16.5,53,6.2,306,1018.2,0.0
2024-02-23T05:00,19.2,43,7.6,301,1018.2,0.0
2024-02-23T06:00,21.2,32,10.4,314,1017.9,0.0
2024-02-23T07:00,22.1,28,13.0,312,1016.6,0.0
2024-02-23T08:00,22.6,26,14.5,312,1015.4,0.0
2024-02-23T09:00,22.8,25,14.5,312,1014.6,0.0
2024-02-23T10:00,22.6,25,14.6,310,1014.2,0.0
2024-02-23T11:00,22.0,25,14.1,310,1014.1,0.0
2024-02-23T12:00,20.5,31,9.4,313,1014.2,0.0
2024-02-23T13:00,16.9,41,7.9,336,1014.6,0.0
2024-02-23T14:00,15.8,46,7.5,325,1015.7,0.0
2024-02-23T15:00,15.6,46,9.9,327,1016.5,0.0
2024-02-23T16:00,14.7,46,9.0,331,1016.8,0.0
2024-02-23T17:00,14.0,47,12.0,344,1016.7,0.0
2024-02-23T18:00,13.2,50,11.5,346,1016.4,0.0
2024-02-23T19:00,12.2,53,9.0,2,1016.0,0.0
2024-02-23T20:00,10.5,61,9.2,51,1015.4,0.0
2024-02-23T21:00,10.2,62,6.4,137,1015.2,0.0
2024-02-23T22:00,8.7,71,9.8,144,1014.6,0.0
2024-02-23T23:00,9.8,64,6.3,149,1014.5,0.0
2024-02-24T00:00,10.9,59,4.0,170,1014.7,0.0
2024-02-24T01:00,11.4,73,4.1,45,1015.8,0.0
2024-02-24T02:00,11.7,69,5.9,43,1016.4,0.0
2024-02-24T03:00,14.0,65,3.3,84,1017.2,0.0
2024-02-24T04:00,17.0,54,4.5,209,1018.1,0.0
2024-02-24T05:00,19.1,45,5.5,328,1018.3,0.0
2024-02-24T06:00,19.9,42,5.5,337,1017.7,0.0
2024-02-24T07:00,22.0,33,4.2,329,1016.7,0.0
2024-02-24T08:00,22.7,29,7.3,340,1015.7,0.0
2024-02-24T09:00,23.2,25,4.8,333,1015.0,0.0
2024-02-24T10:00,22.9,26,6.5,273,1014.7,0.0
2024-02-24T11:00,22.4,26,6.9,279,1014.6,0.0
2024-02-24T12:00,20.7,43,3.6,307,1014.9,0.0
2024-02-24T13:00,18.1,32,7.4,321,1016.0,0.0
2024-02-24T14:00,15.8,43,9.8,298,1016.8,0.0
2024-02-24T15:00,18.2,34,3.2,243,1017.3,0.0
2024-02-24T16:00,17.3,37,2.3,288,1017.5,0.0
2024-02-24T17:00,13.2,50,10.6,28,1017.8,0.0
2024-02-24T18:00,13.3,44,10.9,44,1017.8,0.0
2024-02-24T19:00,12.7,42,10.2,48,1017.7,0.0
2024-02-24T20:00,11.4,47,7.4,61,1017.6,0.0
2024-02-24T21:00,11.4,48,7.6,90,1017.4,0.0
2024-02-24T22:00,11.9,45,5.6,105,1017.0,0.0
2024-02-24T23:00,11.4,46,5.7,55,1017.1,0.0
2024-02-25T00:00,11.0,49,3.7,349,1017.2,0.0
2024-02-25T01:00,11.4,72,5.2,34,1018.0,0.0
2024-02-25T02:00,11.6,72,5.2,25,1019.0,0.0
2024-02-25T03:00,14.3,63,5.6,27,1020.0,0.0
2024-02-25T04:00,17.7,52,2.6,34,1020.7,0.0
2024-02-25T05:00,20.6,42,3.1,69,1020.4,0.0
2024-02-25T06:00,22.9,29,6.0,65,1019.8,0.0
2024-02-25T07:00,24.0,24,5.0,60,1018.7,0.0
2024-02-25T08:00,24.5,22,5.1,45,1017.6,0.0
2024-02-25T09:00,24.8,21,6.3,24,1016.7,0.0
2024-02-25T10:00,24.4,21,10.8,360,1016.4,0.0
2024-02-25T11:00,23.5,20,14.1,341,1016.5,0.0
2024-02-25T12:00,22.3,22,10.4,326,1016.6,0.0
2024-02-25T13:00,19.5,30,13.0,360,1017.3,0.0
2024-02-25T14:00,18.8,32,11.5,4,1018.1,0.0
2024-02-25T15:00,16.3,39,8.3,5,1018.8,0.0
2024-02-25T16:00,15.5,44,9.0,5,1019.3,0.0
2024-02-25T17:00,15.3,47,11.5,4,1019.4,0.0
2024-02-25T18:00,15.1,50,13.4,5,1019.3,0.0
2024-02-25T19:00,14.3,53,13.4,6,1019.1,0.0
2024-02-25T20:00,13.8,54,12.1,12,1018.9,0.0
2024-02-25T21:00,13.0,56,10.4,20,1018.2,0.0
2024-02-25T22:00,12.9,55,10.0,21,1017.4,0.0
2024-02-25T23:00,11.9,57,8.8,9,1017.5,0.0
2024-02-26T00:00,11.4,59,7.2,360,1017.4,0.0
2024-02-26T01:00,11.9,72,7.3,9,1018.2,0.0
2024-02-26T02:00,12.8,68,3.6,323,1018.8,0.0
2024-02-26T03:00,14.8,62,3.7,349,1019.1,0.0
2024-02-26T04:00,17.5,56,2.5,352,1020.2,0.0
2024-02-26T05:00,20.6,45,5.1,356,1020.2,0.0
2024-02-26T06:00,23.1,32,8.7,5,1019.3,0.0
2024-02-26T07:00,24.2,27,9.9,350,1018.4,0.0
2024-02-26T08:00,24.8,26,9.1,326,1017.5,0.0
2024-02-26T09:00,24.3,26,8.9,320,1016.6,0.0
2024-02-26T10:00,23.9,27,8.8,325,1016.0,0.0
2024-02-26T11:00,23.5,27,8.4,329,1015.8,0.0
2024-02-26T12:00,21.9,39,5.0,339,1016.0,0.0
2024-02-26T13:00,18.8,35,7.8,326,1016.9,0.0
2024-02-26T14:00,17.5,43,7.7,332,1017.5,0.0
2024-02-26T15:00,17.0,45,7.7,349,1018.0,0.0
2024-02-26T16:00,15.7,46,6.9,351,1018.1,0.0
2024-02-26T17:00,14.4,50,8.7,343,1018.1,0.0
2024-02-26T18:00,13.9,50,7.3,351,1017.9,0.0
2024-02-26T19:00,14.4,49,5.8,360,1017.3,0.0
2024-02-26T20:00,14.3,58,6.9,351,1017.0,0.0
2024-02-26T21:00,13.8,56,5.6,310,1016.6,0.0
2024-02-26T22:00,14.8,51,8.5,324,1016.8,0.0
2024-02-26T23:00,15.2,51,10.7,303,1017.3,0.0
2024-02-27T00:00,14.4,60,10.4,316,1017.9,0.3
2024-02-27T01:00,15.3,55,11.7,313,1018.7,0.0
2024-02-27T02:00,15.1,60,9.0,272,1019.3,0.0
2024-02-27T03:00,15.9,60,6.5,273,1020.3,0.0
2024-02-27T04:00,16.9,55,9.7,315,1020.7,0.0
2024-02-27T05:00,19.6,48,12.2,326,1020.1,0.0
2024-02-27T06:00,22.2,38,15.3,345,1019.3,0.0
2024-02-27T07:00,23.6,32,14.8,360,1018.1,0.0
2024-02-27T08:00,24.3,29,11.2,2,1017.1,0.0
2024-02-27T09:00,24.6,28,9.4,356,1016.1,0.0
2024-02-27T10:00,24.4,28,11.2,339,1015.6,0.0
2024-02-27T11:00,23.7,28,13.4,336,1015.1,0.0
2024-02-27T12:00,22.2,32,12.9,330,1015.4,0.0
2024-02-27T13:00,18.7,43,7.6,301,1016.1,0.0
2024-02-27T14:00,17.8,49,11.1,306,1016.5,0.0
2024-02-27T15:00,16.6,52,11.5,311,1017.2,0.0
2024-02-27T16:00,15.5,55,8.5,306,1017.6,0.0
2024-02-27T17:00,14.2,60,7.4,299,1017.9,0.0
2024-02-27T18:00,13.8,63,10.3,299,1017.6,0.0
2024-02-27T19:00,13.7,67,12.0,311,1017.3,0.0
2024-02-27T20:00,13.3,72,10.7,315,1017.2,0.0
2024-02-27T21:00,12.7,75,10.7,310,1017.0,0.0
2024-02-27T22:00,12.2,77,10.5,308,1016.6,0.0
2024-02-27T23:00,11.9,78,10.5,308,1016.4,0.0
2024-02-28T00:00,11.5,79,10.5,308,1016.1,0.0
2024-02-28T01:00,11.5,79,9.9,303,1017.5,0.0
2024-02-28T02:00,12.0,77,11.8,290,1018.1,0.0
2024-02-28T03:00,14.4,67,11.2,285,1018.8,0.0
2024-02-28T04:00,17.2,57,13.1,291,1019.0,0.0
2024-02-28T05:00,19.8,49,15.6,296,1018.6,0.0
2024-02-28T06:00,21.9,41,17.8,306,1017.8,0.0
2024-02-28T07:00,23.2,35,19.6,306,1016.6,0.0
2024-02-28T08:00,23.9,33,20.3,303,1015.5,0.0
2024-02-28T09:00,24.1,33,20.8,307,1014.5,0.0
2024-02-28T10:00,23.9,34,20.7,311,1013.9,0.0
2024-02-28T11:00,23.3,36,19.1,314,1013.6,0.0
2024-02-28T12:00,22.4,39,15.5,316,1013.8,0.0
2024-02-28T13:00,19.9,48,10.9,316,1014.2,0.0
2024-02-28T14:00,18.5,54,10.7,310,1014.8,0.0
2024-02-28T15:00,17.5,57,9.9,314,1015.3,0.0
2024-02-28T16:00,16.4,61,9.2,312,1015.7,0.0
2024-02-28T17:00,15.4,66,10.0,308,1015.7,0.0
2024-02-28T18:00,14.7,69,10.5,308,1015.1,0.0
2024-02-28T19:00,14.1,70,10.4,304,1014.6,0.0
2024-02-28T20:00,13.7,70,10.8,300,1014.1,0.0
2024-02-28T21:00,13.3,71,11.3,297,1013.7,0.0
2024-02-28T22:00,12.7,74,10.9,297,1013.3,0.0
2024-02-28T23:00,12.3,75,11.8,297,1013.2,0.0
2024-02-29T00:00,12.0,77,11.8,293,1013.3,0.0
2024-02-29T01:00,12.3,80,11.0,289,1014.5,0.0
2024-02-29T02:00,12.7,78,12.2,284,1014.9,0.0
2024-02-29T03:00,15.3,69,10.6,280,1015.7,0.0
2024-02-29T04:00,18.5,58,10.7,284,1016.7,0.0
2024-02-29T05:00,21.4,47,13.0,294,1016.8,0.0
2024-02-29T06:00,23.3,38,13.1,302,1016.3,0.0
2024-02-29T07:00,24.7,34,12.6,307,1015.5,0.0
2024-02-29T08:00,25.5,31,12.2,313,1014.6,0.0
2024-02-29T09:00,26.1,30,11.7,315,1013.7,0.0
2024-02-29T10:00,26.2,28,11.5,316,1013.2,0.0
2024-02-29T11:00,25.7,30,11.7,317,1013.3,0.0
2024-02-29T12:00,24.2,36,7.9,321,1013.5,0.0
2024-02-29T13:00,19.8,52,10.5,322,1014.1,0.0
2024-02-29T14:00,18.8,56,9.2,301,1014.8,0.0
2024-02-29T15:00,17.6,62,9.2,291,1015.4,0.0
2024-02-29T16:00,16.1,69,10.4,304,1015.6,0.0
2024-02-29T17:00,15.4,70,9.7,312,1015.6,0.0
2024-02-29T18:00,15.0,71,7.2,333,1015.2,0.0
2024-02-29T19:00,14.1,74,7.1,345,1014.7,0.0
2024-02-29T20:00,13.3,78,7.9,344,1014.2,0.0
2024-02-29T21:00,14.7,71,5.6,345,1013.8,0.0
2024-02-29T22:00,14.5,72,3.7,11,1013.4,0.0
2024-02-29T23:00,14.3,73,4.7,23,1013.1,0.0
2024-03-01T00:00,13.7,77,5.7,35,1013.5,0.0
2024-03-01T01:00,13.6,82,4.6,45,1014.8,0.0
2024-03-01T02:00,14.2,81,3.1,21,1015.5,0.0
2024-03-01T03:00,17.2,71,2.5,262,1016.7,0.0
2024-03-01T04:00,20.6,61,1.1,18,1017.2,0.0
2024-03-01T05:00,22.7,54,3.7,169,1017.4,0.0
2024-03-01T06:00,23.1,54,6.0,237,1018.0,0.5
2024-03-01T07:00,23.0,53,2.6,326,1016.2,0.2
2024-03-01T08:00,23.9,51,3.4,108,1014.4,0.4
2024-03-01T09:00,25.9,46,6.9,99,1013.2,0.0
2024-03-01T10:00,26.2,45,10.9,84,1012.1,0.0
2024-03-01T11:00,25.8,46,14.6,100,1011.2,0.0
2024-03-01T12:00,24.5,50,10.8,127,1011.2,0.1
2024-03-01T13:00,24.5,42,12.5,129,1011.0,0.0
2024-03-01T14:00,23.1,49,1.8,101,1011.8,0.0
2024-03-01T15:00,20.9,57,10.5,86,1011.7,0.0
2024-03-01T16:00,19.8,63,7.9,114,1012.6,0.0
2024-03-01T17:00,20.3,61,9.6,110,1011.6,0.0
2024-03-01T18:00,19.9,61,9.1,108,1011.4,0.0
2024-03-01T19:00,19.4,64,10.4,124,1011.6,0.0
2024-03-01T20:00,19.2,68,12.8,140,1011.5,0.0
2024-03-01T21:00,18.8,71,14.2,150,1011.0,0.0
2024-03-01T22:00,18.8,69,16.6,158,1010.9,0.0
2024-03-01T23:00,18.7,69,18.2,172,1010.9,0.0
2024-03-02T00:00,18.8,68,20.9,179,1011.5,0.0
2024-03-02T01:00,18.5,74,10.7,138,1012.5,0.0
2024-03-02T02:00,18.0,79,12.8,140,1013.7,0.4
2024-03-02T03:00,18.4,81,10.7,123,1014.1,0.2
2024-03-02T04:00,18.4,86,14.4,122,1015.4,0.9
2024-03-02T05:00,19.7,84,15.5,91,1014.3,0.0
2024-03-02T06:00,22.6,64,25.0,115,1013.5,0.0
2024-03-02T07:00,24.0,58,28.3,108,1011.6,0.0
2024-03-02T08:00,24.4,56,29.3,116,1010.1,0.4
2024-03-02T09:00,24.0,56,32.2,130,1009.2,0.4
2024-03-02T10:00,23.5,59,32.1,147,1007.7,0.1
2024-03-02T11:00,23.6,59,26.8,144,1007.3,0.0
2024-03-02T12:00,19.7,81,22.9,196,1007.9,0.2
2024-03-02T13:00,18.2,87,20.6,175,1008.9,1.7
2024-03-02T14:00,18.9,87,21.9,147,1008.9,0.0
2024-03-02T15:00,17.9,92,23.2,152,1009.9,0.0
2024-03-02T16:00,18.1,91,17.6,145,1010.9,0.0
2024-03-02T17:00,17.7,93,17.3,138,1011.0,0.0
2024-03-02T18:00,17.3,95,16.2,148,1011.3,1.5
2024-03-02T19:00,17.3,94,15.3,141,1011.0,0.3
2024-03-02T20:00,17.3,95,14.6,160,1010.5,0.0
2024-03-02T21:00,16.2,96,12.9,283,1011.0,1.0
2024-03-02T22:00,15.8,97,9.7,255,1010.7,3.7
2024-03-02T23:00,16.0,94,8.4,245,1010.2,0.5
2024-03-03T00:00,15.9,93,3.1,201,1010.5,0.1
2024-03-03T01:00,15.5,94,6.3,246,1012.5,0.0
2024-03-03T02:00,15.9,89,7.2,307,1012.8,0.0
2024-03-03T03:00,16.7,79,10.1,325,1013.1,0.0
2024-03-03T04:00,17.9,74,5.1,315,1013.8,0.0
2024-03-03T05:00,19.0,71,3.3,276,1013.9,0.0
2024-03-03T06:00,20.8,62,6.4,254,1013.5,0.0
2024-03-03T07:00,21.8,56,6.8,238,1012.6,0.0
2024-03-03T08:00,23.0,46,7.4,219,1011.3,0.0
2024-03-03T09:00,23.1,42,8.5,242,1010.3,0.0
2024-03-03T10:00,22.9,38,12.3,267,1009.9,0.0
2024-03-03T11:00,22.0,35,14.8,274,1010.0,0.0
2024-03-03T12:00,20.4,39,13.1,286,1010.5,0.0
2024-03-03T13:00,17.6,64,4.9,17,1010.9,0.0
2024-03-03T14:00,16.9,77,10.0,41,1011.7,0.0
2024-03-03T15:00,15.3,93,9.8,24,1012.7,0.0
2024-03-03T16:00,14.7,97,8.9,50,1013.5,0.0
2024-03-03T17:00,14.0,97,7.3,20,1013.9,0.0
2024-03-03T18:00,13.4,98,5.7,342,1013.8,0.0
2024-03-03T19:00,12.1,99,7.6,329,1014.0,0.0
2024-03-03T20:00,11.5,100,8.6,2,1014.0,0.0
2024-03-03T21:00,11.8,100,5.8,4,1013.8,0.0
2024-03-03T22:00,11.7,100,5.8,360,1013.8,0.0
2024-03-03T23:00,12.2,100,5.4,360,1014.2,0.0
2024-03-04T00:00,12.1,98,5.6,345,1014.7,0.0
2024-03-04T01:00,11.3,97,6.6,347,1015.3,0.0
2024-03-04T02:00,12.0,98,9.6,347,1015.9,0.0
2024-03-04T03:00,13.9,92,8.2,345,1016.7,0.0
2024-03-04T04:00,16.9,73,9.0,5,1017.4,0.0
2024-03-04T05:00,19.8,40,10.9,6,1017.5,0.0
2024-03-04T06:00,21.2,24,10.4,346,1017.7,0.0
2024-03-04T07:00,21.8,22,11.9,325,1017.4,0.0
2024-03-04T08:00,22.0,23,13.6,320,1016.8,0.0
2024-03-04T09:00,21.9,24,14.3,319,1016.1,0.0
2024-03-04T10:00,21.5,26,13.8,319,1015.6,0.0
2024-03-04T11:00,20.9,28,13.5,314,1015.4,0.0
2024-03-04T12:00,19.5,35,11.8,310,1015.6,0.0
2024-03-04T13:00,17.4,45,10.2,318,1016.6,0.0
2024-03-04T14:00,15.8,48,11.9,331,1017.3,0.0
2024-03-04T15:00,14.7,50,12.3,345,1017.8,0.0
2024-03-04T16:00,13.8,52,12.8,350,1018.5,0.0
2024-03-04T17:00,12.9,54,12.7,352,1018.6,0.0
2024-03-04T18:00,12.2,57,12.1,350,1018.4,0.0
2024-03-04T19:00,11.5,59,10.5,344,1018.1,0.0
2024-03-04T20:00,10.8,61,9.2,334,1017.8,0.0
2024-03-04T21:00,10.4,63,11.0,328,1017.3,0.0
2024-03-04T22:00,9.8,66,11.7,326,1017.2,0.0
2024-03-04T23:00,9.3,68,11.8,322,1017.3,0.0
2024-03-05T00:00,8.9,68,10.9,314,1017.9,0.0
2024-03-05T01:00,9.2,74,9.1,304,1018.3,0.0
2024-03-05T02:00,9.8,72,12.6,301,1018.9,0.0
2024-03-05T03:00,12.2,64,11.1,299,1019.7,0.0
2024-03-05T04:00,14.8,57,12.1,300,1020.4,0.0
2024-03-05T05:00,17.3,48,13.6,310,1020.0,0.0
2024-03-05T06:00,19.0,40,13.6,310,1019.2,0.0
2024-03-05T07:00,20.1,36,14.0,305,1017.9,0.0
2024-03-05T08:00,20.9,34,15.1,298,1017.0,0.0
2024-03-05T09:00,21.1,34,15.5,295,1016.2,0.0
2024-03-05T10:00,21.0,34,15.3,300,1015.2,0.0
2024-03-05T11:00,20.4,35,15.3,300,1015.0,0.0
2024-03-05T12:00,19.3,41,12.7,299,1015.1,0.0
2024-03-05T13:00,16.3,51,8.2,308,1015.6,0.0
2024-03-05T14:00,15.7,54,9.0,307,1016.3,0.0
2024-03-05T15:00,15.7,54,12.2,326,1016.8,0.0
2024-03-05T16:00,14.5,56,9.7,329,1016.8,0.0
2024-03-05T17:00,12.9,62,10.0,311,1017.0,0.0
2024-03-05T18:00,12.5,65,9.2,296,1016.7,0.0
2024-03-05T19:00,12.8,64,10.9,314,1015.8,0.0
2024-03-05T20:00,12.2,66,10.5,301,1015.7,0.0
2024-03-05T21:00,12.0,64,11.2,303,1015.4,0.0
2024-03-05T22:00,11.4,65,10.5,301,1015.4,0.0
2024-03-05T23:00,10.1,70,10.0,296,1015.4,0.0
2024-03-06T00:00,10.0,68,10.5,301,1015.2,0.0
2024-03-06T01:00,9.2,69,9.3,298,1016.1,0.0
2024-03-06T02:00,9.8,68,11.5,290,1016.8,0.0
2024-03-06T03:00,12.4,62,9.4,288,1017.5,0.0
2024-03-06T04:00,15.4,51,9.2,291,1018.1,0.0
2024-03-06T05:00,17.7,43,12.6,297,1018.0,0.0
2024-03-06T06:00,19.3,38,14.9,302,1017.5,0.0
2024-03-06T07:00,19.7,37,13.3,308,1016.4,0.0
2024-03-06T08:00,19.7,39,11.5,302,1015.1,0.0
2024-03-06T09:00,20.2,40,11.9,284,1014.4,0.0
2024-03-06T10:00,21.4,37,11.2,291,1013.3,0.0
2024-03-06T11:00,21.1,37,11.8,290,1013.0,0.0
2024-03-06T12:00,20.1,42,8.0,288,1012.9,0.0
2024-03-06T13:00,18.0,56,6.0,287,1013.8,0.0
2024-03-06T14:00,15.6,64,7.1,300,1014.2,0.0
2024-03-06T15:00,14.7,68,6.4,322,1015.1,0.0
2024-03-06T16:00,14.7,63,6.2,339,1015.6,0.0
2024-03-06T17:00,12.9,69,8.0,342,1015.9,0.0
2024-03-06T18:00,13.4,70,8.1,339,1015.4,0.0
2024-03-06T19:00,12.5,72,6.9,321,1014.9,0.0
2024-03-06T20:00,11.0,80,8.5,324,1014.5,0.0
2024-03-06T21:00,11.0,79,7.0,325,1013.6,0.0
2024-03-06T22:00,10.1,84,6.7,324,1013.1,0.0
2024-03-06T23:00,10.0,84,6.9,313,1013.2,0.0
2024-03-07T00:00,9.9,82,8.2,308,1013.6,0.0
2024-03-07T01:00,10.2,85,5.9,317,1014.4,0.0
2024-03-07T02:00,11.5,78,7.8,304,1015.1,0.0
2024-03-07T03:00,14.7,67,6.2,280,1016.2,0.0
2024-03-07T04:00,17.7,55,6.4,297,1017.1,0.0
2024-03-07T05:00,20.1,45,8.5,306,1017.2,0.0
2024-03-07T06:00,21.7,40,10.5,311,1016.8,0.0
2024-03-07T07:00,23.1,35,11.6,306,1015.7,0.0
2024-03-07T08:00,24.0,32,12.2,304,1014.6,0.0
2024-03-07T09:00,24.5,32,14.0,305,1013.5,0.0
2024-03-07T10:00,24.3,33,15.3,300,1012.9,0.0
2024-03-07T11:00,23.7,35,15.0,297,1012.9,0.0
2024-03-07T12:00,22.5,40,12.2,298,1013.4,0.0
2024-03-07T13:00,19.7,51,6.9,317,1014.1,0.0
2024-03-07T14:00,18.6,51,11.3,329,1014.8,0.0
2024-03-07T15:00,18.3,47,15.0,343,1015.5,0.0
2024-03-07T16:00,17.3,49,14.9,352,1016.0,0.0
2024-03-07T17:00,16.5,53,13.7,355,1015.8,0.0
2024-03-07T18:00,15.5,57,10.5,354,1015.3,0.0
2024-03-07T19:00,14.3,61,7.3,349,1015.2,0.0
2024-03-07T20:00,12.8,67,10.1,343,1014.9,0.0
2024-03-07T21:00,12.6,66,7.8,338,1014.5,0.0
2024-03-07T22:00,12.2,69,6.4,297,1014.5,0.0
2024-03-07T23:00,11.6,72,8.8,289,1014.5,0.0
2024-03-08T00:00,11.3,74,8.7,300,1014.9,0.0
2024-03-08T01:00,11.7,76,7.4,321,1015.8,0.0
2024-03-08T02:00,12.8,73,11.4,332,1016.4,0.0
2024-03-08T03:00,15.9,64,9.2,312,1017.3,0.0
2024-03-08T04:00,18.7,56,9.8,294,1017.9,0.0
2024-03-08T05:00,21.3,48,11.2,303,1017.6,0.0
2024-03-08T06:00,23.7,38,13.6,323,1017.0,0.0
2024-03-08T07:00,24.9,31,16.7,327,1016.1,0.0
2024-03-08T08:00,25.4,30,16.4,320,1015.1,0.0
2024-03-08T09:00,25.6,29,16.3,313,1014.3,0.0
2024-03-08T10:00,25.3,29,17.0,306,1014.0,0.0
2024-03-08T11:00,24.6,31,16.5,302,1014.1,0.0
2024-03-08T12:00,23.2,35,13.1,302,1014.1,0.0
2024-03-08T13:00,20.3,44,9.0,331,1014.4,0.0
2024-03-08T14:00,18.6,50,10.6,342,1015.1,0.0
2024-03-08T15:00,17.3,51,12.3,345,1015.9,0.0
2024-03-08T16:00,16.2,54,11.4,342,1016.6,0.0
2024-03-08T17:00,15.4,55,11.0,341,1016.8,0.0
2024-03-08T18:00,14.7,57,11.0,337,1016.4,0.0
2024-03-08T19:00,14.3,57,11.8,337,1016.1,0.0
2024-03-08T20:00,13.9,56,11.4,332,1015.7,0.0
2024-03-08T21:00,13.5,55,11.1,324,1015.3,0.0
2024-03-08T22:00,13.1,56,11.5,316,1014.9,0.0
2024-03-08T23:00,12.6,59,11.0,311,1014.6,0.0
2024-03-09T00:00,11.9,64,11.3,307,1014.9,0.0
2024-03-09T01:00,12.2,72,10.9,304,1015.2,0.0
2024-03-09T02:00,12.9,70,12.6,283,1016.1,0.0
2024-03-09T03:00,15.6,62,11.9,273,1016.9,0.0
2024-03-09T04:00,18.4,53,12.8,281,1017.3,0.0
2024-03-09T05:00,20.9,45,14.2,291,1017.1,0.0
2024-03-09T06:00,22.9,37,15.6,304,1016.7,0.0
2024-03-09T07:00,24.2,34,16.3,305,1015.8,0.0
2024-03-09T08:00,25.1,30,16.9,304,1015.0,0.0
2024-03-09T09:00,25.5,28,16.6,304,1014.1,0.0
2024-03-09T10:00,25.4,28,15.1,303,1013.6,0.0
2024-03-09T11:00,24.8,29,14.3,309,1013.5,0.0
2024-03-09T12:00,23.5,35,11.5,309,1013.7,0.0
2024-03-09T13:00,19.6,43,7.4,317,1014.6,0.0
2024-03-09T14:00,18.8,47,8.2,319,1015.3,0.0
2024-03-09T15:00,18.2,46,9.1,326,1015.9,0.0
2024-03-09T16:00,16.9,49,7.5,325,1016.2,0.0
2024-03-09T17:00,15.5,55,6.9,313,1016.0,0.0
2024-03-09T18:00,15.2,57,7.1,300,1015.6,0.0
2024-03-09T19:00,14.4,62,6.5,304,1015.1,0.0
2024-03-09T20:00,13.3,67,7.3,303,1014.6,0.0
2024-03-09T21:00,13.4,68,8.9,297,1014.0,0.0
2024-03-09T22:00,13.1,71,8.2,293,1013.4,0.0
2024-03-09T23:00,12.8,71,8.0,288,1013.4,0.0
2024-03-10T00:00,12.5,72,8.8,289,1013.5,0.0
2024-03-10T01:00,11.7,75,7.8,292,1014.9,0.0
2024-03-10T02:00,12.8,71,10.8,266,1015.4,0.0
2024-03-10T03:00,15.9,61,8.6,270,1015.8,0.0
2024-03-10T04:00,19.6,50,8.8,279,1016.4,0.0
2024-03-10T05:00,22.6,39,11.0,289,1016.4,0.0
2024-03-10T06:00,24.5,32,10.4,290,1016.2,0.0
2024-03-10T07:00,25.7,30,10.1,287,1015.5,0.0
2024-03-10T08:00,26.4,29,8.7,287,1014.6,0.0
2024-03-10T09:00,26.9,28,9.7,285,1014.0,0.0
2024-03-10T10:00,26.7,28,9.4,288,1013.6,0.0
2024-03-10T11:00,26.1,29,7.4,299,1013.5,0.0
2024-03-10T12:00,24.9,34,7.0,291,1014.1,0.0
2024-03-10T13:00,21.0,51,8.8,348,1014.8,0.0
2024-03-10T14:00,21.3,50,6.2,10,1015.0,0.0
2024-03-10T15:00,20.3,50,7.3,20,1015.5,0.0
2024-03-10T16:00,20.0,50,9.3,28,1015.9,0.0
2024-03-10T17:00,19.1,54,9.5,53,1016.0,0.0
2024-03-10T18:00,18.7,57,6.7,54,1016.1,0.0
2024-03-10T19:00,18.2,60,6.3,103,1016.1,0.0
2024-03-10T20:00,16.9,66,6.3,149,1016.2,0.0
2024-03-10T21:00,17.9,62,0.8,243,1016.1,0.0
2024-03-10T22:00,16.2,70,5.2,16,1015.7,0.0
2024-03-10T23:00,17.0,66,6.9,51,1015.4,0.0
2024-03-11T00:00,16.9,66,5.6,50,1016.0,0.0
2024-03-11T01:00,14.9,83,8.3,88,1016.9,0.0
2024-03-11T02:00,16.6,75,5.9,133,1017.6,0.0
2024-03-11T03:00,19.4,66,3.0,104,1018.4,0.0
2024-03-11T04:00,22.7,58,2.5,98,1018.5,0.0
2024-03-11T05:00,25.8,45,4.5,151,1018.2,0.0
2024-03-11T06:00,27.7,34,4.4,189,1017.5,0.0
2024-03-11T07:00,28.7,29,3.5,246,1016.5,0.0
2024-03-11T08:00,29.5,27,5.1,266,1015.3,0.0
2024-03-11T09:00,29.8,26,8.0,278,1014.1,0.0
2024-03-11T10:00,29.7,26,11.1,283,1013.3,0.0
2024-03-11T11:00,28.8,29,14.8,288,1013.2,0.0
2024-03-11T12:00,27.4,34,13.0,298,1013.5,0.0
2024-03-11T13:00,24.8,32,12.8,10,1013.5,0.0
2024-03-11T14:00,23.3,31,14.2,16,1014.1,0.0
2024-03-11T15:00,21.6,34,11.0,41,1015.1,0.0
2024-03-11T16:00,20.1,38,10.9,27,1015.5,0.0
2024-03-11T17:00,19.4,44,10.6,28,1015.5,0.0
2024-03-11T18:00,18.5,50,9.8,28,1015.5,0.0
2024-03-11T19:00,17.6,54,8.3,34,1015.2,0.0
2024-03-11T20:00,16.8,57,7.4,29,1014.7,0.0
2024-03-11T21:00,16.3,58,6.3,13,1014.2,0.0
2024-03-11T22:00,16.3,58,7.6,3,1013.6,0.0
2024-03-11T23:00,14.9,65,5.9,346,1013.2,0.0
2024-03-12T00:00,14.2,68,5.8,330,1013.6,0.0
2024-03-12T01:00,15.4,71,6.6,331,1014.7,0.0
2024-03-12T02:00,16.2,67,8.7,312,1015.5,0.0
2024-03-12T03:00,19.0,58,6.8,302,1016.2,0.0
2024-03-12T04:00,22.4,51,9.2,301,1016.7,0.0
2024-03-12T05:00,25.6,44,12.2,315,1016.4,0.0
2024-03-12T06:00,27.4,37,13.6,320,1015.8,0.0
2024-03-12T07:00,28.6,31,14.3,326,1014.8,0.0
2024-03-12T08:00,29.2,29,13.8,319,1013.8,0.0
2024-03-12T09:00,29.5,27,13.8,309,1012.8,0.0
2024-03-12T10:00,29.4,27,14.3,304,1011.9,0.0
2024-03-12T11:00,28.9,26,14.5,305,1011.7,0.0
2024-03-12T12:00,27.6,30,13.6,310,1011.8,0.0
2024-03-12T13:00,25.0,32,15.5,347,1012.3,0.0
2024-03-12T14:00,23.5,37,17.2,349,1012.8,0.0
2024-03-12T15:00,22.2,41,15.6,352,1013.4,0.0
2024-03-12T16:00,21.4,46,17.2,350,1013.9,0.0
2024-03-12T17:00,20.7,48,16.6,355,1013.6,0.0
2024-03-12T18:00,20.0,50,14.0,1,1012.9,0.0
2024-03-12T19:00,19.0,53,12.6,358,1012.4,0.0
2024-03-12T20:00,18.0,57,10.9,354,1011.7,0.0
2024-03-12T21:00,15.8,67,10.7,340,1011.0,0.0
2024-03-12T22:00,15.6,67,5.4,266,1010.5,0.0
2024-03-12T23:00,14.7,71,5.8,263,1010.4,0.0
2024-03-13T00:00,13.8,77,5.9,284,1010.5,0.0
2024-03-13T01:00,14.1,83,5.6,285,1011.7,0.0
2024-03-13T02:00,15.6,77,7.3,279,1012.1,0.0
2024-03-13T03:00,19.0,64,4.3,270,1012.9,0.0
2024-03-13T04:00,22.4,53,4.0,275,1013.4,0.0
2024-03-13T05:00,25.2,42,3.2,270,1013.1,0.0
2024-03-13T06:00,27.3,35,4.3,275,1012.8,0.0
2024-03-13T07:00,28.9,28,8.3,268,1011.9,0.0
2024-03-13T08:00,29.7,25,11.2,264,1010.8,0.0
2024-03-13T09:00,29.7,24,15.1,271,1010.0,0.0
2024-03-13T10:00,27.5,30,16.1,250,1010.2,0.0
2024-03-13T11:00,27.0,32,0.4,270,1009.6,0.0
2024-03-13T12:00,26.8,33,4.2,59,1009.3,0.0
2024-03-13T13:00,23.2,44,18.4,31,1010.0,0.0
2024-03-13T14:00,22.1,46,17.1,49,1010.8,0.0
2024-03-13T15:00,20.5,55,12.2,24,1012.4,0.0
2024-03-13T16:00,19.3,61,12.4,350,1013.5,0.0
2024-03-13T17:00,18.1,67,8.9,21,1013.8,0.0
2024-03-13T18:00,17.3,71,8.5,28,1013.5,0.0
2024-03-13T19:00,16.7,76,8.1,13,1013.3,0.0
2024-03-13T20:00,16.1,79,8.0,5,1013.1,0.0
2024-03-13T21:00,15.3,82,6.8,18,1012.6,0.0
2024-03-13T22:00,15.0,83,7.2,3,1012.5,0.0
2024-03-13T23:00,14.7,84,6.6,351,1012.7,0.0
2024-03-14T00:00,14.1,86,5.8,360,1013.2,0.0
2024-03-14T01:00,14.9,88,9.0,323,1014.3,0.0
2024-03-14T02:00,16.2,82,9.8,332,1015.2,0.0
2024-03-14T03:00,19.1,67,7.6,357,1016.1,0.0
2024-03-14T04:00,22.4,52,7.0,12,1016.5,0.0
2024-03-14T05:00,25.9,41,8.7,5,1016.2,0.0
2024-03-14T06:00,27.8,31,15.5,1,1015.8,0.0
2024-03-14T07:00,28.6,28,16.6,4,1015.1,0.0
2024-03-14T08:00,29.4,26,12.0,353,1014.3,0.0
2024-03-14T09:00,29.1,27,13.1,344,1013.4,0.0
2024-03-14T10:00,28.8,27,14.8,337,1012.6,0.0
2024-03-14T11:00,28.1,27,14.6,327,1012.3,0.0
2024-03-14T12:00,27.0,31,12.8,328,1012.4,0.0
2024-03-14T13:00,24.9,33,15.5,348,1013.0,0.0
2024-03-14T14:00,23.4,37,14.1,345,1013.7,0.0
2024-03-14T15:00,21.6,44,11.8,337,1014.5,0.0
2024-03-14T16:00,20.4,47,11.7,351,1014.8,0.0
2024-03-14T17:00,19.4,48,11.4,347,1014.7,0.0
2024-03-14T18:00,18.9,47,13.4,336,1014.2,0.0
2024-03-14T19:00,18.4,45,15.6,331,1013.7,0.0
2024-03-14T20:00,17.6,48,14.3,335,1013.5,0.0
2024-03-14T21:00,16.5,54,12.8,328,1013.0,0.0
2024-03-14T22:00,15.5,58,12.7,317,1012.6,0.0
2024-03-14T23:00,14.8,59,12.0,309,1012.2,0.0
2024-03-15T00:00,14.2,59,11.0,302,1012.4,0.0
2024-03-15T01:00,14.9,66,10.9,297,1013.8,0.0
2024-03-15T02:00,15.8,63,13.2,292,1014.3,0.0
2024-03-15T03:00,18.2,55,12.7,295,1015.0,0.0
2024-03-15T04:00,21.0,49,13.0,298,1015.4,0.0
2024-03-15T05:00,23.9,40,14.0,296,1015.3,0.0
2024-03-15T06:00,25.9,32,16.1,297,1014.9,0.0
2024-03-15T07:00,27.0,26,16.6,294,1014.0,0.0
2024-03-15T08:00,27.5,24,16.5,293,1013.4,0.0
2024-03-15T09:00,27.6,24,16.6,297,1012.5,0.0
2024-03-15T10:00,27.4,24,16.3,305,1011.8,0.0
2024-03-15T11:00,26.9,25,15.7,307,1011.8,0.0
2024-03-15T12:00,25.6,28,13.1,307,1011.9,0.0
2024-03-15T13:00,23.0,30,10.3,299,1012.5,0.0
2024-03-15T14:00,20.8,38,10.5,297,1013.4,0.0
2024-03-15T15:00,19.3,39,9.6,304,1014.4,0.0
2024-03-15T16:00,18.1,40,9.3,306,1014.8,0.0
2024-03-15T17:00,16.7,45,7.6,301,1015.1,0.0
2024-03-15T18:00,15.4,52,7.1,285,1015.2,0.0
2024-03-15T19:00,14.5,57,6.9,279,1014.8,0.0
2024-03-15T20:00,13.8,62,7.0,291,1014.6,0.0
2024-03-15T21:00,13.1,65,7.1,311,1014.2,0.0
2024-03-15T22:00,12.4,67,7.1,315,1014.3,0.0
2024-03-15T23:00,12.4,65,8.9,317,1014.7,0.0
2024-03-16T00:00,12.8,61,12.5,342,1014.4,0.0
2024-03-16T01:00,12.2,76,7.3,340,1016.2,0.0
2024-03-16T02:00,13.9,69,9.3,332,1017.1,0.0
2024-03-16T03:00,17.1,59,5.6,320,1017.9,0.0
2024-03-16T04:00,20.6,50,5.3,332,1018.2,0.0
2024-03-16T05:00,23.7,40,7.1,336,1017.6,0.0
2024-03-16T06:00,25.6,30,5.1,321,1017.4,0.0
2024-03-16T07:00,26.6,25,4.0,275,1016.5,0.0
2024-03-16T08:00,27.4,23,4.7,266,1015.5,0.0
2024-03-16T09:00,28.0,22,6.6,279,1014.3,0.0
2024-03-16T10:00,28.0,22,10.4,290,1013.4,0.0
2024-03-16T11:00,27.2,24,13.4,301,1013.4,0.0
2024-03-16T12:00,25.9,27,12.0,311,1013.7,0.0
2024-03-16T13:00,23.6,26,10.2,312,1013.9,0.0
2024-03-16T14:00,21.6,31,9.8,306,1014.6,0.0
2024-03-16T15:00,20.4,39,10.7,315,1015.4,0.0
2024-03-16T16:00,19.2,42,9.4,320,1016.0,0.0
2024-03-16T17:00,17.8,47,8.1,315,1015.9,0.0
2024-03-16T18:00,16.7,51,8.2,322,1015.8,0.0
2024-03-16T19:00,15.7,55,8.2,337,1015.3,0.0
2024-03-16T20:00,15.3,56,8.3,342,1014.6,0.0
2024-03-16T21:00,13.9,61,8.6,345,1013.9,0.0
2024-03-16T22:00,12.8,66,9.7,329,1013.8,0.0
2024-03-16T23:00,12.9,65,7.5,305,1014.1,0.0
2024-03-17T00:00,12.2,67,7.1,311,1014.4,0.0
2024-03-17T01:00,13.3,74,7.4,284,1015.5,0.0
2024-03-17T02:00,15.0,67,11.5,268,1016.0,0.0
2024-03-17T03:00,18.5,57,9.0,270,1017.0,0.0
2024-03-17T04:00,22.1,47,9.8,294,1017.4,0.0
2024-03-17T05:00,24.9,38,9.8,298,1017.3,0.0
2024-03-17T06:00,26.6,30,7.7,311,1016.9,0.0
2024-03-17T07:00,27.7,27,8.1,328,1015.8,0.0
2024-03-17T08:00,28.3,26,7.7,323,1014.8,0.0
2024-03-17T09:00,28.8,24,7.4,321,1013.8,0.0
2024-03-17T10:00,28.9,24,8.9,320,1013.2,0.0
2024-03-17T11:00,28.4,25,10.0,322,1013.0,0.0
2024-03-17T12:00,27.2,27,9.2,321,1013.1,0.0
2024-03-17T13:00,23.3,38,7.2,323,1013.4,0.0
2024-03-17T14:00,21.7,43,7.8,304,1014.0,0.0
2024-03-17T15:00,21.1,49,10.6,305,1014.5,0.0
2024-03-17T16:00,20.2,49,12.0,316,1014.9,0.0
2024-03-17T17:00,19.2,50,10.7,318,1015.0,0.0
2024-03-17T18:00,18.1,55,9.9,314,1014.5,0.0
2024-03-17T19:00,17.1,58,9.5,323,1014.0,0.0
2024-03-17T20:00,16.2,61,8.5,332,1013.6,0.0
2024-03-17T21:00,15.1,66,7.1,319,1013.1,0.0
2024-03-17T22:00,14.2,70,7.3,303,1012.9,0.0
2024-03-17T23:00,13.8,72,7.9,300,1012.7,0.0
2024-03-18T00:00,13.5,72,7.8,304,1012.9,0.0
2024-03-18T01:00,12.9,80,6.0,287,1014.1,0.0
2024-03-18T02:00,14.8,71,7.2,267,1014.7,0.0
2024-03-18T03:00,18.2,60,5.1,262,1015.4,0.0
2024-03-18T04:00,21.8,48,7.6,273,1016.0,0.0
2024-03-18T05:00,24.7,37,9.1,288,1015.7,0.0
2024-03-18T06:00,26.6,28,8.5,306,1015.1,0.0
2024-03-18T07:00,27.5,26,7.9,309,1014.1,0.0
2024-03-18T08:00,28.2,25,8.2,308,1012.8,0.0
2024-03-18T09:00,28.6,25,9.7,301,1011.8,0.0
2024-03-18T10:00,28.5,25,11.5,302,1011.1,0.0
2024-03-18T11:00,28.0,26,12.6,307,1010.8,0.0
2024-03-18T12:00,26.9,29,11.5,316,1010.9,0.0
2024-03-18T13:00,23.5,38,7.0,339,1011.5,0.0
2024-03-18T14:00,22.0,43,7.9,313,1012.3,0.0
2024-03-18T15:00,21.1,43,9.4,317,1013.1,0.0
2024-03-18T16:00,20.0,45,10.2,318,1013.4,0.0
2024-03-18T17:00,19.2,47,10.4,314,1013.3,0.0
2024-03-18T18:00,18.2,50,8.7,315,1012.9,0.0
2024-03-18T19:00,17.2,56,8.2,311,1012.4,0.0
2024-03-18T20:00,15.7,63,8.7,308,1011.9,0.0
2024-03-18T21:00,15.0,67,9.5,323,1011.6,0.0
2024-03-18T22:00,14.7,69,7.4,331,1011.5,0.0
2024-03-18T23:00,13.4,75,8.0,275,1011.4,0.0
2024-03-19T00:00,12.9,78,8.4,280,1011.9,0.0
2024-03-19T01:00,13.1,83,8.7,300,1013.2,0.0
2024-03-19T02:00,15.5,74,6.2,324,1014.4,0.0
2024-03-19T03:00,18.8,63,3.9,338,1015.2,0.0
2024-03-19T04:00,22.6,51,3.4,342,1015.6,0.0
2024-03-19T05:00,25.7,41,4.3,336,1015.4,0.0
2024-03-19T06:00,27.6,32,5.5,337,1014.7,0.0
2024-03-19T07:00,28.7,27,7.2,333,1013.6,0.0
2024-03-19T08:00,29.5,23,8.9,320,1012.5,0.0
2024-03-19T09:00,30.0,20,15.1,308,1011.5,0.0
2024-03-19T10:00,29.4,21,15.9,321,1010.8,0.0
2024-03-19T11:00,29.0,21,13.6,320,1010.6,0.0
2024-03-19T12:00,27.8,23,12.7,331,1011.1,0.0
2024-03-19T13:00,24.7,32,7.6,357,1011.1,0.0
2024-03-19T14:00,23.3,36,11.6,353,1011.6,0.0
2024-03-19T15:00,21.7,42,9.4,358,1012.8,0.0
2024-03-19T16:00,19.9,47,7.2,342,1013.3,0.0
2024-03-19T17:00,18.4,52,9.4,353,1013.4,0.0
2024-03-19T18:00,18.1,54,8.0,350,1013.2,0.0
2024-03-19T19:00,19.3,49,4.2,31,1013.2,0.0
2024-03-19T20:00,17.0,59,4.6,321,1013.3,0.0
2024-03-19T21:00,15.3,67,6.1,320,1013.1,0.0
2024-03-19T22:00,14.6,72,6.8,328,1012.8,0.0
2024-03-19T23:00,14.1,75,7.2,323,1012.8,0.0
2024-03-20T00:00,14.1,75,7.6,329,1013.5,0.0
2024-03-20T01:00,15.0,77,7.1,330,1013.9,0.0
2024-03-20T02:00,16.9,70,9.7,338,1014.5,0.0
2024-03-20T03:00,20.9,59,7.4,331,1015.3,0.0
2024-03-20T04:00,24.9,46,6.1,332,1015.7,0.0
2024-03-20T05:00,27.9,34,8.1,339,1015.4,0.0
2024-03-20T06:00,29.7,28,10.0,347,1014.5,0.0
2024-03-20T07:00,30.8,24,8.7,7,1013.5,0.0
2024-03-20T08:00,31.4,22,5.7,18,1012.4,0.0
2024-03-20T09:00,31.6,20,4.9,17,1011.3,0.0
2024-03-20T10:00,31.7,19,4.7,4,1010.5,0.0
2024-03-20T11:00,31.4,19,6.7,344,1010.1,0.0
2024-03-20T12:00,30.0,23,8.0,342,1010.1,0.0
2024-03-20T13:00,25.8,30,10.5,308,1010.2,0.0
2024-03-20T14:00,25.1,34,11.8,308,1011.2,0.0
2024-03-20T15:00,23.6,37,10.5,329,1012.1,0.0
2024-03-20T16:00,21.0,46,8.0,333,1013.1,0.0
2024-03-20T17:00,20.2,50,7.4,317,1013.7,0.0
2024-03-20T18:00,18.8,57,10.9,354,1014.1,0.0
2024-03-20T19:00,18.0,60,9.8,36,1013.9,0.0
2024-03-20T20:00,18.0,61,7.4,29,1013.6,0.0
2024-03-20T21:00,18.4,61,16.8,59,1013.2,0.0
2024-03-20T22:00,18.5,55,16.1,106,1013.2,0.0
2024-03-20T23:00,18.0,59,17.7,117,1012.8,0.0
2024-03-21T00:00,17.4,69,14.8,124,1013.3,0.0
2024-03-21T01:00,16.8,89,14.5,117,1014.3,0.0
2024-03-21T02:00,17.8,83,13.7,113,1015.0,0.0
2024-03-21T03:00,19.7,71,18.7,120,1015.6,0.0
2024-03-21T04:00,21.7,62,18.4,125,1015.8,0.0
2024-03-21T05:00,23.6,55,17.5,122,1015.5,0.0
2024-03-21T06:00,25.5,49,16.4,123,1014.7,0.0
2024-03-21T07:00,26.9,45,15.1,123,1013.8,0.0
2024-03-21T08:00,28.0,41,13.9,121,1012.3,0.0
2024-03-21T09:00,28.6,39,10.6,125,1011.1,0.0
2024-03-21T10:00,28.8,38,8.2,128,1010.2,0.0
2024-03-21T11:00,28.8,36,7.7,127,1009.7,0.0
2024-03-21T12:00,28.0,38,7.9,133,1009.9,0.0
2024-03-21T13:00,24.9,50,8.7,114,1010.6,0.0
2024-03-21T14:00,23.1,57,8.8,102,1011.4,0.0
2024-03-21T15:00,22.2,61,10.8,105,1012.2,0.0
2024-03-21T16:00,21.5,64,8.9,130,1012.7,0.0
2024-03-21T17:00,21.5,63,9.6,124,1013.0,0.0
2024-03-21T18:00,21.3,63,12.1,100,1012.7,0.0
2024-03-21T19:00,20.0,67,12.4,112,1012.2,0.0
2024-03-21T20:00,19.5,69,11.3,121,1011.6,0.0
2024-03-21T21:00,19.0,72,9.7,112,1011.4,0.0
2024-03-21T22:00,18.5,74,10.7,123,1011.1,0.0
2024-03-21T23:00,18.2,75,11.3,121,1010.7,0.0
2024-03-22T00:00,17.7,77,11.8,121,1010.8,0.0
2024-03-22T01:00,17.5,85,7.1,131,1011.5,0.0
2024-03-22T02:00,19.0,79,10.0,116,1011.9,0.0
2024-03-22T03:00,21.5,68,10.6,114,1012.4,0.0
2024-03-22T04:00,24.2,58,12.2,133,1012.4,0.0
2024-03-22T05:00,26.9,49,11.8,142,1012.0,0.0
2024-03-22T06:00,28.9,42,11.0,148,1011.2,0.0
2024-03-22T07:00,30.3,36,9.0,143,1009.9,0.0
2024-03-22T08:00,31.2,33,6.6,135,1008.4,0.0
2024-03-22T09:00,31.8,31,5.4,132,1006.9,0.0
2024-03-22T10:00,32.1,30,4.5,119,1005.9,0.0
2024-03-22T11:00,32.0,30,6.1,62,1005.9,0.0
2024-03-22T12:00,30.2,35,14.9,58,1005.7,0.0
2024-03-22T13:00,27.7,39,9.7,39,1005.7,0.0
2024-03-22T14:00,24.2,50,9.5,37,1006.1,0.0
2024-03-22T15:00,25.8,44,3.8,107,1007.2,0.0
2024-03-22T16:00,25.5,44,1.6,243,1007.8,0.0
2024-03-22T17:00,22.3,55,5.0,339,1008.0,0.0
2024-03-22T18:00,22.0,55,5.8,356,1008.0,0.0
2024-03-22T19:00,20.0,64,9.7,358,1007.9,0.0
2024-03-22T20:00,19.7,65,7.6,352,1007.8,0.0
2024-03-22T21:00,19.4,69,8.1,347,1007.8,0.0
2024-03-22T22:00,18.6,71,7.8,347,1007.6,0.0
2024-03-22T23:00,18.6,72,8.4,335,1007.6,0.0
2024-03-23T00:00,18.3,74,8.2,331,1007.7,0.0
2024-03-23T01:00,18.4,85,6.5,326,1008.5,0.0
2024-03-23T02:00,20.3,77,9.5,307,1009.3,0.0
2024-03-23T03:00,23.4,66,7.4,293,1009.9,0.0
2024-03-23T04:00,26.6,54,9.2,291,1009.9,0.0
2024-03-23T05:00,29.5,42,11.8,293,1009.6,0.0
2024-03-23T06:00,31.7,30,14.7,298,1009.2,0.0
2024-03-23T07:00,33.0,24,16.9,304,1008.4,0.0
2024-03-23T08:00,33.4,23,19.4,305,1007.4,0.0
2024-03-23T09:00,33.7,22,19.6,306,1006.5,0.0
2024-03-23T10:00,33.7,21,20.4,306,1005.9,0.0
2024-03-23T11:00,33.0,23,20.1,306,1005.8,0.0
2024-03-23T12:00,31.9,25,16.0,306,1005.9,0.0
2024-03-23T13:00,28.7,26,9.0,323,1006.6,0.0
2024-03-23T14:00,26.5,32,9.2,321,1007.4,0.0
2024-03-23T15:00,24.9,34,8.5,324,1008.1,0.0
2024-03-23T16:00,23.4,38,8.6,327,1008.7,0.0
2024-03-23T17:00,22.8,41,9.8,332,1008.7,0.0
2024-03-23T18:00,22.6,43,11.4,342,1008.5,0.0
2024-03-23T19:00,22.2,45,13.4,354,1008.0,0.0
2024-03-23T20:00,21.6,48,14.8,354,1007.4,0.0
2024-03-23T21:00,21.0,51,14.1,3,1007.0,0.0
2024-03-23T22:00,19.2,59,10.8,26,1006.9,0.0
2024-03-23T23:00,19.2,57,4.0,207,1007.3,0.0
2024-03-24T00:00,18.6,59,7.1,240,1008.0,0.0
2024-03-24T01:00,18.7,64,7.1,285,1008.9,0.0
2024-03-24T02:00,20.5,58,11.2,270,1010.1,0.0
2024-03-24T03:00,24.0,49,9.8,276,1011.5,0.0
2024-03-24T04:00,27.0,43,11.2,285,1011.9,0.0
2024-03-24T05:00,29.2,37,15.5,312,1012.0,0.0
2024-03-24T06:00,29.7,33,22.7,333,1012.1,0.0
2024-03-24T07:00,29.4,35,21.4,340,1011.6,0.0
2024-03-24T08:00,30.8,29,24.9,340,1011.0,0.0
2024-03-24T09:00,30.5,28,30.0,346,1010.6,0.0
2024-03-24T10:00,28.6,31,36.4,360,1010.4,0.0
2024-03-24T11:00,26.7,36,20.9,19,1010.4,0.0
2024-03-24T12:00,26.2,40,10.4,46,1009.8,0.0
2024-03-24T13:00,25.8,44,13.5,42,1010.5,0.0
2024-03-24T14:00,23.7,52,8.5,54,1010.6,0.0
2024-03-24T15:00,23.2,54,1.1,198,1012.1,0.0
2024-03-24T16:00,22.7,56,2.5,262,1013.0,0.0
2024-03-24T17:00,20.3,66,5.4,266,1013.2,0.0
2024-03-24T18:00,20.2,66,6.1,270,1012.8,0.0
2024-03-24T19:00,19.6,69,8.4,280,1012.5,0.0
2024-03-24T20:00,19.1,70,8.4,277,1012.2,0.0
2024-03-24T21:00,18.6,72,7.6,295,1011.9,0.0
2024-03-24T22:00,17.4,78,6.1,315,1011.8,0.0
2024-03-24T23:00,16.8,81,5.9,313,1011.8,0.0
2024-03-25T00:00,16.6,82,6.1,315,1012.3,0.0
2024-03-25T01:00,17.3,79,8.3,304,1013.5,0.0
2024-03-25T02:00,19.4,70,10.0,308,1014.1,0.0
2024-03-25T03:00,22.9,58,8.1,315,1014.6,0.0
2024-03-25T04:00,26.5,49,8.5,332,1014.7,0.0
2024-03-25T05:00,28.9,43,12.2,326,1014.5,0.0
2024-03-25T06:00,30.3,36,13.7,315,1013.7,0.0
2024-03-25T07:00,31.5,32,14.5,316,1012.5,0.0
2024-03-25T08:00,32.3,30,16.3,311,1011.3,0.0
2024-03-25T09:00,32.7,27,18.9,310,1010.4,0.0
2024-03-25T10:00,32.7,26,21.4,311,1009.6,0.0
2024-03-25T11:00,32.1,26,22.4,315,1009.4,0.0
2024-03-25T12:00,31.0,28,20.1,316,1009.2,0.0
2024-03-25T13:00,28.8,25,12.0,303,1009.8,0.0
2024-03-25T14:00,27.0,30,15.3,311,1010.4,0.0
2024-03-25T15:00,25.8,33,13.4,324,1010.8,0.0
2024-03-25T16:00,24.4,37,12.2,317,1011.3,0.0
2024-03-25T17:00,23.0,43,10.9,316,1011.7,0.0
2024-03-25T18:00,21.8,47,10.2,321,1011.5,0.0
2024-03-25T19:00,21.1,49,9.7,321,1011.1,0.0
2024-03-25T20:00,20.6,50,9.4,313,1010.3,0.0
2024-03-25T21:00,20.1,52,9.3,306,1009.5,0.0
2024-03-25T22:00,19.5,55,9.1,288,1009.1,0.0
2024-03-25T23:00,19.1,57,9.5,281,1009.2,0.0
2024-03-26T00:00,18.5,60,8.4,277,1009.5,0.0
2024-03-26T01:00,19.3,67,9.8,278,1010.6,0.0
2024-03-26T02:00,20.7,64,11.6,277,1011.6,0.0
2024-03-26T03:00,23.4,56,8.0,260,1012.2,0.0
2024-03-26T04:00,26.1,48,7.6,262,1012.8,0.0
2024-03-26T05:00,28.6,41,8.4,263,1012.9,0.0
2024-03-26T06:00,30.6,34,10.1,272,1012.7,0.0
2024-03-26T07:00,32.3,27,11.6,292,1012.0,0.0
2024-03-26T08:00,33.3,24,13.3,303,1010.9,0.0
2024-03-26T09:00,33.5,23,14.1,302,1009.9,0.0
2024-03-26T10:00,33.5,24,13.8,298,1009.2,0.0
2024-03-26T11:00,33.1,24,13.6,292,1009.3,0.0
2024-03-26T12:00,31.8,28,11.8,282,1009.5,0.0
2024-03-26T13:00,29.6,31,8.0,333,1009.8,0.0
2024-03-26T14:00,28.0,36,9.9,341,1010.7,0.0
2024-03-26T15:00,26.4,40,9.1,7,1011.4,0.0
2024-03-26T16:00,24.6,48,7.3,20,1011.9,0.0
2024-03-26T17:00,23.8,55,8.7,30,1012.2,0.0
2024-03-26T18:00,22.8,61,9.7,39,1012.1,0.0
2024-03-26T19:00,22.2,62,11.9,178,1012.7,0.0
2024-03-26T20:00,22.6,56,6.1,177,1012.1,0.0
2024-03-26T21:00,22.1,57,6.4,164,1011.9,0.0
2024-03-26T22:00,20.4,63,8.4,173,1011.5,0.0
2024-03-26T23:00,22.2,54,4.7,176,1011.6,0.0
2024-03-27T00:00,19.8,65,4.0,27,1012.0,0.0
2024-03-27T01:00,22.0,63,14.1,341,1014.7,0.0
2024-03-27T02:00,22.9,61,7.2,6,1014.8,0.0
2024-03-27T03:00,24.1,58,5.6,345,1015.3,0.0
2024-03-27T04:00,28.4,40,3.7,331,1015.3,0.0
2024-03-27T05:00,31.1,32,3.0,256,1015.0,0.0
2024-03-27T06:00,32.7,26,2.4,27,1014.3,0.0
2024-03-27T07:00,34.4,24,4.1,38,1013.3,0.0
2024-03-27T08:00,35.2,24,7.2,3,1012.4,0.0
2024-03-27T09:00,35.7,23,9.1,342,1011.0,0.0
2024-03-27T10:00,35.7,24,11.0,337,1010.1,0.0
2024-03-27T11:00,35.2,25,13.3,327,1009.8,0.0
2024-03-27T12:00,34.0,28,11.2,310,1009.8,0.0
2024-03-27T13:00,32.9,28,11.2,310,1010.0,0.0
2024-03-27T14:00,31.0,31,11.7,315,1010.9,0.0
2024-03-27T15:00,29.1,43,16.2,13,1012.1,0.0
2024-03-27T16:00,27.5,49,12.4,8,1012.3,0.0
2024-03-27T17:00,26.0,52,8.0,352,1012.3,0.0
2024-03-27T18:00,24.1,56,9.7,312,1012.3,0.0
2024-03-27T19:00,25.7,48,3.5,246,1011.7,0.0
2024-03-27T20:00,23.6,54,4.6,231,1011.2,0.0
2024-03-27T21:00,22.6,59,6.5,270,1010.4,0.0
2024-03-27T22:00,22.8,58,5.4,290,1009.5,0.0
2024-03-27T23:00,21.8,62,5.9,308,1009.0,0.0
2024-03-28T00:00,21.7,62,6.9,317,1009.1,0.0
2024-03-28T01:00,22.6,57,9.6,290,1010.8,0.0
2024-03-28T02:00,23.4,58,11.4,283,1011.7,0.0
2024-03-28T03:00,25.5,52,8.7,300,1012.2,0.0
2024-03-28T04:00,27.9,47,6.7,306,1012.3,0.0
2024-03-28T05:00,30.3,41,5.2,295,1012.0,0.0
2024-03-28T06:00,32.7,35,3.1,306,1011.0,0.0
2024-03-28T07:00,34.5,31,3.4,328,1009.8,0.0
2024-03-28T08:00,36.0,27,4.8,318,1008.8,0.0
2024-03-28T09:00,36.7,24,7.9,313,1007.6,0.0
2024-03-28T10:00,36.7,24,10.9,316,1007.0,0.0
2024-03-28T11:00,36.0,25,13.6,302,1007.0,0.0
2024-03-28T12:00,34.9,28,12.1,300,1007.2,0.0
2024-03-28T13:00,32.4,32,12.6,360,1007.6,0.0
2024-03-28T14:00,31.7,30,17.1,338,1008.0,0.0
2024-03-28T15:00,30.0,33,17.1,353,1008.7,0.0
2024-03-28T16:00,28.4,40,14.8,357,1009.5,0.0
2024-03-28T17:00,26.9,45,9.4,353,1009.6,0.0
2024-03-28T18:00,25.4,50,7.0,348,1009.2,0.0
2024-03-28T19:00,23.7,58,8.4,350,1008.8,0.0
2024-03-28T20:00,22.8,62,8.0,350,1008.2,0.0
2024-03-28T21:00,22.1,64,7.5,343,1007.6,0.0
2024-03-28T22:00,21.8,65,6.6,331,1007.0,0.0
2024-03-28T23:00,21.6,65,5.8,356,1007.1,0.0
2024-03-29T00:00,20.5,71,7.3,349,1007.5,0.0
2024-03-29T01:00,20.4,74,4.5,346,1009.5,0.0
2024-03-29T02:00,22.1,66,5.2,348,1010.3,0.0
2024-03-29T03:00,24.8,58,5.2,16,1011.1,0.0
2024-03-29T04:00,27.7,49,7.6,59,1011.9,0.0
2024-03-29T05:00,30.4,42,8.8,71,1011.6,0.0
2024-03-29T06:00,32.5,36,8.7,83,1011.2,0.0
2024-03-29T07:00,34.0,33,7.7,79,1010.1,0.0
2024-03-29T08:00,35.3,31,8.2,75,1008.9,0.0
2024-03-29T09:00,35.8,30,7.4,67,1007.9,0.0
2024-03-29T10:00,34.9,32,10.9,96,1007.3,0.1
2024-03-29T11:00,34.3,32,8.7,38,1007.1,0.0
2024-03-29T12:00,32.1,37,15.6,157,1007.7,0.0
2024-03-29T13:00,29.7,44,3.8,17,1007.7,0.0
2024-03-29T14:00,30.4,39,3.8,319,1008.6,0.0
2024-03-29T15:00,29.3,42,4.0,243,1008.7,0.0
2024-03-29T16:00,26.6,49,14.6,140,1009.0,0.0
2024-03-29T17:00,26.1,50,12.1,150,1009.0,0.0
2024-03-29T18:00,25.6,51,11.8,142,1009.1,0.0
2024-03-29T19:00,25.2,53,10.8,150,1008.7,0.0
2024-03-29T20:00,25.3,53,11.0,139,1008.1,0.0
2024-03-29T21:00,25.2,52,10.6,152,1007.4,0.0
2024-03-29T22:00,24.1,55,7.9,150,1007.0,0.0
2024-03-29T23:00,23.7,56,9.3,167,1007.2,0.0
2024-03-30T00:00,23.0,58,8.9,207,1007.9,0.0
2024-03-30T01:00,23.5,57,21.6,4,1009.4,0.0
2024-03-30T02:00,22.7,65,17.7,38,1010.4,0.0
2024-03-30T03:00,25.6,57,13.1,32,1011.7,0.0
2024-03-30T04:00,27.9,51,17.5,37,1012.0,0.0
2024-03-30T05:00,30.5,40,16.9,50,1011.8,0.0
2024-03-30T06:00,32.4,34,9.8,73,1011.2,0.0
2024-03-30T07:00,33.4,32,4.1,52,1010.7,0.0
2024-03-30T08:00,34.1,30,3.3,347,1009.8,0.0
2024-03-30T09:00,34.8,26,6.8,302,1008.7,0.0
2024-03-30T10:00,34.1,24,16.2,307,1008.3,0.0
2024-03-30T11:00,32.9,26,12.8,302,1008.0,0.0
2024-03-30T12:00,32.4,26,10.2,309,1008.0,0.0
2024-03-30T13:00,31.5,22,13.3,327,1007.5,0.0
2024-03-30T14:00,28.7,28,10.8,358,1008.3,0.0
2024-03-30T15:00,27.1,34,11.3,17,1009.0,0.0
2024-03-30T16:00,26.1,33,10.7,20,1010.1,0.0
2024-03-30T17:00,25.0,36,10.5,22,1010.6,0.0
2024-03-30T18:00,24.2,40,8.5,28,1010.5,0.0
2024-03-30T19:00,23.0,44,8.4,70,1010.4,0.0
2024-03-30T20:00,22.5,48,8.6,57,1009.7,0.0
2024-03-30T21:00,23.5,45,3.2,333,1009.5,0.0
2024-03-30T22:00,22.7,48,6.4,63,1009.3,0.0
2024-03-30T23:00,19.8,60,7.6,45,1009.3,0.0
2024-03-31T00:00,20.1,60,5.1,8,1009.9,0.0
2024-03-31T01:00,21.2,69,12.3,265,1011.2,0.0
2024-03-31T02:00,22.7,65,6.5,289,1011.8,0.0
2024-03-31T03:00,25.1,57,9.8,324,1012.7,0.0
2024-03-31T04:00,27.8,50,9.7,329,1012.9,0.0
2024-03-31T05:00,30.0,45,8.6,327,1012.6,0.0
2024-03-31T06:00,31.9,37,9.9,314,1012.0,0.0
2024-03-31T07:00,33.2,29,11.8,301,1011.4,0.0
2024-03-31T08:00,33.9,23,14.2,297,1010.5,0.0
2024-03-31T09:00,34.3,20,14.9,302,1009.4,0.0
2024-03-31T10:00,34.3,18,17.1,300,1008.7,0.0
2024-03-31T11:00,33.3,20,20.2,301,1008.4,0.0
2024-03-31T12:00,32.2,23,17.1,305,1008.5,0.0
2024-03-31T13:00,29.1,21,12.1,330,1009.3,0.0
2024-03-31T14:00,27.4,24,13.7,342,1009.7,0.0
2024-03-31T15:00,26.4,25,14.0,342,1010.1,0.0
2024-03-31T16:00,25.3,29,15.6,345,1010.4,0.0
2024-03-31T17:00,24.6,34,17.3,355,1010.4,0.0
2024-03-31T18:00,23.6,40,14.7,343,1010.0,0.0
2024-03-31T19:00,22.4,44,12.0,339,1009.5,0.0
2024-03-31T20:00,21.4,48,10.6,332,1009.0,0.0
2024-03-31T21:00,20.5,51,10.0,319,1008.8,0.0
2024-03-31T22:00,19.8,54,9.2,312,1008.3,0.0
2024-03-31T23:00,19.2,57,9.0,286,1008.4,0.0
2024-04-01T00:00,18.7,60,10.9,278,1008.9,0.0
2024-04-01T01:00,19.2,72,10.7,284,1009.8,0.0
2024-04-01T02:00,20.7,67,11.5,274,1010.2,0.0
2024-04-01T03:00,22.8,60,13.4,276,1010.7,0.0
2024-04-01T04:00,25.4,50,14.6,290,1010.8,0.0
2024-04-01T05:00,27.5,41,15.0,294,1010.3,0.0
2024-04-01T06:00,29.8,29,17.1,292,1009.8,0.0
2024-04-01T07:00,31.0,23,18.2,297,1008.7,0.0
2024-04-01T08:00,31.2,22,19.2,298,1007.9,0.0
2024-04-01T09:00,31.3,20,19.7,298,1007.1,0.0
2024-04-01T10:00,31.6,20,20.8,298,1006.5,0.0
2024-04-01T11:00,30.9,20,20.0,300,1006.2,0.0
2024-04-01T12:00,29.9,21,18.5,299,1006.2,0.0
2024-04-01T13:00,27.3,24,10.0,311,1007.4,0.0
2024-04-01T14:00,24.8,31,8.7,318,1008.3,0.0
2024-04-01T15:00,23.2,35,9.6,326,1009.0,0.0
2024-04-01T16:00,22.8,32,12.1,330,1009.2,0.0
2024-04-01T17:00,22.0,32,11.9,331,1008.9,0.0
2024-04-01T18:00,21.2,34,10.5,329,1008.7,0.0
2024-04-01T19:00,20.3,38,10.9,333,1008.3,0.0
2024-04-01T20:00,19.5,42,10.0,334,1007.9,0.0
2024-04-01T21:00,18.3,47,8.1,328,1007.3,0.0
2024-04-01T22:00,17.8,50,7.4,321,1006.9,0.0
2024-04-01T23:00,17.3,53,7.2,323,1006.8,0.0
2024-04-02T00:00,16.7,56,6.6,311,1007.1,0.0
2024-04-02T01:00,18.1,63,8.7,294,1007.9,0.0
2024-04-02T02:00,19.9,59,10.0,283,1008.5,0.0
2024-04-02T03:00,22.8,50,8.9,284,1009.0,0.0
2024-04-02T04:00,25.9,41,9.6,290,1009.1,0.0
2024-04-02T05:00,28.6,32,12.2,294,1008.9,0.0
2024-04-02T06:00,30.7,26,16.1,297,1008.4,0.0
2024-04-02T07:00,31.9,22,20.0,300,1007.7,0.0
2024-04-02T08:00,32.6,18,21.1,303,1007.0,0.0
2024-04-02T09:00,32.9,17,22.0,305,1006.1,0.0
2024-04-02T10:00,32.8,16,21.2,305,1005.4,0.0
2024-04-02T11:00,32.1,17,19.0,307,1005.1,0.0
2024-04-02T12:00,31.0,19,15.8,315,1005.4,0.0
2024-04-02T13:00,28.5,19,11.6,334,1006.1,0.0
2024-04-02T14:00,27.0,21,15.2,355,1006.7,0.0
2024-04-02T15:00,26.5,22,14.4,356,1007.3,0.0
2024-04-02T16:00,25.1,25,11.9,2,1007.9,0.0
2024-04-02T17:00,24.4,28,9.4,2,1008.2,0.0
2024-04-02T18:00,23.5,31,6.5,6,1008.2,0.0
2024-04-02T19:00,22.6,33,6.5,360,1007.9,0.0
2024-04-02T20:00,22.4,34,6.2,7,1007.4,0.0
2024-04-02T21:00,22.4,35,4.6,72,1007.5,0.0
2024-04-02T22:00,19.7,43,5.7,145,1007.4,0.0
2024-04-02T23:00,21.2,37,1.8,217,1007.6,0.0
2024-04-03T00:00,21.0,38,1.1,252,1007.9,0.0
2024-04-03T01:00,20.5,43,0.5,225,1008.9,0.0
2024-04-03T02:00,21.4,45,1.5,256,1009.3,0.0
2024-04-03T03:00,24.9,37,4.0,10,1009.9,0.0
2024-04-03T04:00,28.1,32,8.2,23,1010.2,0.0
2024-04-03T05:00,31.7,22,10.1,27,1010.1,0.0
2024-04-03T06:00,33.6,16,7.9,24,1009.8,0.0
2024-04-03T07:00,34.1,15,6.0,17,1009.1,0.0
2024-04-03T08:00,34.9,14,6.6,9,1008.1,0.0
2024-04-03T09:00,35.3,13,9.5,11,1007.0,0.0
2024-04-03T10:00,35.1,13,12.2,14,1006.1,0.0
2024-04-03T11:00,34.7,13,14.2,9,1005.7,0.0
2024-04-03T12:00,33.2,15,16.2,3,1005.8,0.0
2024-04-03T13:00,30.0,18,16.6,18,1006.6,0.0
2024-04-03T14:00,28.5,20,15.3,27,1006.9,0.0
2024-04-03T15:00,28.1,22,14.0,29,1007.6,0.0
2024-04-03T16:00,27.1,25,13.5,34,1008.5,0.0
2024-04-03T17:00,26.4,28,12.3,32,1008.7,0.0
2024-04-03T18:00,24.7,33,10.6,24,1008.8,0.0
2024-04-03T19:00,23.2,40,9.0,2,1008.7,0.0
2024-04-03T20:00,22.2,40,6.6,351,1008.4,0.0
2024-04-03T21:00,22.5,39,10.4,2,1007.9,0.0
2024-04-03T22:00,20.3,47,9.7,4,1007.5,0.0
2024-04-03T23:00,20.2,47,7.6,71,1007.1,0.0
2024-04-04T00:00,21.4,43,2.7,157,1007.2,0.0
2024-04-04T01:00,22.9,50,8.5,348,1008.5,0.0
2024-04-04T02:00,24.9,46,10.4,358,1008.9,0.0
2024-04-04T03:00,28.1,38,6.6,29,1009.3,0.0
2024-04-04T04:00,31.2,30,8.1,45,1009.6,0.0
2024-04-04T05:00,33.7,21,11.6,36,1009.5,0.0
2024-04-04T06:00,34.9,18,10.2,10,1009.1,0.0
2024-04-04T07:00,35.7,16,10.3,335,1008.5,0.0
2024-04-04T08:00,36.1,14,13.8,332,1007.7,0.0
2024-04-04T09:00,35.9,14,14.8,337,1007.0,0.0
2024-04-04T10:00,35.7,15,14.2,344,1006.2,0.0
2024-04-04T11:00,35.1,15,14.8,354,1006.0,0.0
2024-04-04T12:00,33.9,17,17.7,17,1005.9,0.0
2024-04-04T13:00,31.9,16,17.6,349,1006.5,0.0
2024-04-04T14:00,30.2,18,18.4,358,1006.9,0.0
2024-04-04T15:00,28.1,22,11.2,6,1007.8,0.0
2024-04-04T16:00,26.8,25,11.4,349,1008.6,0.0
2024-04-04T17:00,26.1,27,10.2,350,1008.6,0.0
2024-04-04T18:00,25.0,29,9.4,358,1008.3,0.0
2024-04-04T19:00,24.2,29,7.8,13,1007.8,0.0
2024-04-04T20:00,23.0,33,10.4,14,1007.5,0.0
2024-04-04T21:00,22.3,35,10.1,358,1007.4,0.0
2024-04-04T22:00,21.4,38,8.5,332,1007.0,0.0
2024-04-04T23:00,21.0,39,6.5,304,1007.1,0.0
2024-04-05T00:00,20.7,39,6.6,279,1007.4,0.0
2024-04-05T01:00,23.3,36,10.5,308,1008.1,0.0
2024-04-05T02:00,25.3,32,13.1,307,1008.6,0.0
2024-04-05T03:00,27.4,30,14.8,317,1009.4,0.0
2024-04-05T04:00,30.5,26,11.9,325,1009.7,0.0
2024-04-05T05:00,33.5,18,18.7,335,1009.2,0.0
2024-04-05T06:00,34.5,16,19.0,331,1008.9,0.0
2024-04-05T07:00,35.4,15,18.7,308,1007.8,0.0
2024-04-05T08:00,36.0,14,25.3,298,1006.9,0.0
2024-04-05T09:00,34.5,15,23.4,299,1006.0,0.0
2024-04-05T10:00,34.7,15,27.7,308,1005.6,0.0
2024-04-05T11:00,32.8,17,25.5,301,1005.9,0.0
2024-04-05T12:00,32.1,18,22.4,259,1005.9,0.0
2024-04-05T13:00,30.6,21,15.6,232,1006.4,0.0
2024-04-05T14:00,28.8,22,10.2,247,1006.8,0.0
2024-04-05T15:00,27.2,25,11.8,293,1007.6,0.0
2024-04-05T16:00,27.5,22,11.6,324,1008.6,0.0
2024-04-05T17:00,25.9,25,8.9,346,1008.8,0.0
2024-04-05T18:00,24.1,27,9.0,355,1008.5,0.0
2024-04-05T19:00,23.3,27,10.1,343,1008.1,0.0
2024-04-05T20:00,22.5,28,10.0,345,1007.6,0.0
2024-04-05T21:00,21.8,29,9.9,350,1007.3,0.0
2024-04-05T22:00,21.3,30,10.5,352,1007.0,0.0
2024-04-05T23:00,20.7,31,9.7,345,1007.0,0.0
2024-04-06T00:00,20.0,32,8.4,335,1007.2,0.0
2024-04-06T01:00,19.8,36,7.7,298,1008.6,0.0
2024-04-06T02:00,22.3,33,10.2,293,1009.2,0.0
2024-04-06T03:00,25.7,27,9.2,291,1009.9,0.0
2024-04-06T04:00,28.6,22,10.3,295,1010.2,0.0
2024-04-06T05:00,31.1,18,12.0,309,1010.0,0.0
2024-04-06T06:00,33.1,14,14.6,322,1009.4,0.0
2024-04-06T07:00,34.2,12,17.5,323,1008.5,0.0
2024-04-06T08:00,34.6,13,19.6,313,1007.3,0.0
2024-04-06T09:00,34.9,12,19.8,307,1006.3,0.0
2024-04-06T10:00,34.7,12,20.2,301,1005.4,0.0
2024-04-06T11:00,34.1,11,19.9,290,1005.0,0.0
2024-04-06T12:00,33.1,12,16.4,279,1005.0,0.0
2024-04-06T13:00,30.4,18,11.6,334,1005.6,0.0
2024-04-06T14:00,27.9,20,10.2,350,1006.5,0.0
2024-04-06T15:00,26.5,20,10.5,352,1007.2,0.0
2024-04-06T16:00,25.3,21,8.9,346,1008.0,0.0
2024-04-06T17:00,24.7,20,10.6,336,1008.1,0.0
2024-04-06T18:00,24.3,21,11.8,337,1007.9,0.0
2024-04-06T19:00,23.4,22,9.3,332,1007.5,0.0
2024-04-06T20:00,21.6,25,9.4,328,1007.2,0.0
2024-04-06T21:00,20.4,28,11.4,305,1007.0,0.0
2024-04-06T22:00,19.0,31,9.1,252,1006.9,0.0
2024-04-06T23:00,18.1,33,7.8,248,1007.1,0.0
2024-04-07T00:00,17.2,37,7.0,282,1007.6,0.0
2024-04-07T01:00,18.7,38,5.4,270,1008.7,0.0
2024-04-07T02:00,21.7,33,8.6,285,1009.4,0.0
2024-04-07T03:00,25.3,27,7.2,273,1010.2,0.0
2024-04-07T04:00,28.8,21,7.3,281,1010.2,0.0
2024-04-07T05:00,31.7,17,10.5,297,1009.8,0.0
2024-04-07T06:00,33.7,12,18.4,312,1009.1,0.0
2024-04-07T07:00,34.4,11,19.9,318,1008.2,0.0
2024-04-07T08:00,35.2,10,18.1,317,1007.0,0.0
2024-04-07T09:00,35.2,9,19.4,318,1006.1,0.0
2024-04-07T10:00,34.8,9,19.9,318,1005.3,0.0
2024-04-07T11:00,34.4,9,20.4,312,1005.3,0.0
2024-04-07T12:00,33.2,10,20.2,311,1005.6,0.0
2024-04-07T13:00,31.4,11,14.4,323,1005.7,0.0
2024-04-07T14:00,29.2,12,9.2,329,1006.3,0.0
2024-04-07T15:00,25.7,17,8.3,288,1006.9,0.0
2024-04-07T16:00,25.7,17,11.3,323,1008.1,0.0
2024-04-07T17:00,24.6,19,9.6,326,1008.6,0.0
2024-04-07T18:00,23.4,22,8.4,335,1008.3,0.0
2024-04-07T19:00,22.1,25,7.5,305,1007.9,0.0
2024-04-07T20:00,20.9,28,8.9,284,1007.6,0.0
2024-04-07T21:00,19.9,32,9.0,275,1007.0,0.0
2024-04-07T22:00,19.3,33,7.7,281,1007.0,0.0
2024-04-07T23:00,19.2,33,7.6,265,1007.4,0.0
2024-04-08T00:00,19.0,33,7.9,267,1007.8,0.0
2024-04-08T01:00,19.1,39,5.9,313,1008.9,0.0
2024-04-08T02:00,22.1,34,8.4,335,1009.6,0.0
2024-04-08T03:00,26.5,28,3.3,311,1010.2,0.0
2024-04-08T04:00,30.3,22,2.9,277,1010.7,0.0
2024-04-08T05:00,33.1,17,4.6,309,1010.7,0.0
2024-04-08T06:00,34.7,14,7.5,325,1010.4,0.0
2024-04-08T07:00,35.8,11,9.7,312,1009.6,0.0
2024-04-08T08:00,36.5,11,12.4,306,1008.9,0.0
2024-04-08T09:00,36.8,10,15.6,310,1008.1,0.0
2024-04-08T10:00,36.2,11,18.8,317,1007.3,0.0
2024-04-08T11:00,35.7,10,16.8,312,1007.1,0.0
2024-04-08T12:00,34.9,11,15.1,327,1007.0,0.0
2024-04-08T13:00,31.9,10,12.8,349,1007.0,0.0
2024-04-08T14:00,29.9,12,13.4,346,1007.7,0.0
2024-04-08T15:00,28.0,14,12.0,351,1008.9,0.0
2024-04-08T16:00,25.7,18,8.0,5,1009.7,0.0
2024-04-08T17:00,23.8,23,9.8,8,1009.7,0.0
2024-04-08T18:00,22.6,27,11.8,20,1009.5,0.0
2024-04-08T19:00,25.3,21,2.4,153,1009.3,0.0
2024-04-08T20:00,21.7,27,4.3,180,1008.9,0.0
2024-04-08T21:00,20.2,29,7.2,198,1008.7,0.0
2024-04-08T22:00,19.7,29,8.5,216,1008.8,0.0
2024-04-08T23:00,20.1,29,5.4,262,1008.7,0.0
2024-04-09T00:00,18.5,33,6.5,276,1009.2,0.0
2024-04-09T01:00,20.2,36,6.3,336,1009.9,0.0
2024-04-09T02:00,22.7,33,0.8,207,1010.9,0.0
2024-04-09T03:00,26.6,26,0.0,270,1011.4,0.0
2024-04-09T04:00,30.3,20,1.8,37,1011.5,0.0
2024-04-09T05:00,32.7,17,1.6,27,1011.3,0.0
2024-04-09T06:00,34.6,14,1.9,22,1010.9,0.0
2024-04-09T07:00,36.1,12,3.9,338,1010.2,0.0
2024-04-09T08:00,37.2,9,9.2,315,1009.1,0.0
2024-04-09T09:00,37.7,8,14.8,313,1008.0,0.0
2024-04-09T10:00,37.3,8,17.6,316,1007.1,0.0
2024-04-09T11:00,36.7,8,17.2,327,1006.5,0.0
2024-04-09T12:00,35.6,8,15.1,335,1006.4,0.0
2024-04-09T13:00,32.6,10,17.2,16,1007.3,0.0
2024-04-09T14:00,30.8,12,17.2,20,1008.0,0.0
2024-04-09T15:00,29.3,13,13.4,27,1008.8,0.0
2024-04-09T16:00,27.6,16,9.0,16,1009.6,0.0
2024-04-09T17:00,25.7,20,10.6,28,1009.8,0.0
2024-04-09T18:00,24.1,21,12.1,23,1009.7,0.0
2024-04-09T19:00,24.1,20,9.4,23,1009.4,0.0
2024-04-09T20:00,22.5,24,8.7,97,1009.1,0.0
2024-04-09T21:00,21.7,24,8.0,185,1009.2,0.0
2024-04-09T22:00,21.8,25,3.0,284,1008.9,0.0
2024-04-09T23:00,19.5,30,6.6,279,1009.2,0.0
2024-04-10T00:00,19.1,32,6.5,267,1009.4,0.0
2024-04-10T01:00,21.9,42,7.2,342,1010.2,0.0
2024-04-10T02:00,24.1,39,4.2,20,1011.3,0.0
2024-04-10T03:00,27.5,34,4.2,70,1011.8,0.0
2024-04-10T04:00,31.3,28,7.8,77,1011.7,0.0
2024-04-10T05:00,34.2,23,7.6,93,1011.2,0.0
2024-04-10T06:00,35.7,20,4.5,76,1010.7,0.0
2024-04-10T07:00,37.2,15,6.3,13,1009.6,0.0
2024-04-10T08:00,37.5,13,12.3,15,1008.9,0.0
2024-04-10T09:00,36.6,12,10.9,354,1008.2,0.0
2024-04-10T10:00,37.1,10,6.4,308,1007.1,0.0
2024-04-10T11:00,37.0,11,9.2,321,1006.3,0.0
2024-04-10T12:00,35.9,11,16.9,340,1006.3,0.0
2024-04-10T13:00,31.9,15,9.4,72,1007.0,0.0
2024-04-10T14:00,28.9,16,9.7,88,1007.9,0.0
2024-04-10T15:00,28.1,17,8.8,99,1008.9,0.0
2024-04-10T16:00,26.0,20,7.6,82,1009.7,0.0
2024-04-10T17:00,25.0,23,7.9,90,1010.2,0.0
2024-04-10T18:00,23.5,26,7.9,114,1009.9,0.0
2024-04-10T19:00,22.7,28,8.4,130,1009.7,0.0
2024-04-10T20:00,24.0,26,11.3,189,1009.5,0.0
2024-04-10T21:00,22.4,30,11.4,167,1009.0,0.0
2024-04-10T22:00,21.2,32,8.9,122,1008.7,0.0
2024-04-10T23:00,21.0,33,7.1,131,1009.0,0.0
2024-04-11T00:00,20.9,34,8.7,156,1009.6,0.0
2024-04-11T01:00,22.8,34,5.8,86,1010.8,0.0
2024-04-11T02:00,24.5,32,10.2,293,1012.1,0.0
2024-04-11T03:00,28.2,27,6.6,331,1012.4,0.0
2024-04-11T04:00,31.3,22,9.7,360,1012.8,0.0
2024-04-11T05:00,34.0,16,12.6,13,1012.8,0.0
2024-04-11T06:00,35.1,13,12.8,58,1012.2,0.0
2024-04-11T07:00,36.6,14,12.0,69,1011.4,0.0
2024-04-11T08:00,37.8,11,6.8,72,1010.2,0.0
2024-04-11T09:00,38.0,11,2.9,97,1009.0,0.0
2024-04-11T10:00,38.0,11,1.5,45,1008.2,0.0
2024-04-11T11:00,37.4,11,6.3,24,1007.7,0.0
2024-04-11T12:00,36.3,12,10.8,37,1007.7,0.0
2024-04-11T13:00,32.8,17,7.1,60,1008.5,0.0
2024-04-11T14:00,31.2,18,10.5,172,1009.4,0.0
2024-04-11T15:00,28.7,25,3.1,36,1010.3,0.0
2024-04-11T16:00,27.9,24,7.7,37,1010.9,0.0
2024-04-11T17:00,25.7,28,10.6,100,1010.7,0.0
2024-04-11T18:00,25.0,29,10.0,69,1010.5,0.0
2024-04-11T19:00,25.3,28,8.9,27,1010.1,0.0
2024-04-11T20:00,23.6,33,12.4,36,1009.6,0.0
2024-04-11T21:00,23.2,34,9.8,84,1009.5,0.0
2024-04-11T22:00,21.9,37,10.1,73,1009.3,0.0
2024-04-11T23:00,22.5,36,6.0,147,1009.3,0.0
2024-04-12T00:00,22.4,36,6.8,58,1009.7,0.0
2024-04-12T01:00,22.7,37,8.5,216,1011.0,0.0
2024-04-12T02:00,25.2,34,6.4,317,1011.2,0.0
2024-04-12T03:00,28.5,28,3.9,304,1012.1,0.0
2024-04-12T04:00,31.9,23,6.0,17,1012.0,0.0
2024-04-12T05:00,34.7,19,5.4,53,1011.7,0.0
2024-04-12T06:00,36.5,14,7.3,81,1010.9,0.0
2024-04-12T07:00,37.2,12,6.4,63,1010.3,0.0
2024-04-12T08:00,37.8,12,7.4,67,1009.1,0.0
2024-04-12T09:00,38.1,12,8.2,75,1008.0,0.0
2024-04-12T10:00,38.1,11,10.0,77,1006.8,0.0
2024-04-12T11:00,37.9,11,9.7,75,1006.0,0.0
2024-04-12T12:00,37.0,12,6.6,61,1005.9,0.0
2024-04-12T13:00,33.6,13,11.3,53,1007.2,0.0
2024-04-12T14:00,29.3,18,10.2,23,1007.9,0.0
2024-04-12T15:00,29.5,17,10.2,58,1008.8,0.0
2024-04-12T16:00,28.0,19,9.6,124,1009.5,0.0
2024-04-12T17:00,26.6,22,9.2,116,1009.3,0.0
2024-04-12T18:00,26.3,23,7.5,107,1008.9,0.0
2024-04-12T19:00,26.0,23,13.7,150,1008.8,0.0
2024-04-12T20:00,25.9,22,12.8,142,1008.6,0.0
2024-04-12T21:00,26.3,21,15.0,150,1008.3,0.0
2024-04-12T22:00,25.9,25,11.2,147,1008.3,0.0
2024-04-12T23:00,24.9,30,9.5,171,1008.5,0.0
2024-04-13T00:00,24.4,33,8.3,185,1009.0,0.0
2024-04-13T01:00,24.6,40,12.3,159,1009.9,0.0
2024-04-13T02:00,26.4,38,7.4,157,1010.6,0.0
2024-04-13T03:00,29.1,35,5.1,135,1011.2,0.0
2024-04-13T04:00,32.2,31,4.9,144,1011.2,0.0
2024-04-13T05:00,34.8,26,4.0,117,1010.6,0.0
2024-04-13T06:00,37.3,16,8.4,130,1009.5,0.0
2024-04-13T07:00,38.3,13,15.2,126,1008.3,0.0
2024-04-13T08:00,38.5,12,15.2,126,1007.3,0.0
2024-04-13T09:00,38.4,12,11.2,138,1006.3,0.0
2024-04-13T10:00,38.4,12,12.1,150,1005.3,0.0
2024-04-13T11:00,37.8,12,13.1,159,1005.0,0.0
2024-04-13T12:00,37.0,13,13.2,163,1005.0,0.0
2024-04-13T13:00,27.6,60,9.8,298,1009.5,1.3
2024-04-13T14:00,25.7,57,4.6,315,1009.1,0.8
2024-04-13T15:00,26.4,56,7.4,337,1009.4,0.0
2024-04-13T16:00,27.0,46,10.8,4,1009.5,0.0
2024-04-13T17:00,27.1,39,8.3,5,1009.6,0.0
2024-04-13T18:00,27.5,36,7.1,60,1009.6,0.0
2024-04-13T19:00,24.0,46,10.9,73,1010.0,0.0
2024-04-13T20:00,23.8,46,12.3,357,1010.3,0.0
2024-04-13T21:00,23.1,47,7.3,9,1010.0,0.0
2024-04-13T22:00,22.3,53,7.9,344,1010.2,0.0
2024-04-13T23:00,22.2,57,6.9,354,1010.3,0.0
2024-04-14T00:00,22.5,57,8.9,339,1010.6,0.0
2024-04-14T01:00,25.2,57,4.8,13,1011.4,0.4
2024-04-14T02:00,25.1,63,11.0,289,1012.7,0.1
2024-04-14T03:00,26.2,51,10.5,329,1013.6,0.0
2024-04-14T04:00,26.7,50,15.0,294,1014.4,0.0
2024-04-14T05:00,27.6,46,11.5,321,1014.4,0.0
2024-04-14T06:00,29.5,39,13.4,5,1013.5,0.0
2024-04-14T07:00,32.1,33,11.1,331,1012.9,0.0
2024-04-14T08:00,31.2,36,5.8,356,1011.7,0.0
2024-04-14T09:00,33.1,31,8.3,56,1010.2,0.2
2024-04-14T10:00,33.6,28,6.6,68,1009.2,0.0
2024-04-14T11:00,33.6,27,6.3,59,1008.7,0.0
2024-04-14T12:00,32.9,27,7.2,63,1008.7,0.0
2024-04-14T13:00,28.2,45,14.7,28,1009.7,0.0
2024-04-14T14:00,27.4,48,13.8,15,1011.5,0.0
2024-04-14T15:00,26.6,51,14.0,12,1011.9,0.0
2024-04-14T16:00,26.0,53,13.2,29,1011.7,0.0
2024-04-14T17:00,25.6,54,8.9,43,1011.8,0.0
2024-04-14T18:00,25.1,55,4.9,17,1011.7,0.0
2024-04-14T19:00,24.7,55,4.8,13,1011.2,0.0
2024-04-14T20:00,23.8,57,5.4,356,1010.8,0.0
2024-04-14T21:00,22.7,61,5.8,360,1010.3,0.0
2024-04-14T22:00,22.2,63,5.0,330,1010.3,0.0
2024-04-14T23:00,21.8,64,4.7,351,1010.3,0.0
2024-04-15T00:00,22.1,64,5.8,22,1010.5,0.0
2024-04-15T01:00,22.8,74,20.7,193,1012.9,0.2
2024-04-15T02:00,24.6,69,6.8,148,1011.9,0.2
2024-04-15T03:00,25.5,69,2.9,353,1012.5,0.0
2024-04-15T04:00,29.4,47,9.5,331,1013.3,0.0
2024-04-15T05:00,31.5,39,4.8,257,1013.2,0.0
2024-04-15T06:00,33.8,33,4.3,265,1012.6,0.0
2024-04-15T07:00,35.2,29,4.7,261,1011.3,0.0
2024-04-15T08:00,35.7,27,8.6,255,1010.0,0.0
2024-04-15T09:00,36.6,23,13.4,243,1008.6,0.0
2024-04-15T10:00,36.2,23,13.6,253,1007.6,0.0
2024-04-15T11:00,36.2,23,14.6,260,1007.2,0.0
2024-04-15T12:00,34.9,23,20.5,281,1007.7,0.0
2024-04-15T13:00,30.3,43,8.0,350,1009.1,0.0
2024-04-15T14:00,29.2,46,8.4,353,1009.6,0.0
2024-04-15T15:00,27.5,51,6.9,351,1010.4,0.0
2024-04-15T16:00,26.5,55,6.2,353,1010.8,0.0
2024-04-15T17:00,26.3,57,6.4,333,1010.7,0.0
2024-04-15T18:00,25.1,60,5.0,300,1010.7,0.0
2024-04-15T19:00,25.1,60,5.5,302,1010.4,0.0
2024-04-15T20:00,24.8,60,8.9,284,1010.0,0.0
2024-04-15T21:00,24.9,59,11.4,283,1010.1,0.0
2024-04-15T22:00,24.8,60,8.7,287,1009.9,0.0
2024-04-15T23:00,24.0,64,10.1,297,1009.8,0.0
2024-04-16T00:00,23.4,64,10.5,301,1010.0,0.0
2024-04-16T01:00,24.9,56,13.4,276,1010.2,0.0
2024-04-16T02:00,26.8,47,12.8,286,1011.1,0.0
2024-04-16T03:00,30.0,38,13.7,293,1011.2,0.0
2024-04-16T04:00,32.1,33,18.2,308,1011.2,0.0
2024-04-16T05:00,32.9,30,17.5,302,1010.7,0.0
2024-04-16T06:00,34.0,27,19.0,299,1010.6,0.0
2024-04-16T07:00,35.1,24,18.7,295,1009.8,0.0
2024-04-16T08:00,35.6,22,18.8,299,1008.7,0.0
2024-04-16T09:00,35.9,21,19.5,298,1007.7,0.0
2024-04-16T10:00,35.7,21,20.5,298,1006.8,0.0
2024-04-16T11:00,35.3,20,20.6,303,1006.3,0.0
2024-04-16T12:00,34.4,20,21.0,301,1006.4,0.0
2024-04-16T13:00,33.0,22,18.6,311,1007.5,0.0
2024-04-16T14:00,31.0,24,15.8,319,1008.0,0.0
2024-04-16T15:00,30.0,24,18.3,328,1008.7,0.0
2024-04-16T16:00,29.4,26,18.4,325,1009.2,0.0
2024-04-16T17:00,28.1,29,16.4,310,1009.4,0.0
2024-04-16T18:00,26.7,31,15.0,291,1009.2,0.0
2024-04-16T19:00,25.6,34,16.3,301,1009.0,0.0
2024-04-16T20:00,25.1,36,17.9,308,1008.7,0.0
2024-04-16T21:00,24.5,40,16.7,307,1008.1,0.0
2024-04-16T22:00,23.7,44,16.9,310,1007.9,0.0
2024-04-16T23:00,22.9,47,16.3,317,1007.8,0.0
2024-04-17T00:00,22.1,50,15.0,318,1007.8,0.0
2024-04-17T01:00,22.9,49,13.8,319,1008.2,0.0
2024-04-17T02:00,24.7,44,14.0,312,1009.4,0.0
2024-04-17T03:00,27.2,39,15.3,311,1009.6,0.0
2024-04-17T04:00,29.9,31,17.9,308,1009.7,0.0
2024-04-17T05:00,31.8,23,21.3,304,1009.5,0.0
2024-04-17T06:00,33.2,20,20.7,301,1008.9,0.0
2024-04-17T07:00,34.4,17,20.5,298,1008.0,0.0
2024-04-17T08:00,35.2,15,22.5,297,1007.2,0.0
2024-04-17T09:00,35.5,15,24.7,293,1006.5,0.0
2024-04-17T10:00,35.5,14,27.7,291,1006.1,0.0
2024-04-17T11:00,34.9,13,29.6,296,1006.0,0.0
2024-04-17T12:00,34.0,14,29.5,297,1006.2,0.0
2024-04-17T13:00,32.7,13,24.4,289,1007.1,0.0
2024-04-17T14:00,31.7,14,25.2,292,1007.7,0.0
2024-04-17T15:00,31.2,14,20.9,312,1007.7,0.0
2024-04-17T16:00,30.1,16,15.6,293,1008.3,0.0
2024-04-17T17:00,28.7,18,13.8,290,1008.2,0.0
2024-04-17T18:00,27.9,20,15.3,294,1008.2,0.0
2024-04-17T19:00,27.1,22,14.7,287,1008.0,0.0
2024-04-17T20:00,25.8,25,13.2,287,1007.5,0.0
2024-04-17T21:00,25.2,27,11.0,289,1007.0,0.0
2024-04-17T22:00,24.7,29,10.3,295,1006.7,0.0
2024-04-17T23:00,24.1,31,9.8,298,1006.6,0.0
2024-04-18T00:00,23.5,32,9.5,299,1006.8,0.0
2024-04-18T01:00,24.3,34,9.7,301,1007.6,0.0
2024-04-18T02:00,26.6,30,10.2,278,1008.3,0.0
2024-04-18T03:00,29.5,26,10.8,285,1008.5,0.0
2024-04-18T04:00,31.9,23,12.9,297,1008.6,0.0
2024-04-18T05:00,34.3,20,14.9,307,1008.3,0.0
2024-04-18T06:00,35.8,19,15.1,310,1007.8,0.0
2024-04-18T07:00,36.8,18,14.1,310,1006.9,0.0
2024-04-18T08:00,37.6,17,14.0,299,1005.8,0.0
2024-04-18T09:00,38.0,17,15.5,292,1004.8,0.0
2024-04-18T10:00,38.0,17,18.9,278,1004.1,0.0
2024-04-18T11:00,37.2,17,20.3,276,1003.9,0.0
2024-04-18T12:00,36.4,18,13.6,282,1003.6,0.0
2024-04-18T13:00,34.7,20,6.7,344,1003.8,0.0
2024-04-18T14:00,32.7,23,11.0,23,1004.1,0.0
2024-04-18T15:00,31.4,25,9.0,16,1005.1,0.0
2024-04-18T16:00,29.5,29,9.0,2,1005.9,0.0
2024-04-18T17:00,28.8,30,6.9,223,1006.5,0.0
2024-04-18T18:00,28.3,32,4.7,274,1006.5,0.0
2024-04-18T19:00,29.0,31,10.4,226,1006.3,0.0
2024-04-18T20:00,28.2,35,9.8,287,1005.8,0.0
2024-04-18T21:00,27.0,40,10.3,282,1005.4,0.0
2024-04-18T22:00,25.8,44,9.3,283,1005.1,0.0
2024-04-18T23:00,25.3,45,10.5,297,1005.0,0.0
2024-04-19T00:00,24.9,46,11.3,301,1005.5,0.0
2024-04-19T01:00,27.0,40,10.3,299,1005.3,0.0
2024-04-19T02:00,28.8,36,9.0,299,1005.8,0.0
2024-04-19T03:00,31.3,31,10.7,303,1006.4,0.0
2024-04-19T04:00,33.4,29,14.3,309,1006.4,0.0
2024-04-19T05:00,35.3,26,13.3,303,1006.3,0.0
2024-04-19T06:00,36.5,23,14.2,279,1005.4,0.0
2024-04-19T07:00,37.3,21,15.1,258,1004.6,0.0
2024-04-19T08:00,37.6,19,16.5,254,1003.6,0.0
2024-04-19T09:00,37.7,20,16.9,250,1002.7,0.0
2024-04-19T10:00,37.5,20,10.9,287,1001.7,0.0
2024-04-19T11:00,38.3,17,18.3,260,1000.8,0.0
2024-04-19T12:00,35.4,23,13.9,350,1000.9,0.0
2024-04-19T13:00,34.2,22,7.1,15,1000.5,0.0
2024-04-19T14:00,32.2,23,11.3,22,1001.3,0.0
2024-04-19T15:00,28.9,29,9.7,31,1002.7,0.0
2024-04-19T16:00,30.6,25,4.3,312,1003.4,0.0
2024-04-19T17:00,27.7,31,5.1,278,1003.5,0.0
2024-04-19T18:00,27.5,33,13.7,275,1003.9,0.0
2024-04-19T19:00,26.8,36,14.0,314,1003.9,0.0
2024-04-19T20:00,25.7,36,10.9,326,1003.5,0.0
2024-04-19T21:00,25.2,33,10.5,338,1002.9,0.0
2024-04-19T22:00,24.6,32,8.7,336,1002.6,0.0
2024-04-19T23:00,23.5,34,9.1,288,1002.8,0.0
2024-04-20T00:00,22.5,35,10.5,262,1003.4,0.0
2024-04-20T01:00,23.9,51,9.0,275,1004.0,0.0
2024-04-20T02:00,26.1,46,13.7,288,1004.9,0.0
2024-04-20T03:00,27.8,42,17.6,293,1005.8,0.0
2024-04-20T04:00,30.2,35,16.3,315,1006.2,0.0
2024-04-20T05:00,33.0,25,16.9,344,1006.0,0.0
2024-04-20T06:00,35.0,22,15.1,332,1005.1,0.0
2024-04-20T07:00,36.0,19,13.0,316,1004.0,0.0
2024-04-20T08:00,36.8,19,16.7,303,1003.0,0.0
2024-04-20T09:00,36.3,19,20.6,289,1002.4,0.0
2024-04-20T10:00,36.0,19,19.4,285,1001.9,0.0
2024-04-20T11:00,35.2,20,19.9,283,1001.8,0.0
2024-04-20T12:00,34.5,19,19.0,285,1001.8,0.0
2024-04-20T13:00,34.4,18,9.8,294,1002.2,0.0
2024-04-20T14:00,32.2,22,15.9,295,1003.0,0.0
2024-04-20T15:00,31.3,23,20.6,306,1003.7,0.0
2024-04-20T16:00,30.1,23,16.1,318,1004.4,0.0
2024-04-20T17:00,28.7,25,14.0,337,1004.9,0.0
2024-04-20T18:00,27.7,27,11.5,321,1004.8,0.0
2024-04-20T19:00,26.8,29,11.3,323,1004.8,0.0
2024-04-20T20:00,26.0,31,11.3,329,1004.5,0.0
2024-04-20T21:00,25.5,33,11.6,334,1004.4,0.0
2024-04-20T22:00,24.7,35,11.1,335,1004.4,0.0
2024-04-20T23:00,24.1,37,10.4,326,1004.7,0.0
2024-04-21T00:00,23.6,38,9.4,320,1005.1,0.0
2024-04-21T01:00,24.8,42,12.5,321,1005.9,0.0
2024-04-21T02:00,26.6,39,12.7,313,1006.8,0.0
2024-04-21T03:00,28.9,36,13.2,317,1007.3,0.0
2024-04-21T04:00,31.5,31,13.0,316,1007.7,0.0
2024-04-21T05:00,33.9,23,14.8,317,1007.5,0.0
2024-04-21T06:00,35.3,17,16.2,307,1007.1,0.0
2024-04-21T07:00,36.2,16,15.6,310,1005.9,0.0
2024-04-21T08:00,36.8,15,15.5,312,1004.7,0.0
2024-04-21T09:00,36.3,16,14.2,300,1004.0,0.0
2024-04-21T10:00,35.8,16,15.6,289,1003.4,0.0
2024-04-21T11:00,35.5,17,15.5,282,1003.4,0.0
2024-04-21T12:00,35.4,17,13.8,263,1003.1,0.0
2024-04-21T13:00,33.6,19,10.1,268,1003.6,0.0
2024-04-21T14:00,31.4,22,10.2,302,1003.9,0.0
2024-04-21T15:00,30.0,25,8.7,343,1004.5,0.0
2024-04-21T16:00,28.6,27,8.4,7,1005.2,0.0
2024-04-21T17:00,27.0,29,7.2,354,1005.8,0.0
2024-04-21T18:00,26.1,31,8.9,320,1006.1,0.0
2024-04-21T19:00,26.7,29,7.9,313,1005.9,0.0
2024-04-21T20:00,27.0,29,19.1,358,1005.4,0.0
2024-04-21T21:00,26.6,34,15.0,339,1004.9,0.0
2024-04-21T22:00,26.8,33,13.1,328,1004.8,0.0
2024-04-21T23:00,26.1,35,12.1,348,1005.3,0.0
2024-04-22T00:00,24.5,36,6.9,351,1005.6,0.0
2024-04-22T01:00,24.8,47,26.2,313,1007.6,0.0
2024-04-22T02:00,25.9,46,21.3,336,1008.4,0.0
2024-04-22T03:00,30.5,32,10.6,342,1008.1,0.0
2024-04-22T04:00,33.3,24,8.9,291,1008.1,0.0
2024-04-22T05:00,35.1,19,10.9,253,1007.7,0.0
2024-04-22T06:00,36.1,18,12.0,277,1007.3,0.0
2024-04-22T07:00,36.8,17,15.6,278,1006.8,0.0
2024-04-22T08:00,37.3,16,16.6,272,1005.8,0.0
2024-04-22T09:00,37.3,16,17.7,266,1004.9,0.0
2024-04-22T10:00,37.0,16,16.9,272,1004.0,0.0
2024-04-22T11:00,36.5,16,16.5,281,1003.5,0.0
2024-04-22T12:00,35.3,16,15.6,278,1003.6,0.0
2024-04-22T13:00,33.9,15,9.2,329,1003.6,0.0
2024-04-22T14:00,31.9,18,10.5,333,1004.2,0.0
2024-04-22T15:00,31.0,19,15.1,360,1005.0,0.0
2024-04-22T16:00,30.7,20,9.9,33,1006.0,0.0
2024-04-22T17:00,27.7,26,7.2,360,1006.5,0.0
2024-04-22T18:00,27.0,27,6.3,329,1006.6,0.0
2024-04-22T19:00,24.5,35,7.5,343,1006.0,0.0
2024-04-22T20:00,25.5,33,2.7,293,1005.6,0.0
2024-04-22T21:00,26.2,31,1.8,281,1004.9,0.0
2024-04-22T22:00,23.5,38,6.5,341,1005.0,0.0
2024-04-22T23:00,22.4,42,7.5,35,1004.8,0.0
2024-04-23T00:00,23.8,37,3.3,347,1005.1,0.0
2024-04-23T01:00,24.5,38,10.8,285,1006.0,0.0
2024-04-23T02:00,26.2,35,7.4,284,1006.4,0.0
2024-04-23T03:00,29.7,29,7.0,325,1006.8,0.0
2024-04-23T04:00,33.0,23,8.2,308,1007.2,0.0
2024-04-23T05:00,35.5,18,10.1,297,1006.8,0.0
2024-04-23T06:00,36.7,15,9.0,299,1006.5,0.0
2024-04-23T07:00,37.6,14,8.9,310,1005.8,0.0
2024-04-23T08:00,38.1,13,10.5,301,1004.8,0.0
2024-04-23T09:00,38.0,12,14.9,290,1003.8,0.0
2024-04-23T10:00,37.7,12,21.8,292,1003.0,0.0
2024-04-23T11:00,36.0,13,29.3,291,1003.3,0.0
2024-04-23T12:00,35.3,14,20.1,294,1003.5,0.0
2024-04-23T13:00,31.9,24,12.8,328,1005.0,0.0
2024-04-23T14:00,29.2,29,6.4,344,1005.3,0.0
2024-04-23T15:00,27.9,31,7.6,25,1005.7,0.0
2024-04-23T16:00,27.4,31,10.1,55,1006.2,0.0
2024-04-23T17:00,25.8,35,7.1,66,1006.2,0.0
2024-04-23T18:00,24.7,39,6.6,45,1006.0,0.0
2024-04-23T19:00,24.1,40,7.1,24,1005.4,0.0
2024-04-23T20:00,22.7,45,9.4,18,1004.8,0.0
2024-04-23T21:00,24.3,39,4.9,343,1004.5,0.0
2024-04-23T22:00,21.6,48,6.5,341,1004.4,0.0
2024-04-23T23:00,22.6,45,2.7,293,1004.6,0.0
2024-04-24T00:00,20.9,52,5.9,223,1005.1,0.0
2024-04-24T01:00,21.2,57,7.7,281,1006.3,0.0
2024-04-24T02:00,24.0,48,7.2,273,1007.0,0.0
2024-04-24T03:00,28.1,38,4.4,279,1007.6,0.0
2024-04-24T04:00,31.5,28,3.3,319,1007.7,0.0
2024-04-24T05:00,33.7,23,4.3,294,1007.4,0.0
2024-04-24T06:00,35.3,19,9.1,279,1007.1,0.0
2024-04-24T07:00,36.2,16,13.8,277,1006.4,0.0
2024-04-24T08:00,37.0,15,16.3,278,1005.4,0.0
2024-04-24T09:00,37.0,15,19.9,287,1004.6,0.0
2024-04-24T10:00,36.8,15,20.3,282,1004.0,0.0
2024-04-24T11:00,36.4,14,22.8,276,1003.5,0.0
2024-04-24T12:00,35.5,15,21.5,280,1003.3,0.0
2024-04-24T13:00,34.0,16,14.3,309,1004.3,0.0
2024-04-24T14:00,31.8,18,14.3,319,1004.9,0.0
2024-04-24T15:00,31.2,16,16.3,325,1005.4,0.0
2024-04-24T16:00,31.0,16,16.1,304,1005.7,0.0
2024-04-24T17:00,29.3,18,15.3,326,1006.1,0.0
2024-04-24T18:00,27.2,22,14.3,342,1006.4,0.0
2024-04-24T19:00,26.4,24,11.6,344,1005.6,0.0
2024-04-24T20:00,24.6,28,7.6,355,1005.4,0.0
2024-04-24T21:00,23.2,32,6.6,338,1005.1,0.0
2024-04-24T22:00,22.3,36,6.4,322,1005.2,0.0
2024-04-24T23:00,21.8,38,6.1,320,1005.5,0.0
2024-04-25T00:00,20.8,42,7.4,284,1006.1,0.0
2024-04-25T01:00,21.6,43,7.1,246,1007.3,0.0
2024-04-25T02:00,24.6,37,7.4,284,1007.9,0.0
2024-04-25T03:00,27.9,31,5.6,297,1008.2,0.0
2024-04-25T04:00,31.1,26,7.3,303,1008.2,0.0
2024-04-25T05:00,33.8,22,9.1,304,1007.9,0.0
2024-04-25T06:00,35.8,18,12.6,307,1007.4,0.0
2024-04-25T07:00,37.2,14,18.4,312,1006.6,0.0
2024-04-25T08:00,37.7,13,20.9,312,1005.7,0.0
2024-04-25T09:00,38.1,12,21.7,313,1004.6,0.0
2024-04-25T10:00,37.8,12,23.2,312,1003.9,0.0
2024-04-25T11:00,37.3,13,22.2,310,1003.5,0.0
2024-04-25T12:00,36.6,13,17.6,305,1003.1,0.0
2024-04-25T13:00,34.0,18,7.2,307,1003.8,0.0
2024-04-25T14:00,30.4,23,12.7,325,1004.0,0.0
2024-04-25T15:00,30.0,23,8.9,310,1004.5,0.0
2024-04-25T16:00,27.9,29,8.9,313,1005.2,0.0
2024-04-25T17:00,26.9,30,7.5,343,1005.4,0.0
2024-04-25T18:00,25.9,31,8.0,350,1005.1,0.0
2024-04-25T19:00,25.3,33,10.3,348,1004.8,0.0
2024-04-25T20:00,27.0,28,8.1,347,1004.5,0.0
2024-04-25T21:00,27.4,27,5.7,342,1004.1,0.0
2024-04-25T22:00,26.3,29,6.4,313,1003.9,0.0
2024-04-25T23:00,24.4,33,4.7,270,1004.2,0.0
2024-04-26T00:00,23.0,37,5.7,235,1004.6,0.0
2024-04-26T01:00,23.1,46,4.0,260,1005.6,0.0
2024-04-26T02:00,26.6,36,6.1,230,1006.0,0.0
2024-04-26T03:00,30.7,25,11.4,235,1006.8,0.0
2024-04-26T04:00,34.2,19,9.6,250,1006.9,0.0
2024-04-26T05:00,36.7,16,7.2,276,1006.4,0.0
2024-04-26T06:00,38.3,14,7.2,276,1005.9,0.0
2024-04-26T07:00,39.0,13,7.8,283,1005.0,0.0
2024-04-26T08:00,39.4,13,10.8,270,1004.3,0.0
2024-04-26T09:00,39.4,13,14.1,255,1003.3,0.0
2024-04-26T10:00,39.2,13,16.3,248,1002.4,0.0
2024-04-26T11:00,38.3,14,17.0,249,1002.0,0.0
2024-04-26T12:00,37.4,15,12.7,255,1001.7,0.0
2024-04-26T13:00,34.1,22,34.2,214,1003.1,0.0
2024-04-26T14:00,34.1,20,14.0,179,1002.9,0.0
2024-04-26T15:00,31.0,25,9.7,153,1003.4,0.0
2024-04-26T16:00,31.5,23,13.1,196,1003.9,0.0
2024-04-26T17:00,30.1,27,12.3,218,1004.1,0.0
2024-04-26T18:00,30.3,29,17.6,227,1004.0,0.0
2024-04-26T19:00,30.4,29,18.8,241,1004.1,0.0
2024-04-26T20:00,30.2,31,19.7,232,1003.8,0.0
2024-04-26T21:00,29.3,35,14.8,236,1003.4,0.0
2024-04-26T22:00,28.1,38,13.5,241,1003.3,0.0
2024-04-26T23:00,27.6,40,12.9,252,1003.3,0.0
2024-04-27T00:00,27.3,41,14.1,257,1003.8,0.0
2024-04-27T01:00,25.3,47,2.4,153,1005.2,0.0
2024-04-27T02:00,28.3,42,2.8,220,1006.2,0.0
2024-04-27T03:00,30.8,35,9.1,252,1007.3,0.0
2024-04-27T04:00,32.9,29,14.2,279,1007.4,0.0
2024-04-27T05:00,34.6,24,13.1,286,1007.2,0.0
2024-04-27T06:00,36.4,20,13.3,283,1006.7,0.0
2024-04-27T07:00,37.8,16,18.7,272,1005.8,0.0
2024-04-27T08:00,37.9,15,21.5,261,1005.0,0.0
2024-04-27T09:00,38.0,15,20.1,261,1004.1,0.0
2024-04-27T10:00,37.7,14,18.8,274,1003.5,0.0
2024-04-27T11:00,37.1,15,18.5,294,1003.1,0.0
2024-04-27T12:00,36.2,15,16.5,306,1003.2,0.0
2024-04-27T13:00,34.5,16,14.8,315,1003.8,0.0
2024-04-27T14:00,32.3,19,14.2,324,1004.4,0.0
2024-04-27T15:00,31.1,21,24.1,340,1005.5,0.0
2024-04-27T16:00,29.7,28,20.2,359,1006.6,0.0
2024-04-27T17:00,28.3,32,13.0,360,1006.8,0.0
2024-04-27T18:00,27.2,35,13.7,357,1006.9,0.0
2024-04-27T19:00,26.4,37,11.3,9,1006.4,0.0
2024-04-27T20:00,25.3,41,7.6,5,1006.1,0.0
2024-04-27T21:00,24.3,43,6.8,357,1005.9,0.0
2024-04-27T22:00,23.7,46,6.5,354,1005.9,0.0
2024-04-27T23:00,23.1,48,6.5,360,1005.8,0.0
2024-04-28T00:00,22.6,49,6.8,360,1006.3,0.0
2024-04-28T01:00,23.9,47,6.9,354,1007.6,0.0
2024-04-28T02:00,25.8,42,8.0,278,1008.3,0.0
2024-04-28T03:00,28.2,35,7.1,315,1008.7,0.0
2024-04-28T04:00,31.1,29,5.0,339,1008.7,0.0
2024-04-28T05:00,33.7,24,4.7,356,1008.1,0.0
2024-04-28T06:00,35.6,19,7.6,355,1007.9,0.0
2024-04-28T07:00,36.8,17,8.9,317,1007.2,0.0
2024-04-28T08:00,37.3,16,13.9,301,1006.4,0.0
2024-04-28T09:00,37.5,16,17.1,295,1005.5,0.0
2024-04-28T10:00,37.4,16,16.2,291,1004.8,0.0
2024-04-28T11:00,36.7,16,16.5,293,1004.4,0.0
2024-04-28T12:00,35.8,16,16.5,290,1004.2,0.0
2024-04-28T13:00,34.0,19,8.2,308,1004.8,0.0
2024-04-28T14:00,32.2,21,11.5,319,1005.2,0.0
2024-04-28T15:00,31.1,22,9.8,343,1005.7,0.0
2024-04-28T16:00,30.7,23,8.3,358,1006.1,0.0
2024-04-28T17:00,28.5,26,7.2,354,1006.2,0.0
2024-04-28T18:00,26.2,33,10.0,347,1006.1,0.0
2024-04-28T19:00,26.3,31,8.0,10,1005.7,0.0
2024-04-28T20:00,25.4,31,7.6,31,1005.3,0.0
2024-04-28T21:00,24.2,34,9.0,53,1005.0,0.0
2024-04-28T22:00,23.7,37,8.8,55,1004.8,0.0
2024-04-28T23:00,23.0,40,9.4,58,1004.7,0.0
2024-04-29T00:00,22.4,42,7.8,124,1005.1,0.0
2024-04-29T01:00,24.4,38,3.6,217,1006.2,0.0
2024-04-29T02:00,27.0,33,4.0,270,1007.3,0.0
2024-04-29T03:00,29.6,28,7.2,323,1007.5,0.0
2024-04-29T04:00,31.8,24,7.2,357,1007.4,0.0
2024-04-29T05:00,34.1,21,4.2,31,1006.9,0.0
2024-04-29T06:00,35.8,20,2.4,333,1006.5,0.0
2024-04-29T07:00,37.1,18,6.1,310,1005.6,0.0
2024-04-29T08:00,37.9,16,9.3,286,1004.7,0.0
2024-04-29T09:00,38.3,14,15.1,267,1003.9,0.0
2024-04-29T10:00,37.8,14,18.0,267,1003.4,0.0
2024-04-29T11:00,37.2,15,18.2,279,1003.3,0.0
2024-04-29T12:00,36.1,17,18.6,280,1003.1,0.0
2024-04-29T13:00,34.5,20,16.3,288,1004.1,0.0
2024-04-29T14:00,32.8,23,17.9,308,1004.9,0.0
2024-04-29T15:00,30.5,30,25.3,332,1006.6,0.0
2024-04-29T16:00,29.4,32,22.7,340,1007.8,0.0
2024-04-29T17:00,28.5,34,18.4,2,1007.6,0.0
2024-04-29T18:00,27.4,36,14.6,16,1007.1,0.0
2024-04-29T19:00,26.5,37,12.9,18,1006.4,0.0
2024-04-29T20:00,25.9,37,14.8,357,1006.2,0.0
2024-04-29T21:00,25.6,36,16.2,343,1005.9,0.0
2024-04-29T22:00,25.1,36,14.0,334,1005.5,0.0
2024-04-29T23:00,24.0,39,12.3,320,1005.9,0.0
2024-04-30T00:00,23.1,41,10.7,312,1006.3,0.0
2024-04-30T01:00,24.0,48,12.2,304,1007.5,0.0
2024-04-30T02:00,25.9,45,10.3,282,1007.8,0.0
2024-04-30T03:00,29.3,39,11.8,282,1007.8,0.0
2024-04-30T04:00,31.6,30,16.8,293,1007.7,0.0
2024-04-30T05:00,33.2,19,16.2,291,1006.9,0.0
2024-04-30T06:00,34.4,16,14.4,283,1006.1,0.0
2024-04-30T07:00,35.4,14,13.8,277,1005.0,0.0
2024-04-30T08:00,36.2,13,14.2,277,1003.9,0.0
2024-04-30T09:00,36.4,12,16.4,279,1002.6,0.0
2024-04-30T10:00,36.1,11,18.6,279,1001.8,0.0
2024-04-30T11:00,35.4,11,20.2,275,1001.2,0.0
2024-04-30T12:00,34.3,10,20.3,276,1001.1,0.0
2024-04-30T13:00,32.7,13,14.8,276,1001.8,0.0
2024-04-30T14:00,30.2,15,10.1,297,1002.3,0.0
2024-04-30T15:00,28.4,18,9.8,332,1002.6,0.0
2024-04-30T16:00,26.3,20,9.0,323,1002.9,0.0
2024-04-30T17:00,26.0,21,8.1,302,1002.7,0.0
2024-04-30T18:00,27.5,18,5.4,42,1001.8,0.0
2024-04-30T19:00,25.2,21,7.8,56,1001.3,0.0
2024-04-30T20:00,22.3,25,6.1,298,1001.4,0.0
2024-04-30T21:00,22.8,24,12.2,317,1001.5,0.0
2024-04-30T22:00,22.0,26,15.1,327,1001.5,0.0
2024-04-30T23:00,21.3,31,14.4,323,1001.8,0.0
2024-05-01T00:00,20.5,34,10.9,314,1002.1,0.0
2024-05-01T01:00,21.5,42,15.5,314,1003.5,0.0
2024-05-01T02:00,23.4,38,14.8,321,1004.2,0.0
2024-05-01T03:00,25.8,33,17.3,318,1004.4,0.0
2024-05-01T04:00,28.1,25,20.4,318,1004.9,0.0
2024-05-01T05:00,30.1,18,22.9,314,1004.7,0.0
2024-05-01T06:00,31.5,14,23.5,310,1004.3,0.0
2024-05-01T07:00,32.3,12,22.8,309,1003.7,0.0
2024-05-01T08:00,32.7,12,22.5,305,1003.2,0.0
2024-05-01T09:00,32.5,13,22.4,298,1002.7,0.0
2024-05-01T10:00,32.5,12,23.2,294,1002.1,0.0
2024-05-01T11:00,31.7,13,24.8,294,1001.9,0.0
2024-05-01T12:00,30.6,14,23.7,298,1001.9,0.0
2024-05-01T13:00,29.7,14,17.1,318,1002.4,0.0
2024-05-01T14:00,28.2,17,14.3,321,1003.4,0.0
2024-05-01T15:00,27.2,19,14.8,334,1003.9,0.0
2024-05-01T16:00,26.0,23,14.8,347,1004.7,0.0
2024-05-01T17:00,24.5,27,9.6,347,1004.9,0.0
2024-05-01T18:00,23.1,31,7.3,327,1004.8,0.0
2024-05-01T19:00,22.3,33,9.4,310,1004.8,0.0
2024-05-01T20:00,21.4,35,8.5,306,1004.2,0.0
2024-05-01T21:00,20.5,37,7.6,301,1003.9,0.0
2024-05-01T22:00,20.0,39,8.9,297,1003.9,0.0
2024-05-01T23:00,19.6,39,9.2,296,1003.7,0.0
2024-05-02T00:00,19.2,40,9.6,290,1004.1,0.0
2024-05-02T01:00,20.5,42,11.6,286,1004.8,0.0
2024-05-02T02:00,23.0,38,12.2,284,1005.5,0.0
2024-05-02T03:00,26.1,33,13.6,292,1005.5,0.0
2024-05-02T04:00,28.9,25,18.7,298,1006.2,0.0
2024-05-02T05:00,30.9,21,17.3,315,1005.8,0.0
2024-05-02T06:00,32.5,18,17.6,317,1005.3,0.0
2024-05-02T07:00,33.9,15,18.4,320,1004.7,0.0
2024-05-02T08:00,34.6,15,18.9,321,1003.9,0.0
2024-05-02T09:00,35.1,16,19.4,317,1003.1,0.0
2024-05-02T10:00,35.2,16,18.6,313,1002.2,0.0
2024-05-02T11:00,34.9,16,18.4,310,1001.7,0.0
2024-05-02T12:00,34.1,17,16.9,304,1001.5,0.0
2024-05-02T13:00,32.3,20,9.7,309,1002.6,0.0
2024-05-02T14:00,30.0,22,11.0,293,1003.7,0.0
2024-05-02T15:00,29.2,22,11.8,301,1004.2,0.0
2024-05-02T16:00,27.9,24,9.3,324,1004.9,0.0
2024-05-02T17:00,26.7,26,10.4,314,1005.1,0.0
2024-05-02T18:00,25.3,29,9.4,302,1005.3,0.0
2024-05-02T19:00,23.8,31,7.6,301,1004.9,0.0
2024-05-02T20:00,22.7,33,7.5,305,1004.3,0.0
2024-05-02T21:00,22.3,33,8.2,319,1004.2,0.0
2024-05-02T22:00,21.5,34,8.0,306,1004.2,0.0
2024-05-02T23:00,21.3,35,8.6,292,1004.4,0.0
2024-05-03T00:00,20.6,36,7.9,294,1004.9,0.0
2024-05-03T01:00,22.8,36,9.1,304,1005.3,0.0
2024-05-03T02:00,25.6,32,9.2,291,1005.8,0.0
2024-05-03T03:00,29.0,27,10.1,276,1006.3,0.0
2024-05-03T04:00,32.2,22,13.4,278,1006.5,0.0
2024-05-03T05:00,34.6,17,17.0,291,1006.3,0.0
2024-05-03T06:00,36.1,14,21.4,299,1005.6,0.0
2024-05-03T07:00,37.3,12,24.3,302,1004.7,0.0
2024-05-03T08:00,37.9,12,24.9,307,1003.8,0.0
2024-05-03T09:00,38.1,12,23.3,308,1003.0,0.0
2024-05-03T10:00,38.0,12,20.8,307,1002.5,0.0
2024-05-03T11:00,37.6,12,19.7,301,1002.5,0.0
2024-05-03T12:00,36.9,12,17.9,292,1002.7,0.0
2024-05-03T13:00,34.8,15,11.3,297,1003.8,0.0
2024-05-03T14:00,33.3,17,14.5,284,1004.7,0.0
2024-05-03T15:00,32.0,18,12.9,300,1005.3,0.0
2024-05-03T16:00,30.5,19,11.5,314,1005.8,0.0
2024-05-03T17:00,29.5,20,11.2,318,1005.9,0.0
2024-05-03T18:00,28.9,22,9.5,323,1005.7,0.0
2024-05-03T19:00,28.4,23,8.4,313,1005.1,0.0
2024-05-03T20:00,27.7,25,8.2,319,1004.6,0.0
2024-05-03T21:00,27.6,25,7.7,332,1004.2,0.0
2024-05-03T22:00,27.1,26,6.1,332,1004.2,0.0
2024-05-03T23:00,26.7,27,6.2,339,1004.2,0.0
2024-05-04T00:00,26.9,26,7.1,225,1005.0,0.0
2024-05-04T01:00,26.7,30,11.9,270,1006.8,0.0
2024-05-04T02:00,28.5,28,11.8,290,1007.2,0.0
2024-05-04T03:00,31.2,23,13.9,307,1007.7,0.0
2024-05-04T04:00,33.9,20,14.5,305,1007.3,0.0
2024-05-04T05:00,37.3,15,15.0,314,1006.8,0.0
2024-05-04T06:00,39.3,11,13.3,308,1005.9,0.0
2024-05-04T07:00,40.0,10,11.7,304,1005.0,0.0
2024-05-04T08:00,40.7,10,15.1,288,1004.3,0.0
2024-05-04T09:00,40.7,10,17.4,283,1003.3,0.0
2024-05-04T10:00,40.4,10,18.9,278,1002.6,0.0
2024-05-04T11:00,39.9,10,20.3,277,1002.0,0.0
2024-05-04T12:00,38.5,11,19.7,308,1001.9,0.0
2024-05-04T13:00,36.8,12,10.0,291,1001.8,0.0
2024-05-04T14:00,33.9,15,9.2,312,1002.1,0.0
2024-05-04T15:00,31.9,19,8.2,322,1002.4,0.0
2024-05-04T16:00,30.6,21,8.1,291,1002.8,0.0
2024-05-04T17:00,30.1,21,8.4,280,1002.9,0.0
2024-05-04T18:00,28.4,24,9.1,342,1003.0,0.0
2024-05-04T19:00,27.3,25,7.1,315,1001.9,0.0
2024-05-04T20:00,27.2,25,7.2,333,1001.3,0.0
2024-05-04T21:00,25.6,30,9.6,340,1000.8,0.0
2024-05-04T22:00,25.5,31,6.4,286,1000.5,0.0
2024-05-04T23:00,25.6,29,10.5,243,1001.0,0.0
2024-05-05T00:00,25.2,29,9.9,280,1001.3,0.0
2024-05-05T01:00,26.6,31,12.4,280,1001.3,0.0
2024-05-05T02:00,28.9,29,11.8,282,1001.9,0.0
2024-05-05T03:00,31.7,24,12.2,298,1002.5,0.0
2024-05-05T04:00,35.3,18,13.1,307,1002.6,0.0
2024-05-05T05:00,38.0,14,12.7,317,1002.2,0.0
2024-05-05T06:00,39.4,13,13.0,336,1001.5,0.0
2024-05-05T07:00,40.5,13,14.5,325,1000.8,0.0
2024-05-05T08:00,41.0,12,15.9,309,999.9,0.0
2024-05-05T09:00,41.1,12,17.2,299,999.0,0.0
2024-05-05T10:00,40.7,12,19.7,298,998.5,0.0
2024-05-05T11:00,40.2,12,19.5,304,998.0,0.0
2024-05-05T12:00,39.4,13,16.3,305,998.1,0.0
2024-05-05T13:00,37.0,16,8.0,333,998.8,0.0
2024-05-05T14:00,34.5,17,9.6,326,999.6,0.0
2024-05-05T15:00,33.0,20,10.5,301,1000.4,0.0
2024-05-05T16:00,31.9,20,9.9,316,1000.9,0.0
2024-05-05T17:00,30.6,21,9.0,331,1001.3,0.0
2024-05-05T18:00,29.9,22,10.0,330,1001.5,0.0
2024-05-05T19:00,29.8,23,12.6,329,1001.3,0.0
2024-05-05T20:00,29.1,24,11.6,330,1001.1,0.0
2024-05-05T21:00,28.4,27,11.3,329,1001.0,0.0
2024-05-05T22:00,27.7,29,10.5,322,1001.3,0.0
2024-05-05T23:00,26.8,31,8.9,302,1001.8,0.0
2024-05-06T00:00,25.9,33,8.1,302,1002.2,0.0
2024-05-06T01:00,27.8,33,8.7,315,1003.2,0.0
2024-05-06T02:00,30.3,30,9.0,293,1004.0,0.0
2024-05-06T03:00,33.0,26,9.7,292,1004.6,0.0
2024-05-06T04:00,35.6,23,10.5,297,1004.9,0.0
2024-05-06T05:00,37.8,19,11.8,308,1004.8,0.0
2024-05-06T06:00,39.2,16,17.3,306,1004.5,0.0
2024-05-06T07:00,39.7,15,18.2,304,1003.7,0.0
2024-05-06T08:00,40.5,14,19.6,306,1002.7,0.0
2024-05-06T09:00,40.6,14,22.3,309,1001.8,0.0
2024-05-06T10:00,40.3,14,22.6,307,1001.1,0.0
2024-05-06T11:00,39.9,15,19.2,300,1000.7,0.0
2024-05-06T12:00,39.4,14,18.9,284,1000.6,0.0
2024-05-06T13:00,37.5,15,12.9,297,1001.3,0.0
2024-05-06T14:00,35.0,18,11.6,296,1002.0,0.0
2024-05-06T15:00,33.6,20,11.1,299,1002.5,0.0
2024-05-06T16:00,32.5,22,11.7,304,1003.2,0.0
2024-05-06T17:00,31.6,23,10.3,306,1003.4,0.0
2024-05-06T18:00,30.3,25,8.8,341,1003.6,0.0
2024-05-06T19:00,28.5,28,7.2,354,1003.2,0.0
2024-05-06T20:00,27.2,31,7.6,355,1002.7,0.0
2024-05-06T21:00,26.1,34,8.9,333,1002.8,0.0
2024-05-06T22:00,25.7,36,6.6,315,1003.2,0.0
2024-05-06T23:00,26.2,34,4.1,315,1003.5,0.0
2024-05-07T00:00,27.8,30,3.3,41,1003.8,0.0
2024-05-07T01:00,27.3,43,4.3,204,1004.8,0.0
2024-05-07T02:00,29.9,33,3.7,119,1005.4,0.0
2024-05-07T03:00,32.9,27,3.5,24,1006.0,0.0
2024-05-07T04:00,34.8,24,10.8,30,1006.8,0.0
2024-05-07T05:00,37.1,21,8.0,63,1006.5,0.0
2024-05-07T06:00,39.2,19,5.8,83,1006.1,0.0
2024-05-07T07:00,40.2,15,1.8,11,1005.4,0.0
2024-05-07T08:00,41.2,14,8.5,324,1004.2,0.0
2024-05-07T09:00,41.4,13,12.8,320,1003.2,0.0
2024-05-07T10:00,41.3,13,13.6,323,1002.6,0.0
2024-05-07T11:00,41.1,13,14.5,333,1002.6,0.0
2024-05-07T12:00,38.7,17,12.3,75,1002.9,0.0
2024-05-07T13:00,37.3,17,12.8,38,1002.9,0.0
2024-05-07T14:00,34.6,20,8.6,68,1003.3,0.0
2024-05-07T15:00,32.7,33,17.3,102,1004.5,0.0
2024-05-07T16:00,31.4,39,13.0,114,1005.1,0.0
2024-05-07T17:00,30.7,40,11.8,142,1005.3,0.0
2024-05-07T18:00,29.8,42,9.5,143,1005.7,0.0
2024-05-07T19:00,27.9,48,7.2,93,1005.8,0.0
2024-05-07T20:00,28.0,48,8.1,148,1005.3,0.0
2024-05-07T21:00,27.2,51,7.5,145,1005.1,0.0
2024-05-07T22:00,27.2,51,12.6,149,1005.0,0.0
2024-05-07T23:00,27.2,52,13.7,150,1005.2,0.0
2024-05-08T00:00,26.4,54,10.7,123,1005.9,0.0
2024-05-08T01:00,27.8,63,18.5,114,1006.7,0.0
2024-05-08T02:00,29.0,59,20.3,110,1007.2,0.0
2024-05-08T03:00,30.4,56,21.6,105,1007.4,0.0
2024-05-08T04:00,32.3,50,20.2,106,1007.4,0.0
2024-05-08T05:00,34.4,43,17.7,110,1007.0,0.0
2024-05-08T06:00,36.2,37,16.8,118,1006.3,0.0
2024-05-08T07:00,37.6,33,14.5,125,1005.4,0.0
2024-05-08T08:00,38.5,27,8.2,128,1004.3,0.0
2024-05-08T09:00,38.7,23,4.6,108,1003.1,0.0
2024-05-08T10:00,39.2,21,5.8,60,1002.4,0.0
2024-05-08T11:00,38.8,19,10.0,30,1002.3,0.0
2024-05-08T12:00,37.5,22,12.6,66,1002.3,0.0
2024-05-08T13:00,35.6,27,6.9,81,1003.5,0.0
2024-05-08T14:00,33.5,31,13.8,110,1003.5,0.0
2024-05-08T15:00,32.0,36,14.3,108,1004.3,0.0
2024-05-08T16:00,31.6,37,13.4,104,1005.0,0.0
2024-05-08T17:00,31.1,37,14.6,110,1005.1,0.0
2024-05-08T18:00,30.6,38,19.9,122,1004.9,0.0
2024-05-08T19:00,29.7,40,18.4,130,1005.1,0.0
2024-05-08T20:00,28.7,45,17.6,134,1004.5,0.0
2024-05-08T21:00,27.9,49,16.1,130,1004.2,0.0
2024-05-08T22:00,27.3,52,15.1,118,1004.2,0.0
2024-05-08T23:00,26.7,54,15.8,107,1004.6,0.0
2024-05-09T00:00,26.2,57,16.5,101,1005.0,0.0
2024-05-09T01:00,27.7,56,18.6,68,1007.2,0.0
2024-05-09T02:00,28.6,53,23.8,91,1007.2,0.0
2024-05-09T03:00,30.3,49,20.9,101,1007.4,0.0
2024-05-09T04:00,31.5,46,21.7,97,1007.2,0.0
2024-05-09T05:00,33.5,41,18.5,114,1006.1,0.0
2024-05-09T06:00,35.4,37,14.8,108,1005.5,0.0
2024-05-09T07:00,36.8,34,11.4,114,1004.5,0.0
2024-05-09T08:00,37.9,30,8.6,112,1003.5,0.0
2024-05-09T09:00,38.6,27,5.4,86,1002.4,0.0
2024-05-09T10:00,38.9,24,4.8,27,1001.6,0.0
2024-05-09T11:00,39.1,21,7.3,20,1000.9,0.0
2024-05-09T12:00,38.5,22,10.7,20,1001.4,0.0
2024-05-09T13:00,34.6,29,5.4,94,1003.2,0.0
2024-05-09T14:00,33.0,28,8.4,133,1002.9,0.0
2024-05-09T15:00,32.0,29,9.1,124,1003.7,0.0
2024-05-09T16:00,31.0,32,11.1,103,1004.3,0.0
2024-05-09T17:00,30.4,35,13.3,109,1004.2,0.0
2024-05-09T18:00,29.6,37,13.7,125,1003.9,0.0
2024-05-09T19:00,28.9,38,13.3,123,1004.0,0.0
2024-05-09T20:00,28.5,39,13.9,115,1003.8,0.0
2024-05-09T21:00,27.8,41,14.4,122,1003.7,0.0
2024-05-09T22:00,27.0,44,12.0,147,1004.3,0.0
2024-05-09T23:00,26.3,47,9.8,126,1004.8,0.0
2024-05-10T00:00,25.8,50,10.9,98,1005.7,0.0
2024-05-10T01:00,26.7,63,19.6,97,1007.7,0.0
2024-05-10T02:00,28.1,59,16.1,100,1008.2,0.0
2024-05-10T03:00,30.9,53,19.9,85,1009.0,0.0
2024-05-10T04:00,31.9,52,22.0,95,1008.7,0.0
2024-05-10T05:00,33.9,46,20.1,111,1007.4,0.0
2024-05-10T06:00,35.9,40,17.2,119,1006.4,0.0
2024-05-10T07:00,37.6,35,13.0,124,1005.5,0.0
2024-05-10T08:00,38.6,31,7.8,124,1004.3,0.0
2024-05-10T09:00,39.1,29,4.0,153,1003.1,0.0
2024-05-10T10:00,36.8,30,18.4,12,1003.6,0.0
2024-05-10T11:00,37.6,25,6.4,43,1002.7,0.0
2024-05-10T12:00,36.3,32,8.7,30,1002.5,0.0
2024-05-10T13:00,33.4,42,8.1,122,1003.6,0.2
2024-05-10T14:00,32.5,45,1.1,342,1004.5,0.0
2024-05-10T15:00,30.5,52,4.2,20,1005.0,0.0
2024-05-10T16:00,30.0,54,5.7,55,1005.7,0.0
2024-05-10T17:00,30.6,52,1.4,270,1005.5,0.0
2024-05-10T18:00,29.3,56,3.8,17,1005.3,0.0
2024-05-10T19:00,29.6,54,5.6,135,1004.9,0.0
2024-05-10T20:00,28.0,59,7.3,147,1004.5,0.0
2024-05-10T21:00,27.4,59,6.9,129,1004.6,0.0
2024-05-10T22:00,26.0,65,8.4,130,1005.3,0.0
2024-05-10T23:00,26.0,64,5.6,130,1005.8,0.0
2024-05-11T00:00,25.8,63,6.9,133,1006.5,0.0
2024-05-11T01:00,27.7,58,9.6,304,1011.0,0.0
2024-05-11T02:00,28.8,55,4.0,333,1010.8,0.0
2024-05-11T03:00,30.6,50,5.4,48,1010.6,0.1
2024-05-11T04:00,31.7,47,10.5,112,1009.5,0.0
2024-05-11T05:00,32.5,43,4.3,275,1009.3,0.0
2024-05-11T06:00,34.5,36,3.3,276,1008.6,0.0
2024-05-11T07:00,36.6,30,3.9,304,1007.8,0.0
2024-05-11T08:00,38.3,24,12.3,302,1006.9,0.0
2024-05-11T09:00,38.9,21,17.4,308,1005.6,0.0
2024-05-11T10:00,38.6,22,18.1,319,1004.9,0.0
2024-05-11T11:00,38.1,22,16.7,323,1004.5,0.0
2024-05-11T12:00,37.5,24,14.6,322,1004.6,0.0
2024-05-11T13:00,35.0,29,9.4,43,1006.4,0.0
2024-05-11T14:00,32.7,35,5.4,110,1006.3,0.0
2024-05-11T15:00,31.1,39,6.1,28,1006.6,0.0
2024-05-11T16:00,30.4,41,7.2,37,1007.2,0.0
2024-05-11T17:00,29.0,45,5.8,30,1007.2,0.0
2024-05-11T18:00,27.9,50,7.3,33,1007.3,0.0
2024-05-11T19:00,27.6,52,6.3,114,1007.1,0.0
2024-05-11T20:00,26.9,54,7.4,166,1006.5,0.0
2024-05-11T21:00,26.8,53,6.1,180,1005.6,0.0
2024-05-11T22:00,26.6,53,6.1,177,1005.7,0.0
2024-05-11T23:00,26.9,51,8.7,173,1006.0,0.0
2024-05-12T00:00,26.9,53,9.0,180,1006.9,0.0
2024-05-12T01:00,28.6,57,12.1,260,1009.0,0.0
2024-05-12T02:00,29.8,52,10.4,284,1009.2,0.0
2024-05-12T03:00,32.1,44,11.3,297,1009.4,0.0
2024-05-12T04:00,34.5,35,14.3,317,1009.5,0.0
2024-05-12T05:00,36.1,31,15.2,329,1008.8,0.0
2024-05-12T06:00,37.4,28,16.0,346,1007.9,0.0
2024-05-12T07:00,35.3,35,12.6,20,1008.3,0.8
2024-05-12T08:00,36.4,29,10.4,46,1007.5,0.0
2024-05-12T09:00,37.4,26,4.5,14,1006.6,0.0
2024-05-12T10:00,37.6,25,12.4,343,1005.9,0.0
2024-05-12T11:00,36.5,26,13.0,341,1006.0,0.1
2024-05-12T12:00,35.9,27,16.5,20,1005.8,0.0
2024-05-12T13:00,35.2,27,10.0,77,1005.1,0.0
2024-05-12T14:00,32.8,32,8.1,111,1005.3,0.0
2024-05-12T15:00,30.9,36,8.7,52,1006.0,0.0
2024-05-12T16:00,29.7,40,7.9,66,1006.4,0.0
2024-05-12T17:00,28.6,42,7.9,66,1006.5,0.0
2024-05-12T18:00,28.6,41,7.2,27,1006.9,0.0
2024-05-12T19:00,27.7,42,6.8,72,1007.0,0.0
2024-05-12T20:00,27.6,42,7.2,127,1006.8,0.0
2024-05-12T21:00,26.6,46,8.0,144,1006.6,0.0
2024-05-12T22:00,26.9,45,8.9,166,1006.8,0.0
2024-05-12T23:00,26.7,47,7.2,183,1007.0,0.0
2024-05-13T00:00,25.6,52,10.5,186,1007.5,0.0
2024-05-13T01:00,28.3,54,7.6,19,1009.0,0.0
2024-05-13T02:00,30.4,50,4.9,54,1009.4,0.0
2024-05-13T03:00,33.0,45,10.2,48,1009.7,0.0
2024-05-13T04:00,35.0,41,8.4,43,1009.4,0.0
2024-05-13T05:00,36.9,34,6.9,28,1008.5,0.0
2024-05-13T06:00,38.4,25,8.6,338,1007.7,0.0
2024-05-13T07:00,39.5,19,11.5,311,1007.8,0.0
2024-05-13T08:00,39.2,16,10.3,295,1007.0,0.0
2024-05-13T09:00,40.2,13,12.8,310,1005.9,0.0
2024-05-13T10:00,40.3,12,14.0,331,1004.9,0.0
2024-05-13T11:00,40.3,11,13.9,343,1004.4,0.0
2024-05-13T12:00,39.2,10,20.1,345,1004.5,0.0
2024-05-13T13:00,35.9,13,7.6,19,1005.9,0.0
2024-05-13T14:00,31.7,19,10.0,21,1006.2,0.0
2024-05-13T15:00,30.1,22,8.7,330,1006.5,0.0
2024-05-13T16:00,28.6,26,10.9,343,1006.7,0.0
2024-05-13T17:00,28.0,26,8.9,333,1006.8,0.0
2024-05-13T18:00,27.2,27,7.4,309,1007.0,0.0
2024-05-13T19:00,26.3,27,8.0,324,1007.1,0.0
2024-05-13T20:00,26.2,25,8.7,343,1007.1,0.0
2024-05-13T21:00,25.1,28,12.0,351,1007.2,0.0
2024-05-13T22:00,24.8,29,10.2,318,1007.4,0.0
2024-05-13T23:00,24.0,31,9.0,293,1007.5,0.0
2024-05-14T00:00,23.6,33,7.8,283,1008.2,0.0
2024-05-14T01:00,26.6,39,4.4,325,1009.5,0.0
2024-05-14T02:00,29.2,35,3.5,336,1010.0,0.0
2024-05-14T03:00,32.0,29,3.1,21,1010.6,0.0
2024-05-14T04:00,34.6,25,3.9,34,1010.3,0.0
2024-05-14T05:00,37.1,19,4.9,17,1009.7,0.0
2024-05-14T06:00,38.8,16,7.6,335,1008.9,0.0
2024-05-14T07:00,39.8,14,13.5,312,1008.3,0.0
2024-05-14T08:00,40.3,14,17.9,310,1007.5,0.0
2024-05-14T09:00,40.9,12,16.5,306,1006.2,0.0
2024-05-14T10:00,40.8,10,20.7,310,1005.1,0.0
2024-05-14T11:00,40.1,10,20.2,311,1004.5,0.0
2024-05-14T12:00,39.5,10,15.5,318,1004.7,0.0
2024-05-14T13:00,37.3,9,13.7,337,1005.4,0.0
2024-05-14T14:00,34.0,11,11.3,353,1005.5,0.0
2024-05-14T15:00,31.5,15,10.2,328,1006.2,0.0
2024-05-14T16:00,30.3,20,6.5,270,1006.5,0.0
2024-05-14T17:00,31.0,21,13.4,306,1006.4,0.0
2024-05-14T18:00,31.8,19,13.4,306,1006.2,0.0
2024-05-14T19:00,30.2,23,11.8,301,1006.0,0.0
2024-05-14T20:00,28.9,26,11.2,303,1005.8,0.0
2024-05-14T21:00,27.6,29,9.3,306,1005.6,0.0
2024-05-14T22:00,25.6,34,7.1,294,1005.7,0.0
2024-05-14T23:00,24.7,37,7.8,292,1006.0,0.0
2024-05-15T00:00,25.3,36,6.6,261,1006.9,0.0
2024-05-15T01:00,27.7,37,6.4,286,1008.6,0.0
2024-05-15T02:00,30.5,33,8.4,263,1008.9,0.0
2024-05-15T03:00,33.8,27,6.8,288,1009.6,0.0
2024-05-15T04:00,36.5,23,4.9,306,1009.6,0.0
2024-05-15T05:00,39.0,16,5.0,360,1009.0,0.0
2024-05-15T06:00,40.6,11,8.0,333,1008.1,0.0
2024-05-15T07:00,41.7,9,13.5,318,1007.3,0.0
2024-05-15T08:00,42.0,9,16.9,320,1006.5,0.0
2024-05-15T09:00,42.2,8,15.0,330,1005.4,0.0
2024-05-15T10:00,42.2,8,13.8,351,1004.4,0.0
2024-05-15T11:00,41.8,8,17.0,354,1004.3,0.0
2024-05-15T12:00,41.0,8,15.6,353,1004.6,0.0
2024-05-15T13:00,38.2,11,18.4,329,1005.4,0.0
2024-05-15T14:00,35.2,14,11.6,16,1006.3,0.0
2024-05-15T15:00,33.4,15,10.5,27,1006.9,0.0
2024-05-15T16:00,31.7,16,8.7,52,1007.4,0.0
2024-05-15T17:00,30.2,16,7.9,47,1007.7,0.0
2024-05-15T18:00,31.3,16,4.9,343,1007.9,0.0
2024-05-15T19:00,27.6,21,8.0,188,1007.7,0.0
2024-05-15T20:00,26.9,21,10.4,146,1007.2,0.0
2024-05-15T21:00,27.3,21,7.6,135,1006.8,0.0
2024-05-15T22:00,26.7,22,7.6,180,1007.0,0.0
2024-05-15T23:00,25.4,25,11.5,194,1007.2,0.0
2024-05-16T00:00,28.1,21,4.1,285,1008.0,0.0
2024-05-16T01:00,26.2,36,8.3,5,1009.4,0.0
2024-05-16T02:00,28.7,33,4.2,20,1010.0,0.0
2024-05-16T03:00,32.3,27,2.6,34,1009.8,0.0
2024-05-16T04:00,35.5,22,5.8,360,1009.7,0.0
2024-05-16T05:00,38.0,19,8.7,355,1009.1,0.0
2024-05-16T06:00,40.2,16,11.1,347,1008.2,0.0
2024-05-16T07:00,41.8,12,10.5,338,1006.9,0.0
2024-05-16T08:00,42.6,11,11.6,330,1005.7,0.0
2024-05-16T09:00,42.8,10,16.1,318,1004.6,0.0
2024-05-16T10:00,42.4,10,18.6,314,1003.8,0.0
2024-05-16T11:00,42.2,11,13.5,314,1003.3,0.0
2024-05-16T12:00,41.4,11,15.3,309,1002.8,0.0
2024-05-16T13:00,37.9,16,8.0,350,1002.2,0.0
2024-05-16T14:00,34.8,17,9.0,2,1002.9,0.0
2024-05-16T15:00,33.0,20,9.0,92,1003.6,0.0
2024-05-16T16:00,34.8,18,6.6,112,1004.5,0.0
2024-05-16T17:00,34.0,18,2.1,329,1004.9,0.0
2024-05-16T18:00,32.6,21,3.5,246,1004.7,0.0
2024-05-16T19:00,29.3,25,7.6,199,1004.3,0.0
2024-05-16T20:00,29.8,22,10.5,196,1003.7,0.0
2024-05-16T21:00,29.9,21,9.8,204,1003.7,0.0
2024-05-16T22:00,29.8,21,10.4,214,1003.8,0.0
2024-05-16T23:00,29.0,22,9.4,227,1004.0,0.0
2024-05-17T00:00,27.4,26,8.4,239,1004.4,0.0
2024-05-17T01:00,28.5,34,11.8,340,1005.9,0.0
2024-05-17T02:00,30.9,30,5.7,305,1006.0,0.0
2024-05-17T03:00,34.7,26,3.4,288,1006.1,0.0
2024-05-17T04:00,38.3,20,8.0,324,1005.9,0.0
2024-05-17T05:00,40.8,16,10.0,334,1005.5,0.0
2024-05-17T06:00,42.4,14,10.4,326,1004.8,0.0
2024-05-17T07:00,43.8,10,15.0,318,1003.8,0.0
2024-05-17T08:00,44.1,10,16.4,322,1002.8,0.0
2024-05-17T09:00,44.0,10,16.7,323,1001.7,0.0
2024-05-17T10:00,43.9,9,14.4,323,1000.7,0.0
2024-05-17T11:00,43.3,10,16.1,321,1000.3,0.0
2024-05-17T12:00,42.1,10,19.0,323,1000.3,0.0
2024-05-17T13:00,38.5,21,8.2,41,999.8,0.0
2024-05-17T14:00,36.5,19,7.3,351,1000.9,0.0
2024-05-17T15:00,35.9,20,8.9,339,1001.6,0.0
2024-05-17T16:00,34.8,18,9.2,339,1002.3,0.0
2024-05-17T17:00,33.3,21,9.4,328,1002.6,0.0
2024-05-17T18:00,31.5,23,7.8,292,1002.8,0.0
2024-05-17T19:00,30.2,27,10.7,320,1002.3,0.0
2024-05-17T20:00,29.8,28,9.3,306,1001.7,0.0
2024-05-17T21:00,30.1,28,8.0,278,1001.8,0.0
2024-05-17T22:00,29.2,29,9.0,270,1002.0,0.0
2024-05-17T23:00,28.0,32,7.5,287,1002.1,0.0
2024-05-18T00:00,26.7,36,6.9,279,1002.1,0.0
2024-05-18T01:00,30.5,37,2.2,261,1002.9,0.0
2024-05-18T02:00,33.4,33,6.4,297,1003.4,0.0
2024-05-18T03:00,36.8,27,3.7,281,1003.4,0.0
2024-05-18T04:00,39.4,22,1.1,270,1003.0,0.0
2024-05-18T05:00,41.9,14,3.5,336,1002.3,0.0
2024-05-18T06:00,43.6,10,12.6,307,1001.5,0.0
2024-05-18T07:00,44.1,10,18.7,300,1000.4,0.0
2024-05-18T08:00,44.1,11,21.0,301,999.8,0.0
2024-05-18T09:00,44.2,11,20.3,290,998.7,0.0
2024-05-18T10:00,44.1,11,20.9,285,997.8,0.0
2024-05-18T11:00,43.9,11,19.5,286,997.2,0.0
2024-05-18T12:00,43.3,11,18.7,298,996.9,0.0
2024-05-18T13:00,41.0,12,30.0,290,997.3,0.0
2024-05-18T14:00,39.8,12,23.5,295,997.8,0.0
2024-05-18T15:00,38.0,13,16.3,295,998.5,0.0
2024-05-18T16:00,36.4,15,13.2,296,999.2,0.0
2024-05-18T17:00,34.8,16,13.5,316,999.7,0.0
2024-05-18T18:00,34.6,16,16.6,338,999.9,0.0
2024-05-18T19:00,33.9,17,14.7,343,999.6,0.0
2024-05-18T20:00,32.7,18,11.0,341,999.2,0.0
2024-05-18T21:00,31.6,20,11.3,323,999.5,0.0
2024-05-18T22:00,30.2,22,8.4,320,999.4,0.0
2024-05-18T23:00,28.7,25,6.8,295,999.8,0.0
2024-05-19T00:00,28.1,26,6.6,279,1000.0,0.0
2024-05-19T01:00,30.7,25,6.5,289,1000.8,0.0
2024-05-19T02:00,32.9,23,11.2,255,1001.8,0.0
2024-05-19T03:00,35.7,19,8.7,277,1001.9,0.0
2024-05-19T04:00,37.9,18,9.7,297,1001.8,0.0
2024-05-19T05:00,40.1,16,9.2,291,1001.3,0.0
2024-05-19T06:00,42.5,14,8.6,292,1000.4,0.0
2024-05-19T07:00,44.3,10,12.2,289,999.2,0.0
2024-05-19T08:00,45.0,9,20.4,296,998.1,0.0
2024-05-19T09:00,45.0,9,21.9,303,997.1,0.0
2024-05-19T10:00,44.6,9,25.4,308,996.3,0.0
2024-05-19T11:00,43.8,9,27.0,301,996.2,0.0
2024-05-19T12:00,42.9,10,25.9,309,996.0,0.0
2024-05-19T13:00,41.7,10,24.4,314,996.0,0.0
2024-05-19T14:00,40.3,10,22.0,308,996.7,0.0
2024-05-19T15:00,38.6,11,14.0,318,997.4,0.0
2024-05-19T16:00,35.4,15,7.9,294,998.3,0.0
2024-05-19T17:00,34.1,16,8.0,288,998.9,0.0
2024-05-19T18:00,33.6,17,9.1,304,999.0,0.0
2024-05-19T19:00,33.1,18,9.2,329,998.5,0.0
2024-05-19T20:00,31.6,21,7.2,333,998.3,0.0
2024-05-19T21:00,30.2,23,6.2,280,998.5,0.0
2024-05-19T22:00,30.1,24,10.5,262,998.9,0.0
2024-05-19T23:00,30.2,25,9.8,278,999.5,0.0
2024-05-20T00:00,28.7,31,8.3,304,1000.3,0.0
2024-05-20T01:00,30.8,27,10.8,2,1001.2,0.0
2024-05-20T02:00,33.1,25,8.6,2,1002.1,0.0
2024-05-20T03:00,35.3,22,7.5,17,1002.6,0.0
2024-05-20T04:00,37.4,21,7.2,3,1002.9,0.0
2024-05-20T05:00,39.3,19,5.8,360,1002.6,0.0
2024-05-20T06:00,40.9,17,4.9,343,1002.1,0.0
2024-05-20T07:00,42.3,15,6.6,311,1001.1,0.0
2024-05-20T08:00,43.4,13,11.4,283,1000.0,0.0
2024-05-20T09:00,44.1,11,18.5,283,998.8,0.0
2024-05-20T10:00,43.6,12,21.3,294,998.0,0.0
2024-05-20T11:00,43.4,11,23.0,297,997.4,0.0
2024-05-20T12:00,42.5,12,23.3,305,997.5,0.0
2024-05-20T13:00,41.3,10,18.8,313,997.6,0.0
2024-05-20T14:00,36.5,15,7.4,47,998.9,0.0
2024-05-20T15:00,35.1,21,7.1,75,999.6,0.0
2024-05-20T16:00,34.1,24,7.2,117,999.9,0.0
2024-05-20T17:00,33.8,24,3.8,197,1000.4,0.0
2024-05-20T18:00,32.1,26,6.9,186,1000.5,0.0
2024-05-20T19:00,31.5,27,8.8,215,1000.5,0.0
2024-05-20T20:00,31.4,26,10.0,218,1000.2,0.0
2024-05-20T21:00,30.3,27,8.9,212,999.9,0.0
2024-05-20T22:00,29.2,29,9.9,237,999.9,0.0
2024-05-20T23:00,29.2,27,8.2,221,1000.2,0.0
2024-05-21T00:00,29.7,27,10.7,225,1000.7,0.0
2024-05-21T01:00,28.8,45,12.5,108,1002.7,0.0
2024-05-21T02:00,30.3,45,15.8,91,1003.1,0.0
2024-05-21T03:00,32.5,43,15.2,97,1003.7,0.0
2024-05-21T04:00,34.5,40,14.9,98,1003.8,0.0
2024-05-21T05:00,36.5,35,13.5,106,1003.4,0.0
2024-05-21T06:00,38.4,31,11.0,101,1002.6,0.0
2024-05-21T07:00,39.9,27,9.3,103,1001.5,0.0
2024-05-21T08:00,40.9,24,5.4,82,1000.4,0.0
2024-05-21T09:00,41.8,20,4.0,10,999.5,0.0
2024-05-21T10:00,42.4,17,6.6,331,998.9,0.0
2024-05-21T11:00,42.7,13,15.6,331,998.5,0.0
2024-05-21T12:00,41.2,17,20.8,332,998.5,0.0
2024-05-21T13:00,38.6,32,4.8,63,999.7,0.0
2024-05-21T14:00,36.6,27,5.9,79,1000.0,0.0
2024-05-21T15:00,34.5,29,7.6,93,1000.0,0.0
2024-05-21T16:00,33.5,30,7.5,55,1000.7,0.0
2024-05-21T17:00,33.0,32,9.9,46,1000.7,0.0
2024-05-21T18:00,32.3,35,8.3,92,1000.9,0.0
2024-05-21T19:00,31.6,36,7.9,129,1001.0,0.0
2024-05-21T20:00,30.7,38,7.3,101,1001.0,0.0
2024-05-21T21:00,30.6,42,10.8,111,1001.2,0.0
2024-05-21T22:00,30.5,45,12.5,129,1001.4,0.0
2024-05-21T23:00,30.1,47,11.8,128,1001.6,0.0
2024-05-22T00:00,29.7,49,12.3,122,1002.4,0.0
2024-05-22T01:00,31.5,47,13.3,90,1003.5,0.0
2024-05-22T02:00,32.8,48,21.1,113,1004.0,0.0
2024-05-22T03:00,34.5,45,18.2,120,1004.2,0.0
2024-05-22T04:00,36.3,41,20.1,100,1004.6,0.0
2024-05-22T05:00,37.1,39,24.5,100,1004.0,0.0
2024-05-22T06:00,38.9,34,20.0,118,1002.9,0.0
2024-05-22T07:00,40.6,30,17.1,125,1001.5,0.0
2024-05-22T08:00,42.1,26,16.1,140,1000.2,0.0
2024-05-22T09:00,38.8,28,19.8,207,1001.1,0.2
2024-05-22T10:00,38.9,26,1.8,191,1000.0,0.0
2024-05-22T11:00,39.8,24,5.1,45,999.2,0.0
2024-05-22T12:00,39.3,25,10.8,75,998.8,0.0
2024-05-22T13:00,37.7,30,19.9,84,998.8,0.0
2024-05-22T14:00,35.7,37,23.1,75,999.2,0.0
2024-05-22T15:00,35.0,38,18.4,67,999.8,0.0
2024-05-22T16:00,34.9,37,16.6,91,1000.4,0.0
2024-05-22T17:00,34.1,39,16.4,109,1000.5,0.0
2024-05-22T18:00,33.4,40,11.9,104,1001.0,0.0
2024-05-22T19:00,32.8,41,12.4,120,1000.7,0.0
2024-05-22T20:00,32.3,42,11.0,128,1000.6,0.0
2024-05-22T21:00,31.7,44,11.5,139,1000.8,0.0
2024-05-22T22:00,31.2,47,11.2,138,1001.1,0.0
2024-05-22T23:00,30.8,48,14.0,132,1001.5,0.0
2024-05-23T00:00,30.5,49,14.8,124,1002.0,0.0
2024-05-23T01:00,31.5,52,18.3,122,1002.7,0.0
2024-05-23T02:00,32.3,52,22.9,136,1002.5,0.0
2024-05-23T03:00,34.1,47,19.5,109,1002.9,0.0
2024-05-23T04:00,36.1,42,20.0,113,1003.1,0.0
2024-05-23T05:00,38.0,36,20.5,121,1002.8,0.0
2024-05-23T06:00,38.3,35,18.9,111,1002.6,0.1
2024-05-23T07:00,40.2,30,15.0,120,1001.1,0.0
2024-05-23T08:00,41.0,27,11.2,132,1000.0,0.0
2024-05-23T09:00,41.4,24,7.8,158,999.0,0.0
2024-05-23T10:00,41.6,22,5.2,192,998.2,0.0
2024-05-23T11:00,41.5,21,4.4,235,997.8,0.0
2024-05-23T12:00,41.0,22,2.3,309,997.5,0.0
2024-05-23T13:00,38.9,19,15.1,123,998.4,0.0
2024-05-23T14:00,37.0,24,15.8,125,998.6,0.0
2024-05-23T15:00,35.7,29,13.3,109,999.5,0.0
2024-05-23T16:00,34.8,32,12.9,117,1000.0,0.0
2024-05-23T17:00,34.2,35,12.2,109,1000.3,0.0
2024-05-23T18:00,33.6,38,12.0,131,1000.5,0.0
2024-05-23T19:00,33.2,40,14.6,130,1000.3,0.0
2024-05-23T20:00,32.3,43,12.6,117,1000.3,0.0
2024-05-23T21:00,31.7,46,12.5,136,1000.4,0.0
2024-05-23T22:00,31.2,48,12.2,137,1000.6,0.0
2024-05-23T23:00,30.9,50,14.5,138,1001.0,0.0
2024-05-24T00:00,30.5,52,14.0,138,1001.6,0.0
2024-05-24T01:00,31.6,50,11.7,108,1002.8,0.0
2024-05-24T02:00,33.0,47,18.6,81,1003.7,0.0
2024-05-24T03:00,34.5,44,18.5,114,1003.6,0.0
2024-05-24T04:00,36.4,39,20.6,119,1003.5,0.0
2024-05-24T05:00,37.9,34,19.3,123,1003.3,0.0
2024-05-24T06:00,39.0,31,14.3,118,1002.6,0.0
2024-05-24T07:00,39.8,29,9.8,96,1001.5,0.0
2024-05-24T08:00,40.3,27,7.8,68,1000.4,0.0
2024-05-24T09:00,40.6,26,6.8,32,999.4,0.0
2024-05-24T10:00,40.7,25,9.1,9,998.6,0.0
2024-05-24T11:00,40.3,26,10.1,356,998.0,0.0
2024-05-24T12:00,39.7,27,4.7,328,997.6,0.0
2024-05-24T13:00,39.2,24,7.4,113,997.9,0.0
2024-05-24T14:00,37.4,26,9.4,130,998.1,0.0
2024-05-24T15:00,35.9,29,6.3,114,998.7,0.0
2024-05-24T16:00,35.0,31,7.9,93,999.4,0.0
2024-05-24T17:00,33.7,34,6.1,93,1000.3,0.0
2024-05-24T18:00,32.3,40,7.3,81,1000.5,0.0
2024-05-24T19:00,32.1,40,5.7,125,1000.3,0.0
2024-05-24T20:00,32.3,39,8.1,167,999.7,0.0
2024-05-24T21:00,32.0,41,8.7,173,999.2,0.0
2024-05-24T22:00,31.4,44,8.3,162,999.2,0.0
2024-05-24T23:00,30.9,46,7.8,158,999.4,0.0
2024-05-25T00:00,30.3,49,7.5,163,999.7,0.0
2024-05-25T01:00,32.8,45,4.7,184,1000.5,0.0
2024-05-25T02:00,34.1,42,2.4,207,1001.0,0.0
2024-05-25T03:00,36.0,38,2.6,286,1001.3,0.0
2024-05-25T04:00,37.7,35,4.0,260,1001.2,0.0
2024-05-25T05:00,40.0,30,8.3,268,1000.6,0.0
2024-05-25T06:00,41.4,25,12.8,310,999.9,0.0
2024-05-25T07:00,42.5,21,13.8,319,999.0,0.0
2024-05-25T08:00,43.6,18,13.8,332,997.8,0.0
2024-05-25T09:00,44.5,16,15.5,329,996.5,0.0
2024-05-25T10:00,44.5,14,18.8,334,995.5,0.0
2024-05-25T11:00,44.1,13,22.6,329,994.9,0.0
2024-05-25T12:00,43.5,13,21.1,327,994.7,0.0
2024-05-25T13:00,42.4,12,19.3,331,995.1,0.0
2024-05-25T14:00,40.2,13,15.3,326,995.9,0.0
2024-05-25T15:00,38.2,14,12.7,325,996.8,0.0
2024-05-25T16:00,35.3,18,8.1,315,997.5,0.0
2024-05-25T17:00,34.4,19,8.2,322,997.9,0.0
2024-05-25T18:00,33.2,20,7.4,331,998.1,0.0
2024-05-25T19:00,32.1,23,7.5,17,997.8,0.0
2024-05-25T20:00,30.4,25,6.9,99,997.6,0.0
2024-05-25T21:00,30.5,24,4.6,225,997.8,0.0
2024-05-25T22:00,29.3,28,7.1,294,997.7,0.0
2024-05-25T23:00,28.8,29,7.0,348,998.0,0.0
2024-05-26T00:00,29.3,27,10.0,334,998.6,0.0
2024-05-26T01:00,31.2,27,11.3,323,999.1,0.0
2024-05-26T02:00,33.6,25,9.7,321,999.4,0.0
2024-05-26T03:00,36.4,22,10.2,337,999.4,0.0
2024-05-26T04:00,39.2,20,11.5,340,999.3,0.0
2024-05-26T05:00,41.9,16,14.6,350,998.8,0.0
2024-05-26T06:00,43.8,11,14.9,352,998.1,0.0
2024-05-26T07:00,44.8,9,15.3,341,997.2,0.0
2024-05-26T08:00,45.3,9,15.8,333,996.3,0.0
2024-05-26T09:00,45.5,10,16.4,331,995.2,0.0
2024-05-26T10:00,45.9,10,16.8,332,994.0,0.0
2024-05-26T11:00,45.4,11,24.4,314,993.3,0.0
2024-05-26T12:00,43.9,12,25.3,310,993.2,0.0
2024-05-26T13:00,42.5,11,23.5,320,993.2,0.0
2024-05-26T14:00,41.7,12,24.0,327,993.9,0.0
2024-05-26T15:00,39.9,13,9.2,329,994.3,0.0
2024-05-26T16:00,37.2,17,9.4,310,994.6,0.0
2024-05-26T17:00,37.0,16,13.9,339,995.1,0.0
2024-05-26T18:00,35.7,18,10.9,354,995.2,0.0
2024-05-26T19:00,33.6,21,7.7,11,995.0,0.0
2024-05-26T20:00,34.5,20,7.3,349,994.8,0.0
2024-05-26T21:00,34.6,20,4.9,126,994.8,0.0
2024-05-26T22:00,31.1,25,6.1,90,994.8,0.0
2024-05-26T23:00,30.0,28,5.4,90,995.1,0.0
2024-05-27T00:00,29.1,31,3.6,37,995.4,0.0
2024-05-27T01:00,32.5,37,2.4,27,996.1,0.0
2024-05-27T02:00,34.2,32,5.3,62,996.3,0.0
2024-05-27T03:00,36.4,29,5.8,83,996.2,0.0
2024-05-27T04:00,38.9,29,4.4,55,996.1,0.0
2024-05-27T05:00,41.5,25,5.1,352,995.7,0.0
2024-05-27T06:00,43.7,17,11.5,328,995.0,0.0
2024-05-27T07:00,44.9,12,15.3,313,994.2,0.0
2024-05-27T08:00,45.4,9,18.7,310,993.4,0.0
2024-05-27T09:00,45.8,9,17.6,313,992.2,0.0
2024-05-27T10:00,45.9,7,20.9,314,991.6,0.0
2024-05-27T11:00,45.2,7,22.4,314,991.3,0.0
2024-05-27T12:00,44.1,8,21.3,309,991.1,0.0
2024-05-27T13:00,42.6,8,19.8,307,991.3,0.0
2024-05-27T14:00,40.3,8,17.6,329,991.8,0.0
2024-05-27T15:00,37.7,10,8.7,315,992.4,0.0
2024-05-27T16:00,36.3,11,9.2,309,993.0,0.0
2024-05-27T17:00,35.1,12,8.7,336,993.2,0.0
2024-05-27T18:00,32.5,16,11.7,9,993.0,0.0
2024-05-27T19:00,32.2,17,9.7,22,992.8,0.0
2024-05-27T20:00,31.4,19,7.6,341,992.5,0.0
2024-05-27T21:00,32.5,18,5.7,342,991.9,0.0
2024-05-27T22:00,30.9,20,3.2,207,991.8,0.0
2024-05-27T23:00,29.1,22,7.1,240,991.9,0.0
2024-05-28T00:00,28.8,22,8.2,229,992.2,0.0
2024-05-28T01:00,28.3,28,11.2,21,994.1,0.0
2024-05-28T02:00,31.0,26,8.2,38,994.3,0.0
2024-05-28T03:00,34.6,22,9.4,58,994.5,0.0
2024-05-28T04:00,37.9,17,7.1,49,994.5,0.0
2024-05-28T05:00,40.5,12,4.9,36,994.2,0.0
2024-05-28T06:00,42.3,10,3.6,6,993.7,0.0
2024-05-28T07:00,43.7,9,6.4,317,993.1,0.0
2024-05-28T08:00,44.9,9,10.3,306,992.2,0.0
2024-05-28T09:00,45.7,8,15.2,306,991.4,0.0
2024-05-28T10:00,45.4,8,17.6,313,990.7,0.0
2024-05-28T11:00,45.8,6,14.8,309,989.9,0.0
2024-05-28T12:00,44.5,7,21.7,317,989.8,0.0
2024-05-28T13:00,42.8,6,10.5,352,990.4,0.0
2024-05-28T14:00,39.2,8,9.5,61,990.5,0.0
2024-05-28T15:00,38.8,9,5.9,259,991.2,0.0
2024-05-28T16:00,35.6,11,7.4,247,992.0,0.0
2024-05-28T17:00,35.0,12,6.3,257,992.3,0.0
2024-05-28T18:00,36.6,11,2.4,243,992.2,0.0
2024-05-28T19:00,34.6,13,3.9,292,992.1,0.0
2024-05-28T20:00,31.3,18,6.9,309,992.0,0.0
2024-05-28T21:00,30.2,20,6.9,242,992.4,0.0
2024-05-28T22:00,30.4,18,8.4,245,992.4,0.0
2024-05-28T23:00,32.4,17,14.8,257,992.8,0.0
2024-05-29T00:00,33.1,22,12.9,252,993.2,0.0
2024-05-29T01:00,33.7,30,9.2,239,993.9,0.0
2024-05-29T02:00,37.1,28,12.2,236,994.4,0.0
2024-05-29T03:00,38.4,30,6.6,248,994.8,0.0
2024-05-29T04:00,39.5,28,8.3,270,995.1,0.0
2024-05-29T05:00,41.3,24,8.3,288,994.9,0.0
2024-05-29T06:00,42.9,21,6.2,306,994.5,0.0
2024-05-29T07:00,44.3,18,6.4,308,993.8,0.0
2024-05-29T08:00,45.3,14,10.4,304,993.3,0.0
2024-05-29T09:00,45.6,10,13.7,315,992.9,0.0
2024-05-29T10:00,44.8,10,15.8,336,992.7,0.0
2024-05-29T11:00,45.2,9,12.6,3,992.1,0.0
2024-05-29T12:00,44.8,9,11.2,33,991.9,0.0
2024-05-29T13:00,41.4,14,6.3,66,991.9,0.0
2024-05-29T14:00,40.8,10,9.7,88,993.0,0.0
2024-05-29T15:00,39.4,11,8.9,117,993.6,0.0
2024-05-29T16:00,36.7,13,8.4,133,994.0,0.0
2024-05-29T17:00,34.9,16,9.6,160,994.2,0.0
2024-05-29T18:00,34.6,17,6.4,227,994.4,0.0
2024-05-29T19:00,34.8,16,10.9,224,994.6,0.0
2024-05-29T20:00,34.5,17,8.0,207,994.6,0.0
2024-05-29T21:00,34.8,18,14.3,225,994.5,0.0
2024-05-29T22:00,35.2,19,20.8,240,995.2,0.0
2024-05-29T23:00,34.1,22,12.1,240,996.1,0.0
2024-05-30T00:00,33.2,27,10.1,243,996.5,0.0
2024-05-30T01:00,33.6,26,9.0,275,997.2,0.0
2024-05-30T02:00,35.3,34,10.4,304,998.0,0.0
2024-05-30T03:00,37.3,34,22.4,276,998.6,0.0
2024-05-30T04:00,39.8,26,24.6,282,998.8,0.0
2024-05-30T05:00,41.5,22,21.8,292,998.5,0.0
2024-05-30T06:00,43.6,15,18.5,307,998.0,0.0
2024-05-30T07:00,45.1,10,16.4,310,997.2,0.0
2024-05-30T08:00,45.8,9,15.8,282,996.3,0.0
2024-05-30T09:00,46.0,8,19.1,258,995.4,0.0
2024-05-30T10:00,46.1,6,18.4,266,994.9,0.0
2024-05-30T11:00,45.9,6,18.2,284,994.6,0.0
2024-05-30T12:00,44.8,7,16.9,281,994.7,0.0
2024-05-30T13:00,43.4,5,17.1,262,995.6,0.0
2024-05-30T14:00,40.1,5,9.9,316,996.5,0.0
2024-05-30T15:00,37.8,6,13.1,32,996.9,0.0
2024-05-30T16:00,37.1,6,10.7,50,997.1,0.0
2024-05-30T17:00,34.1,8,11.3,73,997.3,0.0
2024-05-30T18:00,32.4,10,11.9,29,997.8,0.0
2024-05-30T19:00,31.1,11,11.8,128,997.9,0.0
2024-05-30T20:00,34.2,8,7.0,145,997.5,0.0
2024-05-30T21:00,31.1,11,7.9,141,997.1,0.0
2024-05-30T22:00,30.5,13,8.2,142,997.0,0.0
2024-05-30T23:00,32.1,11,2.2,279,997.7,0.0
2024-05-31T00:00,31.5,12,2.3,321,997.9,0.0
2024-05-31T01:00,29.3,37,3.3,257,998.8,0.0
2024-05-31T02:00,32.0,30,8.3,304,1000.2,0.0
2024-05-31T03:00,34.8,26,7.2,307,1000.6,0.0
2024-05-31T04:00,37.4,23,8.7,287,1001.0,0.0
2024-05-31T05:00,40.1,19,13.2,305,1000.8,0.0
2024-05-31T06:00,42.4,17,14.0,314,1000.3,0.0
2024-05-31T07:00,44.1,13,15.8,311,999.3,0.0
2024-05-31T08:00,45.4,8,18.9,312,998.2,0.0
2024-05-31T09:00,45.9,6,20.7,319,997.0,0.0
2024-05-31T10:00,45.7,6,18.9,321,996.5,0.0
2024-05-31T11:00,45.5,6,16.8,312,996.2,0.0
2024-05-31T12:00,44.4,7,19.3,284,996.1,0.0
2024-05-31T13:00,42.4,9,16.4,331,996.8,0.0
2024-05-31T14:00,39.8,11,12.7,325,997.2,0.0
2024-05-31T15:00,37.8,12,10.3,324,998.0,0.0
2024-05-31T16:00,35.4,14,7.9,313,998.4,0.0
2024-05-31T17:00,34.4,15,7.8,292,998.7,0.0
2024-05-31T18:00,33.6,16,8.0,280,998.6,0.0
2024-05-31T19:00,32.4,17,9.1,277,998.1,0.0
2024-05-31T20:00,32.3,16,8.7,275,997.6,0.0
2024-05-31T21:00,32.4,15,13.4,276,997.6,0.0
2024-05-31T22:00,32.0,16,11.2,268,997.9,0.0
2024-05-31T23:00,31.1,17,10.0,311,998.6,0.0
2024-06-01T00:00,30.7,19,10.1,297,999.0,0.0
2024-06-01T01:00,35.7,14,22.9,283,999.9,0.0
2024-06-01T02:00,37.2,17,23.6,291,1000.5,0.0
2024-06-01T03:00,38.3,18,17.1,316,1001.3,0.0
2024-06-01T04:00,40.0,18,17.4,320,1001.4,0.0
2024-06-01T05:00,42.3,17,17.8,317,1001.0,0.0
2024-06-01T06:00,43.8,14,16.1,294,1000.5,0.0
2024-06-01T07:00,43.7,11,12.9,257,999.9,0.0
2024-06-01T08:00,44.5,9,14.6,250,999.3,0.0
2024-06-01T09:00,44.3,9,16.7,237,998.5,0.0
2024-06-01T10:00,43.9,10,21.9,256,998.1,0.0
2024-06-01T11:00,42.9,11,27.4,268,998.2,0.0
2024-06-01T12:00,41.2,13,23.9,275,998.8,0.0
2024-06-01T13:00,38.2,19,26.1,298,1001.2,0.0
2024-06-01T14:00,36.9,21,17.4,322,1001.7,0.0
2024-06-01T15:00,35.3,23,15.5,355,1001.7,0.0
2024-06-01T16:00,33.9,30,5.8,338,1001.7,0.0
2024-06-01T17:00,33.8,26,7.1,210,1001.5,0.0
2024-06-01T18:00,33.7,26,11.2,222,1001.2,0.0
2024-06-01T19:00,33.6,26,17.7,237,1000.7,0.0
2024-06-01T20:00,32.9,31,17.3,239,1000.4,0.0
2024-06-01T21:00,32.1,33,9.4,18,1001.4,0.0
2024-06-01T22:00,31.8,31,5.4,86,1001.3,0.0
2024-06-01T23:00,31.9,31,6.7,106,1001.6,0.0
2024-06-02T00:00,32.1,30,2.6,34,1001.7,0.0
2024-06-02T01:00,31.6,43,5.3,62,1002.5,0.0
2024-06-02T02:00,32.3,41,7.4,23,1003.1,0.0
2024-06-02T03:00,34.7,34,5.2,12,1003.5,0.0
2024-06-02T04:00,37.1,28,9.7,358,1004.1,0.0
2024-06-02T05:00,38.8,24,4.9,36,1003.7,0.0
2024-06-02T06:00,40.2,22,2.5,98,1003.1,0.0
2024-06-02T07:00,41.4,20,0.4,270,1002.4,0.0
2024-06-02T08:00,41.6,19,8.2,285,1001.6,0.0
2024-06-02T09:00,41.9,18,15.1,303,1000.6,0.0
2024-06-02T10:00,41.8,17,18.8,317,1000.0,0.0
2024-06-02T11:00,41.0,18,19.8,303,999.8,0.0
2024-06-02T12:00,40.4,18,15.5,301,1000.0,0.0
2024-06-02T13:00,40.8,9,12.7,263,998.9,0.0
2024-06-02T14:00,39.6,10,14.4,267,999.2,0.0
2024-06-02T15:00,38.8,11,17.4,310,999.9,0.0
2024-06-02T16:00,35.5,14,6.8,270,1000.7,0.0
2024-06-02T17:00,34.2,28,19.1,266,1001.4,0.0
2024-06-02T18:00,33.2,32,14.5,256,1001.4,0.0
2024-06-02T19:00,32.5,34,14.5,256,1001.1,0.0
2024-06-02T20:00,32.0,35,15.7,261,1000.8,0.0
2024-06-02T21:00,31.5,37,16.1,260,1000.4,0.0
2024-06-02T22:00,30.8,39,14.9,255,1000.4,0.0
2024-06-02T23:00,30.3,41,15.1,252,1000.8,0.0
2024-06-03T00:00,29.7,43,13.8,276,1001.6,0.0
2024-06-03T01:00,30.2,46,12.5,327,1002.5,0.0
2024-06-03T02:00,32.3,43,13.0,289,1002.9,0.0
2024-06-03T03:00,34.6,38,14.6,320,1003.1,0.0
2024-06-03T04:00,37.0,33,16.1,326,1003.0,0.0
2024-06-03T05:00,39.8,26,18.1,329,1002.4,0.0
2024-06-03T06:00,41.9,18,18.1,325,1001.6,0.0
2024-06-03T07:00,42.9,14,17.6,316,1000.8,0.0
2024-06-03T08:00,43.8,12,16.1,304,999.9,0.0
2024-06-03T09:00,44.3,12,14.9,302,998.6,0.0
2024-06-03T10:00,44.4,11,15.4,307,997.7,0.0
2024-06-03T11:00,44.0,11,16.3,311,997.1,0.0
2024-06-03T12:00,43.3,11,15.5,314,996.8,0.0
2024-06-03T13:00,41.8,11,13.4,306,996.8,0.0
2024-06-03T14:00,39.8,11,11.8,322,997.6,0.0
2024-06-03T15:00,37.7,12,8.7,308,998.4,0.0
2024-06-03T16:00,37.5,12,12.0,303,999.0,0.0
2024-06-03T17:00,34.1,17,9.7,358,999.6,0.0
2024-06-03T18:00,34.1,17,6.1,130,999.4,0.0
2024-06-03T19:00,31.5,20,6.2,201,998.9,0.0
2024-06-03T20:00,31.7,19,8.7,232,998.5,0.0
2024-06-03T21:00,30.6,21,7.4,247,998.3,0.0
2024-06-03T22:00,30.5,20,8.9,243,998.3,0.0
2024-06-03T23:00,30.4,21,10.2,252,999.0,0.0
2024-06-04T00:00,30.7,22,13.3,272,999.8,0.0
2024-06-04T01:00,31.6,30,6.7,286,1001.5,0.0
2024-06-04T02:00,34.2,27,5.5,259,1001.6,0.0
2024-06-04T03:00,37.0,22,9.0,272,1002.5,0.0
2024-06-04T04:00,39.0,19,6.7,306,1002.6,0.0
2024-06-04T05:00,41.0,15,3.8,287,1002.3,0.0
2024-06-04T06:00,42.4,14,5.7,288,1001.8,0.0
2024-06-04T07:00,43.1,13,12.3,277,1000.6,0.0
2024-06-04T08:00,43.0,15,18.5,283,999.7,0.0
2024-06-04T09:00,43.3,15,20.6,299,999.1,0.0
2024-06-04T10:00,43.2,16,17.7,294,998.2,0.0
2024-06-04T11:00,42.5,17,23.6,301,997.7,0.0
2024-06-04T12:00,41.8,16,19.9,302,997.8,0.0
2024-06-04T13:00,40.9,14,12.2,268,998.3,0.0
2024-06-04T14:00,38.9,16,11.2,255,998.3,0.0
2024-06-04T15:00,37.4,17,9.7,285,998.9,0.0
2024-06-04T16:00,34.7,20,8.7,294,999.3,0.0
2024-06-04T17:00,33.6,21,6.9,261,999.8,0.0
2024-06-04T18:00,33.5,21,8.0,265,1000.1,0.0
2024-06-04T19:00,32.6,22,7.0,282,1000.1,0.0
2024-06-04T20:00,31.9,22,8.3,288,999.8,0.0
2024-06-04T21:00,30.5,25,7.9,270,999.4,0.0
2024-06-04T22:00,30.3,24,6.5,251,999.4,0.0
2024-06-04T23:00,31.0,22,12.6,270,1000.2,0.0
2024-06-05T00:00,31.6,21,14.8,284,1001.1,0.0
2024-06-05T01:00,33.6,27,20.5,272,1001.5,0.0
2024-06-05T02:00,35.8,27,15.9,267,1002.3,0.0
2024-06-05T03:00,36.8,27,19.3,279,1002.9,0.0
2024-06-05T04:00,38.4,27,22.3,309,1003.6,0.0
2024-06-05T05:00,39.6,25,20.9,311,1002.8,0.0
2024-06-05T06:00,41.2,20,19.9,312,1002.2,0.0
2024-06-05T07:00,40.6,21,28.3,285,1002.4,0.0
2024-06-05T08:00,42.2,17,20.7,283,1001.2,0.0
2024-06-05T09:00,40.2,22,19.9,264,1000.7,0.0
2024-06-05T10:00,40.9,19,23.3,290,1000.4,0.0
2024-06-05T11:00,40.6,19,18.3,306,999.9,0.0
2024-06-05T12:00,39.6,22,14.6,308,999.7,0.0
2024-06-05T13:00,41.3,12,24.5,269,998.0,0.0
2024-06-05T14:00,39.6,13,11.9,335,999.2,0.0
2024-06-05T15:00,36.1,25,11.6,74,1000.7,0.0
2024-06-05T16:00,35.1,32,8.8,99,1001.0,0.0
2024-06-05T17:00,33.7,35,5.2,146,1001.3,0.0
2024-06-05T18:00,33.2,36,12.2,199,1001.8,0.0
2024-06-05T19:00,32.3,39,7.9,141,1001.7,0.0
2024-06-05T20:00,31.2,41,6.8,115,1001.4,0.0
2024-06-05T21:00,30.4,43,9.4,176,1001.2,0.0
2024-06-05T22:00,32.5,35,5.5,259,1001.4,0.0
2024-06-05T23:00,29.4,38,10.9,262,1001.7,0.0
2024-06-06T00:00,30.4,29,10.1,274,1002.3,0.0
2024-06-06T01:00,27.7,53,10.7,220,1005.5,0.0
2024-06-06T02:00,29.9,48,14.3,282,1007.4,0.0
2024-06-06T03:00,31.9,41,11.2,310,1007.8,0.0
2024-06-06T04:00,33.8,34,19.6,347,1008.3,0.0
2024-06-06T05:00,35.6,28,7.8,13,1007.5,0.0
2024-06-06T06:00,37.2,25,8.3,18,1006.4,0.0
2024-06-06T07:00,38.4,24,8.6,338,1005.3,0.0
2024-06-06T08:00,39.9,22,13.1,307,1004.1,0.0
2024-06-06T09:00,41.0,20,16.5,302,1002.9,0.0
2024-06-06T10:00,41.1,18,17.9,295,1001.9,0.0
2024-06-06T11:00,40.8,18,19.7,294,1001.1,0.0
2024-06-06T12:00,40.0,19,21.4,290,1000.8,0.0
2024-06-06T13:00,38.3,16,12.7,331,1001.2,0.0
2024-06-06T14:00,36.4,20,15.4,344,1001.2,0.0
2024-06-06T15:00,35.5,24,17.2,344,1001.9,0.0
2024-06-06T16:00,34.4,27,11.8,333,1002.3,0.0
2024-06-06T17:00,33.2,31,8.4,313,1002.4,0.0
2024-06-06T18:00,32.4,33,9.2,309,1002.4,0.0
2024-06-06T19:00,31.6,35,7.9,309,1002.1,0.0
2024-06-06T20:00,30.7,37,7.0,305,1001.5,0.0
2024-06-06T21:00,30.2,39,7.6,289,1001.5,0.0
2024-06-06T22:00,29.7,40,8.3,288,1001.5,0.0
2024-06-06T23:00,29.2,41,8.4,280,1001.9,0.0
2024-06-07T00:00,28.9,42,10.0,283,1002.5,0.0
2024-06-07T01:00,30.7,46,10.6,288,1003.5,0.0
2024-06-07T02:00,32.2,43,13.1,286,1003.5,0.0
2024-06-07T03:00,34.0,38,14.7,287,1003.7,0.0
2024-06-07T04:00,35.9,33,15.1,288,1003.7,0.0
2024-06-07T05:00,37.9,27,16.9,290,1003.3,0.0
2024-06-07T06:00,39.5,23,19.5,293,1002.6,0.0
2024-06-07T07:00,40.8,20,20.4,296,1001.6,0.0
2024-06-07T08:00,41.8,18,21.7,299,1000.5,0.0
2024-06-07T09:00,42.3,17,21.8,301,999.3,0.0
2024-06-07T10:00,42.4,16,21.6,296,998.0,0.0
2024-06-07T11:00,41.7,16,22.5,286,997.5,0.0
2024-06-07T12:00,40.9,16,23.2,286,997.3,0.0
2024-06-07T13:00,36.3,28,25.1,299,998.9,0.0
2024-06-07T14:00,35.1,30,16.8,293,998.9,0.0
2024-06-07T15:00,34.6,29,19.8,303,999.6,0.0
2024-06-07T16:00,34.1,29,16.1,304,1000.3,0.0
2024-06-07T17:00,33.4,30,14.1,310,1000.5,0.0
2024-06-07T18:00,32.5,32,13.4,301,1000.6,0.0
2024-06-07T19:00,31.8,33,12.7,299,1000.5,0.0
2024-06-07T20:00,31.0,34,11.6,292,1000.1,0.0
2024-06-07T21:00,30.4,35,12.1,293,1000.0,0.0
2024-06-07T22:00,29.8,36,10.8,296,1000.1,0.0
2024-06-07T23:00,29.1,37,9.5,295,1000.4,0.0
2024-06-08T00:00,28.4,39,8.4,290,1000.7,0.0
2024-06-08T01:00,29.8,42,10.8,272,1002.0,0.0
2024-06-08T02:00,31.6,39,10.5,276,1002.5,0.0
2024-06-08T03:00,34.4,33,15.3,289,1002.6,0.0
2024-06-08T04:00,36.9,26,21.4,299,1002.4,0.0
2024-06-08T05:00,38.8,20,24.4,307,1001.8,0.0
2024-06-08T06:00,40.1,17,25.7,313,1001.3,0.0
2024-06-08T07:00,39.9,18,26.6,319,1000.7,0.0
2024-06-08T08:00,40.2,18,24.7,313,999.9,0.0
2024-06-08T09:00,40.2,18,24.5,298,999.4,0.0
2024-06-08T10:00,39.8,18,23.2,286,999.0,0.0
2024-06-08T11:00,39.7,18,19.7,301,997.9,0.0
2024-06-08T12:00,39.3,18,16.7,303,997.4,0.0
2024-06-08T13:00,38.1,21,11.0,322,998.0,0.0
2024-06-08T14:00,35.9,23,10.7,320,998.3,0.0
2024-06-08T15:00,34.7,25,10.5,329,999.2,0.0
2024-06-08T16:00,33.6,26,13.7,325,1000.0,0.0
2024-06-08T17:00,32.7,30,12.9,333,1000.2,0.0
2024-06-08T18:00,32.0,32,12.3,328,1000.4,0.0
2024-06-08T19:00,31.0,34,10.2,318,1000.5,0.0
2024-06-08T20:00,30.2,36,9.2,315,1000.1,0.0
2024-06-08T21:00,29.8,36,10.4,316,1000.0,0.0
2024-06-08T22:00,29.4,35,11.0,322,1000.0,0.0
2024-06-08T23:00,28.7,37,9.8,324,1000.2,0.0
2024-06-09T00:00,28.0,39,8.9,317,1000.3,0.0
2024-06-09T01:00,29.1,40,11.4,288,1001.7,0.0
2024-06-09T02:00,30.9,37,12.5,282,1002.2,0.0
2024-06-09T03:00,33.4,32,13.9,301,1002.5,0.0
2024-06-09T04:00,35.9,27,17.3,313,1002.4,0.0
2024-06-09T05:00,37.8,22,18.8,315,1002.0,0.0
2024-06-09T06:00,39.4,19,18.4,312,1001.4,0.0
2024-06-09T07:00,40.8,16,18.2,308,1000.5,0.0
2024-06-09T08:00,41.7,13,19.2,310,999.4,0.0
2024-06-09T09:00,42.0,12,20.0,308,998.6,0.0
2024-06-09T10:00,42.1,11,19.9,311,997.9,0.0
2024-06-09T11:00,41.7,11,19.6,311,997.5,0.0
2024-06-09T12:00,41.1,11,17.3,312,997.1,0.0
2024-06-09T13:00,39.0,10,11.3,329,997.9,0.0
2024-06-09T14:00,36.6,12,10.9,326,998.2,0.0
2024-06-09T15:00,35.9,13,12.7,325,998.7,0.0
2024-06-09T16:00,35.1,13,12.1,323,999.5,0.0
2024-06-09T17:00,33.0,16,8.2,311,999.8,0.0
2024-06-09T18:00,32.5,16,9.3,306,1000.0,0.0
2024-06-09T19:00,31.9,17,10.0,300,999.9,0.0
2024-06-09T20:00,30.8,19,9.6,290,999.8,0.0
2024-06-09T21:00,29.9,20,8.7,300,999.8,0.0
2024-06-09T22:00,29.0,23,7.4,313,999.9,0.0
2024-06-09T23:00,27.9,25,7.7,311,1000.1,0.0
2024-06-10T00:00,27.5,27,6.6,299,1000.5,0.0
2024-06-10T01:00,29.4,30,9.3,306,1001.1,0.0
2024-06-10T02:00,31.2,27,11.3,239,1001.9,0.0
2024-06-10T03:00,33.6,24,9.5,259,1002.3,0.0
2024-06-10T04:00,36.2,22,9.7,270,1002.2,0.0
2024-06-10T05:00,38.6,19,11.6,292,1001.8,0.0
2024-06-10T06:00,40.4,16,13.9,301,1001.4,0.0
2024-06-10T07:00,41.8,14,15.8,305,1000.6,0.0
2024-06-10T08:00,42.5,13,19.2,300,999.5,0.0
2024-06-10T09:00,42.9,13,20.5,298,998.7,0.0
2024-06-10T10:00,42.8,13,21.9,295,997.9,0.0
2024-06-10T11:00,42.3,13,21.9,290,997.8,0.0
2024-06-10T12:00,41.5,14,21.1,287,997.7,0.0
2024-06-10T13:00,40.3,14,15.3,285,998.4,0.0
2024-06-10T14:00,38.3,15,15.0,287,998.7,0.0
2024-06-10T15:00,36.9,16,13.4,284,999.2,0.0
2024-06-10T16:00,36.2,17,13.7,284,999.4,0.0
2024-06-10T17:00,35.4,18,14.6,286,1000.0,0.0
2024-06-10T18:00,35.0,18,14.5,297,1000.0,0.0
2024-06-10T19:00,33.8,19,10.8,307,999.8,0.0
2024-06-10T20:00,32.3,20,8.7,308,999.3,0.0
2024-06-10T21:00,31.3,21,8.4,310,998.9,0.0
2024-06-10T22:00,30.4,23,8.3,288,999.1,0.0
2024-06-10T23:00,28.9,26,7.0,282,999.5,0.0
2024-06-11T00:00,28.2,28,6.6,279,999.8,0.0
2024-06-11T01:00,29.6,34,10.4,256,1001.5,0.0
2024-06-11T02:00,31.8,32,9.4,268,1001.8,0.0
2024-06-11T03:00,34.6,27,11.2,272,1001.9,0.0
2024-06-11T04:00,37.1,23,10.2,288,1001.9,0.0
2024-06-11T05:00,39.1,20,10.3,306,1001.6,0.0
2024-06-11T06:00,40.7,18,11.3,307,1000.9,0.0
2024-06-11T07:00,42.0,15,12.7,299,1000.2,0.0
2024-06-11T08:00,43.0,13,15.8,294,999.1,0.0
2024-06-11T09:00,43.2,12,16.8,293,998.2,0.0
2024-06-11T10:00,43.2,12,18.4,287,997.5,0.0
2024-06-11T11:00,42.7,12,18.6,285,997.0,0.0
2024-06-11T12:00,41.8,12,17.9,292,996.6,0.0
2024-06-11T13:00,40.2,13,12.1,293,997.3,0.0
2024-06-11T14:00,37.6,15,9.2,312,997.6,0.0
2024-06-11T15:00,37.1,15,12.2,315,998.1,0.0
2024-06-11T16:00,35.3,17,9.0,299,998.5,0.0
2024-06-11T17:00,33.8,19,7.8,304,999.1,0.0
2024-06-11T18:00,31.8,23,8.5,298,999.0,0.0
2024-06-11T19:00,31.3,23,8.6,303,998.7,0.0
2024-06-11T20:00,30.3,25,7.5,287,998.6,0.0
2024-06-11T21:00,29.9,26,6.6,283,998.6,0.0
2024-06-11T22:00,29.1,27,6.8,267,999.0,0.0
2024-06-11T23:00,28.6,27,7.1,246,999.4,0.0
2024-06-12T00:00,28.0,29,6.6,257,999.7,0.0
2024-06-12T01:00,30.7,29,12.2,289,1001.0,0.0
2024-06-12T02:00,33.2,26,9.4,268,1001.5,0.0
2024-06-12T03:00,35.9,23,13.0,273,1001.9,0.0
2024-06-12T04:00,38.6,19,14.3,288,1001.9,0.0
2024-06-12T05:00,40.5,16,15.7,286,1001.6,0.0
2024-06-12T06:00,42.0,14,15.9,283,1000.8,0.0
2024-06-12T07:00,43.2,12,16.5,290,1000.0,0.0
2024-06-12T08:00,43.8,11,16.9,294,999.1,0.0
2024-06-12T09:00,44.2,10,16.8,293,998.1,0.0
2024-06-12T10:00,44.2,10,18.0,296,997.2,0.0
2024-06-12T11:00,43.9,10,17.4,308,996.4,0.0
2024-06-12T12:00,43.2,10,16.6,318,995.8,0.0
2024-06-12T13:00,40.6,14,7.4,331,996.3,0.0
2024-06-12T14:00,38.4,14,9.3,332,996.6,0.0
2024-06-12T15:00,37.4,15,10.0,311,997.1,0.0
2024-06-12T16:00,36.0,16,10.5,301,998.2,0.0
2024-06-12T17:00,35.5,16,11.7,315,998.5,0.0
2024-06-12T18:00,35.1,17,10.9,343,998.2,0.0
2024-06-12T19:00,32.6,20,7.0,291,998.2,0.0
2024-06-12T20:00,32.0,21,10.2,262,998.3,0.0
2024-06-12T21:00,31.4,21,10.4,270,998.3,0.0
2024-06-12T22:00,30.8,22,10.1,266,998.3,0.0
2024-06-12T23:00,29.8,24,10.2,288,999.3,0.0
2024-06-13T00:00,29.4,23,11.0,289,999.6,0.0
2024-06-13T01:00,32.4,36,18.7,270,1000.3,0.0
2024-06-13T02:00,34.3,35,18.4,276,1000.6,0.0
2024-06-13T03:00,36.4,31,26.4,281,1000.4,0.0
2024-06-13T04:00,38.4,27,28.3,288,1000.3,0.0
2024-06-13T05:00,40.4,22,26.2,291,999.9,0.0
2024-06-13T06:00,42.4,18,25.3,298,999.1,0.0
2024-06-13T07:00,43.9,14,22.7,306,998.2,0.0
2024-06-13T08:00,44.7,11,21.5,308,997.0,0.0
2024-06-13T09:00,44.8,11,20.6,306,996.1,0.0
2024-06-13T10:00,44.5,11,21.4,306,995.1,0.0
2024-06-13T11:00,44.2,11,21.7,299,994.3,0.0
2024-06-13T12:00,43.4,12,22.2,283,994.3,0.0
2024-06-13T13:00,41.2,13,12.1,287,995.3,0.0
2024-06-13T14:00,39.0,16,11.9,267,995.8,0.0
2024-06-13T15:00,37.9,17,14.4,266,996.3,0.0
2024-06-13T16:00,36.7,19,13.8,261,997.0,0.0
2024-06-13T17:00,35.7,22,13.1,261,997.5,0.0
2024-06-13T18:00,34.8,25,17.0,249,997.6,0.0
2024-06-13T19:00,34.9,25,18.9,257,997.4,0.0
2024-06-13T20:00,34.5,26,19.5,258,996.9,0.0
2024-06-13T21:00,34.2,26,19.4,259,997.0,0.0
2024-06-13T22:00,34.4,26,22.7,267,997.1,0.0
2024-06-13T23:00,34.0,26,23.8,269,997.6,0.0
2024-06-14T00:00,33.2,28,21.7,275,998.2,0.0
2024-06-14T01:00,34.0,31,21.7,281,998.2,0.0
2024-06-14T02:00,35.3,30,21.7,277,998.8,0.0
2024-06-14T03:00,36.9,31,26.7,286,998.9,0.0
2024-06-14T04:00,38.3,31,30.5,284,999.3,0.0
2024-06-14T05:00,39.9,29,30.4,291,999.0,0.0
2024-06-14T06:00,40.9,27,29.5,295,998.4,0.0
2024-06-14T07:00,42.2,23,29.3,307,997.6,0.0
2024-06-14T08:00,43.1,19,22.7,313,996.8,0.0
2024-06-14T09:00,43.3,18,19.4,301,996.2,0.0
2024-06-14T10:00,43.3,18,17.9,292,995.5,0.0
2024-06-14T11:00,43.0,17,21.0,282,995.2,0.0
2024-06-14T12:00,42.2,18,24.9,288,995.0,0.0
2024-06-14T13:00,38.4,28,23.5,252,996.7,0.0
2024-06-14T14:00,36.9,32,17.5,251,996.9,0.0
2024-06-14T15:00,36.1,35,20.0,247,997.3,0.0
2024-06-14T16:00,35.8,34,17.5,251,997.9,0.0
2024-06-14T17:00,35.0,35,15.0,243,998.1,0.0
2024-06-14T18:00,34.3,35,15.6,255,998.2,0.0
2024-06-14T19:00,33.7,36,16.8,260,998.2,0.0
2024-06-14T20:00,33.5,36,17.7,264,997.9,0.0
2024-06-14T21:00,33.5,34,17.7,272,997.8,0.0
2024-06-14T22:00,33.3,33,19.1,270,998.0,0.0
2024-06-14T23:00,32.9,32,19.8,280,998.3,0.0
2024-06-15T00:00,32.4,33,19.8,282,998.7,0.0
2024-06-15T01:00,32.8,39,22.0,275,999.3,0.0
2024-06-15T02:00,34.2,38,22.1,276,999.8,0.0
2024-06-15T03:00,35.9,35,24.7,278,999.9,0.0
2024-06-15T04:00,37.8,31,27.5,284,999.6,0.0
2024-06-15T05:00,39.6,28,28.1,293,999.4,0.0
2024-06-15T06:00,41.1,25,27.4,297,998.7,0.0
2024-06-15T07:00,42.5,21,25.6,299,998.1,0.0
2024-06-15T08:00,43.1,18,23.9,301,997.3,0.0
2024-06-15T09:00,43.5,17,21.6,296,996.4,0.0
2024-06-15T10:00,43.4,17,20.6,289,995.7,0.0
2024-06-15T11:00,43.3,16,20.1,291,995.3,0.0
2024-06-15T12:00,42.7,16,20.9,302,994.9,0.0
2024-06-15T13:00,41.4,18,16.9,308,994.9,0.0
2024-06-15T14:00,39.7,20,14.1,308,995.3,0.0
2024-06-15T15:00,38.5,22,13.1,302,996.0,0.0
2024-06-15T16:00,37.4,24,12.5,303,996.8,0.0
2024-06-15T17:00,36.3,27,11.3,307,997.3,0.0
2024-06-15T18:00,35.4,29,11.0,308,997.5,0.0
2024-06-15T19:00,34.7,31,10.2,309,997.5,0.0
2024-06-15T20:00,33.8,33,10.9,276,997.4,0.0
2024-06-15T21:00,33.3,33,15.6,262,997.6,0.0
2024-06-15T22:00,33.3,33,14.8,273,997.9,0.0
2024-06-15T23:00,32.8,33,14.4,274,998.3,0.0
2024-06-16T00:00,32.7,32,15.4,281,998.8,0.0
2024-06-16T01:00,33.3,38,15.5,269,999.7,0.0
2024-06-16T02:00,35.0,34,17.6,271,1000.1,0.0
2024-06-16T03:00,37.1,33,21.8,286,1000.1,0.0
2024-06-16T04:00,39.1,31,24.5,296,1000.0,0.0
2024-06-16T05:00,40.7,29,26.2,302,1000.1,0.0
2024-06-16T06:00,42.2,24,24.8,298,999.4,0.0
2024-06-16T07:00,43.1,20,23.0,295,998.7,0.0
2024-06-16T08:00,43.7,19,23.2,289,997.7,0.0
2024-06-16T09:00,44.0,18,22.5,286,996.6,0.0
2024-06-16T10:00,44.3,17,22.5,282,995.8,0.0
2024-06-16T11:00,43.8,17,23.2,283,995.5,0.0
2024-06-16T12:00,43.2,17,22.0,285,995.2,0.0
2024-06-16T13:00,42.4,17,19.8,297,995.4,0.0
2024-06-16T14:00,40.7,19,15.9,295,996.1,0.0
2024-06-16T15:00,39.5,20,15.7,302,996.7,0.0
2024-06-16T16:00,38.7,21,13.2,315,997.3,0.0
2024-06-16T17:00,37.0,24,10.1,274,997.8,0.0
2024-06-16T18:00,35.9,25,12.4,260,998.0,0.0
2024-06-16T19:00,35.6,26,12.6,272,997.7,0.0
2024-06-16T20:00,34.9,27,11.5,270,997.3,0.0
2024-06-16T21:00,34.3,28,12.7,262,997.3,0.0
2024-06-16T22:00,34.5,28,17.0,265,997.5,0.0
2024-06-16T23:00,34.6,30,19.6,264,997.9,0.0
2024-06-17T00:00,34.1,33,18.9,262,998.5,0.0
2024-06-17T01:00,34.3,36,19.5,274,999.4,0.0
2024-06-17T02:00,35.9,34,19.6,283,1000.0,0.0
2024-06-17T03:00,38.0,30,23.1,288,1000.1,0.0
2024-06-17T04:00,39.5,28,25.7,290,1000.3,0.0
2024-06-17T05:00,41.1,26,26.1,298,999.8,0.0
2024-06-17T06:00,42.4,24,25.9,297,999.4,0.0
2024-06-17T07:00,43.6,21,25.4,291,998.9,0.0
2024-06-17T08:00,44.0,20,25.9,286,997.8,0.0
2024-06-17T09:00,44.2,19,27.6,282,997.0,0.0
2024-06-17T10:00,44.2,19,27.1,281,996.2,0.0
2024-06-17T11:00,43.8,20,26.6,283,995.7,0.0
2024-06-17T12:00,43.3,20,24.4,283,995.1,0.0
2024-06-17T13:00,43.3,15,18.4,296,994.9,0.0
2024-06-17T14:00,41.4,17,14.7,298,995.4,0.0
2024-06-17T15:00,40.0,18,12.8,302,996.2,0.0
2024-06-17T16:00,38.8,18,10.3,299,996.7,0.0
2024-06-17T17:00,37.6,20,10.5,276,997.4,0.0
2024-06-17T18:00,36.7,21,10.1,266,997.3,0.0
2024-06-17T19:00,35.9,23,11.2,266,996.8,0.0
2024-06-17T20:00,35.2,25,11.2,266,996.5,0.0
2024-06-17T21:00,34.9,26,13.7,268,996.3,0.0
2024-06-17T22:00,35.0,27,15.8,270,996.3,0.0
2024-06-17T23:00,34.7,29,18.0,268,996.7,0.0
2024-06-18T00:00,34.4,31,18.7,271,997.2,0.0
2024-06-18T01:00,35.1,35,18.0,270,998.0,0.0
2024-06-18T02:00,36.7,33,20.2,271,998.2,0.0
2024-06-18T03:00,38.1,33,25.7,288,998.4,0.0
2024-06-18T04:00,39.6,32,29.6,296,998.3,0.0
2024-06-18T05:00,40.9,30,30.8,296,998.0,0.0
2024-06-18T06:00,42.2,27,28.9,291,997.4,0.0
2024-06-18T07:00,43.1,25,28.5,286,996.3,0.0
2024-06-18T08:00,43.7,24,27.3,282,995.3,0.0
2024-06-18T09:00,44.2,20,25.4,282,994.2,0.0
2024-06-18T10:00,44.0,19,24.6,281,993.3,0.0
2024-06-18T11:00,44.0,19,25.6,281,992.2,0.0
2024-06-18T12:00,43.3,19,24.9,290,991.7,0.0
2024-06-18T13:00,42.3,11,17.9,280,992.6,0.0
2024-06-18T14:00,39.8,13,12.3,277,993.2,0.0
2024-06-18T15:00,38.0,16,10.4,284,993.7,0.0
2024-06-18T16:00,37.0,18,9.8,278,994.3,0.0
2024-06-18T17:00,36.4,20,13.2,253,994.9,0.0
2024-06-18T18:00,36.5,22,17.3,266,995.0,0.0
2024-06-18T19:00,36.2,24,17.7,264,994.5,0.0
2024-06-18T20:00,35.8,28,15.6,262,994.1,0.0
2024-06-18T21:00,35.3,32,16.2,257,994.1,0.0
2024-06-18T22:00,35.3,35,20.8,261,994.2,0.0
2024-06-18T23:00,35.0,40,22.1,264,994.7,0.0
2024-06-19T00:00,34.5,43,22.7,270,995.3,0.0
2024-06-19T01:00,34.8,44,19.0,233,995.8,0.0
2024-06-19T02:00,33.8,50,21.3,206,996.0,0.0
2024-06-19T03:00,37.2,39,26.1,264,996.0,0.0
2024-06-19T04:00,36.2,42,34.0,265,996.4,0.0
2024-06-19T05:00,37.8,38,28.6,264,995.9,0.0
2024-06-19T06:00,39.9,33,29.4,278,995.2,0.0
2024-06-19T07:00,39.9,33,27.4,284,994.5,0.8
2024-06-19T08:00,40.1,33,23.6,262,994.0,0.0
2024-06-19T09:00,40.4,30,12.8,286,993.7,0.9
2024-06-19T10:00,41.1,28,22.6,287,992.9,0.0
2024-06-19T11:00,40.8,28,17.0,306,992.5,0.0
2024-06-19T12:00,40.0,29,20.4,306,992.2,0.0
2024-06-19T13:00,37.7,30,21.2,10,992.1,0.0
2024-06-19T14:00,36.6,34,7.2,143,993.1,0.0
2024-06-19T15:00,34.8,42,18.8,154,993.2,0.0
2024-06-19T16:00,34.8,37,8.5,192,993.7,0.0
2024-06-19T17:00,34.1,40,5.5,293,994.9,0.0
2024-06-19T18:00,33.9,39,6.4,308,995.2,0.0
2024-06-19T19:00,33.5,38,5.5,259,994.7,0.0
2024-06-19T20:00,33.4,37,5.5,238,994.1,0.0
2024-06-19T21:00,32.7,39,6.0,245,994.0,0.0
2024-06-19T22:00,32.8,37,8.7,246,994.3,0.0
2024-06-19T23:00,33.3,36,12.4,248,994.5,0.0
2024-06-20T00:00,33.5,38,14.3,260,994.9,0.0
2024-06-20T01:00,26.1,75,5.5,349,997.9,0.2
2024-06-20T02:00,25.7,87,8.1,21,998.7,1.3
2024-06-20T03:00,27.1,82,9.9,19,1000.2,0.6
2024-06-20T04:00,28.7,72,11.6,97,1000.1,0.0
2024-06-20T05:00,31.1,59,9.5,127,1000.2,0.0
2024-06-20T06:00,32.8,52,12.8,130,999.9,0.0
2024-06-20T07:00,34.9,46,7.1,150,998.9,0.0
2024-06-20T08:00,36.8,40,3.1,159,997.3,0.0
2024-06-20T09:00,38.0,37,3.7,209,995.9,0.0
2024-06-20T10:00,38.7,35,0.7,360,994.8,0.0
2024-06-20T11:00,38.7,35,2.2,351,994.2,0.0
2024-06-20T12:00,38.6,34,3.9,326,994.2,0.0
2024-06-20T13:00,36.6,38,7.8,34,994.6,0.0
2024-06-20T14:00,35.8,39,6.8,32,995.4,0.0
2024-06-20T15:00,35.3,40,8.0,54,996.0,0.0
2024-06-20T16:00,34.7,41,6.8,90,996.5,0.0
2024-06-20T17:00,33.8,47,5.9,104,997.4,0.0
2024-06-20T18:00,33.4,45,4.7,32,998.0,0.0
2024-06-20T19:00,32.8,46,8.0,54,998.2,0.0
2024-06-20T20:00,32.4,46,11.8,59,998.1,0.0
2024-06-20T21:00,32.0,46,9.6,103,997.9,0.0
2024-06-20T22:00,31.4,54,7.9,180,998.0,0.0
2024-06-20T23:00,27.9,68,27.7,268,1000.1,1.0
2024-06-21T00:00,25.2,82,22.8,5,1000.1,0.4
2024-06-21T01:00,26.1,82,14.2,24,999.4,4.7
2024-06-21T02:00,27.6,75,4.2,121,999.7,0.0
2024-06-21T03:00,29.5,68,11.4,125,1000.4,0.0
2024-06-21T04:00,31.4,61,11.1,115,1001.1,0.0
2024-06-21T05:00,33.3,51,9.3,152,1000.8,0.0
2024-06-21T06:00,33.7,48,5.8,210,1000.4,0.0
2024-06-21T07:00,34.4,46,4.5,256,999.8,0.0
2024-06-21T08:00,36.0,43,6.9,313,998.9,0.0
2024-06-21T09:00,36.9,41,9.7,345,997.9,0.0
2024-06-21T10:00,37.1,40,8.6,360,996.7,0.0
2024-06-21T11:00,37.3,38,7.2,360,996.0,0.0
2024-06-21T12:00,37.0,37,11.2,354,995.5,0.0
2024-06-21T13:00,33.3,53,10.0,339,997.0,0.0
2024-06-21T14:00,32.6,55,9.2,301,997.8,0.0
2024-06-21T15:00,32.0,57,9.4,288,998.4,0.0
2024-06-21T16:00,31.6,59,8.0,288,999.2,0.0
2024-06-21T17:00,31.1,60,7.7,281,999.6,0.0
2024-06-21T18:00,30.8,61,7.4,313,999.4,0.0
2024-06-21T19:00,30.7,61,7.9,317,999.0,0.0
2024-06-21T20:00,30.4,61,7.3,340,998.7,0.0
2024-06-21T21:00,30.2,62,5.8,4,998.5,0.0
2024-06-21T22:00,30.1,63,5.5,23,998.4,0.0
2024-06-21T23:00,30.1,63,4.3,5,998.6,0.0
2024-06-22T00:00,29.8,64,4.7,360,998.8,0.0
2024-06-22T01:00,29.8,66,9.2,318,999.3,0.0
2024-06-22T02:00,31.0,61,9.9,341,1000.0,0.0
2024-06-22T03:00,32.5,57,9.6,20,999.9,0.0
2024-06-22T04:00,33.3,55,8.4,50,1000.1,0.0
2024-06-22T05:00,35.5,48,6.8,65,999.9,0.0
2024-06-22T06:00,36.8,42,5.4,48,999.3,0.0
2024-06-22T07:00,37.9,38,3.2,27,998.8,0.0
2024-06-22T08:00,37.2,38,2.1,329,998.1,0.0
2024-06-22T09:00,37.7,36,3.3,13,997.0,0.0
2024-06-22T10:00,37.9,36,5.9,38,996.1,0.0
2024-06-22T11:00,38.4,35,6.4,27,995.8,0.0
2024-06-22T12:00,38.2,35,6.7,16,995.6,0.0
2024-06-22T13:00,34.6,48,5.9,76,997.3,0.0
2024-06-22T14:00,34.0,50,8.0,100,998.1,0.0
2024-06-22T15:00,33.5,53,8.6,105,998.6,0.0
2024-06-22T16:00,33.1,54,5.9,79,999.4,0.0
2024-06-22T17:00,32.6,56,6.3,77,999.8,0.0
2024-06-22T18:00,32.3,58,9.4,90,999.9,0.0
2024-06-22T19:00,31.9,61,9.8,107,999.8,0.0
2024-06-22T20:00,31.6,63,9.3,118,999.8,0.0
2024-06-22T21:00,31.2,65,8.2,119,999.6,0.0
2024-06-22T22:00,30.8,66,6.3,121,999.2,0.0
2024-06-22T23:00,30.3,67,4.2,110,999.3,0.0
2024-06-23T00:00,30.1,68,7.2,90,999.9,0.0
2024-06-23T01:00,30.6,66,6.9,84,1001.3,0.0
2024-06-23T02:00,31.5,65,15.9,94,1002.2,0.0
2024-06-23T03:00,32.1,63,16.6,88,1001.9,0.0
2024-06-23T04:00,34.0,56,14.2,111,1001.8,0.0
2024-06-23T05:00,34.9,53,12.5,108,1001.5,0.0
2024-06-23T06:00,36.3,48,11.9,92,1001.1,0.0
2024-06-23T07:00,37.6,44,10.9,84,1000.0,0.0
2024-06-23T08:00,38.6,40,9.3,77,999.0,0.0
2024-06-23T09:00,39.0,38,7.4,67,997.5,0.0
2024-06-23T10:00,39.3,36,6.9,62,996.5,0.0
2024-06-23T11:00,37.8,39,5.5,79,996.2,0.0
2024-06-23T12:00,37.2,40,7.9,51,995.9,0.0
2024-06-23T13:00,37.0,40,8.0,98,996.4,0.0
2024-06-23T14:00,36.0,43,6.6,103,997.1,0.0
2024-06-23T15:00,35.3,45,8.8,99,997.6,0.0
2024-06-23T16:00,34.5,48,9.4,94,998.2,0.0
2024-06-23T17:00,33.9,51,10.0,103,998.6,0.0
2024-06-23T18:00,33.3,54,12.6,121,999.0,0.0
2024-06-23T19:00,32.8,57,12.6,117,998.9,0.0
2024-06-23T20:00,32.2,59,10.0,116,998.6,0.0
2024-06-23T21:00,31.7,61,6.9,118,998.1,0.0
2024-06-23T22:00,31.2,63,5.4,127,997.8,0.0
2024-06-23T23:00,30.8,65,5.0,120,998.0,0.0
2024-06-24T00:00,30.5,66,5.4,110,998.4,0.0
2024-06-24T01:00,32.1,63,3.8,73,999.3,0.0
2024-06-24T02:00,33.5,58,4.0,85,999.9,0.0
2024-06-24T03:00,33.0,61,14.4,90,1000.5,0.6
2024-06-24T04:00,32.9,60,5.6,135,1000.0,0.0
2024-06-24T05:00,33.5,57,6.3,114,1000.1,0.0
2024-06-24T06:00,34.8,53,5.8,94,999.9,0.0
2024-06-24T07:00,37.3,44,5.2,78,998.7,0.0
2024-06-24T08:00,38.4,40,4.7,81,997.6,0.0
2024-06-24T09:00,39.2,36,4.0,80,996.4,0.0
2024-06-24T10:00,39.5,34,4.3,24,995.2,0.0
2024-06-24T11:00,39.7,34,6.5,19,994.7,0.0
2024-06-24T12:00,36.9,41,13.8,70,995.2,0.1
2024-06-24T13:00,33.5,55,14.1,93,996.8,0.0
2024-06-24T14:00,32.7,58,12.4,82,996.8,0.0
2024-06-24T15:00,32.4,60,10.9,107,997.3,0.0
2024-06-24T16:00,32.1,61,7.4,113,997.8,0.0
2024-06-24T17:00,31.8,63,6.2,111,998.0,0.0
2024-06-24T18:00,31.6,64,7.0,111,998.1,0.0
2024-06-24T19:00,31.1,67,8.0,100,997.9,0.0
2024-06-24T20:00,30.8,69,8.8,102,997.7,0.0
2024-06-24T21:00,30.3,72,7.9,93,997.1,0.0
2024-06-24T22:00,30.0,74,9.2,101,997.1,0.0
2024-06-24T23:00,29.8,76,8.8,102,997.3,0.0
2024-06-25T00:00,29.6,77,9.3,118,998.0,0.0
2024-06-25T01:00,30.1,78,3.3,131,999.0,0.0
2024-06-25T02:00,31.2,74,3.4,108,998.9,0.0
2024-06-25T03:00,32.5,68,1.1,198,998.6,0.1
2024-06-25T04:00,33.8,62,7.6,65,999.2,0.1
2024-06-25T05:00,33.4,61,12.8,79,998.8,2.0
2024-06-25T06:00,32.1,66,9.0,143,998.5,0.4
2024-06-25T07:00,33.5,60,4.2,149,997.8,0.0
2024-06-25T08:00,35.0,54,5.6,135,996.7,0.0
2024-06-25T09:00,36.4,50,5.9,142,995.9,0.0
2024-06-25T10:00,36.7,49,4.5,151,995.0,0.0
2024-06-25T11:00,36.9,48,4.3,138,994.3,0.0
2024-06-25T12:00,36.3,49,8.5,118,994.2,0.0
2024-06-25T13:00,36.8,44,9.8,107,994.8,0.0
2024-06-25T14:00,35.7,48,11.0,122,995.5,0.0
2024-06-25T15:00,34.9,53,14.0,132,996.0,0.0
2024-06-25T16:00,33.9,57,11.3,153,996.7,0.0
2024-06-25T17:00,33.3,60,10.6,162,997.0,0.0
2024-06-25T18:00,32.8,62,11.0,161,997.4,0.0
2024-06-25T19:00,32.4,64,7.9,156,997.2,0.0
2024-06-25T20:00,32.0,66,6.2,159,996.4,0.0
2024-06-25T21:00,30.8,73,8.0,170,996.5,1.1
2024-06-25T22:00,28.0,85,4.7,113,997.6,6.5
2024-06-25T23:00,28.3,85,2.7,67,996.7,0.1
2024-06-26T00:00,26.7,90,18.6,133,998.9,3.5
2024-06-26T01:00,29.1,88,5.0,360,997.8,2.3
2024-06-26T02:00,29.9,84,11.2,33,998.7,0.4
2024-06-26T03:00,29.3,82,13.2,64,999.6,0.0
2024-06-26T04:00,28.7,84,10.8,86,999.5,0.6
2024-06-26T05:00,28.9,85,13.5,106,999.7,0.5
2024-06-26T06:00,30.6,76,11.0,101,999.3,0.1
2024-06-26T07:00,32.5,67,13.0,92,998.0,0.0
2024-06-26T08:00,33.2,63,14.0,90,997.2,0.0
2024-06-26T09:00,34.2,58,14.0,91,996.6,0.0
2024-06-26T10:00,34.0,59,13.4,95,996.0,0.0
2024-06-26T11:00,34.3,58,11.4,101,995.4,0.0
2024-06-26T12:00,34.0,58,10.1,107,995.0,0.0
2024-06-26T13:00,32.7,63,16.1,114,996.7,0.0
2024-06-26T14:00,32.1,65,11.9,115,997.8,0.0
2024-06-26T15:00,31.5,67,9.4,113,998.7,0.0
2024-06-26T16:00,31.3,69,10.2,108,999.5,0.0
2024-06-26T17:00,30.8,71,11.2,105,999.9,0.0
2024-06-26T18:00,30.5,74,11.2,92,1000.5,0.0
2024-06-26T19:00,30.0,76,12.6,90,1000.0,0.0
2024-06-26T20:00,29.5,78,14.9,82,999.3,0.0
2024-06-26T21:00,26.8,90,20.0,82,1000.3,3.7
2024-06-26T22:00,26.5,94,18.0,91,999.9,1.1
2024-06-26T23:00,25.8,95,18.0,110,1000.9,3.5
2024-06-27T00:00,25.8,95,14.7,118,1001.4,0.3
2024-06-27T01:00,26.8,92,14.8,103,1001.6,0.1
2024-06-27T02:00,27.2,88,16.7,96,1002.3,0.1
2024-06-27T03:00,27.0,88,18.1,125,1002.4,0.1
2024-06-27T04:00,28.0,85,11.3,121,1001.8,0.6
2024-06-27T05:00,27.8,90,12.1,107,1002.1,0.9
2024-06-27T06:00,28.9,85,12.9,117,1002.4,0.7
2024-06-27T07:00,30.0,77,15.3,117,1001.9,0.3
2024-06-27T08:00,29.0,82,14.6,130,1001.0,0.6
2024-06-27T09:00,29.2,84,12.5,134,1000.0,0.4
2024-06-27T10:00,29.1,83,14.2,117,999.3,0.3
2024-06-27T11:00,28.9,84,10.6,100,998.6,0.1
2024-06-27T12:00,29.5,79,11.4,114,998.4,0.0
2024-06-27T13:00,30.7,70,13.2,125,998.8,0.0
2024-06-27T14:00,30.0,74,10.5,121,999.4,0.0
2024-06-27T15:00,29.4,78,9.3,118,1000.0,0.0
2024-06-27T16:00,28.9,81,6.6,119,1001.0,0.0
2024-06-27T17:00,28.6,83,5.2,102,1001.7,0.0
2024-06-27T18:00,28.2,86,5.1,82,1002.0,0.0
2024-06-27T19:00,27.9,88,8.9,69,1001.6,0.0
2024-06-27T20:00,27.8,88,9.8,66,1000.7,0.0
2024-06-27T21:00,27.7,89,9.9,71,1000.6,0.0
2024-06-27T22:00,25.6,96,15.8,120,1001.7,6.2
2024-06-27T23:00,26.0,94,8.7,95,1000.5,0.5
2024-06-28T00:00,26.0,96,9.1,99,1000.8,0.5
2024-06-28T01:00,25.9,95,10.0,120,1001.7,4.7
2024-06-28T02:00,25.9,96,10.2,80,1001.4,4.5
2024-06-28T03:00,25.9,96,8.7,107,1001.3,4.9
2024-06-28T04:00,25.9,95,11.2,130,1001.6,3.7
2024-06-28T05:00,26.4,93,10.2,135,1001.5,2.1
2024-06-28T06:00,27.2,87,9.4,157,1000.9,0.9
2024-06-28T07:00,28.2,82,8.4,149,1000.4,0.4
2024-06-28T08:00,28.4,81,7.3,147,999.4,0.1
2024-06-28T09:00,29.4,75,6.2,159,998.4,0.1
2024-06-28T10:00,29.9,73,6.1,177,997.8,0.0
2024-06-28T11:00,30.3,72,5.5,191,997.1,0.0
2024-06-28T12:00,30.5,70,5.8,180,996.7,0.0
2024-06-28T13:00,30.8,70,8.7,163,997.1,0.0
2024-06-28T14:00,29.8,75,7.0,168,997.6,0.0
2024-06-28T15:00,29.0,80,7.2,162,998.5,0.0
2024-06-28T16:00,28.7,82,8.0,153,999.4,0.0
2024-06-28T17:00,28.3,84,6.3,167,999.6,0.0
2024-06-28T18:00,28.0,85,6.1,183,999.2,0.0
2024-06-28T19:00,27.7,87,6.0,163,998.7,0.0
2024-06-28T20:00,27.3,89,4.6,162,998.4,0.0
2024-06-28T21:00,26.9,92,3.6,135,997.9,0.0
2024-06-28T22:00,26.7,92,4.7,90,998.0,0.0
2024-06-28T23:00,26.6,93,5.8,112,998.2,0.0
2024-06-29T00:00,26.5,93,5.4,138,998.3,0.0
2024-06-29T01:00,27.3,91,7.3,200,998.9,2.3
2024-06-29T02:00,27.1,90,9.8,188,999.6,1.5
2024-06-29T03:00,28.2,85,11.4,198,999.5,0.1
2024-06-29T04:00,29.8,78,10.9,207,999.2,0.1
2024-06-29T05:00,31.5,72,7.9,231,999.1,0.1
2024-06-29T06:00,32.6,68,6.3,257,999.1,0.2
2024-06-29T07:00,32.7,66,8.4,277,998.7,0.2
2024-06-29T08:00,33.1,65,5.9,313,997.9,1.1
2024-06-29T09:00,31.9,70,4.6,219,997.7,0.1
2024-06-29T10:00,29.5,80,1.1,180,996.7,1.3
2024-06-29T11:00,30.2,78,2.5,135,996.2,0.0
2024-06-29T12:00,30.5,76,6.1,140,996.1,0.0
2024-06-29T13:00,31.7,67,5.6,315,996.9,0.0
2024-06-29T14:00,30.7,76,2.5,270,997.2,0.0
2024-06-29T15:00,30.3,75,4.0,185,997.7,0.0
2024-06-29T16:00,29.9,76,7.4,194,998.7,0.0
2024-06-29T17:00,29.7,77,8.0,198,998.9,0.0
2024-06-29T18:00,29.3,79,9.8,188,999.1,0.0
2024-06-29T19:00,29.0,80,7.1,204,998.5,0.0
2024-06-29T20:00,28.9,80,5.8,210,998.1,0.0
2024-06-29T21:00,28.7,84,3.3,186,997.7,0.0
2024-06-29T22:00,28.3,84,7.9,66,998.2,0.4
2024-06-29T23:00,27.4,92,5.8,97,998.5,0.5
2024-06-30T00:00,26.6,96,8.0,72,998.7,0.1
2024-06-30T01:00,26.7,91,6.4,74,998.7,0.1
2024-06-30T02:00,27.7,87,5.2,65,999.1,0.0
2024-06-30T03:00,29.0,82,3.5,66,999.2,0.0
2024-06-30T04:00,30.8,73,6.4,344,999.3,0.0
2024-06-30T05:00,31.4,73,6.6,331,999.0,0.2
2024-06-30T06:00,32.6,69,6.5,326,998.6,0.0
2024-06-30T07:00,33.0,67,4.8,318,997.9,0.2
2024-06-30T08:00,33.4,66,4.6,288,997.0,0.1
2024-06-30T09:00,34.0,63,5.0,300,995.8,0.0
2024-06-30T10:00,34.5,60,6.1,315,994.7,0.1
2024-06-30T11:00,34.9,58,3.7,299,994.2,0.0
2024-06-30T12:00,34.7,58,3.0,256,993.9,0.0
2024-06-30T13:00,33.5,62,3.6,90,994.6,0.1
2024-06-30T14:00,32.3,69,5.0,120,995.2,0.0
2024-06-30T15:00,31.6,72,6.6,135,995.9,0.0
2024-06-30T16:00,31.0,75,9.4,148,996.7,0.0
2024-06-30T17:00,30.5,76,12.9,162,996.8,0.0
2024-06-30T18:00,27.4,87,16.1,297,998.7,6.4
2024-06-30T19:00,26.6,91,4.3,175,997.7,3.3
2024-06-30T20:00,26.5,91,1.1,360,997.4,0.3
2024-06-30T21:00,26.0,95,7.3,57,997.0,0.0
2024-06-30T22:00,26.0,94,1.9,22,997.1,0.8
2024-06-30T23:00,25.8,96,8.9,47,996.7,1.3
2024-07-01T00:00,25.7,97,8.4,100,997.1,0.1
2024-07-01T01:00,28.0,88,2.5,315,996.0,0.0
2024-07-01T02:00,28.8,84,6.9,309,996.6,0.0
2024-07-01T03:00,29.9,78,8.9,313,996.9,0.0
2024-07-01T04:00,31.2,73,8.7,315,997.0,0.1
2024-07-01T05:00,32.2,70,8.1,315,996.6,0.0
2024-07-01T06:00,33.3,67,7.7,311,996.1,0.0
2024-07-01T07:00,33.1,67,10.9,279,995.3,0.0
2024-07-01T08:00,32.5,70,5.0,249,994.2,0.1
2024-07-01T09:00,33.6,68,4.9,253,993.2,0.2
2024-07-01T10:00,34.8,62,8.0,278,992.4,0.0
2024-07-01T11:00,34.2,64,7.7,233,991.9,0.0
2024-07-01T12:00,33.9,65,7.0,201,991.7,0.0
2024-07-01T13:00,32.6,66,8.1,302,992.2,0.0
2024-07-01T14:00,31.2,74,3.9,326,993.3,0.0
2024-07-01T15:00,30.6,82,3.4,32,994.1,0.0
2024-07-01T16:00,30.4,77,3.2,117,994.7,0.0
2024-07-01T17:00,30.1,79,7.2,143,994.8,0.0
2024-07-01T18:00,29.6,82,8.2,165,994.4,0.2
2024-07-01T19:00,27.8,92,8.9,194,995.0,0.9
2024-07-01T20:00,27.6,93,9.7,182,994.4,0.5
2024-07-01T21:00,26.8,94,10.7,230,994.5,1.7
2024-07-01T22:00,26.4,95,7.5,215,994.2,6.4
2024-07-01T23:00,26.4,95,3.6,180,994.6,0.1
2024-07-02T00:00,26.4,95,4.6,141,994.5,0.0
2024-07-02T01:00,27.9,93,2.7,157,993.6,0.8
2024-07-02T02:00,28.5,88,5.9,223,994.1,0.0
2024-07-02T03:00,29.4,82,9.4,187,994.6,0.9
2024-07-02T04:00,27.8,91,7.6,85,996.0,6.7
2024-07-02T05:00,27.8,91,10.2,113,996.0,2.4
2024-07-02T06:00,28.7,88,6.6,139,995.2,0.0
2024-07-02T07:00,29.9,83,6.5,174,994.8,0.0
2024-07-02T08:00,31.6,77,6.2,170,994.2,0.0
2024-07-02T09:00,32.4,74,6.1,180,993.3,0.0
2024-07-02T10:00,33.0,71,5.8,176,992.6,0.0
2024-07-02T11:00,33.8,68,5.8,202,992.4,0.0
2024-07-02T12:00,33.6,68,6.2,190,992.4,0.0
2024-07-02T13:00,29.5,84,8.6,180,992.8,0.2
2024-07-02T14:00,29.3,86,13.3,178,993.4,0.0
2024-07-02T15:00,28.9,88,11.4,162,994.4,0.0
2024-07-02T16:00,28.5,89,10.0,154,995.3,0.0
2024-07-02T17:00,28.1,90,6.5,174,996.3,0.3
2024-07-02T18:00,27.8,93,10.4,134,996.1,0.1
2024-07-02T19:00,27.2,95,13.4,144,995.8,0.0
2024-07-02T20:00,26.5,96,16.9,128,996.0,1.9
2024-07-02T21:00,26.3,96,10.6,145,996.1,0.5
2024-07-02T22:00,26.1,96,7.8,146,996.0,0.1
2024-07-02T23:00,26.0,96,7.7,191,995.9,0.0
2024-07-03T00:00,25.9,97,6.8,122,996.5,0.0
2024-07-03T01:00,28.8,86,9.5,281,995.5,0.0
2024-07-03T02:00,29.5,82,2.2,171,995.4,0.0
2024-07-03T03:00,30.6,77,2.3,252,995.9,0.0
2024-07-03T04:00,31.9,72,3.2,90,996.8,0.0
2024-07-03T05:00,32.1,72,6.4,117,997.5,0.3
2024-07-03T06:00,31.6,74,6.3,156,997.5,0.5
2024-07-03T07:00,32.4,72,6.5,161,997.0,0.0
2024-07-03T08:00,32.5,72,6.4,153,996.5,0.0
2024-07-03T09:00,33.1,71,7.1,135,995.8,0.0
2024-07-03T10:00,32.7,71,9.3,126,995.1,0.0
2024-07-03T11:00,33.1,70,11.6,126,995.3,0.0
2024-07-03T12:00,32.6,71,13.8,129,995.2,0.0
2024-07-03T13:00,28.4,85,12.1,117,997.4,0.1
2024-07-03T14:00,28.0,87,10.5,128,997.8,0.1
2024-07-03T15:00,27.6,90,7.9,133,998.3,0.1
2024-07-03T16:00,27.5,92,9.2,116,999.1,0.1
2024-07-03T17:00,27.1,95,3.0,104,1000.4,0.1
2024-07-03T18:00,27.0,95,7.0,102,999.9,0.0
2024-07-03T19:00,26.8,96,6.5,87,999.8,0.0
2024-07-03T20:00,26.3,97,10.2,67,999.2,0.1
2024-07-03T21:00,26.1,96,8.8,55,998.9,0.0
2024-07-03T22:00,25.9,95,9.4,58,998.8,0.0
2024-07-03T23:00,25.8,95,8.1,58,998.9,0.7
2024-07-04T00:00,25.8,95,9.6,56,999.4,0.1
2024-07-04T01:00,25.6,94,6.5,71,1000.8,1.1
2024-07-04T02:00,25.8,94,8.4,50,1001.1,1.7
2024-07-04T03:00,26.0,93,10.0,64,1001.3,0.6
2024-07-04T04:00,26.5,91,8.8,78,1001.2,0.4
2024-07-04T05:00,28.5,79,10.2,80,1001.2,0.3
2024-07-04T06:00,28.9,78,9.6,70,1000.9,0.2
2024-07-04T07:00,30.2,72,10.0,75,1000.1,0.2
2024-07-04T08:00,31.5,67,11.9,93,998.8,0.1
2024-07-04T09:00,31.3,67,11.5,104,997.8,0.0
2024-07-04T10:00,31.5,65,8.4,100,997.3,0.0
2024-07-04T11:00,31.8,65,9.0,95,996.9,0.0
2024-07-04T12:00,31.8,65,11.5,104,996.5,0.0
2024-07-04T13:00,30.1,72,7.2,63,997.3,0.0
2024-07-04T14:00,29.3,77,4.7,81,997.9,0.0
2024-07-04T15:00,28.5,82,4.1,135,998.3,0.0
2024-07-04T16:00,28.0,84,4.6,162,998.7,0.0
2024-07-04T17:00,27.5,85,5.6,165,998.9,0.0
2024-07-04T18:00,27.1,87,3.6,174,998.7,0.0
2024-07-04T19:00,27.0,91,1.6,243,998.4,0.0
2024-07-04T20:00,26.9,89,1.3,34,997.6,0.0
2024-07-04T21:00,26.6,91,2.6,56,997.4,0.0
2024-07-04T22:00,26.5,92,3.7,29,997.2,0.0
2024-07-04T23:00,26.4,94,7.6,59,997.3,0.0
2024-07-05T00:00,26.4,93,8.5,62,996.9,0.0
2024-07-05T01:00,26.6,92,8.4,50,997.0,0.0
2024-07-05T02:00,27.2,89,8.9,58,997.5,0.0
2024-07-05T03:00,27.6,86,9.9,46,997.9,0.1
2024-07-05T04:00,27.3,88,11.6,60,998.4,1.4
2024-07-05T05:00,27.0,89,9.4,88,997.9,1.1
2024-07-05T06:00,28.6,81,5.9,76,997.4,0.2
2024-07-05T07:00,29.2,78,9.4,58,996.5,0.1
2024-07-05T08:00,30.1,75,8.4,59,995.4,0.1
2024-07-05T09:00,29.7,78,10.2,67,994.5,0.1
2024-07-05T10:00,30.1,75,9.3,62,994.2,0.1
2024-07-05T11:00,29.1,80,12.4,80,993.2,0.0
2024-07-05T12:00,29.1,81,11.5,92,993.2,0.0
2024-07-05T13:00,28.6,79,15.3,82,994.2,0.0
2024-07-05T14:00,27.6,82,14.1,75,994.8,0.0
2024-07-05T15:00,27.0,84,13.7,85,995.7,0.0
2024-07-05T16:00,26.5,87,14.4,89,996.0,0.0
2024-07-05T17:00,26.5,87,13.9,100,996.6,0.0
2024-07-05T18:00,26.5,88,10.6,118,996.6,0.0
2024-07-05T19:00,26.4,89,10.6,114,995.8,0.0
2024-07-05T20:00,26.3,90,9.8,118,995.0,0.0
2024-07-05T21:00,26.1,91,10.2,113,993.9,0.0
2024-07-05T22:00,26.0,92,9.0,106,993.5,0.0
2024-07-05T23:00,26.1,92,5.0,90,994.1,0.0
2024-07-06T00:00,26.2,91,3.5,24,994.9,0.0
2024-07-06T01:00,26.7,92,10.2,67,994.9,0.1
2024-07-06T02:00,27.2,90,9.9,71,995.3,0.0
2024-07-06T03:00,28.4,84,8.2,67,995.9,0.1
2024-07-06T04:00,29.3,80,5.9,43,996.1,0.2
2024-07-06T05:00,30.5,73,5.2,25,996.1,0.2
2024-07-06T06:00,31.2,71,5.9,14,995.7,0.1
2024-07-06T07:00,31.3,69,9.3,54,994.9,0.0
2024-07-06T08:00,32.9,62,4.9,36,994.0,0.0
2024-07-06T09:00,33.0,61,5.5,11,993.0,0.0
2024-07-06T10:00,32.2,66,11.5,46,993.2,0.2
2024-07-06T11:00,31.1,72,13.4,66,993.0,0.2
2024-07-06T12:00,30.9,72,11.8,67,993.3,0.0
2024-07-06T13:00,29.0,76,16.4,71,994.7,0.0
2024-07-06T14:00,27.5,82,10.8,88,995.5,0.0
2024-07-06T15:00,26.9,85,13.7,76,995.8,0.0
2024-07-06T16:00,26.4,87,8.9,76,997.0,0.0
2024-07-06T17:00,26.2,89,6.5,84,997.7,0.0
2024-07-06T18:00,26.2,90,5.8,94,997.6,0.0
2024-07-06T19:00,25.9,92,4.6,108,996.7,0.0
2024-07-06T20:00,26.1,92,2.5,90,996.4,0.0
2024-07-06T21:00,26.1,92,6.3,77,996.3,0.0
2024-07-06T22:00,26.2,92,5.1,39,996.2,0.0
2024-07-06T23:00,25.8,94,4.2,31,996.3,0.0
2024-07-07T00:00,25.7,95,4.7,274,996.6,0.0
2024-07-07T01:00,25.7,87,6.6,29,998.5,0.0
2024-07-07T02:00,26.8,82,4.7,337,998.6,0.0
2024-07-07T03:00,27.9,79,7.4,293,999.0,0.0
2024-07-07T04:00,29.4,74,5.3,298,998.8,0.0
2024-07-07T05:00,30.7,70,3.4,18,998.5,0.0
2024-07-07T06:00,32.1,65,1.1,162,998.4,0.0
2024-07-07T07:00,32.9,61,6.7,106,998.4,0.0
2024-07-07T08:00,33.3,56,9.7,117,997.9,0.0
2024-07-07T09:00,33.5,55,9.4,137,997.5,0.0
2024-07-07T10:00,33.3,56,10.5,121,996.9,0.0
2024-07-07T11:00,32.8,58,11.7,99,996.4,0.0
2024-07-07T12:00,31.8,64,15.5,85,996.9,0.0
2024-07-07T13:00,28.2,72,12.2,71,998.5,0.0
2024-07-07T14:00,27.6,74,8.4,80,999.2,0.0
2024-07-07T15:00,27.2,77,8.7,83,999.9,0.0
2024-07-07T16:00,26.9,79,10.6,80,1000.6,0.0
2024-07-07T17:00,26.7,81,7.2,84,1001.2,0.0
2024-07-07T18:00,26.3,84,7.7,79,1001.5,0.0
2024-07-07T19:00,26.0,86,6.2,111,1001.3,0.0
2024-07-07T20:00,25.7,89,3.6,84,1000.9,0.0
2024-07-07T21:00,25.4,91,6.8,58,1000.5,0.0
2024-07-07T22:00,25.4,91,7.4,76,1000.6,0.0
2024-07-07T23:00,25.6,90,5.6,130,1000.8,0.2
2024-07-08T00:00,25.7,90,6.9,152,1001.0,0.1
2024-07-08T01:00,26.0,89,1.9,248,1001.9,0.1
2024-07-08T02:00,27.0,87,1.6,297,1002.8,0.1
2024-07-08T03:00,28.0,82,7.6,275,1002.4,0.1
2024-07-08T04:00,29.4,75,12.0,286,1002.3,0.0
2024-07-08T05:00,30.8,69,10.3,335,1002.4,0.0
2024-07-08T06:00,32.1,63,12.6,360,1002.2,0.0
2024-07-08T07:00,32.9,59,12.6,5,1001.8,0.0
2024-07-08T08:00,33.0,58,10.2,10,1001.2,0.0
2024-07-08T09:00,33.1,58,9.6,13,1000.3,0.1
2024-07-08T10:00,32.7,60,10.6,10,999.6,0.1
2024-07-08T11:00,32.6,61,8.6,15,999.0,0.0
2024-07-08T12:00,32.4,61,4.3,5,998.6,0.0
2024-07-08T13:00,29.8,68,6.1,50,1000.2,0.0
2024-07-08T14:00,28.5,77,10.4,46,1001.0,0.0
2024-07-08T15:00,28.0,82,9.4,58,1001.5,0.0
2024-07-08T16:00,27.9,84,8.0,80,1002.1,0.0
2024-07-08T17:00,27.8,84,8.6,90,1002.5,0.0
2024-07-08T18:00,27.5,85,9.0,85,1002.4,0.0
2024-07-08T19:00,27.1,86,9.4,92,1002.5,0.0
2024-07-08T20:00,26.8,88,10.5,98,1002.4,0.0
2024-07-08T21:00,26.6,88,10.6,108,1002.4,0.0
2024-07-08T22:00,26.4,90,9.4,113,1002.3,0.0
2024-07-08T23:00,26.2,91,9.0,119,1002.5,0.0
2024-07-09T00:00,26.1,92,7.0,125,1002.5,0.0
2024-07-09T01:00,27.7,86,5.1,135,1002.9,0.0
2024-07-09T02:00,28.8,82,6.4,137,1003.2,0.0
2024-07-09T03:00,30.3,78,7.6,149,1003.0,0.0
2024-07-09T04:00,29.9,80,5.1,51,1004.0,0.3
2024-07-09T05:00,30.9,77,2.8,40,1003.7,0.1
2024-07-09T06:00,30.4,79,13.1,9,1003.7,1.8
2024-07-09T07:00,30.1,82,6.7,54,1003.1,1.4
2024-07-09T08:00,31.0,75,8.4,313,1002.6,0.2
2024-07-09T09:00,31.8,72,8.7,336,1001.7,0.0
2024-07-09T10:00,32.4,69,4.7,337,1000.6,0.0
2024-07-09T11:00,32.9,68,2.2,279,999.7,0.0
2024-07-09T12:00,32.8,67,1.0,315,999.0,0.0
2024-07-09T13:00,31.9,70,3.8,107,1000.2,0.0
2024-07-09T14:00,30.7,76,4.3,90,1000.4,0.0
2024-07-09T15:00,30.1,79,4.2,70,1000.9,0.0
2024-07-09T16:00,29.6,82,4.0,95,1002.2,0.0
2024-07-09T17:00,29.4,83,5.9,128,1002.7,0.0
2024-07-09T18:00,29.0,85,4.9,144,1002.9,0.0
2024-07-09T19:00,28.6,87,3.5,156,1003.1,0.0
2024-07-09T20:00,28.3,91,4.7,148,1002.8,0.0
2024-07-09T21:00,28.1,92,3.6,127,1002.4,0.0
2024-07-09T22:00,27.9,92,2.2,81,1001.7,0.0
2024-07-09T23:00,27.4,94,2.4,63,1001.6,0.0
2024-07-10T00:00,26.4,96,12.7,125,1002.9,1.8
2024-07-10T01:00,27.7,88,13.4,36,1003.9,1.8
2024-07-10T02:00,27.8,88,5.4,70,1004.2,0.2
2024-07-10T03:00,28.7,85,2.1,211,1004.2,0.1
2024-07-10T04:00,30.1,79,5.6,195,1004.4,0.0
2024-07-10T05:00,31.2,74,2.8,220,1003.9,0.1
2024-07-10T06:00,32.4,71,1.8,180,1003.3,0.1
2024-07-10T07:00,33.2,69,2.5,225,1002.7,0.0
2024-07-10T08:00,33.6,67,5.1,274,1001.7,0.1
2024-07-10T09:00,34.0,66,4.7,270,1000.7,0.1
2024-07-10T10:00,34.4,64,4.0,260,999.6,0.0
2024-07-10T11:00,34.3,63,5.2,245,998.6,0.0
2024-07-10T12:00,33.9,63,6.3,239,998.4,0.0
2024-07-10T13:00,33.0,71,3.4,252,999.8,0.0
2024-07-10T14:00,31.7,81,4.3,185,1000.2,0.0
2024-07-10T15:00,31.3,78,5.9,169,1000.6,0.0
2024-07-10T16:00,30.1,81,3.5,66,1001.5,1.0
2024-07-10T17:00,27.8,90,13.8,139,1001.7,0.2
2024-07-10T18:00,27.5,90,11.0,148,1001.3,0.1
2024-07-10T19:00,27.6,90,9.0,157,1000.5,0.0
2024-07-10T20:00,27.7,90,8.0,170,1000.0,0.0
2024-07-10T21:00,27.7,91,7.9,180,999.6,0.0
2024-07-10T22:00,27.7,91,7.4,203,999.4,0.0
2024-07-10T23:00,27.7,93,5.6,195,999.6,0.4
2024-07-11T00:00,26.8,95,11.4,101,1000.2,0.3
2024-07-11T01:00,26.4,95,11.8,157,1000.6,0.5
2024-07-11T02:00,26.9,93,10.2,135,1000.3,0.0
2024-07-11T03:00,28.7,85,6.2,159,1000.2,0.0
2024-07-11T04:00,31.0,78,5.2,168,1000.1,0.0
2024-07-11T05:00,32.7,72,2.2,189,999.7,0.0
2024-07-11T06:00,34.1,68,6.5,276,999.0,0.0
2024-07-11T07:00,35.5,61,10.1,305,998.0,0.0
2024-07-11T08:00,35.9,60,11.2,327,996.8,0.0
2024-07-11T09:00,36.0,58,11.4,332,995.6,0.0
2024-07-11T10:00,36.1,57,9.8,332,994.8,0.0
2024-07-11T11:00,36.2,56,9.2,329,994.2,0.0
2024-07-11T12:00,35.7,57,9.2,339,993.7,0.0
2024-07-11T13:00,34.5,66,5.2,65,993.7,0.0
2024-07-11T14:00,33.2,70,5.8,90,994.1,0.0
2024-07-11T15:00,31.8,79,5.4,160,994.8,0.0
2024-07-11T16:00,28.9,81,26.4,197,996.4,0.9
2024-07-11T17:00,28.1,82,8.8,199,996.5,0.0
2024-07-11T18:00,27.9,86,4.3,222,996.4,0.0
2024-07-11T19:00,27.9,87,9.4,263,996.2,0.0
2024-07-11T20:00,28.0,86,11.2,264,995.8,0.0
2024-07-11T21:00,28.2,85,9.4,268,995.3,0.0
2024-07-11T22:00,28.3,82,9.5,261,994.9,0.0
2024-07-11T23:00,28.3,80,10.3,258,994.9,0.0
2024-07-12T00:00,28.3,78,12.2,268,995.1,0.0
2024-07-12T01:00,27.0,80,14.7,298,996.3,0.1
2024-07-12T02:00,27.8,80,9.7,292,996.7,0.1
2024-07-12T03:00,29.4,74,9.4,317,996.9,0.0
2024-07-12T04:00,30.6,70,7.6,301,997.2,0.0
2024-07-12T05:00,32.1,67,3.9,292,997.8,0.0
2024-07-12T06:00,33.3,65,5.4,278,997.3,0.0
2024-07-12T07:00,34.2,62,9.1,277,996.2,0.0
2024-07-12T08:00,34.4,61,9.0,268,995.3,0.0
2024-07-12T09:00,35.4,59,7.9,273,994.4,0.0
2024-07-12T10:00,35.5,57,4.5,256,992.8,0.0
2024-07-12T11:00,35.3,56,12.1,207,993.0,0.0
2024-07-12T12:00,29.5,80,13.4,301,994.4,1.2
2024-07-12T13:00,31.9,68,7.1,315,995.0,0.0
2024-07-12T14:00,30.7,73,5.6,315,995.7,0.0
2024-07-12T15:00,30.2,76,4.4,305,996.7,0.0
2024-07-12T16:00,29.3,85,4.9,306,997.4,0.0
2024-07-12T17:00,29.0,84,2.8,220,997.6,0.0
2024-07-12T18:00,28.5,87,3.6,217,997.4,0.0
2024-07-12T19:00,27.9,92,4.0,207,997.4,0.0
2024-07-12T20:00,27.7,92,3.3,283,997.4,0.0
2024-07-12T21:00,27.5,93,1.3,146,996.9,0.0
2024-07-12T22:00,27.2,95,2.2,180,996.6,0.0
2024-07-12T23:00,26.9,96,2.4,117,996.3,0.0
2024-07-13T00:00,26.8,96,3.0,166,996.7,0.0
2024-07-13T01:00,25.2,93,10.8,120,999.5,5.3
2024-07-13T02:00,25.5,93,0.5,225,998.9,1.9
2024-07-13T03:00,27.6,86,4.4,189,998.4,0.2
2024-07-13T04:00,29.7,79,4.5,299,998.6,0.0
2024-07-13T05:00,31.8,68,6.4,333,998.3,0.0
2024-07-13T06:00,33.1,61,8.0,5,997.9,0.0
2024-07-13T07:00,33.8,58,6.2,21,997.2,0.0
2024-07-13T08:00,34.3,57,6.1,360,996.7,0.0
2024-07-13T09:00,34.3,56,5.2,348,995.9,0.0
2024-07-13T10:00,34.1,58,5.4,340,995.0,0.0
2024-07-13T11:00,34.0,58,5.3,332,994.5,0.0
2024-07-13T12:00,33.6,59,4.9,324,994.2,0.0
2024-07-13T13:00,31.0,74,1.9,22,995.0,0.1
2024-07-13T14:00,29.9,82,2.9,150,995.5,0.0
2024-07-13T15:00,29.4,85,3.6,180,995.9,0.0
2024-07-13T16:00,29.2,86,4.1,195,996.7,0.0
2024-07-13T17:00,28.8,88,4.1,225,997.2,0.0
2024-07-13T18:00,28.4,91,4.2,239,997.5,0.0
2024-07-13T19:00,28.0,93,3.4,162,997.1,0.0
2024-07-13T20:00,27.7,95,2.9,150,996.7,0.0
2024-07-13T21:00,27.9,93,1.4,180,996.4,0.0
2024-07-13T22:00,27.7,94,0.8,297,996.3,0.0
2024-07-13T23:00,27.1,98,2.4,333,996.3,0.0
2024-07-14T00:00,26.8,98,3.8,343,996.7,0.0
2024-07-14T01:00,28.7,87,2.5,8,997.7,0.0
2024-07-14T02:00,29.9,82,5.0,69,998.2,0.0
2024-07-14T03:00,30.9,75,7.1,105,998.3,0.0
2024-07-14T04:00,32.1,70,6.1,118,998.1,0.0
2024-07-14T05:00,33.0,63,4.6,108,997.7,0.0
2024-07-14T06:00,33.5,60,3.7,119,997.7,0.1
2024-07-14T07:00,34.0,60,1.1,198,997.2,0.0
2024-07-14T08:00,34.3,59,1.0,135,996.2,0.0
2024-07-14T09:00,34.5,58,4.7,81,995.1,0.0
2024-07-14T10:00,34.8,56,4.7,58,994.2,0.0
2024-07-14T11:00,34.8,56,6.1,28,993.8,0.0
2024-07-14T12:00,34.3,57,8.0,54,994.1,0.0
2024-07-14T13:00,33.0,63,7.6,87,995.1,0.0
2024-07-14T14:00,31.7,70,4.3,85,995.6,0.0
2024-07-14T15:00,31.2,71,5.0,120,996.6,0.0
2024-07-14T16:00,30.9,72,7.1,135,997.6,0.0
2024-07-14T17:00,30.4,74,7.2,153,998.4,0.0
2024-07-14T18:00,30.0,77,7.6,149,998.5,0.0
2024-07-14T19:00,29.7,79,6.3,149,998.3,0.0
2024-07-14T20:00,29.3,81,5.3,152,997.9,0.0
2024-07-14T21:00,28.8,84,3.6,90,998.1,0.0
2024-07-14T22:00,25.3,92,12.9,60,999.2,1.5
2024-07-14T23:00,25.7,94,12.8,68,999.6,0.2
2024-07-15T00:00,25.6,94,12.8,101,1000.6,0.0
2024-07-15T01:00,27.2,86,12.0,81,1000.6,0.0
2024-07-15T02:00,28.3,84,11.2,92,1001.2,0.0
2024-07-15T03:00,29.8,78,11.5,90,1001.3,0.0
2024-07-15T04:00,31.2,73,12.7,97,1001.5,0.1
2024-07-15T05:00,32.1,70,11.9,90,1001.1,0.1
2024-07-15T06:00,32.8,66,11.9,90,1000.7,0.1
2024-07-15T07:00,32.5,65,14.0,67,1000.2,0.0
2024-07-15T08:00,31.8,71,11.7,72,999.6,1.4
2024-07-15T09:00,32.8,67,11.2,88,998.7,0.1
2024-07-15T10:00,33.3,65,10.0,77,998.1,0.0
2024-07-15T11:00,33.3,66,10.0,77,997.5,0.0
2024-07-15T12:00,32.1,70,12.1,78,997.4,0.5
2024-07-15T13:00,32.1,68,11.5,86,997.7,0.0
2024-07-15T14:00,31.0,73,9.1,97,998.3,0.0
2024-07-15T15:00,30.5,76,8.2,113,998.7,0.0
2024-07-15T16:00,29.8,80,7.3,123,999.6,0.0
2024-07-15T17:00,29.4,81,7.9,114,1000.3,0.0
2024-07-15T18:00,29.0,83,7.5,107,1000.3,0.0
2024-07-15T19:00,28.9,84,7.2,96,1000.1,0.0
2024-07-15T20:00,28.7,85,7.0,102,999.5,0.2
2024-07-15T21:00,27.0,95,9.4,157,1000.3,8.3
2024-07-15T22:00,26.5,94,3.4,122,1000.2,2.3
2024-07-15T23:00,25.6,99,6.3,66,1001.3,5.6
2024-07-16T00:00,25.8,97,7.1,41,1001.6,4.2
2024-07-16T01:00,27.7,92,12.0,46,1001.5,0.0
2024-07-16T02:00,29.3,86,12.8,80,1001.8,0.0
2024-07-16T03:00,30.7,80,15.4,101,1001.9,0.0
2024-07-16T04:00,31.8,74,15.8,120,1002.0,0.1
2024-07-16T05:00,33.0,70,14.1,130,1001.5,0.1
2024-07-16T06:00,33.8,66,12.4,126,1001.3,0.0
2024-07-16T07:00,34.4,63,11.3,117,1000.6,0.0
2024-07-16T08:00,34.2,64,11.7,108,999.9,0.2
2024-07-16T09:00,34.1,64,10.5,106,999.0,0.2
2024-07-16T10:00,34.3,62,9.7,86,998.2,0.1
2024-07-16T11:00,34.3,61,11.3,68,997.7,0.0
2024-07-16T12:00,33.6,64,12.0,74,997.3,0.0
2024-07-16T13:00,32.9,69,8.4,59,997.8,0.0
2024-07-16T14:00,31.7,73,5.6,63,998.1,0.0
2024-07-16T15:00,31.0,77,5.8,68,998.6,0.0
2024-07-16T16:00,30.6,79,7.9,90,999.7,0.0
2024-07-16T17:00,30.4,79,11.0,109,1000.3,0.0
2024-07-16T18:00,30.1,81,10.9,107,1000.5,0.0
2024-07-16T19:00,29.5,83,10.4,136,1000.5,0.0
2024-07-16T20:00,29.1,85,10.0,116,999.8,0.0
2024-07-16T21:00,29.1,85,12.1,117,999.7,0.0
2024-07-16T22:00,28.7,86,13.1,111,999.4,0.0
2024-07-16T23:00,28.4,87,12.3,105,1000.1,0.0
2024-07-17T00:00,28.2,88,9.9,100,1000.8,0.0
2024-07-17T01:00,29.1,84,9.4,97,1001.2,0.0
2024-07-17T02:00,29.9,82,11.6,106,1002.0,0.0
2024-07-17T03:00,30.9,78,13.5,115,1002.4,0.0
2024-07-17T04:00,31.9,74,12.3,122,1002.4,0.0
2024-07-17T05:00,32.8,71,11.1,103,1001.9,0.0
2024-07-17T06:00,33.6,66,11.6,97,1001.5,0.0
2024-07-17T07:00,34.1,64,12.3,93,1000.8,0.0
2024-07-17T08:00,34.4,63,11.1,103,1000.0,0.0
2024-07-17T09:00,34.5,63,10.5,106,998.8,0.0
2024-07-17T10:00,34.7,61,7.1,105,997.9,0.0
2024-07-17T11:00,34.5,61,6.3,103,997.0,0.1
2024-07-17T12:00,34.1,63,6.6,99,996.9,0.0
2024-07-17T13:00,32.3,69,10.0,49,997.5,0.0
2024-07-17T14:00,31.3,74,9.1,56,997.5,0.0
2024-07-17T15:00,30.7,77,8.6,68,998.4,0.0
2024-07-17T16:00,30.5,78,9.1,83,999.0,0.0
2024-07-17T17:00,30.1,79,8.0,85,999.8,0.0
2024-07-17T18:00,29.9,81,7.9,87,1000.3,0.0
2024-07-17T19:00,29.7,82,7.8,103,1000.5,0.0
2024-07-17T20:00,28.8,86,10.4,88,999.9,0.1
2024-07-17T21:00,28.0,88,11.6,83,999.4,0.2
2024-07-17T22:00,27.6,91,11.7,108,999.4,0.3
2024-07-17T23:00,27.6,93,11.6,112,998.9,0.4
2024-07-18T00:00,27.5,94,7.4,151,999.5,0.1
2024-07-18T01:00,29.6,83,8.8,102,999.6,0.0
2024-07-18T02:00,30.6,80,8.2,105,999.9,0.0
2024-07-18T03:00,31.7,76,8.6,105,1000.1,0.0
2024-07-18T04:00,32.7,71,8.0,117,1000.1,0.0
2024-07-18T05:00,33.6,67,7.0,125,999.8,0.0
2024-07-18T06:00,34.2,64,6.1,118,999.8,0.0
2024-07-18T07:00,34.8,61,6.0,123,999.0,0.0
2024-07-18T08:00,33.5,69,9.0,127,998.1,0.2
2024-07-18T09:00,33.9,66,8.9,122,997.1,0.0
2024-07-18T10:00,34.5,63,6.2,83,995.9,0.0
2024-07-18T11:00,34.4,62,5.1,98,995.0,0.0
2024-07-18T12:00,33.9,64,6.0,107,994.9,0.0
2024-07-18T13:00,32.0,72,3.4,108,996.2,0.0
2024-07-18T14:00,30.6,80,3.8,107,996.7,0.0
2024-07-18T15:00,30.1,83,3.5,114,997.4,0.0
2024-07-18T16:00,29.6,86,4.1,135,998.5,0.0
2024-07-18T17:00,29.2,89,3.6,217,999.0,0.0
2024-07-18T18:00,28.9,90,3.8,197,999.3,0.0
2024-07-18T19:00,28.7,90,2.5,180,998.4,0.0
2024-07-18T20:00,28.3,94,3.0,104,998.0,0.0
2024-07-18T21:00,28.1,94,2.3,51,997.2,0.0
2024-07-18T22:00,27.9,95,1.9,22,997.2,0.0
2024-07-18T23:00,27.7,95,7.7,79,997.8,0.0
2024-07-19T00:00,27.2,92,12.5,108,998.5,0.0
2024-07-19T01:00,27.6,90,10.2,82,998.5,0.0
2024-07-19T02:00,28.4,86,10.1,94,998.5,0.0
2024-07-19T03:00,29.4,83,9.0,95,998.7,0.0
2024-07-19T04:00,30.5,78,7.3,99,998.9,0.0
2024-07-19T05:00,31.4,74,8.8,99,998.6,0.1
2024-07-19T06:00,32.6,68,9.1,97,997.9,0.0
2024-07-19T07:00,33.4,65,8.7,95,997.5,0.0
2024-07-19T08:00,34.1,62,7.9,93,996.6,0.0
2024-07-19T09:00,34.5,60,7.6,93,995.7,0.0
2024-07-19T10:00,34.6,59,8.1,103,994.6,0.0
2024-07-19T11:00,34.4,60,8.4,110,994.1,0.0
2024-07-19T12:00,34.0,61,9.0,119,994.0,0.0
2024-07-19T13:00,31.7,71,10.7,140,995.9,0.0
2024-07-19T14:00,30.8,75,10.6,145,996.9,0.0
2024-07-19T15:00,30.3,76,11.6,154,997.3,0.0
2024-07-19T16:00,29.8,78,9.0,143,998.3,0.0
2024-07-19T17:00,29.3,80,8.8,145,998.8,0.0
2024-07-19T18:00,28.9,83,7.4,129,998.7,0.0
2024-07-19T19:00,28.4,86,6.8,90,998.6,0.0
2024-07-19T20:00,27.9,89,9.4,97,998.0,0.0
2024-07-19T21:00,27.6,90,9.4,94,998.2,0.0
2024-07-19T22:00,27.4,90,8.6,105,998.3,0.0
2024-07-19T23:00,27.2,91,8.5,118,998.6,0.0
2024-07-20T00:00,27.1,92,8.6,112,998.9,0.0
2024-07-20T01:00,28.3,87,12.5,129,999.5,0.0
2024-07-20T02:00,28.9,85,9.4,130,999.8,0.0
2024-07-20T03:00,30.0,80,8.4,110,999.8,0.0
2024-07-20T04:00,31.1,75,9.7,117,1000.1,0.0
2024-07-20T05:00,32.0,70,9.3,118,999.6,0.0
2024-07-20T06:00,33.4,64,8.2,113,999.1,0.0
2024-07-20T07:00,34.3,60,8.2,113,998.0,0.1
2024-07-20T08:00,34.8,58,8.2,113,997.4,0.1
2024-07-20T09:00,35.1,56,6.8,122,996.5,0.1
2024-07-20T10:00,35.1,57,6.0,123,995.6,0.0
2024-07-20T11:00,35.0,58,5.8,112,994.8,0.0
2024-07-20T12:00,34.7,59,5.5,122,995.1,0.0
2024-07-20T13:00,33.4,67,6.1,130,996.3,0.0
2024-07-20T14:00,32.1,72,5.6,135,997.2,0.0
2024-07-20T15:00,31.5,75,7.1,131,997.8,0.0
2024-07-20T16:00,30.8,77,10.8,120,998.4,0.0
2024-07-20T17:00,30.1,81,10.1,117,999.1,0.0
2024-07-20T18:00,29.7,83,8.4,121,999.4,0.0
2024-07-20T19:00,29.4,85,6.3,121,999.2,0.0
2024-07-20T20:00,29.1,87,5.7,125,998.6,0.0
2024-07-20T21:00,28.9,88,5.5,122,998.4,0.0
2024-07-20T22:00,28.8,89,6.0,123,998.2,0.0
2024-07-20T23:00,28.3,92,0.0,270,998.3,0.0
2024-07-21T00:00,27.2,93,7.0,125,999.3,1.4
2024-07-21T01:00,28.2,91,9.1,72,998.8,0.0
2024-07-21T02:00,29.2,87,8.8,99,999.2,0.0
2024-07-21T03:00,30.5,81,10.0,116,999.5,0.0
2024-07-21T04:00,32.0,75,9.2,111,999.7,0.0
2024-07-21T05:00,33.1,71,10.5,112,999.3,0.0
2024-07-21T06:00,32.4,69,15.9,115,999.4,0.6
2024-07-21T07:00,32.3,72,14.5,117,998.8,0.5
2024-07-21T08:00,33.8,68,12.9,126,997.6,0.0
2024-07-21T09:00,34.7,64,11.7,135,996.5,0.0
2024-07-21T10:00,34.9,62,11.2,140,995.8,0.0
2024-07-21T11:00,34.8,62,10.2,141,995.3,0.0
2024-07-21T12:00,34.3,63,8.1,135,995.3,0.0
2024-07-21T13:00,32.6,70,5.4,127,996.3,0.0
2024-07-21T14:00,31.7,74,6.2,100,996.4,0.0
2024-07-21T15:00,31.2,76,9.3,106,997.4,0.0
2024-07-21T16:00,30.8,79,10.7,110,998.5,0.0
2024-07-21T17:00,30.6,80,11.0,109,998.8,0.0
2024-07-21T18:00,30.3,81,12.6,114,998.9,0.0
2024-07-21T19:00,28.9,88,5.7,125,999.4,3.7
2024-07-21T20:00,28.6,91,9.2,111,998.5,0.5
2024-07-21T21:00,28.5,91,9.0,113,998.1,0.0
2024-07-21T22:00,28.4,92,9.2,121,998.0,0.0
2024-07-21T23:00,28.3,92,9.4,130,998.1,0.0
2024-07-22T00:00,27.9,94,3.8,107,998.6,0.1
2024-07-22T01:00,29.2,85,8.2,119,999.4,0.0
2024-07-22T02:00,30.1,82,9.7,129,999.7,0.0
2024-07-22T03:00,30.9,79,11.2,135,999.8,0.0
2024-07-22T04:00,32.0,74,9.9,136,999.9,0.0
2024-07-22T05:00,32.9,71,9.2,138,999.8,0.0
2024-07-22T06:00,34.1,65,8.9,137,999.3,0.1
2024-07-22T07:00,34.5,61,7.2,127,998.6,0.0
2024-07-22T08:00,34.6,61,7.8,124,997.9,0.0
2024-07-22T09:00,34.8,61,6.6,119,996.9,0.1
2024-07-22T10:00,34.9,59,3.8,139,996.1,0.1
2024-07-22T11:00,34.8,60,4.9,126,995.6,0.0
2024-07-22T12:00,34.4,61,8.2,128,995.3,0.0
2024-07-22T13:00,30.5,78,8.3,72,996.3,0.0
2024-07-22T14:00,29.9,82,7.0,78,997.0,0.0
2024-07-22T15:00,29.5,84,7.3,79,997.6,0.0
2024-07-22T16:00,29.3,85,9.4,88,998.6,0.0
2024-07-22T17:00,29.0,87,9.0,106,999.3,0.0
2024-07-22T18:00,28.8,88,9.2,111,999.5,0.0
2024-07-22T19:00,28.7,89,8.8,99,999.3,0.0
2024-07-22T20:00,28.4,90,8.6,92,998.9,0.0
2024-07-22T21:00,28.2,91,5.6,105,998.5,0.0
2024-07-22T22:00,28.0,92,4.9,107,998.7,0.0
2024-07-22T23:00,27.7,94,7.4,104,997.9,0.0
2024-07-23T00:00,27.5,94,10.6,100,998.0,0.0
2024-07-23T01:00,27.9,89,12.8,100,998.9,0.0
2024-07-23T02:00,27.8,88,6.6,139,999.6,0.0
2024-07-23T03:00,28.3,86,7.0,159,999.9,0.6
2024-07-23T04:00,29.7,81,1.5,194,999.8,0.0
2024-07-23T05:00,31.4,76,1.8,169,999.4,0.0
2024-07-23T06:00,32.3,73,1.0,135,998.8,0.0
2024-07-23T07:00,33.4,69,1.8,127,997.9,0.0
2024-07-23T08:00,34.0,67,1.3,56,996.5,0.0
2024-07-23T09:00,34.4,64,2.6,16,994.7,0.0
2024-07-23T10:00,34.7,62,3.2,27,994.1,0.0
2024-07-23T11:00,34.7,61,3.6,84,993.8,0.0
2024-07-23T12:00,34.3,61,2.9,120,993.5,0.5
2024-07-23T13:00,32.8,69,6.4,117,994.3,0.0
2024-07-23T14:00,31.1,78,2.2,261,995.2,0.0
2024-07-23T15:00,30.5,82,2.7,67,995.6,0.0
2024-07-23T16:00,29.9,84,5.9,79,996.5,0.0
2024-07-23T17:00,29.6,84,5.0,90,996.9,0.0
2024-07-23T18:00,28.3,89,13.6,127,996.6,1.1
2024-07-23T19:00,27.9,92,6.5,161,996.6,0.3
2024-07-23T20:00,27.2,95,8.1,111,996.2,0.6
2024-07-23T21:00,26.9,95,7.4,151,995.7,0.2
2024-07-23T22:00,26.6,95,7.3,147,995.1,0.0
2024-07-23T23:00,26.5,95,3.7,151,995.0,0.0
2024-07-24T00:00,26.3,96,4.8,103,995.1,0.0
2024-07-24T01:00,27.2,92,2.5,45,995.4,6.1
2024-07-24T02:00,27.1,93,4.4,99,995.8,3.5
2024-07-24T03:00,27.3,92,2.5,172,995.9,2.9
2024-07-24T04:00,27.3,93,8.7,95,996.2,2.2
2024-07-24T05:00,27.3,93,4.0,90,995.9,2.9
2024-07-24T06:00,28.8,86,3.6,96,995.4,0.1
2024-07-24T07:00,30.5,79,5.7,35,994.1,0.0
2024-07-24T08:00,31.9,73,7.4,29,993.1,0.0
2024-07-24T09:00,33.0,68,6.6,29,991.9,0.0
2024-07-24T10:00,33.5,66,6.2,36,990.6,0.0
2024-07-24T11:00,33.7,65,3.4,58,990.5,0.0
2024-07-24T12:00,33.4,66,3.5,114,990.4,0.0
2024-07-24T13:00,32.0,69,4.2,160,991.8,0.0
2024-07-24T14:00,30.7,76,4.8,153,992.3,0.0
2024-07-24T15:00,29.9,81,3.6,143,992.7,0.0
2024-07-24T16:00,29.5,83,4.3,138,993.6,0.0
2024-07-24T17:00,29.1,85,4.0,95,994.2,0.0
2024-07-24T18:00,29.0,84,5.4,90,994.3,0.0
2024-07-24T19:00,28.6,87,7.6,82,994.1,0.0
2024-07-24T20:00,28.2,90,8.4,110,993.4,0.0
2024-07-24T21:00,27.8,92,5.6,130,993.0,0.0
2024-07-24T22:00,27.5,95,1.1,252,993.2,0.0
2024-07-24T23:00,27.4,94,3.5,336,993.1,0.0
2024-07-25T00:00,27.2,95,4.7,4,993.4,0.0
2024-07-25T01:00,27.6,91,3.1,69,993.8,0.2
2024-07-25T02:00,28.1,89,0.8,207,993.9,0.0
2024-07-25T03:00,29.5,84,1.5,315,994.0,0.0
2024-07-25T04:00,31.0,78,2.5,8,994.5,0.0
2024-07-25T05:00,32.0,74,3.4,58,994.3,0.0
2024-07-25T06:00,32.8,71,3.7,79,993.9,0.1
2024-07-25T07:00,33.5,69,3.6,96,993.3,0.1
2024-07-25T08:00,34.1,65,5.1,86,992.1,0.1
2024-07-25T09:00,34.2,63,3.4,58,991.4,0.1
2024-07-25T10:00,34.5,62,2.9,30,991.1,0.1
2024-07-25T11:00,34.4,62,4.3,24,990.5,0.0
2024-07-25T12:00,34.0,62,4.9,17,990.0,0.2
2024-07-25T13:00,32.6,67,4.2,160,991.2,0.0
2024-07-25T14:00,31.6,74,3.3,193,992.2,0.0
2024-07-25T15:00,31.2,79,1.8,270,993.0,0.0
2024-07-25T16:00,30.6,79,3.4,122,994.1,0.0
2024-07-25T17:00,30.4,78,9.2,132,994.5,0.0
2024-07-25T18:00,29.7,80,10.5,142,994.8,0.0
2024-07-25T19:00,29.2,83,10.2,148,994.3,0.0
2024-07-25T20:00,28.1,90,7.1,150,994.1,0.2
2024-07-25T21:00,27.9,92,8.1,159,994.3,0.1
2024-07-25T22:00,27.7,93,4.2,200,994.3,0.0
2024-07-25T23:00,27.6,94,1.1,90,994.4,0.0
2024-07-26T00:00,27.3,96,4.2,70,994.8,0.0
2024-07-26T01:00,27.7,94,8.4,25,996.1,4.5
2024-07-26T02:00,27.7,93,9.9,46,995.9,0.5
2024-07-26T03:00,28.0,93,5.2,56,995.7,1.8
2024-07-26T04:00,28.2,93,4.3,265,996.8,2.5
2024-07-26T05:00,29.1,91,2.6,304,996.5,0.9
2024-07-26T06:00,30.2,84,5.6,297,996.3,0.4
2024-07-26T07:00,31.8,72,5.4,290,995.7,0.2
2024-07-26T08:00,32.5,67,7.6,301,994.9,0.1
2024-07-26T09:00,32.7,66,9.8,298,994.0,0.0
2024-07-26T10:00,32.8,67,11.0,319,993.1,0.0
2024-07-26T11:00,32.7,68,8.7,322,992.8,0.0
2024-07-26T12:00,32.4,70,7.7,332,993.0,0.0
2024-07-26T13:00,32.7,66,7.3,20,993.4,0.0
2024-07-26T14:00,31.6,73,3.1,69,994.1,0.0
2024-07-26T15:00,31.1,75,5.2,106,994.7,0.0
2024-07-26T16:00,30.7,77,5.6,105,995.8,0.0
2024-07-26T17:00,29.7,81,11.6,95,996.5,0.0
2024-07-26T18:00,28.8,85,7.3,110,996.6,0.0
2024-07-26T19:00,28.6,87,4.3,156,996.6,0.0
2024-07-26T20:00,28.4,89,3.1,234,996.1,0.0
2024-07-26T21:00,28.4,90,4.0,280,996.1,0.0
2024-07-26T22:00,28.4,90,4.1,285,996.1,0.0
2024-07-26T23:00,28.2,92,6.2,350,996.2,0.0
2024-07-27T00:00,28.1,91,6.7,16,996.3,0.0
2024-07-27T01:00,28.9,88,4.5,76,997.3,0.0
2024-07-27T02:00,29.8,84,1.4,90,997.9,0.0
2024-07-27T03:00,30.9,79,1.1,342,998.2,0.0
2024-07-27T04:00,32.1,75,4.1,45,998.5,0.0
2024-07-27T05:00,33.2,70,6.4,47,998.4,0.0
2024-07-27T06:00,34.2,64,6.6,77,998.0,0.0
2024-07-27T07:00,34.2,61,8.6,92,997.1,0.0
2024-07-27T08:00,31.8,73,19.1,106,997.5,2.0
2024-07-27T09:00,30.6,79,8.9,111,997.1,0.4
2024-07-27T10:00,31.4,77,7.5,73,996.6,0.1
2024-07-27T11:00,31.5,77,7.6,82,996.6,0.0
2024-07-27T12:00,31.2,78,8.6,75,996.3,0.0
2024-07-27T13:00,32.5,73,6.6,49,995.6,0.0
2024-07-27T14:00,31.8,78,3.5,24,996.3,0.0
2024-07-27T15:00,31.2,82,2.5,45,997.0,0.0
2024-07-27T16:00,30.5,84,7.0,125,998.1,0.0
2024-07-27T17:00,29.9,86,6.0,163,998.4,0.0
2024-07-27T18:00,29.6,88,1.3,214,998.0,0.0
2024-07-27T19:00,29.3,91,1.4,180,997.6,0.0
2024-07-27T20:00,29.1,93,1.3,124,997.6,0.0
2024-07-27T21:00,29.0,92,3.8,17,996.9,0.0
2024-07-27T22:00,29.1,92,5.5,58,997.0,0.0
2024-07-27T23:00,29.0,90,5.3,62,997.2,0.0
2024-07-28T00:00,28.8,89,6.0,57,997.5,0.0
2024-07-28T01:00,29.3,89,5.4,20,998.4,0.0
2024-07-28T02:00,30.6,80,5.4,48,998.7,0.0
2024-07-28T03:00,32.2,74,6.9,84,998.9,0.0
2024-07-28T04:00,33.6,65,10.5,96,999.0,0.0
2024-07-28T05:00,34.4,63,13.8,105,998.6,0.0
2024-07-28T06:00,32.0,74,16.0,121,999.0,3.6
2024-07-28T07:00,30.7,78,10.2,98,998.2,0.3
2024-07-28T08:00,32.1,75,10.9,99,997.0,0.3
2024-07-28T09:00,34.3,66,12.9,108,996.0,0.0
2024-07-28T10:00,35.3,61,11.4,101,995.2,0.0
2024-07-28T11:00,35.3,59,11.7,99,994.7,0.0
2024-07-28T12:00,34.8,60,11.9,85,994.6,0.0
2024-07-28T13:00,33.6,65,13.1,98,995.6,0.0
2024-07-28T14:00,32.6,69,10.8,94,995.9,0.0
2024-07-28T15:00,31.8,73,9.1,108,996.7,0.0
2024-07-28T16:00,31.1,75,8.5,118,997.2,0.0
2024-07-28T17:00,30.5,78,8.7,120,997.5,0.0
2024-07-28T18:00,30.1,80,9.1,108,997.7,0.0
2024-07-28T19:00,29.6,82,8.9,111,997.7,0.0
2024-07-28T20:00,29.1,84,8.8,109,997.5,0.0
2024-07-28T21:00,28.8,86,8.8,102,997.2,0.0
2024-07-28T22:00,28.5,87,8.7,97,997.1,0.0
2024-07-28T23:00,28.5,87,9.4,97,997.4,0.0
2024-07-29T00:00,28.4,88,10.5,96,997.8,0.0
2024-07-29T01:00,28.9,84,12.8,101,998.0,0.0
2024-07-29T02:00,30.0,80,14.8,96,998.8,0.0
2024-07-29T03:00,31.3,75,14.6,106,999.1,0.0
2024-07-29T04:00,32.6,69,14.3,118,999.2,0.0
2024-07-29T05:00,33.5,65,14.5,117,998.6,0.0
2024-07-29T06:00,34.4,63,13.4,114,998.0,0.0
2024-07-29T07:00,35.2,60,13.7,108,997.1,0.0
2024-07-29T08:00,35.8,57,14.8,104,996.3,0.0
2024-07-29T09:00,35.7,57,15.5,102,995.4,0.0
2024-07-29T10:00,35.2,59,15.0,101,994.8,0.0
2024-07-29T11:00,34.3,63,14.9,105,994.4,0.0
2024-07-29T12:00,33.8,64,13.4,110,994.4,0.0
2024-07-29T13:00,33.9,62,11.0,113,995.5,0.0
2024-07-29T14:00,32.8,68,7.6,98,996.4,0.0
2024-07-29T15:00,32.1,71,8.4,100,997.4,0.0
2024-07-29T16:00,31.6,74,8.9,111,998.3,0.0
2024-07-29T17:00,31.2,76,9.0,113,998.6,0.0
2024-07-29T18:00,30.9,77,9.9,109,998.9,0.0
2024-07-29T19:00,30.8,78,13.4,114,998.8,0.0
2024-07-29T20:00,30.5,79,12.6,110,998.3,0.0
2024-07-29T21:00,30.1,80,11.1,115,997.8,0.0
2024-07-29T22:00,29.6,83,11.4,114,997.6,0.0
2024-07-29T23:00,29.3,85,10.4,110,997.9,0.0
2024-07-30T00:00,29.1,86,10.1,94,999.0,0.0
2024-07-30T01:00,30.2,83,10.6,100,999.4,0.0
2024-07-30T02:00,31.2,80,11.4,114,999.7,0.0
2024-07-30T03:00,32.4,75,11.7,124,999.6,0.0
2024-07-30T04:00,33.8,66,12.5,136,999.5,0.1
2024-07-30T05:00,35.1,60,13.5,136,999.7,0.0
2024-07-30T06:00,35.9,57,12.5,136,999.4,0.0
2024-07-30T07:00,36.2,56,12.0,139,998.8,0.0
2024-07-30T08:00,36.2,57,13.1,143,998.3,0.0
2024-07-30T09:00,36.9,54,12.0,147,997.3,0.0
2024-07-30T10:00,36.8,54,10.8,143,996.6,0.0
2024-07-30T11:00,36.4,55,8.4,140,996.6,0.0
2024-07-30T12:00,35.8,56,7.7,131,996.2,0.0
2024-07-30T13:00,34.5,62,8.6,147,997.4,0.0
2024-07-30T14:00,33.3,68,4.3,138,998.0,0.0
2024-07-30T15:00,32.7,72,6.0,147,998.9,0.0
2024-07-30T16:00,32.1,74,7.4,133,999.0,0.0
2024-07-30T17:00,31.6,76,9.2,135,999.7,0.0
2024-07-30T18:00,30.9,79,10.8,182,999.0,0.0
2024-07-30T19:00,30.1,82,9.2,201,999.1,0.0
2024-07-30T20:00,29.6,83,8.5,216,999.2,0.0
2024-07-30T21:00,29.5,83,8.7,222,999.0,0.0
2024-07-30T22:00,29.0,86,9.4,4,999.6,0.1
2024-07-30T23:00,28.5,87,7.7,49,999.5,0.0
2024-07-31T00:00,28.4,87,6.2,69,999.4,0.0
2024-07-31T01:00,28.3,89,8.2,299,999.3,0.0
2024-07-31T02:00,28.4,87,6.4,317,999.4,0.0
2024-07-31T03:00,29.5,82,3.7,331,999.4,0.0
2024-07-31T04:00,30.5,78,1.4,360,999.9,0.0
2024-07-31T05:00,32.4,72,5.1,129,1000.5,0.0
2024-07-31T06:00,33.8,67,4.5,151,1000.1,0.0
2024-07-31T07:00,35.1,62,4.3,156,999.4,0.0
2024-07-31T08:00,36.0,59,2.4,153,998.3,0.0
2024-07-31T09:00,36.7,56,0.8,207,996.9,0.0
2024-07-31T10:00,36.9,54,1.5,45,996.2,0.0
2024-07-31T11:00,36.8,53,4.6,135,995.6,0.0
2024-07-31T12:00,32.5,72,12.6,114,996.6,1.8
2024-07-31T13:00,34.1,67,8.0,324,994.7,0.0
2024-07-31T14:00,29.1,90,0.7,360,997.6,25.8
2024-07-31T15:00,27.9,95,11.0,191,997.9,36.0
2024-07-31T16:00,27.2,98,14.1,165,999.3,38.5
2024-07-31T17:00,26.6,98,17.5,172,999.7,58.1
2024-07-31T18:00,26.8,97,18.0,179,999.7,40.8
2024-07-31T19:00,26.7,97,20.6,186,998.2,19.3
2024-07-31T20:00,27.1,96,12.0,187,998.3,4.2
2024-07-31T21:00,27.3,96,7.8,202,998.1,6.5
2024-07-31T22:00,27.2,96,9.3,126,998.0,4.7
2024-07-31T23:00,26.6,97,13.0,166,997.9,1.8
2024-08-01T00:00,26.4,97,10.1,180,998.2,2.8
2024-08-01T01:00,25.7,95,5.4,160,999.3,2.9
2024-08-01T02:00,26.0,93,3.3,193,999.9,1.9
2024-08-01T03:00,26.5,92,2.6,124,999.9,2.9
2024-08-01T04:00,27.5,88,4.6,135,1000.0,0.3
2024-08-01T05:00,28.8,80,5.8,120,1000.0,0.2
2024-08-01T06:00,29.6,76,5.1,135,1000.0,0.2
2024-08-01T07:00,30.1,73,6.2,126,999.0,0.2
2024-08-01T08:00,31.0,70,7.4,129,998.0,0.1
2024-08-01T09:00,31.7,69,6.2,126,997.0,0.0
2024-08-01T10:00,31.6,69,5.6,130,996.3,0.0
2024-08-01T11:00,31.5,70,4.3,114,995.9,0.0
2024-08-01T12:00,31.4,69,4.4,81,995.6,0.0
2024-08-01T13:00,30.6,72,2.2,180,997.0,0.0
2024-08-01T14:00,29.3,78,3.3,167,997.8,0.0
2024-08-01T15:00,28.7,80,11.8,160,998.7,0.1
2024-08-01T16:00,27.9,84,8.3,162,999.3,0.1
2024-08-01T17:00,27.3,88,4.3,204,999.5,0.0
2024-08-01T18:00,26.8,93,2.8,220,999.5,0.1
2024-08-01T19:00,26.8,94,1.0,45,999.0,0.1
2024-08-01T20:00,26.5,93,2.6,34,998.5,0.1
2024-08-01T21:00,26.3,95,6.6,112,998.1,0.2
2024-08-01T22:00,26.0,93,8.0,108,997.9,0.3
2024-08-01T23:00,25.6,93,8.1,111,997.8,0.0
2024-08-02T00:00,25.6,94,6.8,108,998.0,0.0
2024-08-02T01:00,26.5,93,6.8,122,998.0,0.2
2024-08-02T02:00,27.0,90,7.6,109,998.3,0.0
2024-08-02T03:00,28.5,82,12.6,110,998.6,0.0
2024-08-02T04:00,29.5,79,13.0,118,998.6,0.0
2024-08-02T05:00,30.2,78,13.0,118,998.3,0.0
2024-08-02T06:00,31.1,73,15.1,118,997.7,0.0
2024-08-02T07:00,31.2,72,15.9,115,996.4,0.1
2024-08-02T08:00,31.8,70,16.0,121,995.9,0.1
2024-08-02T09:00,32.2,70,15.4,127,994.8,0.0
2024-08-02T10:00,32.2,70,14.3,129,994.3,0.0
2024-08-02T11:00,31.9,70,16.1,140,994.2,0.5
2024-08-02T12:00,30.4,76,10.0,111,994.9,0.2
2024-08-02T13:00,28.0,84,10.1,125,995.9,0.0
2024-08-02T14:00,27.6,86,8.7,114,996.7,0.0
2024-08-02T15:00,27.7,86,10.5,96,997.6,0.0
2024-08-02T16:00,27.6,88,10.1,94,998.3,0.0
2024-08-02T17:00,27.5,90,8.7,114,998.7,0.0
2024-08-02T18:00,27.5,90,9.3,118,998.7,0.0
2024-08-02T19:00,27.1,89,13.8,110,998.9,0.3
2024-08-02T20:00,26.8,91,10.3,119,998.3,0.8
2024-08-02T21:00,26.6,93,8.1,122,998.1,0.0
2024-08-02T22:00,26.4,94,9.9,109,997.9,0.0
2024-08-02T23:00,26.3,94,11.0,113,998.3,0.0
2024-08-03T00:00,26.2,94,11.3,117,998.7,0.0
2024-08-03T01:00,27.3,89,15.5,108,998.6,0.0
2024-08-03T02:00,28.3,85,18.0,127,999.1,0.0
2024-08-03T03:00,29.2,81,17.8,138,999.4,0.1
2024-08-03T04:00,30.1,78,15.5,126,999.8,0.1
2024-08-03T05:00,30.7,75,16.0,121,1000.0,0.0
2024-08-03T06:00,31.1,72,18.5,123,999.8,0.0
2024-08-03T07:00,31.4,73,17.7,119,999.5,0.8
2024-08-03T08:00,32.5,70,19.9,122,998.7,0.0
2024-08-03T09:00,31.5,71,20.8,124,998.1,0.3
2024-08-03T10:00,31.4,72,18.4,118,997.5,0.1
2024-08-03T11:00,31.9,69,18.4,116,997.0,0.0
2024-08-03T12:00,31.8,69,16.1,117,997.1,0.0
2024-08-03T13:00,30.0,78,8.2,139,998.4,0.0
2024-08-03T14:00,29.0,82,6.1,135,999.4,0.0
2024-08-03T15:00,28.5,85,6.1,118,1000.2,0.0
2024-08-03T16:00,28.2,85,7.0,111,1001.2,0.0
2024-08-03T17:00,28.0,86,9.8,114,1001.6,0.0
2024-08-03T18:00,27.8,85,9.8,118,1001.8,0.0
2024-08-03T19:00,27.5,85,10.0,120,1001.9,0.0
2024-08-03T20:00,27.4,85,8.9,122,1001.3,0.0
2024-08-03T21:00,27.3,85,8.9,122,1001.0,0.0
2024-08-03T22:00,27.2,85,8.4,121,1000.9,0.0
2024-08-03T23:00,27.0,86,7.6,98,1001.1,0.0
2024-08-04T00:00,27.0,86,8.8,78,1001.4,0.0
2024-08-04T01:00,27.4,85,10.5,82,1001.3,0.0
2024-08-04T02:00,28.7,76,14.0,108,1001.6,0.0
2024-08-04T03:00,29.8,72,17.2,119,1002.0,0.0
2024-08-04T04:00,30.4,70,21.5,104,1002.2,0.1
2024-08-04T05:00,31.4,66,24.0,98,1002.3,0.0
2024-08-04T06:00,32.1,63,27.6,102,1001.9,0.0
2024-08-04T07:00,32.6,60,26.7,104,1001.1,0.0
2024-08-04T08:00,33.4,58,23.7,100,999.8,0.0
2024-08-04T09:00,33.7,57,23.4,92,998.4,0.0
2024-08-04T10:00,33.3,59,23.4,89,997.9,0.0
2024-08-04T11:00,32.9,62,17.4,77,997.4,0.0
2024-08-04T12:00,32.4,65,17.6,79,997.5,0.0
2024-08-04T13:00,30.4,75,12.1,73,998.7,0.0
2024-08-04T14:00,29.3,78,12.2,71,999.5,0.1
2024-08-04T15:00,29.2,78,16.5,67,1000.2,0.0
2024-08-04T16:00,29.2,78,19.1,70,1001.4,0.0
2024-08-04T17:00,28.8,77,20.6,63,1001.3,0.0
2024-08-04T18:00,28.4,79,21.3,68,1001.2,0.0
2024-08-04T19:00,28.3,80,22.1,78,1001.1,0.0
2024-08-04T20:00,27.6,83,22.2,77,1000.9,0.2
2024-08-04T21:00,27.4,83,22.3,80,1000.5,0.0
2024-08-04T22:00,27.2,83,23.9,85,1000.0,0.0
2024-08-04T23:00,27.2,84,24.9,88,999.8,0.0
2024-08-05T00:00,27.0,85,25.6,94,999.8,0.0
2024-08-05T01:00,26.6,91,22.8,95,1001.1,0.0
2024-08-05T02:00,27.6,84,29.5,106,1001.2,0.0
2024-08-05T03:00,28.1,81,30.6,110,1001.4,0.0
2024-08-05T04:00,27.9,82,27.6,110,1001.7,0.0
2024-08-05T05:00,29.9,73,27.9,112,1001.4,0.1
2024-08-05T06:00,30.8,69,27.4,123,1001.4,0.2
2024-08-05T07:00,31.4,66,24.6,125,1001.0,0.2
2024-08-05T08:00,32.5,63,23.3,125,1000.1,0.1
2024-08-05T09:00,32.7,62,23.2,126,998.8,0.1
2024-08-05T10:00,32.6,62,21.9,126,997.6,0.0
2024-08-05T11:00,32.5,62,19.4,125,997.4,0.0
2024-08-05T12:00,31.8,65,18.4,125,997.2,0.0
2024-08-05T13:00,30.2,71,13.6,143,998.9,0.0
2024-08-05T14:00,29.2,75,11.9,151,999.5,0.0
2024-08-05T15:00,28.7,78,10.9,153,1000.4,0.0
2024-08-05T16:00,28.5,79,11.8,142,1001.0,0.0
2024-08-05T17:00,28.5,79,13.2,145,1001.3,0.0
2024-08-05T18:00,28.4,80,13.5,146,1001.2,0.0
2024-08-05T19:00,28.1,82,11.0,142,1000.7,0.0
2024-08-05T20:00,27.9,83,10.5,142,1000.1,0.0
2024-08-05T21:00,27.6,84,11.2,147,999.7,0.0
2024-08-05T22:00,27.2,86,10.0,142,999.7,0.0
2024-08-05T23:00,26.8,88,9.4,137,999.8,0.0
2024-08-06T00:00,26.6,89,9.2,138,1000.0,0.0
2024-08-06T01:00,27.0,89,9.7,153,1000.2,0.0
2024-08-06T02:00,27.8,82,11.1,167,1000.5,0.0
2024-08-06T03:00,28.8,76,9.4,173,1000.3,0.0
2024-08-06T04:00,29.7,72,10.0,159,1000.0,0.1
2024-08-06T05:00,29.7,73,12.4,172,999.8,0.0
2024-08-06T06:00,30.2,72,13.0,178,999.6,0.1
2024-08-06T07:00,30.9,69,12.6,175,999.1,0.1
2024-08-06T08:00,31.3,67,13.3,183,998.5,0.0
2024-08-06T09:00,31.6,65,15.2,187,997.8,0.0
2024-08-06T10:00,31.6,66,15.5,198,997.1,0.0
2024-08-06T11:00,32.1,62,13.7,198,996.6,0.0
2024-08-06T12:00,31.6,64,10.1,184,996.6,0.0
2024-08-06T13:00,31.0,71,7.4,223,996.9,0.0
2024-08-06T14:00,29.9,74,8.9,207,997.9,0.0
2024-08-06T15:00,29.1,77,8.1,193,998.7,0.0
2024-08-06T16:00,28.7,80,9.0,180,999.7,0.1
2024-08-06T17:00,28.3,82,9.5,191,1000.3,0.0
2024-08-06T18:00,27.8,82,10.9,197,1000.6,0.0
2024-08-06T19:00,27.4,81,11.0,199,1000.3,0.0
2024-08-06T20:00,26.8,83,9.2,201,999.7,0.0
2024-08-06T21:00,26.5,84,8.2,203,999.4,0.0
2024-08-06T22:00,26.7,84,7.3,213,999.1,0.0
2024-08-06T23:00,26.6,85,5.4,184,999.3,0.0
2024-08-07T00:00,26.5,87,5.8,176,999.6,0.1
2024-08-07T01:00,27.0,86,4.0,180,999.7,0.1
2024-08-07T02:00,27.1,88,6.6,167,1000.3,0.1
2024-08-07T03:00,27.3,88,8.7,156,1000.9,0.3
2024-08-07T04:00,26.9,90,10.8,165,1001.4,0.5
2024-08-07T05:00,27.1,89,9.7,176,1001.5,0.2
2024-08-07T06:00,27.8,85,8.7,175,1001.4,0.1
2024-08-07T07:00,28.4,81,7.7,208,1000.7,0.1
2024-08-07T08:00,29.3,77,5.7,198,1000.1,0.2
2024-08-07T09:00,30.0,74,4.1,165,999.4,0.1
2024-08-07T10:00,30.2,74,4.8,117,998.7,0.3
2024-08-07T11:00,29.6,77,3.4,108,998.5,0.1
2024-08-07T12:00,27.6,88,9.1,83,999.0,1.1
2024-08-07T13:00,27.3,88,10.1,215,1000.2,1.8
2024-08-07T14:00,27.0,92,6.8,198,1000.6,0.1
2024-08-07T15:00,26.7,94,3.0,194,1001.5,0.1
2024-08-07T16:00,26.9,93,3.6,233,1002.2,0.0
2024-08-07T17:00,26.5,92,3.2,243,1002.4,0.1
2024-08-07T18:00,26.1,95,7.6,245,1002.6,0.1
2024-08-07T19:00,26.0,95,7.0,258,1002.3,0.1
2024-08-07T20:00,25.9,96,7.6,262,1001.7,0.1
2024-08-07T21:00,25.8,96,9.1,263,1001.3,0.3
2024-08-07T22:00,25.7,96,8.3,272,1001.1,0.4
2024-08-07T23:00,25.6,96,8.3,288,1001.1,1.9
2024-08-08T00:00,25.8,94,5.1,309,1001.4,2.1
2024-08-08T01:00,25.7,95,9.0,95,1001.8,0.0
2024-08-08T02:00,26.1,92,9.7,105,1002.2,0.0
2024-08-08T03:00,27.4,84,11.0,109,1002.6,0.0
2024-08-08T04:00,28.2,81,12.1,107,1003.1,0.0
2024-08-08T05:00,29.7,74,11.2,111,1003.1,0.1
2024-08-08T06:00,30.6,70,12.4,120,1002.7,0.2
2024-08-08T07:00,31.1,71,12.0,131,1002.2,0.2
2024-08-08T08:00,31.9,68,9.7,132,1001.1,0.0
2024-08-08T09:00,31.7,69,7.5,125,1000.1,0.0
2024-08-08T10:00,30.8,74,8.5,126,999.7,1.5
2024-08-08T11:00,28.8,82,3.3,131,999.8,1.9
2024-08-08T12:00,29.4,79,3.0,14,1000.1,0.1
2024-08-08T13:00,27.9,89,7.6,121,1001.2,6.1
2024-08-08T14:00,27.1,93,5.2,146,1001.9,0.1
2024-08-08T15:00,26.8,95,2.9,180,1002.6,0.0
2024-08-08T16:00,26.7,96,0.7,270,1003.4,0.0
2024-08-08T17:00,26.7,96,0.7,270,1003.6,0.0
2024-08-08T18:00,26.6,95,4.9,107,1003.8,0.2
2024-08-08T19:00,26.2,95,5.2,56,1003.4,2.4
2024-08-08T20:00,26.0,95,2.9,60,1002.8,0.5
2024-08-08T21:00,25.8,96,4.4,55,1002.8,0.4
2024-08-08T22:00,25.8,96,7.0,55,1002.7,1.4
2024-08-08T23:00,25.6,96,7.3,79,1002.8,4.3
2024-08-09T00:00,25.4,96,5.8,68,1003.2,3.9
2024-08-09T01:00,26.2,92,9.1,83,1003.4,0.1
2024-08-09T02:00,26.7,89,8.7,95,1004.0,0.2
2024-08-09T03:00,27.6,86,8.4,115,1004.2,0.1
2024-08-09T04:00,28.5,81,8.9,104,1004.1,0.1
2024-08-09T05:00,30.1,74,9.2,101,1003.9,0.1
2024-08-09T06:00,31.0,70,9.0,113,1003.4,0.2
2024-08-09T07:00,31.5,71,8.6,123,1002.6,0.2
2024-08-09T08:00,31.9,71,7.9,120,1002.2,0.1
2024-08-09T09:00,31.9,71,6.8,115,1001.5,0.2
2024-08-09T10:00,31.8,71,5.6,130,1000.5,0.2
2024-08-09T11:00,30.5,74,9.3,103,1000.5,2.9
2024-08-09T12:00,27.7,91,9.4,176,1001.1,4.6
2024-08-09T13:00,29.3,79,2.8,50,1001.7,0.0
2024-08-09T14:00,27.1,90,3.8,49,1002.9,5.1
2024-08-09T15:00,26.8,92,3.7,61,1003.5,1.4
2024-08-09T16:00,25.9,95,4.3,132,1004.5,5.1
2024-08-09T17:00,25.8,94,8.1,167,1004.2,0.2
2024-08-09T18:00,25.6,96,5.4,160,1004.0,0.4
2024-08-09T19:00,25.5,97,4.3,132,1003.6,0.1
2024-08-09T20:00,25.2,97,6.3,121,1003.3,0.1
2024-08-09T21:00,25.0,97,2.1,59,1003.0,1.8
2024-08-09T22:00,25.0,98,3.3,77,1002.6,1.1
2024-08-09T23:00,25.1,97,4.7,81,1002.2,0.4
2024-08-10T00:00,25.2,96,6.7,54,1002.8,0.1
2024-08-10T01:00,26.3,95,5.0,30,1003.2,0.1
2024-08-10T02:00,26.8,92,9.7,45,1003.1,0.1
2024-08-10T03:00,27.8,86,9.2,64,1003.2,0.1
2024-08-10T04:00,28.9,82,8.7,60,1003.5,0.0
2024-08-10T05:00,30.0,75,8.8,71,1003.5,0.2
2024-08-10T06:00,30.4,74,6.3,77,1002.5,0.3
2024-08-10T07:00,31.1,71,9.2,79,1001.9,0.3
2024-08-10T08:00,31.4,71,7.1,75,1001.2,0.2
2024-08-10T09:00,31.2,72,8.6,88,1000.0,0.0
2024-08-10T10:00,31.2,73,7.3,99,999.0,0.0
2024-08-10T11:00,31.2,73,5.8,83,998.6,0.1
2024-08-10T12:00,29.7,79,6.6,119,999.0,3.5
2024-08-10T13:00,27.7,89,7.3,99,1001.0,4.9
2024-08-10T14:00,26.4,94,3.4,58,1001.5,5.4
2024-08-10T15:00,26.7,94,4.7,81,1002.2,0.9
2024-08-10T16:00,26.6,95,5.7,145,1002.4,0.5
2024-08-10T17:00,26.2,96,7.8,124,1002.0,0.1
2024-08-10T18:00,25.9,97,6.1,130,1001.8,0.0
2024-08-10T19:00,25.7,97,5.4,132,1001.4,0.0
2024-08-10T20:00,25.7,97,5.1,129,1000.9,0.0
2024-08-10T21:00,25.8,97,4.4,171,1000.7,0.0
2024-08-10T22:00,25.7,97,2.9,210,1000.4,0.1
2024-08-10T23:00,25.8,95,2.2,189,1000.4,0.2
2024-08-11T00:00,25.5,96,1.9,112,1000.9,3.1
2024-08-11T01:00,26.3,93,5.8,97,1001.1,2.9
2024-08-11T02:00,25.9,95,13.4,114,1001.1,0.2
2024-08-11T03:00,26.4,91,12.5,123,1001.3,0.1
2024-08-11T04:00,27.6,87,9.2,132,1002.2,0.1
2024-08-11T05:00,28.6,84,8.3,108,1002.1,0.2
2024-08-11T06:00,29.8,79,9.4,92,1001.5,0.1
2024-08-11T07:00,30.5,75,11.4,118,1000.5,0.1
2024-08-11T08:00,30.9,74,9.4,122,999.8,0.2
2024-08-11T09:00,31.2,73,10.0,116,999.1,0.1
2024-08-11T10:00,28.7,82,7.9,74,998.2,2.7
2024-08-11T11:00,29.3,80,3.7,79,998.2,0.1
2024-08-11T12:00,29.6,79,3.7,79,998.1,0.0
2024-08-11T13:00,27.1,90,8.2,23,1000.7,2.6
2024-08-11T14:00,26.6,92,9.2,31,1000.9,0.2
2024-08-11T15:00,26.3,93,8.9,69,1000.9,0.0
2024-08-11T16:00,26.1,94,5.5,67,1001.4,0.0
2024-08-11T17:00,25.9,95,5.0,69,1001.8,0.0
2024-08-11T18:00,25.8,96,4.7,94,1001.9,0.0
2024-08-11T19:00,25.8,96,2.4,63,1001.5,0.2
2024-08-11T20:00,25.8,95,2.9,97,1001.2,0.1
2024-08-11T21:00,25.9,95,5.4,70,1000.8,0.1
2024-08-11T22:00,25.9,95,6.6,77,1000.8,0.4
2024-08-11T23:00,25.9,96,7.9,66,1000.9,0.1
2024-08-12T00:00,25.7,95,9.5,79,1001.3,0.1
2024-08-12T01:00,26.0,92,8.6,57,1002.0,0.3
2024-08-12T02:00,26.4,90,10.8,60,1002.6,0.1
2024-08-12T03:00,26.4,90,11.8,67,1003.1,0.2
2024-08-12T04:00,26.4,91,12.1,78,1003.4,0.7
2024-08-12T05:00,27.3,86,13.8,97,1003.4,0.5
2024-08-12T06:00,27.3,89,10.0,105,1002.9,0.5
2024-08-12T07:00,28.0,88,4.3,114,1002.4,0.2
2024-08-12T08:00,28.3,87,0.8,207,1001.4,0.1
2024-08-12T09:00,30.2,79,2.2,99,1000.5,0.2
2024-08-12T10:00,27.0,92,9.5,119,1000.0,7.6
2024-08-12T11:00,26.9,90,6.3,59,1000.3,1.9
2024-08-12T12:00,27.5,88,6.5,19,999.7,0.7
2024-08-12T13:00,27.3,94,5.7,72,1000.3,0.5
2024-08-12T14:00,27.0,92,7.2,63,1001.1,0.3
2024-08-12T15:00,26.8,94,8.6,68,1001.9,0.1
2024-08-12T16:00,26.4,94,10.5,74,1002.8,0.0
2024-08-12T17:00,26.1,95,10.2,80,1003.2,0.1
2024-08-12T18:00,25.9,96,9.5,81,1002.9,0.1
2024-08-12T19:00,25.7,97,9.2,79,1002.6,0.0
2024-08-12T20:00,25.6,97,7.7,79,1002.5,0.0
2024-08-12T21:00,25.7,96,10.5,82,1002.5,0.0
2024-08-12T22:00,25.6,97,9.5,79,1002.3,0.0
2024-08-12T23:00,25.4,98,9.6,70,1002.3,0.0
2024-08-13T00:00,25.4,98,9.2,69,1002.6,0.0
2024-08-13T01:00,26.0,95,10.4,76,1003.4,0.0
2024-08-13T02:00,26.7,90,11.7,72,1004.0,0.1
2024-08-13T03:00,26.7,92,11.7,72,1004.3,0.6
2024-08-13T04:00,27.8,88,11.4,77,1004.6,0.1
2024-08-13T05:00,28.7,81,16.6,95,1004.5,0.2
2024-08-13T06:00,29.5,77,16.1,106,1003.9,0.4
2024-08-13T07:00,30.9,75,13.3,109,1003.0,0.2
2024-08-13T08:00,29.7,77,12.6,95,1002.3,3.2
2024-08-13T09:00,29.2,80,9.4,90,1001.5,2.1
2024-08-13T10:00,27.7,87,8.7,107,1001.0,1.7
2024-08-13T11:00,28.2,86,6.1,62,1000.8,0.1
2024-08-13T12:00,28.6,85,8.7,60,1000.7,0.0
2024-08-13T13:00,28.8,85,2.6,124,1001.3,0.0
2024-08-13T14:00,27.7,92,3.6,90,1002.2,0.1
2024-08-13T15:00,27.5,93,3.2,63,1003.1,0.1
2024-08-13T16:00,27.3,94,4.8,48,1003.9,0.0
2024-08-13T17:00,26.9,95,3.9,56,1004.1,0.1
2024-08-13T18:00,26.6,96,3.8,73,1004.3,0.1
2024-08-13T19:00,26.5,97,5.4,82,1004.0,0.0
2024-08-13T20:00,26.2,98,3.3,77,1003.3,0.0
2024-08-13T21:00,26.1,98,6.0,57,1002.7,0.0
2024-08-13T22:00,26.0,97,7.1,66,1002.6,0.0
2024-08-13T23:00,25.9,97,9.7,59,1002.7,0.0
2024-08-14T00:00,26.0,97,9.8,82,1003.3,0.0
2024-08-14T01:00,26.6,94,9.1,108,1003.8,0.7
2024-08-14T02:00,27.2,90,11.3,97,1004.6,0.0
2024-08-14T03:00,27.9,89,8.2,105,1004.9,0.0
2024-08-14T04:00,29.1,84,6.5,109,1005.3,0.1
2024-08-14T05:00,29.8,80,10.0,103,1005.1,0.3
2024-08-14T06:00,30.4,77,8.3,108,1004.4,0.2
2024-08-14T07:00,29.7,78,12.8,74,1003.9,5.8
2024-08-14T08:00,29.3,81,4.8,63,1002.5,0.9
2024-08-14T09:00,30.1,79,3.7,101,1001.8,0.1
2024-08-14T10:00,30.0,81,6.1,62,1001.1,0.2
2024-08-14T11:00,29.4,82,6.4,63,1000.4,1.4
2024-08-14T12:00,29.6,81,6.2,100,1000.6,0.0
2024-08-14T13:00,29.6,85,2.9,97,1001.2,0.1
2024-08-14T14:00,28.6,88,4.3,48,1001.8,0.1
2024-08-14T15:00,28.3,90,9.1,72,1002.5,0.0
2024-08-14T16:00,27.8,92,6.6,99,1003.5,0.0
2024-08-14T17:00,27.5,91,9.0,88,1003.9,0.0
2024-08-14T18:00,27.1,92,8.7,97,1004.0,0.0
2024-08-14T19:00,26.8,93,9.0,85,1003.4,0.0
2024-08-14T20:00,26.6,94,8.0,85,1002.7,0.0
2024-08-14T21:00,26.4,96,6.9,81,1002.2,0.0
2024-08-14T22:00,26.4,97,10.8,94,1002.4,0.0
2024-08-14T23:00,26.2,97,7.0,102,1002.7,0.0
2024-08-15T00:00,26.2,97,9.7,90,1002.7,0.0
2024-08-15T01:00,26.9,93,9.8,84,1003.5,0.0
2024-08-15T02:00,27.8,88,13.3,77,1003.7,0.0
2024-08-15T03:00,28.6,84,14.4,89,1003.7,0.1
2024-08-15T04:00,29.7,80,13.5,106,1004.0,0.2
2024-08-15T05:00,30.8,75,13.4,117,1003.4,0.3
2024-08-15T06:00,31.7,72,13.8,105,1002.8,0.2
2024-08-15T07:00,31.8,73,12.1,113,1002.0,0.2
2024-08-15T08:00,32.3,73,10.1,117,1001.2,0.3
2024-08-15T09:00,32.5,74,9.4,122,999.9,0.2
2024-08-15T10:00,32.2,75,4.6,135,999.9,0.8
2024-08-15T11:00,31.9,75,9.0,88,998.7,0.4
2024-08-15T12:00,31.3,77,10.5,96,998.1,0.0
2024-08-15T13:00,29.4,84,5.1,135,999.3,1.2
2024-08-15T14:00,26.8,93,10.9,188,1000.8,5.0
2024-08-15T15:00,26.9,93,11.9,194,1001.9,0.1
2024-08-15T16:00,26.6,93,10.5,164,1002.6,0.1
2024-08-15T17:00,26.4,94,6.6,131,1002.1,0.1
2024-08-15T18:00,26.0,97,4.1,105,1002.0,0.0
2024-08-15T19:00,25.6,97,2.9,120,1002.3,0.1
2024-08-15T20:00,25.8,97,5.8,68,1001.9,0.3
2024-08-15T21:00,26.0,95,12.2,90,1001.2,0.1
2024-08-15T22:00,25.8,96,11.2,88,1001.4,0.1
2024-08-15T23:00,25.7,97,10.8,90,1001.5,0.1
2024-08-16T00:00,25.9,95,15.1,102,1000.8,0.0
2024-08-16T01:00,25.8,95,10.9,124,1001.3,0.8
2024-08-16T02:00,26.9,90,11.6,120,1001.9,0.0
2024-08-16T03:00,27.8,86,12.9,120,1002.4,0.0
2024-08-16T04:00,28.7,83,12.5,129,1002.7,0.1
2024-08-16T05:00,30.1,77,14.1,130,1002.4,0.2
2024-08-16T06:00,31.1,73,15.4,123,1001.9,0.5
2024-08-16T07:00,31.5,73,13.8,131,1001.5,0.3
2024-08-16T08:00,32.4,72,12.0,147,1000.3,0.1
2024-08-16T09:00,30.7,76,14.3,133,999.5,0.7
2024-08-16T10:00,30.6,78,9.2,121,998.4,0.1
2024-08-16T11:00,29.9,78,14.3,65,998.6,0.0
2024-08-16T12:00,27.9,88,5.0,120,999.0,3.2
2024-08-16T13:00,28.6,84,6.5,109,1000.6,0.0
2024-08-16T14:00,27.4,90,14.0,119,1001.9,1.8
2024-08-16T15:00,27.0,92,9.5,127,1002.1,0.1
2024-08-16T16:00,26.8,94,8.5,118,1003.0,0.0
2024-08-16T17:00,26.6,95,7.9,114,1003.6,0.0
2024-08-16T18:00,26.5,95,9.7,112,1003.8,0.0
2024-08-16T19:00,26.4,97,8.2,119,1003.7,0.0
2024-08-16T20:00,26.3,97,7.7,131,1003.6,0.0
2024-08-16T21:00,26.2,97,8.8,145,1003.2,0.0
2024-08-16T22:00,26.0,98,6.1,140,1003.2,0.0
2024-08-16T23:00,25.8,99,5.6,140,1003.1,0.0
2024-08-17T00:00,25.7,99,4.7,148,1003.4,0.0
2024-08-17T01:00,26.8,94,6.9,354,1004.1,0.0
2024-08-17T02:00,27.5,90,6.6,29,1004.5,0.0
2024-08-17T03:00,28.3,86,7.4,29,1004.9,0.1
2024-08-17T04:00,29.2,83,8.2,49,1005.2,0.1
2024-08-17T05:00,29.9,80,5.2,65,1005.0,0.1
2024-08-17T06:00,30.8,75,3.4,58,1004.6,0.3
2024-08-17T07:00,31.4,74,2.2,171,1004.1,0.2
2024-08-17T08:00,31.9,73,5.2,254,1003.2,0.1
2024-08-17T09:00,32.1,71,9.7,270,1002.2,0.1
2024-08-17T10:00,32.2,70,10.2,278,1001.4,0.0
2024-08-17T11:00,32.1,70,11.9,284,1000.9,0.1
2024-08-17T12:00,29.1,80,6.5,289,1002.2,8.9
2024-08-17T13:00,29.1,82,4.7,351,1002.2,0.0
2024-08-17T14:00,28.2,91,4.0,350,1003.5,0.0
2024-08-17T15:00,28.0,89,3.1,315,1004.2,0.0
2024-08-17T16:00,27.8,90,3.9,338,1005.0,0.0
2024-08-17T17:00,27.5,92,4.0,350,1005.5,0.0
2024-08-17T18:00,27.4,92,4.5,14,1005.5,0.0
2024-08-17T19:00,27.0,95,1.6,207,1005.0,0.0
2024-08-17T20:00,26.9,95,4.8,228,1004.6,0.0
2024-08-17T21:00,26.8,95,5.5,247,1004.2,0.0
2024-08-17T22:00,26.7,96,5.1,262,1004.0,0.0
2024-08-17T23:00,26.6,97,6.2,277,1004.4,0.0
2024-08-18T00:00,26.4,97,5.9,281,1004.5,0.0
2024-08-18T01:00,27.4,93,10.5,266,1004.3,0.0
2024-08-18T02:00,28.4,87,10.9,276,1005.0,0.0
2024-08-18T03:00,29.8,80,13.2,281,1005.3,0.0
2024-08-18T04:00,31.1,75,13.1,279,1005.7,0.0
2024-08-18T05:00,31.9,72,13.4,284,1006.0,0.0
2024-08-18T06:00,32.4,69,14.1,289,1005.6,0.0
2024-08-18T07:00,32.9,67,14.1,289,1005.0,0.0
2024-08-18T08:00,33.0,66,13.1,286,1004.3,0.0
2024-08-18T09:00,31.7,71,13.6,282,1003.5,1.5
2024-08-18T10:00,29.0,81,17.6,269,1002.5,1.1
2024-08-18T11:00,29.6,81,7.9,309,1002.8,0.1
2024-08-18T12:00,29.9,79,5.4,312,1002.8,0.0
2024-08-18T13:00,30.4,77,7.1,300,1002.6,0.0
2024-08-18T14:00,29.2,83,4.3,312,1003.3,0.0
2024-08-18T15:00,28.7,88,4.3,265,1004.2,0.0
2024-08-18T16:00,28.6,87,4.4,235,1004.9,0.0
2024-08-18T17:00,28.2,88,5.6,255,1005.1,0.0
2024-08-18T18:00,28.0,88,5.8,266,1005.2,0.0
2024-08-18T19:00,27.8,89,6.5,264,1005.0,0.0
2024-08-18T20:00,27.6,89,5.5,259,1004.7,0.1
2024-08-18T21:00,26.6,93,5.6,153,1004.6,2.5
2024-08-18T22:00,26.2,95,4.4,99,1004.3,0.3
2024-08-18T23:00,26.1,99,1.8,37,1004.2,0.1
2024-08-19T00:00,25.9,98,3.8,49,1004.2,0.0
2024-08-19T01:00,26.3,95,1.3,34,1005.1,0.2
2024-08-19T02:00,27.2,91,4.4,9,1005.5,0.0
2024-08-19T03:00,28.2,85,4.9,324,1005.3,0.0
2024-08-19T04:00,29.7,79,6.3,283,1005.1,0.0
2024-08-19T05:00,31.0,73,11.0,308,1005.2,0.0
2024-08-19T06:00,31.7,73,9.2,321,1004.7,0.0
2024-08-19T07:00,32.2,70,9.2,301,1003.6,0.1
2024-08-19T08:00,32.6,68,12.3,285,1002.3,0.1
2024-08-19T09:00,33.3,66,13.6,287,1001.0,0.0
2024-08-19T10:00,32.0,68,15.5,288,1000.5,0.1
2024-08-19T11:00,31.5,69,11.7,281,1000.1,0.1
2024-08-19T12:00,31.1,73,7.9,300,999.9,0.0
2024-08-19T13:00,29.5,84,2.9,270,1001.5,0.1
2024-08-19T14:00,28.6,86,5.1,231,1001.8,0.1
2024-08-19T15:00,28.3,87,6.3,239,1002.4,0.0
2024-08-19T16:00,28.2,86,6.7,234,1003.2,0.0
2024-08-19T17:00,27.9,88,7.0,235,1003.7,0.0
2024-08-19T18:00,27.6,90,6.6,229,1003.7,0.0
2024-08-19T19:00,27.5,91,7.3,237,1003.4,0.0
2024-08-19T20:00,27.3,92,7.2,267,1002.6,0.0
2024-08-19T21:00,26.9,94,5.4,323,1002.5,0.0
2024-08-19T22:00,26.4,97,4.1,308,1002.1,0.0
2024-08-19T23:00,26.1,98,3.6,84,1002.4,0.1
2024-08-20T00:00,26.1,96,4.9,107,1002.6,0.0
2024-08-20T01:00,26.5,94,2.9,90,1003.6,0.5
2024-08-20T02:00,26.5,93,5.3,118,1004.3,2.5
2024-08-20T03:00,26.9,92,3.3,354,1005.0,3.3
2024-08-20T04:00,27.3,88,3.2,360,1005.1,0.2
2024-08-20T05:00,28.5,82,0.0,270,1005.2,0.0
2024-08-20T06:00,29.9,76,1.9,292,1004.6,0.0
2024-08-20T07:00,30.8,73,2.5,315,1004.3,0.1
2024-08-20T08:00,31.2,72,1.6,27,1003.7,0.1
2024-08-20T09:00,31.4,73,2.8,40,1002.5,0.1
2024-08-20T10:00,31.7,72,3.0,76,1001.2,0.1
2024-08-20T11:00,30.4,76,11.0,157,1001.7,0.1
2024-08-20T12:00,28.0,87,8.9,227,1002.4,0.0
2024-08-20T13:00,29.7,79,4.0,175,1002.8,0.0
2024-08-20T14:00,28.6,85,8.0,207,1003.3,0.0
2024-08-20T15:00,28.0,87,6.4,223,1004.1,0.0
2024-08-20T16:00,27.5,89,4.9,234,1005.1,0.0
2024-08-20T17:00,27.2,90,5.9,223,1005.6,0.0
2024-08-20T18:00,26.9,93,3.6,217,1005.9,0.0
2024-08-20T19:00,26.5,95,3.4,162,1005.7,0.0
2024-08-20T20:00,26.3,97,2.3,72,1005.2,0.0
2024-08-20T21:00,26.0,98,7.3,57,1005.1,0.0
2024-08-20T22:00,25.7,98,1.9,112,1004.9,0.3
2024-08-20T23:00,25.2,99,6.5,96,1005.2,2.0
2024-08-21T00:00,25.1,97,7.0,145,1005.5,0.1
2024-08-21T01:00,25.6,92,3.2,297,1005.9,0.2
2024-08-21T02:00,25.9,92,2.2,90,1005.8,0.2
2024-08-21T03:00,26.9,89,2.5,90,1006.1,0.0
2024-08-21T04:00,28.5,82,7.1,66,1006.7,0.0
2024-08-21T05:00,29.5,77,7.6,82,1006.9,0.0
2024-08-21T06:00,30.5,74,4.7,94,1006.5,0.1
2024-08-21T07:00,31.1,70,2.3,51,1005.5,0.1
2024-08-21T08:00,31.9,66,3.2,333,1004.4,0.0
2024-08-21T09:00,32.1,66,4.8,318,1003.5,0.2
2024-08-21T10:00,32.2,66,5.5,337,1002.2,0.0
2024-08-21T11:00,32.0,67,5.0,300,1001.5,0.0
2024-08-21T12:00,31.6,67,6.1,320,1001.4,0.1
2024-08-21T13:00,29.8,81,3.8,197,1002.8,0.0
2024-08-21T14:00,28.8,87,4.1,195,1003.5,0.0
2024-08-21T15:00,28.3,89,3.4,198,1004.1,0.0
2024-08-21T16:00,28.1,91,4.4,189,1004.8,0.0
2024-08-21T17:00,27.7,93,3.8,197,1004.9,0.0
2024-08-21T18:00,27.1,93,3.1,21,1005.2,0.3
2024-08-21T19:00,25.4,96,3.4,162,1005.2,2.1
2024-08-21T20:00,25.5,96,5.2,102,1005.0,0.1
2024-08-21T21:00,25.0,97,6.5,3,1005.2,1.4
2024-08-21T22:00,25.1,95,6.4,47,1004.6,0.1
2024-08-21T23:00,24.8,97,1.3,56,1004.3,0.0
2024-08-22T00:00,24.7,97,3.5,66,1004.6,0.0
2024-08-22T01:00,25.9,93,2.2,261,1004.4,0.0
2024-08-22T02:00,26.7,91,2.1,211,1004.8,0.0
2024-08-22T03:00,28.0,88,1.8,233,1005.0,0.0
2024-08-22T04:00,29.6,81,2.7,293,1005.1,0.0
2024-08-22T05:00,30.7,78,2.3,342,1005.0,0.0
2024-08-22T06:00,31.6,75,2.2,360,1004.4,0.0
2024-08-22T07:00,32.2,73,1.3,326,1003.8,0.0
2024-08-22T08:00,32.6,72,1.9,338,1002.7,0.0
2024-08-22T09:00,32.7,73,2.6,326,1001.8,0.0
2024-08-22T10:00,32.7,72,3.4,342,1000.3,0.0
2024-08-22T11:00,32.2,73,3.3,283,999.9,0.0
2024-08-22T12:00,30.4,79,10.8,206,1000.6,0.8
2024-08-22T13:00,29.4,80,8.1,193,1001.8,0.4
2024-08-22T14:00,27.6,89,6.1,220,1003.1,0.5
2024-08-22T15:00,27.7,89,3.8,229,1003.5,0.0
2024-08-22T16:00,27.2,91,4.9,197,1004.1,0.0
2024-08-22T17:00,26.7,95,4.0,170,1004.7,0.0
2024-08-22T18:00,26.5,95,3.7,151,1004.9,0.0
2024-08-22T19:00,26.2,97,2.7,67,1004.6,0.0
2024-08-22T20:00,26.0,98,2.5,82,1004.0,0.0
2024-08-22T21:00,25.9,98,4.3,90,1003.8,0.0
2024-08-22T22:00,25.7,99,5.5,79,1003.8,0.0
2024-08-22T23:00,25.2,96,10.5,74,1003.8,0.1
2024-08-23T00:00,24.9,96,5.7,35,1004.1,0.0
2024-08-23T01:00,25.1,94,10.5,297,1005.1,0.1
2024-08-23T02:00,25.6,90,7.6,315,1005.7,0.0
2024-08-23T03:00,26.0,88,7.9,300,1006.1,0.0
2024-08-23T04:00,26.9,85,1.6,333,1006.5,0.0
2024-08-23T05:00,27.6,83,9.4,108,1006.6,0.1
2024-08-23T06:00,27.0,86,8.5,78,1006.1,0.0
2024-08-23T07:00,28.7,79,4.7,99,1005.3,0.0
2024-08-23T08:00,28.5,80,5.6,117,1004.5,0.0
2024-08-23T09:00,29.5,76,1.9,68,1003.4,0.0
2024-08-23T10:00,30.3,72,2.8,40,1002.1,0.0
2024-08-23T11:00,30.8,70,3.1,21,1001.3,0.0
2024-08-23T12:00,31.0,69,2.6,16,1000.8,0.0
2024-08-23T13:00,29.6,80,3.1,111,1002.6,0.0
2024-08-23T14:00,28.4,84,3.8,139,1003.3,0.0
2024-08-23T15:00,27.9,86,6.5,146,1004.1,0.0
2024-08-23T16:00,27.3,89,6.0,147,1004.4,0.0
2024-08-23T17:00,26.9,91,5.3,152,1005.0,0.0
2024-08-23T18:00,26.6,93,3.2,153,1005.3,0.0
2024-08-23T19:00,26.2,96,4.3,132,1005.0,0.0
2024-08-23T20:00,25.9,97,4.1,142,1004.7,0.0
2024-08-23T21:00,25.8,95,4.4,81,1004.7,0.1
2024-08-23T22:00,25.9,95,4.3,85,1004.4,0.2
2024-08-23T23:00,25.6,96,4.4,81,1004.4,0.0
2024-08-24T00:00,25.3,97,4.0,100,1004.8,0.0
2024-08-24T01:00,26.9,93,2.5,180,1005.5,0.0
2024-08-24T02:00,27.1,93,0.0,270,1005.5,0.0
2024-08-24T03:00,28.7,87,3.4,32,1005.7,0.0
2024-08-24T04:00,26.9,86,16.8,55,1006.6,6.5
2024-08-24T05:00,26.8,88,9.2,21,1006.4,0.4
2024-08-24T06:00,29.2,79,8.2,38,1005.6,0.2
2024-08-24T07:00,30.4,74,7.9,43,1004.4,0.0
2024-08-24T08:00,31.4,70,7.4,51,1003.5,0.1
2024-08-24T09:00,31.9,69,6.1,40,1002.1,0.1
2024-08-24T10:00,31.8,68,5.6,50,1001.1,0.0
2024-08-24T11:00,31.9,68,5.9,43,1000.6,0.0
2024-08-24T12:00,31.4,71,6.6,45,1000.3,0.0
2024-08-24T13:00,30.5,76,4.8,347,1000.7,0.0
2024-08-24T14:00,29.2,84,5.4,4,1001.6,0.0
2024-08-24T15:00,28.6,87,5.2,16,1002.2,0.0
2024-08-24T16:00,28.2,89,4.7,23,1002.9,0.0
2024-08-24T17:00,28.0,89,4.7,58,1003.1,0.0
2024-08-24T18:00,27.8,89,6.0,73,1003.0,0.0
2024-08-24T19:00,27.7,89,5.8,86,1002.5,0.0
2024-08-24T20:00,25.8,93,18.7,115,1003.4,5.5
2024-08-24T21:00,25.0,95,14.1,103,1004.5,9.2
2024-08-24T22:00,25.2,95,14.1,77,1003.3,2.9
2024-08-24T23:00,25.3,94,12.4,64,1002.7,0.1
2024-08-25T00:00,25.3,93,12.6,66,1002.4,0.0
2024-08-25T01:00,26.8,85,15.5,78,1003.2,0.0
2024-08-25T02:00,27.7,83,17.7,86,1003.4,0.0
2024-08-25T03:00,28.8,78,20.5,93,1003.3,0.1
2024-08-25T04:00,29.8,74,19.7,98,1002.7,0.0
2024-08-25T05:00,30.8,71,20.1,100,1002.1,0.0
2024-08-25T06:00,31.6,68,19.7,98,1001.7,0.0
2024-08-25T07:00,32.4,66,20.1,99,1001.0,0.0
2024-08-25T08:00,32.7,64,21.7,97,1000.2,0.0
2024-08-25T09:00,32.9,62,20.5,93,999.1,0.0
2024-08-25T10:00,32.8,62,20.2,90,998.4,0.0
2024-08-25T11:00,31.9,65,17.6,90,998.1,0.0
2024-08-25T12:00,30.2,76,12.9,67,998.5,0.1
2024-08-25T13:00,29.6,76,11.6,83,999.5,0.0
2024-08-25T14:00,29.2,77,9.4,83,1000.2,0.1
2024-08-25T15:00,28.7,80,8.9,76,1000.8,0.0
2024-08-25T16:00,28.4,83,9.1,81,1001.5,0.0
2024-08-25T17:00,28.2,84,11.5,86,1001.4,0.0
2024-08-25T18:00,28.0,84,13.0,90,1001.1,0.0
2024-08-25T19:00,27.6,86,11.5,90,1000.8,0.0
2024-08-25T20:00,27.2,88,10.5,86,1000.5,0.0
2024-08-25T21:00,26.9,89,10.5,82,1000.3,0.0
2024-08-25T22:00,26.6,91,8.7,83,1000.3,0.0
2024-08-25T23:00,26.4,92,8.3,85,1000.7,0.0
2024-08-26T00:00,26.2,92,9.0,85,1000.9,0.0
2024-08-26T01:00,27.2,86,12.7,105,1001.8,0.0
2024-08-26T02:00,28.1,81,14.9,105,1002.3,0.0
2024-08-26T03:00,29.0,78,17.8,104,1002.4,0.0
2024-08-26T04:00,29.6,77,19.2,107,1002.9,0.0
2024-08-26T05:00,30.0,75,17.1,105,1002.8,0.1
2024-08-26T06:00,31.1,72,18.5,103,1002.6,0.0
2024-08-26T07:00,31.8,69,20.0,108,1001.8,0.1
2024-08-26T08:00,32.0,68,18.0,110,1000.6,0.0
2024-08-26T09:00,29.5,79,21.9,113,1000.1,1.0
2024-08-26T10:00,29.8,77,13.9,100,999.1,0.1
2024-08-26T11:00,30.5,74,14.1,84,999.1,0.0
2024-08-26T12:00,29.9,75,17.3,85,999.7,0.0
2024-08-26T13:00,28.1,85,14.8,108,1000.2,1.1
2024-08-26T14:00,27.1,88,11.4,108,1001.7,0.0
2024-08-26T15:00,26.9,87,14.2,97,1002.4,0.0
2024-08-26T16:00,26.9,87,16.6,103,1003.0,0.0
2024-08-26T17:00,26.7,88,16.2,102,1003.3,0.0
2024-08-26T18:00,26.5,89,15.1,108,1003.1,0.0
2024-08-26T19:00,26.4,90,13.7,108,1003.2,0.0
2024-08-26T20:00,25.4,92,24.0,103,1003.3,0.4
2024-08-26T21:00,24.6,93,16.2,127,1002.7,0.2
2024-08-26T22:00,24.8,94,13.1,106,1002.2,0.0
2024-08-26T23:00,25.1,95,13.1,99,1002.8,0.0
2024-08-27T00:00,25.4,94,15.2,95,1003.2,0.0
2024-08-27T01:00,25.9,93,14.0,113,1003.7,0.0
2024-08-27T02:00,26.8,87,20.5,114,1004.1,0.0
2024-08-27T03:00,28.0,81,22.9,116,1004.4,0.1
2024-08-27T04:00,29.1,79,21.5,111,1004.6,0.1
2024-08-27T05:00,30.1,74,23.7,112,1004.6,0.1
2024-08-27T06:00,30.7,72,23.2,120,1004.1,0.1
2024-08-27T07:00,31.1,71,23.3,125,1003.4,0.2
2024-08-27T08:00,31.5,69,20.7,125,1002.6,0.1
2024-08-27T09:00,29.1,78,24.5,133,1001.9,3.6
2024-08-27T10:00,29.9,76,15.9,118,1000.9,0.9
2024-08-27T11:00,29.0,79,14.6,110,1001.6,1.4
2024-08-27T12:00,28.9,79,14.9,97,1002.0,0.3
2024-08-27T13:00,27.8,87,12.3,128,1002.7,0.6
2024-08-27T14:00,27.2,89,8.0,117,1004.0,0.0
2024-08-27T15:00,26.5,90,11.9,104,1005.5,2.2
2024-08-27T16:00,26.0,93,11.6,106,1006.2,2.2
2024-08-27T17:00,25.1,94,13.6,107,1006.1,1.1
2024-08-27T18:00,25.0,95,12.7,115,1005.9,0.3
2024-08-27T19:00,24.7,96,13.0,124,1005.9,0.9
2024-08-27T20:00,24.6,96,11.4,125,1005.3,0.5
2024-08-27T21:00,24.5,96,11.3,121,1004.8,0.4
2024-08-27T22:00,24.5,97,10.0,111,1004.6,0.1
2024-08-27T23:00,24.5,97,8.0,100,1004.3,0.0
2024-08-28T00:00,24.5,98,8.1,111,1004.6,0.0
2024-08-28T01:00,25.6,93,11.0,109,1004.8,0.1
2024-08-28T02:00,26.2,89,14.9,122,1005.0,0.1
2024-08-28T03:00,27.1,85,17.7,128,1005.1,0.2
2024-08-28T04:00,28.3,81,14.5,136,1005.4,0.1
2024-08-28T05:00,29.4,76,12.7,137,1004.8,0.0
2024-08-28T06:00,30.1,72,13.6,130,1004.1,0.0
2024-08-28T07:00,30.0,72,13.1,127,1003.1,0.1
2024-08-28T08:00,30.3,72,12.2,133,1002.0,0.1
2024-08-28T09:00,30.0,74,11.6,116,1000.9,1.5
2024-08-28T10:00,30.3,72,8.2,131,999.9,0.1
2024-08-28T11:00,29.0,77,8.2,165,1000.0,0.1
2024-08-28T12:00,29.2,76,7.4,129,999.6,0.1
2024-08-28T13:00,27.1,89,2.3,18,1001.6,0.1
2024-08-28T14:00,26.8,93,4.7,81,1002.2,0.1
2024-08-28T15:00,26.4,91,4.8,63,1003.2,1.2
2024-08-28T16:00,26.1,93,5.9,79,1003.6,0.2
2024-08-28T17:00,25.7,95,6.6,112,1003.3,0.0
2024-08-28T18:00,25.7,91,5.2,115,1003.1,0.1
2024-08-28T19:00,24.8,96,8.1,111,1002.8,1.9
2024-08-28T20:00,24.7,95,5.0,150,1002.2,1.0
2024-08-28T21:00,24.9,93,1.8,180,1001.7,2.0
2024-08-28T22:00,24.6,94,6.3,167,1001.7,11.2
2024-08-28T23:00,24.6,96,8.8,168,1001.8,7.3
2024-08-29T00:00,24.4,98,14.2,144,1002.5,1.4
2024-08-29T01:00,25.0,94,19.4,145,1003.8,3.9
2024-08-29T02:00,25.1,95,12.2,114,1004.6,3.2
2024-08-29T03:00,25.4,95,16.4,119,1005.4,1.9
2024-08-29T04:00,25.8,93,16.8,125,1006.0,1.7
2024-08-29T05:00,27.4,89,16.6,114,1005.8,0.3
2024-08-29T06:00,28.7,82,16.4,119,1005.4,0.0
2024-08-29T07:00,30.1,75,16.5,122,1004.6,0.1
2024-08-29T08:00,30.5,70,15.6,130,1003.5,0.0
2024-08-29T09:00,30.6,69,13.0,132,1002.2,0.0
2024-08-29T10:00,31.1,67,10.2,138,1001.0,0.0
2024-08-29T11:00,31.2,66,7.4,133,1000.8,0.0
2024-08-29T12:00,30.8,68,5.6,117,1001.0,0.0
2024-08-29T13:00,28.4,82,3.4,18,1002.4,0.2
2024-08-29T14:00,27.3,87,8.1,69,1003.2,0.0
2024-08-29T15:00,26.6,90,8.7,83,1004.5,0.9
2024-08-29T16:00,26.4,92,8.0,80,1005.3,0.0
2024-08-29T17:00,26.3,92,6.1,90,1005.4,0.0
2024-08-29T18:00,26.1,92,6.6,112,1005.6,0.0
2024-08-29T19:00,25.8,93,7.3,99,1005.4,0.0
2024-08-29T20:00,25.6,93,8.3,90,1005.0,0.0
2024-08-29T21:00,25.4,95,7.3,99,1004.6,0.0
2024-08-29T22:00,25.2,96,7.7,101,1004.5,0.0
2024-08-29T23:00,25.1,97,8.0,95,1004.8,0.0
2024-08-30T00:00,25.0,97,5.5,122,1005.3,0.0
2024-08-30T01:00,25.7,96,5.8,86,1005.7,0.0
2024-08-30T02:00,26.6,93,6.1,93,1006.1,0.0
2024-08-30T03:00,27.9,88,6.7,106,1006.5,0.0
2024-08-30T04:00,29.3,81,6.1,118,1006.9,0.1
2024-08-30T05:00,30.3,78,5.4,132,1007.2,0.2
2024-08-30T06:00,30.8,77,3.1,159,1006.7,0.3
2024-08-30T07:00,31.3,74,3.1,201,1006.1,0.3
2024-08-30T08:00,31.3,74,2.5,180,1005.1,0.4
2024-08-30T09:00,31.0,75,1.1,198,1004.0,0.9
2024-08-30T10:00,30.0,79,4.3,5,1003.4,2.7
2024-08-30T11:00,28.5,84,6.1,310,1002.8,3.2
2024-08-30T12:00,29.0,83,4.8,13,1002.8,0.0
2024-08-30T13:00,28.0,84,5.7,305,1004.4,0.0
2024-08-30T14:00,27.2,90,2.9,300,1005.3,0.0
2024-08-30T15:00,26.9,92,3.3,311,1006.2,0.0
2024-08-30T16:00,26.7,93,3.4,302,1006.8,0.0
2024-08-30T17:00,26.5,94,3.2,297,1006.9,0.0
2024-08-30T18:00,26.3,95,4.5,299,1006.7,0.0
2024-08-30T19:00,26.4,94,3.3,354,1006.2,0.0
2024-08-30T20:00,26.3,96,4.0,350,1005.7,0.0
2024-08-30T21:00,26.1,96,3.9,326,1005.4,0.0
2024-08-30T22:00,25.8,96,3.6,315,1005.3,0.0
2024-08-30T23:00,25.7,97,4.1,315,1005.3,0.0
2024-08-31T00:00,25.6,97,4.4,305,1005.2,0.0
2024-08-31T01:00,26.3,92,8.9,297,1005.6,0.0
2024-08-31T02:00,27.4,89,9.2,301,1006.0,0.0
2024-08-31T03:00,28.8,84,11.1,306,1005.9,0.0
2024-08-31T04:00,30.2,76,13.5,318,1005.8,0.0
2024-08-31T05:00,31.2,71,13.2,317,1005.5,0.0
2024-08-31T06:00,32.2,66,12.2,313,1005.2,0.0
2024-08-31T07:00,32.8,63,12.2,313,1004.6,0.0
2024-08-31T08:00,33.2,61,12.2,317,1003.8,0.0
2024-08-31T09:00,33.5,60,11.5,316,1003.0,0.0
2024-08-31T10:00,33.4,60,11.5,316,1002.3,0.0
2024-08-31T11:00,33.1,61,11.6,324,1001.9,0.0
2024-08-31T12:00,32.2,68,9.5,323,1001.8,0.0
2024-08-31T13:00,30.5,74,6.2,324,1003.0,0.0
2024-08-31T14:00,29.6,78,5.9,308,1003.8,0.0
2024-08-31T15:00,28.9,81,6.2,306,1004.2,0.0
2024-08-31T16:00,28.5,83,7.0,305,1004.6,0.0
2024-08-31T17:00,28.0,85,6.4,308,1004.8,0.0
2024-08-31T18:00,27.5,87,5.4,318,1004.9,0.0
2024-08-31T19:00,27.0,89,4.5,299,1004.7,0.0
2024-08-31T20:00,26.8,90,4.7,279,1004.0,0.0
2024-08-31T21:00,26.5,91,5.1,278,1003.7,0.0
2024-08-31T22:00,26.4,91,6.5,276,1003.9,0.0
2024-08-31T23:00,26.2,91,7.1,285,1004.2,0.0
2024-09-01T00:00,25.8,93,4.7,293,1004.6,0.0
2024-09-01T01:00,27.0,89,6.8,288,1004.8,0.0
2024-09-01T02:00,28.1,86,6.4,286,1005.2,0.0
2024-09-01T03:00,29.7,78,7.0,291,1005.7,0.0
2024-09-01T04:00,30.9,71,8.9,310,1005.9,0.0
2024-09-01T05:00,31.8,66,10.0,330,1005.7,0.0
2024-09-01T06:00,32.6,63,8.5,332,1005.3,0.0
2024-09-01T07:00,33.2,60,7.1,330,1004.4,0.0
2024-09-01T08:00,33.6,59,7.4,321,1003.1,0.0
2024-09-01T09:00,33.8,58,8.4,320,1002.0,0.0
2024-09-01T10:00,33.7,58,9.0,323,1001.3,0.0
2024-09-01T11:00,33.1,61,8.8,348,1001.7,0.0
2024-09-01T12:00,32.4,67,5.8,353,1001.8,0.0
2024-09-01T13:00,30.8,74,6.1,40,1003.1,0.0
2024-09-01T14:00,29.6,82,6.4,74,1003.5,0.0
2024-09-01T15:00,29.4,81,5.4,94,1004.2,0.0
2024-09-01T16:00,28.8,81,14.8,104,1005.3,0.0
2024-09-01T17:00,27.8,85,12.4,116,1005.6,0.0
2024-09-01T18:00,27.4,88,14.1,122,1006.1,0.0
2024-09-01T19:00,26.9,92,11.9,119,1005.7,0.0
2024-09-01T20:00,26.6,94,11.1,115,1005.4,0.0
2024-09-01T21:00,26.8,93,10.9,117,1005.0,0.0
2024-09-01T22:00,26.8,91,13.9,127,1005.1,0.1
2024-09-01T23:00,25.8,95,13.8,123,1005.5,0.7
2024-09-02T00:00,25.3,94,12.7,119,1005.7,0.7
2024-09-02T01:00,26.2,90,10.5,96,1006.2,0.1
2024-09-02T02:00,26.4,91,12.8,106,1006.6,0.4
2024-09-02T03:00,27.0,89,11.6,112,1007.4,0.2
2024-09-02T04:00,27.8,87,12.9,108,1007.4,0.1
2024-09-02T05:00,29.8,79,11.0,109,1007.4,0.1
2024-09-02T06:00,30.6,72,12.6,110,1006.8,0.0
2024-09-02T07:00,30.6,72,12.2,114,1006.1,0.1
2024-09-02T08:00,31.5,70,10.8,105,1004.8,0.1
2024-09-02T09:00,31.4,71,8.8,99,1003.3,0.1
2024-09-02T10:00,31.5,71,8.5,78,1002.1,0.1
2024-09-02T11:00,28.8,82,5.9,101,1002.4,4.3
2024-09-02T12:00,29.1,82,7.0,35,1002.1,0.3
2024-09-02T13:00,29.4,75,8.1,77,1002.8,0.0
2024-09-02T14:00,28.4,77,8.1,69,1003.6,0.0
2024-09-02T15:00,28.0,78,7.6,85,1004.6,0.0
2024-09-02T16:00,27.4,81,5.4,94,1005.8,0.0
2024-09-02T17:00,27.2,82,7.6,98,1006.2,0.0
2024-09-02T18:00,26.9,85,9.7,105,1006.4,0.0
2024-09-02T19:00,26.7,87,8.4,110,1006.0,0.0
2024-09-02T20:00,26.4,89,8.2,105,1005.6,0.0
2024-09-02T21:00,26.3,89,9.6,103,1004.9,0.0
2024-09-02T22:00,26.2,90,9.7,105,1004.9,0.0
2024-09-02T23:00,26.0,92,10.0,103,1004.9,0.0
2024-09-03T00:00,25.9,92,9.7,92,1005.4,0.0
2024-09-03T01:00,25.9,95,6.6,103,1006.0,0.8
2024-09-03T02:00,25.5,95,7.6,85,1007.2,7.1
2024-09-03T03:00,25.5,93,14.4,89,1007.9,0.4
2024-09-03T04:00,25.7,90,11.7,81,1008.3,0.2
2024-09-03T05:00,26.3,88,9.4,86,1008.0,0.8
2024-09-03T06:00,28.9,80,8.8,78,1007.3,0.1
2024-09-03T07:00,30.2,74,5.9,104,1006.2,0.1
2024-09-03T08:00,31.3,72,5.9,133,1005.2,0.1
2024-09-03T09:00,31.7,71,6.9,133,1003.8,0.1
2024-09-03T10:00,31.9,70,7.4,113,1002.1,0.1
2024-09-03T11:00,31.3,70,7.0,102,1002.2,0.9
2024-09-03T12:00,30.6,74,7.2,87,1002.8,0.4
2024-09-03T13:00,27.0,92,7.4,47,1005.1,10.3
2024-09-03T14:00,26.9,91,5.1,278,1005.7,0.4
2024-09-03T15:00,26.4,94,7.4,317,1006.3,0.1
2024-09-03T16:00,26.1,95,7.0,348,1006.6,0.1
2024-09-03T17:00,25.7,93,11.4,18,1007.0,0.0
2024-09-03T18:00,25.3,93,9.8,62,1006.0,0.0
2024-09-03T19:00,24.9,96,8.0,80,1005.6,0.0
2024-09-03T20:00,24.7,97,4.8,77,1005.2,0.0
2024-09-03T21:00,24.6,97,3.3,96,1004.8,0.0
2024-09-03T22:00,24.5,97,4.4,125,1004.6,0.0
2024-09-03T23:00,24.6,96,7.7,139,1005.0,0.0
2024-09-04T00:00,24.5,97,7.7,169,1004.9,0.0
2024-09-04T01:00,24.6,95,6.5,264,1004.6,0.2
2024-09-04T02:00,25.5,93,2.9,330,1004.8,0.0
2024-09-04T03:00,26.7,89,11.9,335,1005.7,0.1
2024-09-04T04:00,27.5,85,12.0,339,1006.0,0.0
2024-09-04T05:00,27.8,83,6.2,7,1005.8,0.0
2024-09-04T06:00,28.9,79,2.7,23,1005.4,0.1
2024-09-04T07:00,29.5,76,3.3,311,1004.4,0.0
2024-09-04T08:00,30.4,74,3.7,299,1003.2,0.1
2024-09-04T09:00,30.6,74,6.4,322,1001.6,0.0
2024-09-04T10:00,30.8,74,10.4,316,1000.1,0.0
2024-09-04T11:00,30.7,73,9.3,324,999.6,0.0
2024-09-04T12:00,30.2,74,10.6,325,999.4,0.0
2024-09-04T13:00,27.8,84,4.1,322,1001.4,0.0
2024-09-04T14:00,27.2,90,2.5,225,1001.7,0.0
2024-09-04T15:00,27.1,89,2.3,198,1002.1,0.0
2024-09-04T16:00,27.0,90,4.4,189,1002.3,0.0
2024-09-04T17:00,26.7,91,4.1,195,1002.6,0.0
2024-09-04T18:00,26.3,93,4.6,198,1002.6,0.0
2024-09-04T19:00,26.1,94,4.9,216,1002.4,0.0
2024-09-04T20:00,26.0,95,5.4,250,1001.9,0.0
2024-09-04T21:00,25.6,96,6.1,267,1001.7,0.0
2024-09-04T22:00,25.3,97,5.6,297,1001.7,0.0
2024-09-04T23:00,25.3,96,6.3,301,1001.5,0.1
2024-09-05T00:00,25.0,98,2.7,337,1002.0,0.2
2024-09-05T01:00,25.6,95,2.2,261,1002.5,0.0
2024-09-05T02:00,26.6,91,1.6,27,1002.8,0.0
2024-09-05T03:00,28.1,82,2.4,27,1003.2,0.0
2024-09-05T04:00,29.2,74,1.3,34,1003.4,0.0
2024-09-05T05:00,30.2,68,1.1,360,1003.4,0.0
2024-09-05T06:00,31.0,64,0.7,360,1002.9,0.0
2024-09-05T07:00,31.6,64,0.5,225,1001.9,0.0
2024-09-05T08:00,31.7,64,1.4,270,1000.6,0.0
2024-09-05T09:00,31.6,65,1.4,360,999.8,0.0
2024-09-05T10:00,31.6,66,1.1,18,998.7,0.0
2024-09-05T11:00,30.4,72,6.6,338,998.4,0.1
2024-09-05T12:00,28.7,83,11.7,351,998.7,0.8
2024-09-05T13:00,26.4,89,6.6,279,999.7,0.2
2024-09-05T14:00,26.1,93,5.1,274,1000.4,0.2
2024-09-05T15:00,25.8,96,4.2,250,1001.4,0.1
2024-09-05T16:00,25.8,96,3.9,292,1002.1,0.1
2024-09-05T17:00,25.8,96,2.6,236,1002.7,0.5
2024-09-05T18:00,25.9,96,0.0,270,1002.5,0.2
2024-09-05T19:00,25.5,98,1.5,45,1002.2,0.0
2024-09-05T20:00,25.2,99,2.2,360,1002.1,0.0
2024-09-05T21:00,25.2,98,3.6,37,1001.9,0.1
2024-09-05T22:00,24.2,97,12.6,88,1002.5,5.1
2024-09-05T23:00,24.8,96,5.4,132,1002.6,0.4
2024-09-06T00:00,24.7,97,5.3,118,1002.9,0.2
2024-09-06T01:00,24.9,94,4.0,153,1003.2,0.4
2024-09-06T02:00,25.4,91,3.9,158,1003.7,0.0
2024-09-06T03:00,26.5,86,1.8,101,1004.4,0.0
2024-09-06T04:00,28.3,78,6.5,93,1004.8,0.0
2024-09-06T05:00,29.3,74,8.5,102,1004.8,0.2
2024-09-06T06:00,30.4,73,9.1,108,1004.4,0.1
2024-09-06T07:00,30.8,71,9.1,124,1003.6,0.1
2024-09-06T08:00,28.3,80,4.7,176,1002.9,7.3
2024-09-06T09:00,28.6,79,10.0,111,1002.0,0.7
2024-09-06T10:00,28.6,80,9.4,137,1001.5,0.5
2024-09-06T11:00,27.9,83,10.9,124,1001.4,0.3
2024-09-06T12:00,27.8,82,7.9,106,1001.8,0.2
2024-09-06T13:00,26.2,91,6.6,103,1003.1,0.1
2024-09-06T14:00,25.9,94,4.7,81,1003.3,0.0
2024-09-06T15:00,25.7,95,7.6,95,1003.9,0.0
2024-09-06T16:00,25.6,96,8.6,112,1004.5,0.0
2024-09-06T17:00,25.4,97,6.8,108,1005.1,0.0
2024-09-06T18:00,25.3,97,7.8,103,1005.1,0.0
2024-09-06T19:00,24.9,96,8.0,108,1005.0,1.2
2024-09-06T20:00,24.6,96,8.4,115,1004.8,7.4
2024-09-06T21:00,24.6,96,10.0,103,1004.3,0.6
2024-09-06T22:00,24.4,97,11.6,112,1004.2,0.3
2024-09-06T23:00,24.2,98,8.8,109,1004.3,0.2
2024-09-07T00:00,24.2,98,5.4,110,1004.0,0.1
2024-09-07T01:00,24.7,95,5.7,145,1004.5,0.0
2024-09-07T02:00,25.3,90,5.6,130,1005.3,0.0
2024-09-07T03:00,25.5,90,3.8,131,1005.8,0.0
2024-09-07T04:00,26.3,87,3.8,131,1006.1,0.0
2024-09-07T05:00,28.1,81,4.7,148,1006.3,0.1
2024-09-07T06:00,29.4,78,3.1,159,1005.8,0.1
2024-09-07T07:00,30.4,73,2.9,150,1004.9,0.2
2024-09-07T08:00,30.5,71,2.4,207,1003.7,0.1
2024-09-07T09:00,30.1,74,2.1,329,1002.5,0.0
2024-09-07T10:00,30.2,74,6.9,351,1001.8,0.1
2024-09-07T11:00,30.1,75,4.5,29,1001.7,0.2
2024-09-07T12:00,29.8,75,1.8,101,1001.7,0.0
2024-09-07T13:00,27.3,91,1.0,315,1002.9,0.5
2024-09-07T14:00,27.2,91,2.3,288,1003.4,2.4
2024-09-07T15:00,26.8,94,4.0,297,1004.4,2.6
2024-09-07T16:00,26.7,95,1.9,292,1005.4,3.4
2024-09-07T17:00,26.6,95,1.6,333,1005.5,1.1
2024-09-07T18:00,26.4,96,1.1,252,1005.3,0.9
2024-09-07T19:00,26.0,97,2.3,231,1005.2,0.4
2024-09-07T20:00,25.9,97,3.3,193,1004.5,0.3
2024-09-07T21:00,25.8,97,1.8,270,1004.0,0.3
2024-09-07T22:00,25.5,98,2.1,301,1004.0,0.2
2024-09-07T23:00,25.5,98,2.2,261,1004.5,0.1
2024-09-08T00:00,24.8,97,6.4,227,1004.8,1.5
2024-09-08T01:00,25.9,95,3.8,319,1005.1,0.3
2024-09-08T02:00,26.3,95,3.9,338,1005.4,0.5
2024-09-08T03:00,27.4,89,5.9,322,1005.8,0.3
2024-09-08T04:00,28.6,84,5.1,356,1006.0,0.1
2024-09-08T05:00,30.0,78,4.9,343,1005.6,0.1
2024-09-08T06:00,30.7,77,5.4,323,1005.0,0.1
2024-09-08T07:00,30.9,75,4.5,331,1004.2,0.3
2024-09-08T08:00,31.1,75,6.2,324,1003.2,0.2
2024-09-08T09:00,31.5,73,7.7,332,1002.1,0.2
2024-09-08T10:00,30.7,73,10.8,339,1001.5,6.0
2024-09-08T11:00,30.4,77,8.7,353,1000.9,0.6
2024-09-08T12:00,29.9,82,5.5,302,1001.0,0.0
2024-09-08T13:00,27.6,91,7.8,292,1002.5,0.4
2024-09-08T14:00,27.2,92,6.6,279,1002.7,0.2
2024-09-08T15:00,27.0,92,5.1,274,1003.1,0.0
2024-09-08T16:00,26.8,93,6.1,267,1003.4,0.0
2024-09-08T17:00,26.7,93,5.8,274,1003.4,0.0
2024-09-08T18:00,26.5,94,4.9,287,1003.1,0.0
2024-09-08T19:00,26.3,95,3.3,283,1003.0,0.0
2024-09-08T20:00,26.2,95,4.9,287,1002.5,0.0
2024-09-08T21:00,26.0,95,5.5,302,1002.0,0.0
2024-09-08T22:00,25.7,96,5.0,300,1002.1,0.0
2024-09-08T23:00,25.6,96,5.7,288,1002.1,0.0
2024-09-09T00:00,25.4,96,5.4,290,1002.3,0.0
2024-09-09T01:00,26.1,94,5.9,281,1003.0,0.0
2024-09-09T02:00,27.0,91,5.6,297,1003.4,0.0
2024-09-09T03:00,28.5,84,6.4,313,1003.6,0.0
2024-09-09T04:00,29.9,75,6.9,313,1003.8,0.0
2024-09-09T05:00,31.0,68,6.6,311,1003.5,0.0
2024-09-09T06:00,31.7,65,6.6,311,1003.0,0.0
2024-09-09T07:00,32.3,63,7.0,325,1002.0,0.0
2024-09-09T08:00,32.8,60,6.7,324,1000.7,0.1
2024-09-09T09:00,32.9,60,6.6,319,999.5,0.1
2024-09-09T10:00,32.8,61,7.5,325,998.8,0.0
2024-09-09T11:00,32.2,64,7.2,323,998.6,0.6
2024-09-09T12:00,31.4,71,6.3,336,998.5,0.0
2024-09-09T13:00,28.7,87,2.3,321,1000.4,4.7
2024-09-09T14:00,27.2,90,12.6,20,1000.9,0.1
2024-09-09T15:00,26.7,92,3.9,34,1001.2,0.0
2024-09-09T16:00,26.4,94,3.2,117,1001.6,0.0
2024-09-09T17:00,26.4,94,4.1,128,1001.7,0.0
2024-09-09T18:00,26.6,93,2.6,164,1001.5,0.0
2024-09-09T19:00,26.0,96,3.2,153,1001.4,0.0
2024-09-09T20:00,25.8,97,3.8,139,1000.8,0.0
2024-09-09T21:00,25.9,97,2.9,97,1000.3,0.0
2024-09-09T22:00,25.5,98,3.1,21,1000.4,0.0
2024-09-09T23:00,25.1,99,5.8,356,1001.0,2.5
2024-09-10T00:00,24.6,99,5.4,42,1001.7,4.2
2024-09-10T01:00,25.5,95,3.4,162,1002.0,0.7
2024-09-10T02:00,26.0,94,2.6,74,1002.5,0.3
2024-09-10T03:00,26.7,90,4.4,9,1003.3,0.1
2024-09-10T04:00,28.5,81,5.7,108,1003.9,0.1
2024-09-10T05:00,29.4,80,2.5,172,1003.6,0.1
2024-09-10T06:00,29.8,80,1.6,297,1002.9,0.2
2024-09-10T07:00,30.4,80,1.4,360,1002.1,0.3
2024-09-10T08:00,30.9,79,2.2,360,1000.8,0.3
2024-09-10T09:00,30.4,79,4.5,331,999.4,2.7
2024-09-10T10:00,30.0,79,10.9,6,998.9,2.7
2024-09-10T11:00,28.3,86,9.8,82,999.5,1.0
2024-09-10T12:00,27.8,88,3.3,103,999.8,0.1
2024-09-10T13:00,27.1,91,3.1,54,1000.8,0.3
2024-09-10T14:00,27.1,90,1.1,342,1000.9,0.0
2024-09-10T15:00,26.9,91,1.5,225,1001.4,0.0
2024-09-10T16:00,26.5,94,1.6,243,1001.6,0.0
2024-09-10T17:00,25.9,98,2.9,300,1001.3,0.0
2024-09-10T18:00,26.0,97,1.8,270,1001.6,0.0
2024-09-10T19:00,25.9,98,2.1,301,1001.5,0.0
2024-09-10T20:00,25.6,99,3.1,291,1001.1,0.0
2024-09-10T21:00,25.7,99,1.9,292,1000.8,0.0
2024-09-10T22:00,25.8,99,5.5,328,1000.3,0.0
2024-09-10T23:00,25.6,99,4.5,346,1000.5,0.0
2024-09-11T00:00,25.2,99,3.6,6,1001.0,0.0
2024-09-11T01:00,25.8,97,5.4,356,1002.0,0.0
2024-09-11T02:00,26.8,92,5.9,38,1002.9,0.0
2024-09-11T03:00,28.0,87,4.5,29,1003.2,0.0
2024-09-11T04:00,29.3,81,5.8,356,1003.2,0.0
2024-09-11T05:00,30.4,78,7.3,20,1003.0,0.2
2024-09-11T06:00,31.2,74,8.7,45,1002.5,0.3
2024-09-11T07:00,31.8,72,9.6,56,1001.2,0.4
2024-09-11T08:00,29.7,76,14.5,71,1000.6,7.5
2024-09-11T09:00,28.5,79,6.8,18,999.6,4.6
2024-09-11T10:00,28.8,82,5.2,335,999.4,0.2
2024-09-11T11:00,29.0,84,6.2,324,999.2,0.2
2024-09-11T12:00,29.1,86,5.6,315,999.3,0.0
2024-09-11T13:00,28.6,89,7.6,315,999.6,1.1
2024-09-11T14:00,27.9,90,10.1,333,1000.1,2.5
2024-09-11T15:00,27.2,94,6.8,360,1000.9,3.6
2024-09-11T16:00,27.1,93,11.8,308,1000.6,2.2
2024-09-11T17:00,26.9,92,11.7,317,999.7,0.2
2024-09-11T18:00,26.9,92,16.6,333,998.7,0.0
2024-09-11T19:00,27.4,88,15.1,12,998.5,0.0
2024-09-11T20:00,26.6,90,16.8,28,998.7,2.2
2024-09-11T21:00,25.9,91,20.6,331,997.5,6.7
2024-09-11T22:00,25.9,91,15.6,345,997.7,4.4
2024-09-11T23:00,25.9,92,15.9,6,997.9,6.5
2024-09-12T00:00,25.9,92,13.2,22,998.6,14.9
2024-09-12T01:00,25.8,92,13.2,17,999.9,8.6
2024-09-12T02:00,25.7,93,9.1,18,1000.0,6.3
2024-09-12T03:00,25.6,92,15.5,31,1000.7,5.7
2024-09-12T04:00,25.3,93,15.5,22,1000.9,7.9
2024-09-12T05:00,25.3,93,16.6,13,1001.0,10.4
2024-09-12T06:00,25.5,92,19.8,360,1000.3,1.4
2024-09-12T07:00,26.2,91,23.5,6,999.6,1.7
2024-09-12T08:00,25.9,91,22.8,16,998.9,4.7
2024-09-12T09:00,25.7,91,22.6,37,998.1,8.1
2024-09-12T10:00,25.1,91,21.5,14,997.8,4.8
2024-09-12T11:00,25.4,90,18.8,4,997.6,10.0
2024-09-12T12:00,25.2,91,17.3,4,998.0,9.1
2024-09-12T13:00,24.8,91,17.3,17,1000.4,5.0
2024-09-12T14:00,24.4,90,17.0,32,999.8,3.6
2024-09-12T15:00,24.0,92,14.8,1,1000.3,3.0
2024-09-12T16:00,24.2,94,14.5,346,1000.6,0.6
2024-09-12T17:00,24.2,93,15.2,356,1000.3,0.2
2024-09-12T18:00,24.0,93,10.3,348,1000.1,1.7
2024-09-12T19:00,23.9,94,12.5,342,1000.0,11.7
2024-09-12T20:00,23.6,94,17.7,333,999.4,5.5
2024-09-12T21:00,23.6,92,20.7,337,998.5,6.0
2024-09-12T22:00,23.4,92,23.1,321,997.7,1.5
2024-09-12T23:00,23.4,91,21.9,297,997.6,2.3
2024-09-13T00:00,23.4,90,16.7,295,998.2,2.5
2024-09-13T01:00,24.2,93,18.3,280,999.3,6.3
2024-09-13T02:00,24.4,93,17.5,284,1000.0,1.4
2024-09-13T03:00,24.8,93,18.9,278,1000.3,0.9
2024-09-13T04:00,25.7,88,19.9,287,1000.9,0.3
2024-09-13T05:00,27.2,84,14.5,289,1001.0,0.0
2024-09-13T06:00,29.4,76,13.8,290,1000.2,0.0
2024-09-13T07:00,31.4,69,15.6,293,999.7,0.0
2024-09-13T08:00,27.2,84,24.4,248,1000.3,2.5
2024-09-13T09:00,26.6,84,17.7,275,999.9,2.0
2024-09-13T10:00,28.7,83,16.3,275,999.4,0.0
2024-09-13T11:00,29.0,81,17.5,278,999.3,0.0
2024-09-13T12:00,27.1,84,12.6,268,999.6,0.2
2024-09-13T13:00,25.0,93,8.1,328,1001.8,3.9
2024-09-13T14:00,24.5,95,5.4,312,1001.5,0.0
2024-09-13T15:00,24.6,94,1.8,233,1002.0,0.0
2024-09-13T16:00,24.6,96,1.6,207,1002.5,0.1
2024-09-13T17:00,24.5,95,8.2,203,1002.7,0.1
2024-09-13T18:00,24.3,96,2.9,150,1002.6,0.1
2024-09-13T19:00,23.9,96,3.6,186,1002.4,0.1
2024-09-13T20:00,23.8,96,3.3,186,1001.8,0.4
2024-09-13T21:00,23.4,96,10.3,78,1002.0,1.7
2024-09-13T22:00,23.2,97,6.5,109,1001.9,0.1
2024-09-13T23:00,22.9,98,2.6,106,1002.0,0.0
2024-09-14T00:00,22.8,99,3.5,66,1002.2,0.0
2024-09-14T01:00,24.0,89,12.6,290,1002.1,0.0
2024-09-14T02:00,24.8,87,14.8,296,1003.0,0.0
2024-09-14T03:00,26.0,81,18.2,297,1003.7,0.1
2024-09-14T04:00,26.9,79,17.4,292,1003.9,0.1
2024-09-14T05:00,28.1,76,17.5,289,1004.1,0.1
2024-09-14T06:00,29.0,74,17.3,293,1003.8,0.0
2024-09-14T07:00,29.6,72,17.6,305,1003.3,0.0
2024-09-14T08:00,29.7,70,16.0,306,1002.4,0.1
2024-09-14T09:00,29.8,67,17.2,303,1001.7,0.2
2024-09-14T10:00,30.0,67,13.2,296,1001.0,0.0
2024-09-14T11:00,29.6,69,13.4,294,1000.9,1.7
2024-09-14T12:00,28.4,78,10.3,299,1001.2,0.4
2024-09-14T13:00,26.9,85,4.8,48,1001.4,0.1
2024-09-14T14:00,24.0,92,6.9,298,1003.7,0.7
2024-09-14T15:00,23.9,94,2.2,261,1004.3,0.2
2024-09-14T16:00,23.8,94,8.7,232,1004.2,0.1
2024-09-14T17:00,23.8,93,4.7,247,1003.9,0.2
2024-09-14T18:00,23.7,94,3.7,191,1004.1,0.0
2024-09-14T19:00,23.1,95,6.2,249,1003.7,0.0
2024-09-14T20:00,23.3,94,5.8,266,1003.3,0.0
2024-09-14T21:00,23.1,95,4.4,305,1003.3,0.0
2024-09-14T22:00,23.5,93,4.3,265,1003.3,0.0
2024-09-14T23:00,22.7,96,4.0,5,1003.3,0.0
2024-09-15T00:00,22.9,96,3.4,288,1003.3,0.0
2024-09-15T01:00,24.1,93,8.2,285,1003.0,0.0
2024-09-15T02:00,24.9,87,13.2,281,1003.5,0.0
2024-09-15T03:00,26.2,79,14.6,286,1004.2,0.0
2024-09-15T04:00,27.5,74,15.6,299,1004.6,0.0
2024-09-15T05:00,28.7,70,16.4,296,1004.5,0.0
2024-09-15T06:00,29.9,67,17.1,295,1004.2,0.0
2024-09-15T07:00,30.7,65,17.9,295,1003.3,0.0
2024-09-15T08:00,31.2,63,18.4,298,1002.4,0.0
2024-09-15T09:00,31.1,61,18.7,304,1001.7,0.0
2024-09-15T10:00,31.2,61,19.9,302,1001.0,0.0
2024-09-15T11:00,30.8,62,18.1,301,1000.9,0.0
2024-09-15T12:00,29.8,68,13.4,301,1001.2,0.0
2024-09-15T13:00,25.9,83,5.4,290,1002.8,0.1
2024-09-15T14:00,25.7,83,4.9,306,1003.2,0.0
2024-09-15T15:00,24.9,88,5.4,233,1003.9,0.0
2024-09-15T16:00,24.8,88,5.6,255,1004.3,0.0
2024-09-15T17:00,24.5,90,7.3,250,1004.2,0.0
2024-09-15T18:00,25.4,83,5.4,233,1004.2,0.0
2024-09-15T19:00,25.5,82,4.3,228,1003.8,0.0
2024-09-15T20:00,23.9,92,7.2,252,1003.4,0.0
2024-09-15T21:00,24.2,90,8.1,257,1003.2,0.0
2024-09-15T22:00,24.2,86,11.6,277,1002.9,0.0
2024-09-15T23:00,24.2,83,12.2,284,1003.3,0.0
2024-09-16T00:00,23.8,81,11.3,277,1003.9,0.0
2024-09-16T01:00,24.5,83,13.7,273,1004.7,0.0
2024-09-16T02:00,25.1,81,14.1,276,1005.1,0.0
2024-09-16T03:00,26.5,75,15.0,280,1005.7,0.0
2024-09-16T04:00,28.1,71,15.6,285,1006.0,0.0
2024-09-16T05:00,29.6,66,16.2,291,1006.0,0.0
2024-09-16T06:00,30.7,61,16.4,296,1005.7,0.0
2024-09-16T07:00,31.6,56,17.1,309,1005.2,0.0
2024-09-16T08:00,31.9,54,17.1,314,1004.4,0.0
2024-09-16T09:00,32.3,53,15.8,315,1003.6,0.0
2024-09-16T10:00,32.1,54,15.3,315,1003.1,0.0
2024-09-16T11:00,31.6,59,12.2,315,1003.0,0.0
2024-09-16T12:00,30.4,66,7.6,315,1003.2,0.0
2024-09-16T13:00,27.9,71,8.4,295,1004.2,0.0
2024-09-16T14:00,26.7,76,7.4,293,1004.5,0.0
2024-09-16T15:00,25.7,82,6.2,280,1005.3,0.0
2024-09-16T16:00,25.1,84,6.2,263,1006.0,0.0
2024-09-16T17:00,24.6,86,6.5,273,1006.1,0.0
2024-09-16T18:00,23.9,89,7.2,307,1006.1,0.0
2024-09-16T19:00,23.5,92,7.4,337,1005.8,0.0
2024-09-16T20:00,23.4,92,7.0,305,1005.5,0.0
2024-09-16T21:00,24.2,87,8.0,265,1005.0,0.0
2024-09-16T22:00,24.5,83,9.7,268,1004.9,0.0
2024-09-16T23:00,23.8,86,7.2,264,1005.0,0.0
2024-09-17T00:00,23.8,86,8.5,258,1005.4,0.0
2024-09-17T01:00,24.3,86,7.1,285,1006.4,0.0
2024-09-17T02:00,25.0,86,8.6,285,1006.9,0.0
2024-09-17T03:00,26.7,81,9.4,288,1007.1,0.0
2024-09-17T04:00,28.4,74,8.7,287,1007.6,0.0
2024-09-17T05:00,29.5,68,8.9,302,1007.8,0.0
2024-09-17T06:00,29.9,66,10.8,323,1007.4,0.0
2024-09-17T07:00,30.6,63,10.6,325,1006.6,0.0
2024-09-17T08:00,31.6,60,9.2,339,1005.9,0.0
2024-09-17T09:00,31.7,60,8.7,355,1005.2,0.0
2024-09-17T10:00,31.5,61,8.3,18,1004.6,0.0
2024-09-17T11:00,31.1,62,7.1,41,1004.6,0.0
2024-09-17T12:00,30.1,71,4.3,42,1004.7,0.0
2024-09-17T13:00,30.1,68,2.2,279,1005.5,0.0
2024-09-17T14:00,27.9,80,4.0,175,1005.8,0.0
2024-09-17T15:00,27.8,80,4.2,211,1005.8,0.0
2024-09-17T16:00,28.5,72,2.6,106,1006.5,0.0
2024-09-17T17:00,27.2,80,8.1,69,1006.7,0.0
2024-09-17T18:00,26.3,83,5.4,53,1005.9,0.0
2024-09-17T19:00,25.2,88,5.5,23,1005.5,0.0
2024-09-17T20:00,25.0,89,4.7,23,1004.8,0.0
2024-09-17T21:00,24.8,90,6.5,360,1004.2,0.0
2024-09-17T22:00,24.9,89,5.8,30,1004.3,0.0
2024-09-17T23:00,24.7,90,4.4,351,1004.4,0.0
2024-09-18T00:00,24.1,94,3.5,336,1004.3,0.0
2024-09-18T01:00,25.2,93,4.3,336,1005.3,0.0
2024-09-18T02:00,25.5,92,5.3,62,1005.8,0.0
2024-09-18T03:00,26.2,87,10.1,73,1006.5,0.0
2024-09-18T04:00,26.8,86,10.8,75,1007.2,0.0
2024-09-18T05:00,27.3,77,14.7,62,1007.3,0.0
2024-09-18T06:00,27.3,68,16.8,67,1006.8,0.0
2024-09-18T07:00,26.1,73,15.3,56,1006.1,0.0
2024-09-18T08:00,25.7,77,15.6,38,1005.4,0.1
2024-09-18T09:00,25.4,77,15.7,32,1004.6,0.6
2024-09-18T10:00,24.6,88,13.9,37,1004.1,1.1
2024-09-18T11:00,24.3,90,12.8,38,1003.7,3.0
2024-09-18T12:00,24.1,89,14.7,11,1004.1,6.2
2024-09-18T13:00,23.5,90,16.3,14,1004.3,1.4
2024-09-18T14:00,23.3,90,16.2,3,1004.4,3.6
2024-09-18T15:00,23.1,90,15.5,357,1004.8,7.2
2024-09-18T16:00,23.0,91,11.2,356,1005.0,5.8
2024-09-18T17:00,23.1,92,1.8,191,1005.6,8.2
2024-09-18T18:00,23.0,94,7.1,60,1005.2,3.0
2024-09-18T19:00,22.9,93,14.3,47,1004.7,2.3
2024-09-18T20:00,23.1,92,14.8,56,1004.3,0.2
2024-09-18T21:00,23.1,93,11.6,60,1003.9,0.0
2024-09-18T22:00,23.1,94,12.3,69,1004.0,0.0
2024-09-18T23:00,23.2,94,14.3,72,1004.4,0.0
2024-09-19T00:00,23.2,95,13.4,70,1005.0,0.0
2024-09-19T01:00,23.6,96,10.4,70,1005.8,0.0
2024-09-19T02:00,24.8,90,12.0,74,1006.2,0.0
2024-09-19T03:00,26.0,86,10.9,63,1006.6,0.0
2024-09-19T04:00,27.4,82,11.7,72,1006.8,0.0
2024-09-19T05:00,28.8,78,14.1,94,1006.9,0.0
2024-09-19T06:00,29.4,73,15.5,112,1006.1,0.1
2024-09-19T07:00,29.0,73,13.0,114,1005.4,0.2
2024-09-19T08:00,29.9,74,14.2,111,1004.8,0.1
2024-09-19T09:00,29.6,73,12.5,108,1004.0,0.1
2024-09-19T10:00,29.9,72,11.5,110,1003.2,0.1
2024-09-19T11:00,29.9,71,10.6,118,1003.2,0.1
2024-09-19T12:00,29.4,75,5.7,125,1003.4,0.0
2024-09-19T13:00,27.1,87,4.9,54,1004.2,0.1
2024-09-19T14:00,26.6,90,4.9,36,1004.6,0.0
2024-09-19T15:00,26.3,91,3.9,34,1004.9,0.0
2024-09-19T16:00,26.1,93,5.8,83,1005.0,0.0
2024-09-19T17:00,25.1,96,7.2,127,1004.8,0.0
2024-09-19T18:00,24.8,96,5.8,150,1004.7,0.0
2024-09-19T19:00,24.5,97,5.5,203,1004.5,0.0
2024-09-19T20:00,24.5,98,3.9,236,1004.1,0.0
2024-09-19T21:00,24.5,99,3.1,291,1004.3,0.1
2024-09-19T22:00,24.6,99,3.4,342,1004.3,0.0
2024-09-19T23:00,24.5,99,3.8,49,1004.5,0.0
2024-09-20T00:00,24.7,98,4.3,85,1004.9,0.0
2024-09-20T01:00,24.0,100,2.3,162,1005.4,0.0
2024-09-20T02:00,25.2,98,3.4,148,1006.2,0.0
2024-09-20T03:00,27.3,81,3.8,131,1006.9,0.0
2024-09-20T04:00,28.5,74,5.6,117,1007.2,0.0
2024-09-20T05:00,29.5,71,9.8,107,1007.1,0.0
2024-09-20T06:00,30.3,65,11.3,107,1006.6,0.0
2024-09-20T07:00,30.9,64,10.9,107,1005.9,0.0
2024-09-20T08:00,31.4,61,10.8,111,1005.1,0.0
2024-09-20T09:00,31.4,59,10.3,115,1004.1,0.0
2024-09-20T10:00,31.2,60,9.2,121,1003.4,0.0
2024-09-20T11:00,31.0,61,8.3,124,1003.2,0.0
2024-09-20T12:00,29.8,70,6.3,149,1003.0,0.0
2024-09-20T13:00,27.9,82,6.5,177,1004.0,0.0
2024-09-20T14:00,27.1,83,5.2,196,1004.5,0.0
2024-09-20T15:00,26.5,84,5.2,205,1005.1,0.0
2024-09-20T16:00,26.0,85,5.6,195,1005.6,0.0
2024-09-20T17:00,25.8,86,6.3,204,1005.9,0.0
2024-09-20T18:00,25.5,87,5.7,215,1005.7,0.0
2024-09-20T19:00,25.0,90,5.0,240,1005.8,0.0
2024-09-20T20:00,24.8,91,4.3,265,1005.6,0.0
2024-09-20T21:00,25.2,90,4.0,270,1005.5,0.0
2024-09-20T22:00,25.4,89,4.3,312,1005.5,0.0
2024-09-20T23:00,25.5,91,2.3,321,1005.7,0.0
2024-09-21T00:00,25.5,92,1.1,198,1006.0,0.0
2024-09-21T01:00,26.0,88,4.9,216,1006.9,0.1
2024-09-21T02:00,26.4,90,4.0,243,1007.4,0.1
2024-09-21T03:00,27.7,83,3.3,264,1007.9,0.1
2024-09-21T04:00,29.0,76,1.1,252,1008.3,0.0
2024-09-21T05:00,30.0,72,2.1,121,1008.5,0.0
2024-09-21T06:00,30.8,68,6.7,126,1008.2,0.0
2024-09-21T07:00,31.1,66,8.0,126,1007.4,0.0
2024-09-21T08:00,31.5,64,6.4,128,1006.4,0.0
2024-09-21T09:00,31.5,64,5.4,138,1005.3,0.0
2024-09-21T10:00,31.7,63,3.8,131,1004.4,0.0
2024-09-21T11:00,31.6,62,3.4,108,1004.6,0.0
2024-09-21T12:00,30.8,72,2.3,72,1004.7,0.0
2024-09-21T13:00,30.5,67,2.2,270,1004.9,0.0
2024-09-21T14:00,28.1,82,4.3,265,1005.3,0.0
2024-09-21T15:00,27.2,87,5.0,249,1005.9,0.0
2024-09-21T16:00,26.8,88,3.4,252,1006.5,0.0
2024-09-21T17:00,26.4,90,3.7,259,1006.8,0.0
2024-09-21T18:00,26.2,89,3.7,259,1006.7,0.0
2024-09-21T19:00,26.0,88,4.2,250,1006.5,0.0
2024-09-21T20:00,25.5,91,5.5,293,1005.9,0.0
2024-09-21T21:00,25.1,93,5.6,297,1005.6,0.0
2024-09-21T22:00,25.8,89,5.5,247,1005.5,0.0
2024-09-21T23:00,26.3,85,6.2,260,1005.7,0.0
2024-09-22T00:00,26.3,86,5.4,274,1005.9,0.0
2024-09-22T01:00,26.1,91,4.7,266,1006.7,0.0
2024-09-22T02:00,27.3,88,5.1,266,1007.1,0.0
2024-09-22T03:00,28.9,82,6.8,295,1007.6,0.0
2024-09-22T04:00,30.1,77,7.6,301,1007.7,0.0
2024-09-22T05:00,31.3,72,7.0,305,1007.8,0.0
2024-09-22T06:00,32.1,67,6.9,321,1007.3,0.0
2024-09-22T07:00,32.6,65,6.2,324,1006.3,0.0
2024-09-22T08:00,33.0,61,5.9,322,1005.0,0.0
2024-09-22T09:00,33.2,60,6.0,327,1003.8,0.0
2024-09-22T10:00,33.1,61,6.0,335,1003.2,0.0
2024-09-22T11:00,32.9,60,5.2,348,1003.3,0.0
2024-09-22T12:00,31.9,72,2.5,360,1003.5,0.0
2024-09-22T13:00,30.2,77,5.5,328,1004.1,0.0
2024-09-22T14:00,29.2,81,5.6,315,1004.4,0.0
2024-09-22T15:00,28.6,83,6.7,306,1004.8,0.0
2024-09-22T16:00,28.0,86,6.5,326,1005.1,0.0
2024-09-22T17:00,27.4,87,6.2,324,1005.1,0.0
2024-09-22T18:00,26.6,89,5.2,326,1005.1,0.0
2024-09-22T19:00,26.1,90,5.9,317,1004.9,0.0
2024-09-22T20:00,25.8,91,6.0,303,1004.6,0.0
2024-09-22T21:00,25.6,92,5.2,295,1004.1,0.0
2024-09-22T22:00,25.3,93,5.4,290,1004.2,0.0
2024-09-22T23:00,25.1,94,5.5,293,1004.6,0.0
2024-09-23T00:00,24.9,94,6.4,286,1004.9,0.0
2024-09-23T01:00,25.5,91,4.9,306,1006.2,0.0
2024-09-23T02:00,26.8,88,4.5,284,1007.0,0.0
2024-09-23T03:00,28.6,81,4.0,280,1007.4,0.0
2024-09-23T04:00,30.4,73,5.9,281,1007.6,0.0
2024-09-23T05:00,31.7,67,7.8,283,1007.5,0.0
2024-09-23T06:00,32.5,64,8.3,288,1007.0,0.0
2024-09-23T07:00,33.1,63,8.1,291,1006.3,0.0
2024-09-23T08:00,33.5,61,8.2,293,1005.1,0.0
2024-09-23T09:00,33.6,61,9.5,295,1004.0,0.0
2024-09-23T10:00,33.4,62,10.9,304,1003.2,0.0
2024-09-23T11:00,32.9,63,11.2,315,1002.8,0.0
2024-09-23T12:00,31.7,70,9.1,326,1002.3,0.0
2024-09-23T13:00,30.1,74,7.7,319,1003.3,0.0
2024-09-23T14:00,29.1,79,5.9,308,1003.4,0.0
2024-09-23T15:00,28.3,83,5.4,290,1003.9,0.0
2024-09-23T16:00,27.6,86,5.1,278,1004.4,0.0
2024-09-23T17:00,27.1,88,5.2,258,1004.4,0.0
2024-09-23T18:00,26.9,87,3.7,241,1004.6,0.0
2024-09-23T19:00,26.5,88,4.3,246,1004.6,0.0
2024-09-23T20:00,26.1,90,4.7,261,1004.4,0.0
2024-09-23T21:00,25.9,91,5.1,278,1004.0,0.0
2024-09-23T22:00,25.6,92,5.2,282,1003.9,0.0
2024-09-23T23:00,25.4,93,5.1,278,1003.9,0.0
2024-09-24T00:00,25.2,95,5.0,270,1004.1,0.0
2024-09-24T01:00,26.3,91,3.3,264,1005.4,0.0
2024-09-24T02:00,27.4,89,2.2,270,1005.6,0.0
2024-09-24T03:00,29.3,81,1.9,292,1006.1,0.0
2024-09-24T04:00,30.8,72,1.5,315,1006.3,0.0
2024-09-24T05:00,31.9,65,1.1,342,1006.2,0.0
2024-09-24T06:00,32.6,62,0.8,243,1005.6,0.0
2024-09-24T07:00,33.1,60,0.7,180,1004.8,0.0
2024-09-24T08:00,33.5,58,0.8,117,1003.6,0.0
2024-09-24T09:00,33.7,57,1.3,34,1002.4,0.0
2024-09-24T10:00,33.7,55,1.8,349,1001.4,0.0
2024-09-24T11:00,33.5,56,3.0,346,1001.0,0.0
2024-09-24T12:00,32.3,67,4.2,20,1001.0,0.0
2024-09-24T13:00,30.2,79,5.5,58,1001.7,0.0
2024-09-24T14:00,29.3,80,5.4,86,1002.3,0.0
2024-09-24T15:00,29.0,79,4.8,117,1003.0,0.0
2024-09-24T16:00,28.6,82,6.0,147,1003.9,0.0
2024-09-24T17:00,28.0,86,5.0,150,1004.1,0.0
2024-09-24T18:00,27.7,88,4.6,141,1003.9,0.0
2024-09-24T19:00,27.4,89,4.8,138,1003.9,0.0
2024-09-24T20:00,27.2,90,4.7,122,1003.8,0.0
2024-09-24T21:00,26.8,93,4.5,119,1003.3,0.0
2024-09-24T22:00,26.8,92,5.5,113,1003.2,0.0
2024-09-24T23:00,26.7,93,5.8,90,1003.5,0.0
2024-09-25T00:00,26.2,93,16.7,84,1004.4,0.1
2024-09-25T01:00,27.0,93,7.8,113,1005.0,0.0
2024-09-25T02:00,27.8,91,8.0,106,1005.4,0.0
2024-09-25T03:00,29.1,86,9.3,115,1005.9,0.0
2024-09-25T04:00,30.6,79,12.0,129,1006.3,0.1
2024-09-25T05:00,31.7,73,12.6,138,1006.2,0.2
2024-09-25T06:00,32.6,66,11.5,146,1005.7,0.0
2024-09-25T07:00,32.9,63,12.1,139,1004.9,0.0
2024-09-25T08:00,32.6,65,10.2,127,1003.5,0.0
2024-09-25T09:00,31.5,70,13.8,145,1002.9,0.1
2024-09-25T10:00,31.1,75,9.2,123,1002.2,0.0
2024-09-25T11:00,31.1,75,8.6,112,1002.0,0.0
2024-09-25T12:00,30.6,77,8.0,115,1002.1,0.0
2024-09-25T13:00,29.0,79,11.8,111,1003.0,0.0
2024-09-25T14:00,28.4,82,14.2,116,1003.8,0.0
2024-09-25T15:00,27.9,85,15.8,117,1004.9,0.0
2024-09-25T16:00,27.4,86,15.1,118,1005.5,0.0
2024-09-25T17:00,26.7,87,13.6,114,1005.8,0.0
2024-09-25T18:00,26.3,89,12.9,115,1005.8,0.0
2024-09-25T19:00,26.0,90,11.9,121,1005.4,0.0
2024-09-25T20:00,25.8,92,11.5,121,1005.1,0.0
2024-09-25T21:00,25.6,94,10.9,112,1004.9,0.0
2024-09-25T22:00,25.5,95,10.4,105,1004.9,0.0
2024-09-25T23:00,25.3,96,10.3,102,1004.8,0.0
2024-09-26T00:00,25.2,96,10.8,111,1004.9,0.0
2024-09-26T01:00,25.5,93,6.2,123,1005.5,0.1
2024-09-26T02:00,26.2,90,10.4,122,1005.5,0.0
2024-09-26T03:00,27.3,85,12.5,111,1006.3,0.1
2024-09-26T04:00,28.0,85,11.9,93,1007.1,0.1
2024-09-26T05:00,29.1,79,12.7,119,1006.4,0.1
2024-09-26T06:00,30.0,74,11.3,108,1005.9,0.0
2024-09-26T07:00,31.0,71,7.7,89,1005.0,0.1
2024-09-26T08:00,31.3,69,9.1,107,1003.6,0.1
2024-09-26T09:00,31.6,66,10.8,111,1002.1,0.0
2024-09-26T10:00,31.5,65,8.6,101,1001.3,0.0
2024-09-26T11:00,30.7,68,10.2,103,1001.3,0.3
2024-09-26T12:00,29.8,75,8.1,91,1001.7,0.0
2024-09-26T13:00,28.6,79,4.9,114,1002.2,0.0
2024-09-26T14:00,28.1,81,6.6,131,1003.2,0.0
2024-09-26T15:00,27.7,82,7.8,146,1004.3,0.0
2024-09-26T16:00,27.4,82,11.0,145,1004.8,0.0
2024-09-26T17:00,27.1,84,11.6,138,1004.9,0.0
2024-09-26T18:00,26.7,85,10.3,131,1004.8,0.0
2024-09-26T19:00,26.3,86,8.9,126,1004.8,0.0
2024-09-26T20:00,26.0,87,6.8,119,1004.4,0.0
2024-09-26T21:00,25.6,89,6.8,119,1003.7,0.0
2024-09-26T22:00,25.3,91,7.3,130,1002.8,0.0
2024-09-26T23:00,25.1,91,9.8,125,1002.9,0.0
2024-09-27T00:00,25.0,90,10.5,119,1003.3,0.0
2024-09-27T01:00,25.3,89,10.5,94,1004.4,0.0
2024-09-27T02:00,25.9,84,13.7,90,1005.0,0.0
2024-09-27T03:00,26.7,81,11.2,86,1005.4,0.0
2024-09-27T04:00,27.9,78,10.4,80,1005.8,0.0
2024-09-27T05:00,29.2,71,15.2,97,1006.0,0.0
2024-09-27T06:00,29.6,70,14.5,101,1006.0,0.2
2024-09-27T07:00,30.2,67,12.1,107,1004.8,0.1
2024-09-27T08:00,31.0,64,8.9,82,1003.4,0.0
2024-09-27T09:00,30.9,65,9.7,56,1002.6,0.0
2024-09-27T10:00,30.5,65,13.6,53,1001.8,0.4
2024-09-27T11:00,29.5,71,10.9,66,1002.0,0.0
2024-09-27T12:00,29.0,75,8.2,80,1002.5,0.0
2024-09-27T13:00,27.6,80,6.2,57,1002.9,0.0
2024-09-27T14:00,26.6,85,5.1,98,1003.5,0.0
2024-09-27T15:00,26.0,88,5.2,110,1004.5,0.0
2024-09-27T16:00,25.8,89,6.4,117,1004.7,0.0
2024-09-27T17:00,25.4,85,8.8,105,1005.2,0.0
2024-09-27T18:00,24.8,84,10.4,101,1005.4,0.0
2024-09-27T19:00,24.4,86,9.6,103,1005.5,0.0
2024-09-27T20:00,23.9,89,5.7,81,1005.3,0.0
2024-09-27T21:00,23.5,92,6.8,68,1004.6,0.0
2024-09-27T22:00,23.2,94,7.3,83,1003.7,0.0
2024-09-27T23:00,23.1,95,7.7,87,1003.6,0.0
2024-09-28T00:00,23.0,96,8.3,108,1003.8,0.0
2024-09-28T01:00,23.2,95,4.4,78,1004.9,0.0
2024-09-28T02:00,24.2,91,5.6,84,1006.0,0.0
2024-09-28T03:00,25.4,86,5.4,75,1006.9,0.0
2024-09-28T04:00,26.9,80,7.9,90,1007.3,0.0
2024-09-28T05:00,28.3,74,10.4,70,1007.6,0.0
2024-09-28T06:00,28.9,71,10.5,52,1007.5,0.0
2024-09-28T07:00,30.2,65,8.8,41,1006.7,0.0
2024-09-28T08:00,30.4,63,8.2,32,1005.8,0.0
2024-09-28T09:00,30.6,62,7.6,28,1004.7,0.0
2024-09-28T10:00,30.4,64,7.9,30,1004.0,0.0
2024-09-28T11:00,30.0,65,9.3,25,1003.9,0.0
2024-09-28T12:00,29.2,71,6.9,28,1004.5,0.0
2024-09-28T13:00,27.3,78,6.1,177,1005.8,0.0
2024-09-28T14:00,26.5,83,5.5,193,1006.7,0.0
2024-09-28T15:00,25.7,87,5.6,155,1008.0,0.0
2024-09-28T16:00,25.3,88,6.8,115,1009.0,0.0
2024-09-28T17:00,24.8,89,7.6,117,1009.4,0.0
2024-09-28T18:00,24.2,91,5.4,111,1009.4,0.0
2024-09-28T19:00,23.7,93,4.9,98,1009.1,0.0
2024-09-28T20:00,23.4,95,6.0,95,1008.6,0.0
2024-09-28T21:00,23.2,96,5.7,103,1008.2,0.0
2024-09-28T22:00,23.1,97,6.4,72,1008.3,0.0
2024-09-28T23:00,23.0,98,5.6,65,1008.7,0.0
2024-09-29T00:00,22.7,98,3.7,61,1008.8,0.0
2024-09-29T01:00,23.4,96,6.4,50,1009.4,0.0
2024-09-29T02:00,24.2,93,8.7,40,1009.7,0.0
2024-09-29T03:00,25.7,85,9.3,46,1010.2,0.0
2024-09-29T04:00,27.1,78,7.7,66,1010.6,0.1
2024-09-29T05:00,28.0,75,6.6,68,1010.7,0.1
2024-09-29T06:00,28.7,72,7.1,41,1010.1,0.1
2024-09-29T07:00,29.3,69,7.8,26,1008.9,0.0
2024-09-29T08:00,30.4,66,8.3,16,1007.8,0.0
2024-09-29T09:00,30.6,65,9.7,19,1007.2,0.1
2024-09-29T10:00,30.4,65,9.6,26,1006.6,0.0
2024-09-29T11:00,30.2,66,8.3,33,1006.1,0.0
2024-09-29T12:00,29.4,74,3.2,47,1006.4,0.0
2024-09-29T13:00,28.1,81,4.7,137,1007.6,0.0
2024-09-29T14:00,27.7,81,4.7,133,1008.2,0.0
2024-09-29T15:00,27.4,81,3.8,172,1009.0,0.0
2024-09-29T16:00,25.9,90,5.5,199,1009.7,0.0
2024-09-29T17:00,25.5,92,5.0,218,1009.8,0.0
2024-09-29T18:00,25.9,89,2.2,204,1009.5,0.0
2024-09-29T19:00,25.3,92,2.2,194,1009.1,0.0
2024-09-29T20:00,24.3,95,4.2,220,1008.6,0.0
2024-09-29T21:00,24.3,94,4.2,250,1008.2,0.0
2024-09-29T22:00,24.3,93,7.4,276,1008.1,0.0
2024-09-29T23:00,24.0,94,7.0,269,1008.3,0.0
2024-09-30T00:00,23.6,96,7.0,267,1008.5,0.0
2024-09-30T01:00,24.2,95,7.2,267,1009.0,0.0
2024-09-30T02:00,25.3,92,7.9,269,1009.6,0.0
2024-09-30T03:00,27.3,84,7.9,267,1009.9,0.0
2024-09-30T04:00,29.1,74,9.6,267,1010.1,0.0
2024-09-30T05:00,30.3,67,10.5,278,1010.0,0.0
2024-09-30T06:00,31.1,62,11.8,291,1009.2,0.0
2024-09-30T07:00,32.0,57,13.2,304,1008.2,0.0
2024-09-30T08:00,32.6,54,14.5,311,1007.0,0.0
2024-09-30T09:00,32.9,53,15.5,312,1006.0,0.0
2024-09-30T10:00,32.6,55,14.5,316,1005.2,0.0
2024-09-30T11:00,31.9,60,11.7,323,1005.1,0.0
2024-09-30T12:00,30.4,68,8.8,334,1005.0,0.0
2024-09-30T13:00,28.4,75,6.3,323,1006.0,0.0
2024-09-30T14:00,27.1,83,7.6,301,1006.3,0.0
2024-09-30T15:00,27.1,82,5.7,281,1006.6,0.0
2024-09-30T16:00,26.2,86,5.9,272,1006.8,0.0
2024-09-30T17:00,25.7,87,5.6,272,1006.6,0.0
2024-09-30T18:00,25.5,88,5.4,284,1006.1,0.0
2024-09-30T19:00,25.3,89,6.2,287,1005.8,0.0
2024-09-30T20:00,24.9,91,6.1,273,1005.6,0.0
2024-09-30T21:00,24.6,93,6.4,262,1005.0,0.0
2024-09-30T22:00,24.3,94,6.3,255,1004.9,0.0
2024-09-30T23:00,24.1,94,6.2,258,1005.0,0.0
2024-10-01T00:00,23.8,94,5.9,258,1005.1,0.0
2024-10-01T01:00,24.4,90,7.7,273,1005.8,0.0
2024-10-01T02:00,25.6,87,8.8,268,1006.3,0.0
2024-10-01T03:00,27.5,80,8.3,265,1006.9,0.0
2024-10-01T04:00,29.3,72,10.5,274,1007.1,0.0
2024-10-01T05:00,30.6,65,12.4,289,1006.8,0.0
2024-10-01T06:00,31.6,61,13.6,294,1006.3,0.0
2024-10-01T07:00,32.4,57,13.8,296,1005.2,0.0
2024-10-01T08:00,33.0,57,14.6,297,1004.3,0.0
2024-10-01T09:00,33.2,58,14.9,297,1003.3,0.0
2024-10-01T10:00,33.3,58,14.3,295,1002.7,0.0
2024-10-01T11:00,32.9,60,11.9,301,1002.3,0.0
2024-10-01T12:00,31.4,68,7.5,316,1002.2,0.0
2024-10-01T13:00,28.8,76,6.8,297,1003.2,0.0
2024-10-01T14:00,27.8,83,8.1,317,1003.5,0.0
2024-10-01T15:00,28.0,81,5.5,9,1004.0,0.0
2024-10-01T16:00,27.9,80,5.0,44,1004.2,0.0
2024-10-01T17:00,27.2,83,2.2,138,1004.3,0.0
2024-10-01T18:00,25.7,90,4.8,193,1004.4,0.0
2024-10-01T19:00,25.2,92,7.3,210,1004.6,0.0
2024-10-01T20:00,25.0,92,6.0,197,1004.5,0.0
2024-10-01T21:00,24.5,94,5.4,194,1004.2,0.0
2024-10-01T22:00,24.3,95,5.1,207,1004.2,0.0
2024-10-01T23:00,24.3,94,4.7,220,1004.4,0.0
2024-10-02T00:00,24.4,93,5.9,235,1004.8,0.0
2024-10-02T01:00,25.7,89,6.3,250,1005.6,0.0
2024-10-02T02:00,27.0,85,8.3,264,1006.0,0.0
2024-10-02T03:00,28.9,80,6.8,281,1006.4,0.0
2024-10-02T04:00,30.7,73,8.3,292,1006.3,0.0
2024-10-02T05:00,32.1,67,11.2,288,1006.2,0.0
2024-10-02T06:00,33.2,60,13.7,293,1005.4,0.0
2024-10-02T07:00,34.0,55,16.0,296,1004.2,0.0
2024-10-02T08:00,34.4,52,16.8,297,1003.2,0.0
2024-10-02T09:00,34.7,49,16.9,294,1002.3,0.0
2024-10-02T10:00,34.6,48,15.8,291,1001.8,0.0
2024-10-02T11:00,33.7,52,12.5,293,1001.6,0.0
2024-10-02T12:00,31.5,63,7.1,289,1001.3,0.0
2024-10-02T13:00,28.9,76,8.7,284,1002.5,0.0
2024-10-02T14:00,30.4,66,4.4,258,1003.0,0.0
2024-10-02T15:00,27.5,80,4.8,217,1003.7,0.0
2024-10-02T16:00,26.8,80,5.6,225,1004.0,0.0
2024-10-02T17:00,26.6,79,6.7,232,1004.2,0.0
2024-10-02T18:00,26.0,80,6.4,241,1004.0,0.0
2024-10-02T19:00,25.1,86,7.2,302,1003.9,0.0
2024-10-02T20:00,24.8,87,5.0,296,1003.6,0.0
2024-10-02T21:00,24.7,86,6.5,275,1003.1,0.0
2024-10-02T22:00,24.7,84,8.1,267,1003.1,0.0
2024-10-02T23:00,24.5,84,8.1,253,1003.2,0.0
2024-10-03T00:00,24.6,80,11.5,253,1003.6,0.0
2024-10-03T01:00,25.9,63,15.8,262,1004.1,0.0
2024-10-03T02:00,26.4,63,16.4,266,1004.8,0.0
2024-10-03T03:00,28.1,64,14.4,273,1005.5,0.0
2024-10-03T04:00,29.8,58,15.2,287,1006.0,0.0
2024-10-03T05:00,31.2,54,16.6,291,1005.8,0.0
2024-10-03T06:00,32.3,50,16.6,299,1005.2,0.0
2024-10-03T07:00,33.1,48,14.9,304,1004.3,0.0
2024-10-03T08:00,33.7,47,12.4,309,1003.4,0.0
2024-10-03T09:00,34.0,46,10.2,306,1002.6,0.0
2024-10-03T10:00,33.9,47,9.4,300,1001.9,0.0
2024-10-03T11:00,33.1,55,6.3,301,1001.6,0.0
2024-10-03T12:00,30.6,74,6.6,315,1001.5,0.0
2024-10-03T13:00,29.2,71,6.7,306,1002.2,0.0
2024-10-03T14:00,28.0,76,7.2,347,1002.9,0.0
2024-10-03T15:00,26.7,81,8.7,14,1003.4,0.0
2024-10-03T16:00,28.3,73,5.8,16,1003.7,0.0
2024-10-03T17:00,25.0,88,5.6,201,1004.0,0.0
2024-10-03T18:00,25.6,83,5.4,176,1004.3,0.0
2024-10-03T19:00,24.9,86,5.6,84,1004.2,0.0
2024-10-03T20:00,23.8,92,6.6,135,1004.0,0.0
2024-10-03T21:00,23.8,92,5.3,162,1004.0,0.0
2024-10-03T22:00,23.5,92,5.5,153,1004.1,0.0
2024-10-03T23:00,23.7,90,5.9,180,1004.2,0.0
2024-10-04T00:00,23.4,90,6.0,185,1004.6,0.0
2024-10-04T01:00,25.3,67,10.5,258,1004.7,0.0
2024-10-04T02:00,26.1,65,10.7,276,1005.4,0.0
2024-10-04T03:00,27.8,63,9.4,274,1006.3,0.0
2024-10-04T04:00,29.5,56,11.8,283,1006.8,0.0
2024-10-04T05:00,31.0,52,13.2,292,1006.9,0.0
2024-10-04T06:00,32.1,50,13.4,298,1006.4,0.0
2024-10-04T07:00,33.0,49,12.8,301,1005.7,0.0
2024-10-04T08:00,33.4,49,11.6,302,1004.8,0.0
2024-10-04T09:00,33.6,50,10.8,302,1004.1,0.0
2024-10-04T10:00,33.5,51,10.6,293,1003.4,0.0
2024-10-04T11:00,33.0,56,7.9,287,1003.1,0.0
2024-10-04T12:00,31.0,73,6.1,275,1003.2,0.0
2024-10-04T13:00,28.8,74,7.2,332,1003.9,0.0
2024-10-04T14:00,27.7,78,6.8,3,1004.6,0.0
2024-10-04T15:00,27.8,76,5.0,69,1005.3,0.0
2024-10-04T16:00,26.9,80,3.9,133,1005.7,0.0
2024-10-04T17:00,25.8,85,5.0,159,1005.9,0.0
2024-10-04T18:00,25.5,86,5.4,174,1005.9,0.0
2024-10-04T19:00,25.0,88,6.8,169,1005.8,0.0
2024-10-04T20:00,25.0,87,6.5,166,1005.9,0.0
2024-10-04T21:00,24.2,92,7.5,172,1005.6,0.0
2024-10-04T22:00,23.9,93,7.1,187,1006.0,0.0
2024-10-04T23:00,23.5,94,7.2,217,1006.3,0.0
2024-10-05T00:00,23.7,89,5.9,256,1006.9,0.0
2024-10-05T01:00,25.4,73,11.4,275,1007.6,0.0
2024-10-05T02:00,26.1,69,13.3,273,1008.1,0.0
2024-10-05T03:00,27.7,66,13.5,279,1008.7,0.0
2024-10-05T04:00,29.2,63,16.9,284,1008.9,0.0
2024-10-05T05:00,30.6,61,18.2,288,1008.8,0.0
2024-10-05T06:00,32.0,56,17.8,298,1008.2,0.0
2024-10-05T07:00,32.9,53,15.9,309,1007.4,0.0
2024-10-05T08:00,33.5,50,13.5,316,1006.5,0.0
2024-10-05T09:00,33.7,48,11.0,319,1005.5,0.0
2024-10-05T10:00,33.5,48,9.3,317,1005.0,0.0
2024-10-05T11:00,32.9,54,6.1,304,1005.4,0.0
2024-10-05T12:00,30.8,71,6.0,261,1005.7,0.0
2024-10-05T13:00,28.2,70,8.3,333,1006.3,0.0
2024-10-05T14:00,29.9,59,5.2,4,1006.9,0.0
2024-10-05T15:00,29.2,61,0.9,180,1007.8,0.0
2024-10-05T16:00,26.0,75,4.2,192,1008.1,0.0
2024-10-05T17:00,25.9,73,6.0,185,1008.6,0.0
2024-10-05T18:00,25.5,72,7.9,183,1008.8,0.0
2024-10-05T19:00,25.8,71,10.7,207,1008.9,0.0
2024-10-05T20:00,25.1,75,6.9,205,1008.8,0.0
2024-10-05T21:00,24.1,81,9.3,212,1008.8,0.0
2024-10-05T22:00,24.1,79,8.0,247,1009.0,0.0
2024-10-05T23:00,23.3,82,8.6,268,1009.4,0.0
2024-10-06T00:00,23.2,80,6.2,255,1009.7,0.0
2024-10-06T01:00,23.7,84,4.1,270,1011.2,0.0
2024-10-06T02:00,25.0,80,4.5,270,1011.4,0.0
2024-10-06T03:00,27.2,73,3.8,287,1011.8,0.0
2024-10-06T04:00,29.3,65,7.1,311,1012.1,0.0
2024-10-06T05:00,30.8,59,6.5,328,1012.4,0.0
2024-10-06T06:00,32.0,55,6.4,331,1012.0,0.0
2024-10-06T07:00,33.0,49,8.0,329,1011.2,0.0
2024-10-06T08:00,33.5,45,10.5,335,1010.0,0.0
2024-10-06T09:00,33.6,43,11.8,333,1009.3,0.0
2024-10-06T10:00,32.8,43,15.5,325,1009.3,0.0
2024-10-06T11:00,31.4,51,12.5,320,1009.2,0.0
2024-10-06T12:00,29.6,60,7.1,326,1009.4,0.0
2024-10-06T13:00,29.0,59,8.9,324,1009.8,0.0
2024-10-06T14:00,27.4,65,7.1,333,1010.4,0.0
2024-10-06T15:00,26.1,72,7.1,341,1010.9,0.0
2024-10-06T16:00,25.1,77,9.2,3,1011.1,0.0
2024-10-06T17:00,24.5,80,9.7,18,1011.4,0.0
2024-10-06T18:00,24.1,81,8.6,20,1011.5,0.0
2024-10-06T19:00,23.6,83,8.3,347,1011.9,0.0
2024-10-06T20:00,23.1,85,7.3,312,1011.9,0.0
2024-10-06T21:00,22.8,86,6.1,284,1011.8,0.0
2024-10-06T22:00,22.9,85,4.7,272,1011.9,0.0
2024-10-06T23:00,21.8,91,6.9,277,1012.1,0.0
2024-10-07T00:00,21.6,92,4.9,260,1012.5,0.0
2024-10-07T01:00,22.6,90,3.8,267,1013.8,0.0
2024-10-07T02:00,24.0,85,3.7,309,1014.5,0.0
2024-10-07T03:00,25.9,77,4.3,332,1015.1,0.0
2024-10-07T04:00,27.7,69,5.0,311,1014.9,0.0
2024-10-07T05:00,29.3,62,6.0,297,1014.5,0.0
2024-10-07T06:00,30.7,56,7.3,300,1013.9,0.0
2024-10-07T07:00,31.7,51,8.5,312,1013.0,0.0
2024-10-07T08:00,32.4,49,8.7,322,1011.9,0.0
2024-10-07T09:00,32.6,47,9.1,326,1010.9,0.0
2024-10-07T10:00,32.4,47,9.6,330,1010.3,0.0
2024-10-07T11:00,31.7,51,8.3,330,1010.3,0.0
2024-10-07T12:00,29.7,61,6.2,338,1010.2,0.0
2024-10-07T13:00,27.6,67,7.4,334,1011.1,0.0
2024-10-07T14:00,26.5,72,8.1,325,1011.8,0.0
2024-10-07T15:00,26.0,74,7.0,318,1012.6,0.0
2024-10-07T16:00,25.7,73,7.6,338,1012.8,0.0
2024-10-07T17:00,24.8,78,6.7,355,1012.9,0.0
2024-10-07T18:00,23.5,86,7.4,6,1012.8,0.0
2024-10-07T19:00,23.2,89,7.7,360,1012.5,0.0
2024-10-07T20:00,23.5,88,6.1,5,1012.3,0.0
2024-10-07T21:00,22.9,91,6.2,22,1012.0,0.0
2024-10-07T22:00,22.1,94,7.3,42,1011.7,0.0
2024-10-07T23:00,22.1,94,6.3,31,1012.0,0.0
2024-10-08T00:00,22.3,93,2.7,298,1012.3,0.0
2024-10-08T01:00,23.1,93,4.7,277,1013.3,0.0
2024-10-08T02:00,24.4,88,4.5,286,1013.9,0.0
2024-10-08T03:00,26.5,80,4.8,307,1014.7,0.0
2024-10-08T04:00,28.4,74,4.8,307,1015.0,0.0
2024-10-08T05:00,30.1,64,5.8,306,1014.8,0.0
2024-10-08T06:00,31.1,57,6.5,318,1013.7,0.0
2024-10-08T07:00,31.9,52,7.4,326,1012.4,0.0
2024-10-08T08:00,32.5,47,8.0,324,1011.2,0.0
2024-10-08T09:00,32.8,44,8.6,323,1009.9,0.0
2024-10-08T10:00,32.5,44,10.1,320,1009.2,0.0
2024-10-08T11:00,31.7,48,9.1,321,1009.0,0.0
2024-10-08T12:00,29.8,55,8.0,322,1009.0,0.0
2024-10-08T13:00,27.8,64,7.8,347,1010.0,0.0
2024-10-08T14:00,27.0,66,6.8,357,1010.8,0.0
2024-10-08T15:00,25.4,75,7.4,360,1011.4,0.0
2024-10-08T16:00,24.4,80,7.7,344,1011.6,0.0
2024-10-08T17:00,24.3,81,6.5,330,1011.4,0.0
2024-10-08T18:00,23.9,82,5.2,311,1011.0,0.0
2024-10-08T19:00,24.5,77,2.7,266,1010.7,0.0
2024-10-08T20:00,24.3,77,2.0,243,1010.2,0.0
2024-10-08T21:00,22.5,85,3.2,254,1009.8,0.0
2024-10-08T22:00,22.0,86,5.5,289,1009.5,0.0
2024-10-08T23:00,21.1,89,6.0,314,1009.5,0.0
2024-10-09T00:00,20.3,92,6.9,300,1009.9,0.0
2024-10-09T01:00,21.9,85,4.0,278,1011.3,0.0
2024-10-09T02:00,23.3,80,7.1,277,1012.0,0.0
2024-10-09T03:00,25.5,72,6.4,295,1012.5,0.0
2024-10-09T04:00,27.7,63,6.2,308,1012.7,0.0
2024-10-09T05:00,29.5,56,5.7,319,1012.4,0.0
2024-10-09T06:00,30.9,49,6.7,316,1011.5,0.0
2024-10-09T07:00,31.7,46,8.0,306,1010.4,0.0
2024-10-09T08:00,32.4,43,10.0,303,1009.3,0.0
2024-10-09T09:00,32.5,42,12.3,304,1008.3,0.0
2024-10-09T10:00,32.1,42,14.6,309,1007.6,0.0
2024-10-09T11:00,31.3,45,12.9,314,1007.2,0.0
2024-10-09T12:00,29.6,50,9.6,326,1007.0,0.0
2024-10-09T13:00,27.6,60,7.4,347,1008.4,0.0
2024-10-09T14:00,26.5,64,7.0,347,1008.9,0.0
2024-10-09T15:00,24.9,74,8.5,299,1009.7,0.0
2024-10-09T16:00,24.3,76,7.7,267,1009.7,0.0
2024-10-09T17:00,24.3,75,6.5,257,1010.0,0.0
2024-10-09T18:00,24.2,74,6.7,265,1009.9,0.0
2024-10-09T19:00,23.6,76,7.4,284,1009.5,0.0
2024-10-09T20:00,23.0,78,7.9,282,1009.3,0.0
2024-10-09T21:00,22.8,79,7.1,289,1008.9,0.0
2024-10-09T22:00,22.4,82,7.2,297,1008.8,0.0
2024-10-09T23:00,21.9,82,6.3,329,1008.5,0.0
2024-10-10T00:00,21.0,82,8.2,324,1008.7,0.0
2024-10-10T01:00,22.3,76,7.6,285,1010.2,0.0
2024-10-10T02:00,23.4,75,9.5,289,1010.7,0.0
2024-10-10T03:00,25.4,68,7.9,294,1011.1,0.0
2024-10-10T04:00,27.4,59,8.9,304,1011.4,0.0
2024-10-10T05:00,29.2,52,9.9,308,1011.1,0.0
2024-10-10T06:00,30.7,45,12.3,308,1010.1,0.0
2024-10-10T07:00,31.8,40,13.6,307,1009.1,0.0
2024-10-10T08:00,32.3,38,12.9,302,1008.2,0.0
2024-10-10T09:00,32.5,36,13.4,299,1007.3,0.0
2024-10-10T10:00,32.2,36,14.1,305,1007.0,0.0
2024-10-10T11:00,31.3,39,12.2,313,1007.0,0.0
2024-10-10T12:00,29.0,46,8.3,314,1007.0,0.0
2024-10-10T13:00,26.3,57,9.6,326,1008.2,0.0
2024-10-10T14:00,25.2,64,10.2,316,1008.8,0.0
2024-10-10T15:00,24.3,67,10.7,305,1009.3,0.0
2024-10-10T16:00,23.8,67,10.1,295,1009.7,0.0
2024-10-10T17:00,22.9,67,7.2,270,1010.1,0.0
2024-10-10T18:00,22.2,69,7.1,276,1010.0,0.0
2024-10-10T19:00,21.4,73,6.4,278,1009.6,0.0
2024-10-10T20:00,21.1,72,7.4,273,1009.2,0.0
2024-10-10T21:00,20.5,71,7.5,281,1009.0,0.0
2024-10-10T22:00,19.8,71,7.0,296,1009.1,0.0
2024-10-10T23:00,19.1,73,6.0,297,1009.2,0.0
2024-10-11T00:00,18.5,74,6.5,294,1009.3,0.0
2024-10-11T01:00,19.1,73,6.1,282,1010.0,0.0
2024-10-11T02:00,20.9,68,9.7,269,1010.9,0.0
2024-10-11T03:00,23.8,61,8.8,271,1011.4,0.0
2024-10-11T04:00,26.6,53,9.0,280,1011.8,0.0
2024-10-11T05:00,29.0,47,8.7,292,1011.6,0.0
2024-10-11T06:00,30.7,40,11.0,298,1010.8,0.0
2024-10-11T07:00,31.5,36,14.0,296,1009.7,0.0
2024-10-11T08:00,31.9,35,14.7,297,1008.6,0.0
2024-10-11T09:00,31.9,35,14.6,299,1007.7,0.0
2024-10-11T10:00,31.5,36,14.1,302,1007.0,0.0
2024-10-11T11:00,30.7,39,11.0,308,1007.0,0.0
2024-10-11T12:00,28.2,47,7.1,319,1007.2,0.0
2024-10-11T13:00,25.2,61,10.2,312,1008.1,0.0
2024-10-11T14:00,24.2,65,9.2,271,1008.7,0.0
2024-10-11T15:00,23.7,65,8.7,249,1009.4,0.0
2024-10-11T16:00,23.6,63,6.9,237,1009.9,0.0
2024-10-11T17:00,22.6,67,8.0,252,1009.7,0.0
2024-10-11T18:00,22.4,67,7.5,278,1009.8,0.0
2024-10-11T19:00,21.9,70,7.8,285,1009.5,0.0
2024-10-11T20:00,21.0,75,6.9,285,1009.3,0.0
2024-10-11T21:00,20.1,81,7.5,305,1008.9,0.0
2024-10-11T22:00,19.3,84,8.0,290,1008.9,0.0
2024-10-11T23:00,19.3,84,5.9,272,1009.0,0.0
2024-10-12T00:00,18.7,86,6.1,275,1009.4,0.0
2024-10-12T01:00,19.7,82,7.5,262,1010.3,0.0
2024-10-12T02:00,21.4,76,9.6,261,1010.9,0.0
2024-10-12T03:00,24.2,69,5.9,259,1011.5,0.0
2024-10-12T04:00,27.3,56,7.7,252,1011.9,0.0
2024-10-12T05:00,29.5,47,8.7,276,1011.7,0.0
2024-10-12T06:00,30.7,42,9.3,295,1011.1,0.0
2024-10-12T07:00,31.5,38,9.8,294,1010.1,0.0
2024-10-12T08:00,32.1,36,10.1,290,1009.5,0.0
2024-10-12T09:00,32.2,34,9.8,294,1008.9,0.0
2024-10-12T10:00,32.0,34,8.9,304,1008.7,0.0
2024-10-12T11:00,31.1,40,6.8,325,1008.6,0.0
2024-10-12T12:00,28.3,55,6.0,351,1008.8,0.0
2024-10-12T13:00,27.4,54,8.4,19,1009.7,0.0
2024-10-12T14:00,25.6,61,7.2,28,1010.0,0.0
2024-10-12T15:00,23.8,70,10.2,42,1010.5,0.0
2024-10-12T16:00,23.2,73,7.9,69,1010.5,0.0
2024-10-12T17:00,22.1,78,4.7,152,1010.6,0.0
2024-10-12T18:00,22.2,75,6.3,183,1010.5,0.0
2024-10-12T19:00,21.8,74,6.5,183,1010.2,0.0
2024-10-12T20:00,21.5,74,7.3,187,1010.0,0.0
2024-10-12T21:00,21.2,75,8.0,203,1009.9,0.0
2024-10-12T22:00,20.8,77,9.5,205,1009.7,0.0
2024-10-12T23:00,21.5,72,6.7,204,1009.8,0.0
2024-10-13T00:00,22.4,68,4.3,265,1010.6,0.0
2024-10-13T01:00,19.0,90,4.8,333,1011.8,0.0
2024-10-13T02:00,21.1,83,6.1,358,1012.4,0.0
2024-10-13T03:00,24.3,72,5.8,356,1013.1,0.0
2024-10-13T04:00,27.5,59,4.2,350,1013.3,0.0
2024-10-13T05:00,29.7,45,2.2,305,1013.2,0.0
2024-10-13T06:00,30.9,36,3.6,264,1012.3,0.0
2024-10-13T07:00,31.7,33,4.5,277,1011.3,0.0
2024-10-13T08:00,32.2,32,5.8,286,1010.4,0.0
2024-10-13T09:00,32.4,31,7.0,293,1009.9,0.0
2024-10-13T10:00,32.1,32,7.4,315,1009.4,0.0
2024-10-13T11:00,30.9,39,6.7,352,1009.0,0.0
2024-10-13T12:00,28.2,51,7.2,22,1009.1,0.0
2024-10-13T13:00,27.9,46,10.1,20,1009.8,0.0
2024-10-13T14:00,27.0,51,9.6,30,1010.3,0.0
2024-10-13T15:00,25.7,56,6.2,41,1010.9,0.0
2024-10-13T16:00,25.3,59,6.4,43,1011.2,0.0
2024-10-13T17:00,25.2,60,5.9,78,1011.4,0.0
2024-10-13T18:00,23.7,65,4.6,132,1011.3,0.0
2024-10-13T19:00,23.4,68,4.8,146,1011.0,0.0
2024-10-13T20:00,21.9,72,5.3,172,1010.6,0.0
2024-10-13T21:00,21.2,76,6.7,194,1010.5,0.0
2024-10-13T22:00,21.0,75,6.7,211,1010.5,0.0
2024-10-13T23:00,20.4,77,8.3,226,1010.7,0.0
2024-10-14T00:00,20.2,77,8.1,252,1011.0,0.0
2024-10-14T01:00,20.4,83,5.5,319,1012.5,0.0
2024-10-14T02:00,22.2,76,7.8,338,1013.3,0.0
2024-10-14T03:00,24.4,69,3.4,344,1014.0,0.0
2024-10-14T04:00,26.6,61,3.4,360,1014.3,0.0
2024-10-14T05:00,28.6,53,4.2,5,1014.1,0.0
2024-10-14T06:00,30.1,44,4.3,343,1013.2,0.0
2024-10-14T07:00,31.2,37,5.9,329,1012.0,0.0
2024-10-14T08:00,31.8,33,8.0,329,1011.1,0.0
2024-10-14T09:00,31.8,33,10.4,334,1010.1,0.0
2024-10-14T10:00,31.4,34,11.7,340,1009.5,0.0
2024-10-14T11:00,30.3,39,9.3,344,1009.3,0.0
2024-10-14T12:00,27.8,47,7.5,352,1009.3,0.0
2024-10-14T13:00,26.4,48,8.9,8,1009.7,0.0
2024-10-14T14:00,24.8,53,7.4,6,1010.3,0.0
2024-10-14T15:00,24.4,58,7.7,31,1011.0,0.0
2024-10-14T16:00,25.5,52,2.3,141,1011.3,0.0
2024-10-14T17:00,22.4,64,4.3,204,1011.6,0.0
2024-10-14T18:00,22.3,63,5.7,233,1011.6,0.0
2024-10-14T19:00,21.5,67,7.5,255,1011.2,0.0
2024-10-14T20:00,21.2,69,6.8,273,1011.0,0.0
2024-10-14T21:00,20.8,69,8.4,259,1010.4,0.0
2024-10-14T22:00,20.0,72,7.2,256,1010.4,0.0
2024-10-14T23:00,19.8,72,8.4,263,1010.4,0.0
2024-10-15T00:00,19.3,74,7.9,269,1010.6,0.0
2024-10-15T01:00,19.8,77,7.2,276,1011.7,0.0
2024-10-15T02:00,21.1,73,9.2,291,1012.3,0.0
2024-10-15T03:00,23.7,67,5.7,302,1013.0,0.0
2024-10-15T04:00,26.4,57,6.7,304,1013.0,0.0
2024-10-15T05:00,28.6,49,8.2,296,1012.6,0.0
2024-10-15T06:00,30.2,44,10.1,305,1011.7,0.0
2024-10-15T07:00,31.1,41,12.2,313,1010.7,0.0
2024-10-15T08:00,31.7,39,13.0,312,1009.6,0.0
2024-10-15T09:00,32.0,37,13.0,312,1008.9,0.0
2024-10-15T10:00,31.8,36,12.9,311,1008.3,0.0
2024-10-15T11:00,30.9,40,9.3,310,1008.3,0.0
2024-10-15T12:00,27.9,51,7.8,310,1008.4,0.0
2024-10-15T13:00,25.9,57,9.1,308,1009.0,0.0
2024-10-15T14:00,25.0,62,9.0,317,1009.5,0.0
2024-10-15T15:00,25.7,59,6.8,288,1009.9,0.0
2024-10-15T16:00,23.3,66,7.8,255,1010.1,0.0
2024-10-15T17:00,22.7,67,7.4,266,1010.2,0.0
2024-10-15T18:00,21.5,72,8.3,276,1009.8,0.0
2024-10-15T19:00,20.7,77,7.5,290,1009.3,0.0
2024-10-15T20:00,19.9,81,8.7,292,1009.0,0.0
2024-10-15T21:00,19.5,81,6.6,257,1008.7,0.0
2024-10-15T22:00,19.2,79,6.9,261,1008.6,0.0
2024-10-15T23:00,18.6,80,7.3,260,1008.6,0.0
2024-10-16T00:00,18.6,76,6.6,253,1009.4,0.0
2024-10-16T01:00,19.7,74,6.2,260,1010.4,0.0
2024-10-16T02:00,21.3,70,7.2,266,1010.9,0.0
2024-10-16T03:00,24.2,65,4.5,265,1011.4,0.0
2024-10-16T04:00,27.1,55,3.5,255,1011.8,0.0
2024-10-16T05:00,29.4,46,4.1,255,1011.2,0.0
2024-10-16T06:00,31.0,40,4.9,253,1010.5,0.0
2024-10-16T07:00,31.8,37,5.8,248,1009.4,0.0
2024-10-16T08:00,32.4,35,7.9,246,1008.5,0.0
2024-10-16T09:00,32.6,33,8.4,259,1007.6,0.0
2024-10-16T10:00,32.3,34,8.7,274,1007.1,0.0
2024-10-16T11:00,30.7,44,5.8,268,1007.5,0.0
2024-10-16T12:00,28.4,54,8.2,260,1007.7,0.0
2024-10-16T13:00,26.6,62,7.9,360,1008.4,0.0
2024-10-16T14:00,25.1,67,8.5,35,1009.1,0.0
2024-10-16T15:00,25.4,63,7.6,43,1009.6,0.0
2024-10-16T16:00,25.7,56,7.0,48,1010.0,0.0
2024-10-16T17:00,24.5,67,8.9,62,1010.5,0.0
2024-10-16T18:00,24.2,66,6.2,107,1010.8,0.0
2024-10-16T19:00,22.9,73,6.9,118,1010.6,0.0
2024-10-16T20:00,22.4,75,6.5,114,1010.2,0.0
2024-10-16T21:00,22.6,75,4.8,105,1009.8,0.0
2024-10-16T22:00,21.5,81,6.3,90,1009.5,0.0
2024-10-16T23:00,20.6,85,6.9,81,1009.5,0.0
2024-10-17T00:00,20.0,88,7.0,67,1009.7,0.0
2024-10-17T01:00,20.0,91,7.2,122,1010.6,0.0
2024-10-17T02:00,22.1,82,5.6,115,1011.1,0.0
2024-10-17T03:00,24.8,75,5.2,94,1011.5,0.0
2024-10-17T04:00,27.6,64,6.2,97,1012.1,0.0
2024-10-17T05:00,29.6,54,5.5,107,1011.9,0.0
2024-10-17T06:00,30.9,48,3.4,133,1011.4,0.0
2024-10-17T07:00,31.7,45,2.4,167,1010.3,0.0
2024-10-17T08:00,32.4,41,2.1,195,1009.4,0.0
2024-10-17T09:00,32.8,38,1.8,233,1008.5,0.0
2024-10-17T10:00,33.1,35,2.8,297,1007.9,0.0
2024-10-17T11:00,32.2,43,3.2,322,1007.9,0.0
2024-10-17T12:00,28.6,62,7.8,345,1008.2,0.0
2024-10-17T13:00,27.3,65,5.8,39,1009.0,0.0
2024-10-17T14:00,25.8,70,6.9,60,1009.5,0.0
2024-10-17T15:00,24.3,74,7.6,63,1009.9,0.0
2024-10-17T16:00,23.4,77,8.9,61,1010.1,0.0
2024-10-17T17:00,22.7,80,9.4,60,1010.4,0.0
2024-10-17T18:00,22.0,84,9.4,101,1010.4,0.0
2024-10-17T19:00,21.8,84,5.8,171,1010.3,0.0
2024-10-17T20:00,21.3,86,7.9,168,1009.9,0.0
2024-10-17T21:00,21.2,85,7.1,135,1009.3,0.0
2024-10-17T22:00,20.2,91,7.3,126,1009.2,0.0
2024-10-17T23:00,19.7,93,6.5,122,1009.4,0.0
2024-10-18T00:00,19.6,94,5.1,129,1009.7,0.0
2024-10-18T01:00,19.7,95,5.5,128,1010.9,0.0
2024-10-18T02:00,21.8,86,4.9,163,1011.5,0.0
2024-10-18T03:00,25.0,74,2.4,171,1012.1,0.0
2024-10-18T04:00,27.7,64,2.4,171,1012.4,0.0
2024-10-18T05:00,30.0,56,3.2,183,1012.2,0.0
2024-10-18T06:00,31.6,46,2.2,185,1011.3,0.0
2024-10-18T07:00,32.5,42,0.6,162,1010.3,0.0
2024-10-18T08:00,33.0,39,0.4,153,1009.1,0.0
2024-10-18T09:00,33.4,36,1.0,301,1008.2,0.0
2024-10-18T10:00,33.5,34,3.5,325,1007.8,0.0
2024-10-18T11:00,32.4,43,3.7,337,1007.8,0.0
2024-10-18T12:00,28.9,62,7.2,359,1008.0,0.0
2024-10-18T13:00,27.1,64,7.0,40,1008.7,0.0
2024-10-18T14:00,26.2,63,8.3,30,1009.3,0.0
2024-10-18T15:00,25.8,64,7.6,31,1009.7,0.0
2024-10-18T16:00,24.0,74,8.6,49,1009.9,0.0
2024-10-18T17:00,23.1,79,8.3,76,1010.1,0.0
2024-10-18T18:00,22.5,82,6.4,133,1010.1,0.0
2024-10-18T19:00,22.1,84,5.4,160,1010.1,0.0
2024-10-18T20:00,21.7,85,6.2,170,1010.1,0.0
2024-10-18T21:00,21.8,84,6.3,173,1009.9,0.0
2024-10-18T22:00,21.6,84,6.5,177,1010.0,0.0
2024-10-18T23:00,20.9,86,8.7,174,1010.2,0.0
2024-10-19T00:00,20.7,87,9.3,162,1010.5,0.0
2024-10-19T01:00,20.6,90,7.6,142,1011.4,0.0
2024-10-19T02:00,22.6,82,5.2,164,1011.9,0.0
2024-10-19T03:00,25.2,75,3.1,152,1012.6,0.0
2024-10-19T04:00,28.0,65,2.5,150,1012.8,0.0
2024-10-19T05:00,30.1,57,3.9,62,1012.5,0.0
2024-10-19T06:00,31.3,52,4.6,72,1011.6,0.0
2024-10-19T07:00,32.2,48,3.1,93,1010.5,0.0
2024-10-19T08:00,33.0,43,0.5,45,1009.3,0.0
2024-10-19T09:00,33.6,37,3.3,319,1008.4,0.0
2024-10-19T10:00,33.7,34,6.5,318,1008.0,0.0
2024-10-19T11:00,32.3,43,5.5,322,1007.7,0.0
2024-10-19T12:00,28.7,62,8.4,337,1007.8,0.0
2024-10-19T13:00,27.8,66,8.6,16,1008.1,0.0
2024-10-19T14:00,27.0,66,7.3,17,1008.9,0.0
2024-10-19T15:00,26.1,68,8.1,31,1009.5,0.0
2024-10-19T16:00,24.4,78,8.8,44,1010.0,0.0
2024-10-19T17:00,25.7,71,4.0,111,1010.5,0.0
2024-10-19T18:00,25.1,74,4.2,102,1010.6,0.0
2024-10-19T19:00,23.9,79,3.8,188,1010.5,0.0
2024-10-19T20:00,24.1,78,1.4,23,1010.5,0.0
2024-10-19T21:00,23.5,81,3.7,119,1010.4,0.0
2024-10-19T22:00,21.6,90,5.2,112,1010.6,0.0
2024-10-19T23:00,20.8,94,3.7,51,1010.8,0.0
2024-10-20T00:00,20.4,96,5.0,52,1011.3,0.0
2024-10-20T01:00,20.8,95,5.6,84,1012.2,0.0
2024-10-20T02:00,22.6,87,8.1,84,1012.8,0.0
2024-10-20T03:00,25.4,78,6.1,95,1013.2,0.0
2024-10-20T04:00,28.1,69,8.0,106,1014.0,0.0
2024-10-20T05:00,30.2,58,10.7,102,1013.7,0.0
2024-10-20T06:00,31.6,49,10.1,95,1012.8,0.0
2024-10-20T07:00,32.3,44,8.4,100,1011.8,0.0
2024-10-20T08:00,32.7,41,6.3,114,1010.9,0.0
2024-10-20T09:00,32.8,39,4.3,138,1010.4,0.0
2024-10-20T10:00,32.8,38,2.9,150,1009.8,0.0
2024-10-20T11:00,32.2,47,1.8,156,1009.7,0.0
2024-10-20T12:00,30.4,50,5.9,215,1009.9,0.0
2024-10-20T13:00,26.9,67,6.6,57,1010.6,0.0
2024-10-20T14:00,25.7,71,7.1,43,1011.1,0.0
2024-10-20T15:00,25.2,72,6.8,55,1011.7,0.0
2024-10-20T16:00,24.4,75,6.8,68,1012.3,0.0
2024-10-20T17:00,22.9,83,8.1,55,1012.5,0.0
2024-10-20T18:00,22.4,85,7.3,46,1012.6,0.0
2024-10-20T19:00,22.0,86,7.8,53,1012.4,0.0
2024-10-20T20:00,21.6,87,6.5,51,1012.4,0.0
2024-10-20T21:00,20.8,90,7.8,67,1012.3,0.0
2024-10-20T22:00,20.8,89,5.4,69,1012.3,0.0
2024-10-20T23:00,20.7,88,6.0,65,1012.3,0.0
2024-10-21T00:00,20.2,89,5.8,81,1012.4,0.0
2024-10-21T01:00,19.8,95,6.4,74,1013.2,0.0
2024-10-21T02:00,21.8,85,6.8,93,1013.9,0.0
2024-10-21T03:00,24.6,76,7.4,94,1014.3,0.0
2024-10-21T04:00,27.5,65,8.0,98,1014.4,0.0
2024-10-21T05:00,29.3,58,6.8,102,1014.0,0.0
2024-10-21T06:00,30.4,54,3.8,98,1013.1,0.0
2024-10-21T07:00,31.1,50,1.9,68,1012.2,0.0
2024-10-21T08:00,31.9,46,2.9,22,1011.3,0.0
2024-10-21T09:00,32.1,44,5.3,24,1010.3,0.0
2024-10-21T10:00,31.9,43,7.7,25,1009.9,0.0
2024-10-21T11:00,30.8,47,8.7,32,1009.9,0.0
2024-10-21T12:00,28.6,55,6.9,39,1010.2,0.0
2024-10-21T13:00,26.7,67,7.0,26,1010.4,0.0
2024-10-21T14:00,25.1,75,8.0,10,1011.3,0.0
2024-10-21T15:00,24.7,77,6.1,12,1012.1,0.0
2024-10-21T16:00,23.8,82,5.7,13,1012.6,0.0
2024-10-21T17:00,22.9,85,7.3,23,1012.7,0.0
2024-10-21T18:00,22.1,88,8.4,40,1012.7,0.0
2024-10-21T19:00,22.1,87,7.4,45,1012.7,0.0
2024-10-21T20:00,22.9,81,5.8,54,1012.4,0.0
2024-10-21T21:00,21.3,88,6.6,61,1012.2,0.0
2024-10-21T22:00,20.1,93,7.6,78,1012.4,0.0
2024-10-21T23:00,19.9,93,6.5,92,1012.6,0.0
2024-10-22T00:00,19.5,93,7.5,101,1013.2,0.0
2024-10-22T01:00,19.7,94,7.3,138,1014.3,0.0
2024-10-22T02:00,21.5,87,3.5,75,1015.2,0.0
2024-10-22T03:00,24.1,77,4.9,39,1015.8,0.0
2024-10-22T04:00,26.7,68,5.9,40,1016.3,0.0
2024-10-22T05:00,28.6,58,6.1,28,1015.9,0.0
2024-10-22T06:00,29.8,52,7.5,20,1015.0,0.0
2024-10-22T07:00,30.6,48,7.1,10,1013.9,0.0
2024-10-22T08:00,31.1,45,7.4,3,1012.7,0.0
2024-10-22T09:00,31.2,44,8.1,360,1011.8,0.0
2024-10-22T10:00,31.1,43,8.2,351,1011.4,0.0
2024-10-22T11:00,30.2,47,7.1,351,1011.4,0.0
2024-10-22T12:00,27.5,58,6.7,333,1011.6,0.0
2024-10-22T13:00,26.5,63,7.4,331,1012.0,0.0
2024-10-22T14:00,25.9,64,8.2,350,1012.6,0.0
2024-10-22T15:00,24.4,71,6.2,8,1012.9,0.0
2024-10-22T16:00,23.1,79,8.5,28,1012.9,0.0
2024-10-22T17:00,22.6,82,7.9,21,1012.9,0.0
2024-10-22T18:00,22.2,84,7.5,27,1012.7,0.0
2024-10-22T19:00,22.0,84,6.8,32,1012.6,0.0
2024-10-22T20:00,22.7,80,4.5,337,1012.5,0.0
2024-10-22T21:00,20.4,91,5.7,294,1012.5,0.0
2024-10-22T22:00,20.2,92,6.0,303,1012.7,0.0
2024-10-22T23:00,20.0,93,5.4,304,1012.8,0.0
2024-10-23T00:00,19.7,93,5.5,297,1013.1,0.0
2024-10-23T01:00,20.5,92,5.5,302,1013.8,0.0
2024-10-23T02:00,22.2,83,8.7,315,1014.3,0.0
2024-10-23T03:00,24.7,75,6.6,315,1014.9,0.0
2024-10-23T04:00,27.3,65,9.3,306,1015.2,0.0
2024-10-23T05:00,29.5,55,13.1,316,1014.7,0.0
2024-10-23T06:00,30.9,46,16.6,323,1013.7,0.0
2024-10-23T07:00,31.8,40,17.3,324,1012.5,0.0
2024-10-23T08:00,32.3,36,17.5,324,1011.1,0.0
2024-10-23T09:00,32.3,34,17.1,324,1010.4,0.0
2024-10-23T10:00,31.9,34,16.2,326,1009.9,0.0
2024-10-23T11:00,30.8,39,12.8,322,1010.0,0.0
2024-10-23T12:00,28.6,45,9.3,311,1010.4,0.0
2024-10-23T13:00,27.5,57,9.6,311,1010.9,0.0
2024-10-23T14:00,26.2,61,9.4,306,1011.5,0.0
2024-10-23T15:00,25.3,61,9.9,308,1011.9,0.0
2024-10-23T16:00,24.5,61,10.2,311,1012.0,0.0
2024-10-23T17:00,24.0,60,11.2,315,1012.0,0.0
2024-10-23T18:00,23.4,60,11.1,316,1012.0,0.0
2024-10-23T19:00,22.8,62,10.7,310,1011.7,0.0
2024-10-23T20:00,22.1,65,10.0,309,1011.3,0.0
2024-10-23T21:00,21.5,67,9.8,310,1011.0,0.0
2024-10-23T22:00,21.0,70,9.6,310,1011.0,0.0
2024-10-23T23:00,20.5,73,9.5,307,1011.1,0.0
2024-10-24T00:00,20.2,75,10.8,303,1011.4,0.0
2024-10-24T01:00,20.5,78,11.1,302,1012.6,0.0
2024-10-24T02:00,21.5,76,13.2,302,1013.0,0.0
2024-10-24T03:00,23.7,70,11.5,301,1013.5,0.0
2024-10-24T04:00,26.0,64,12.8,309,1013.8,0.0
2024-10-24T05:00,28.0,58,14.0,315,1013.3,0.0
2024-10-24T06:00,29.8,53,14.0,323,1012.4,0.0
2024-10-24T07:00,31.3,47,13.4,332,1011.4,0.0
2024-10-24T08:00,32.2,43,12.3,339,1010.1,0.0
2024-10-24T09:00,32.6,39,11.4,344,1009.1,0.0
2024-10-24T10:00,32.3,40,11.7,339,1008.8,0.0
2024-10-24T11:00,31.2,46,10.2,336,1009.0,0.0
2024-10-24T12:00,28.5,54,7.5,333,1009.1,0.0
2024-10-24T13:00,27.0,59,8.6,309,1009.4,0.0
2024-10-24T14:00,25.6,63,8.0,297,1009.8,0.0
2024-10-24T15:00,24.7,64,8.9,295,1010.3,0.0
2024-10-24T16:00,24.0,60,9.5,306,1010.8,0.0
2024-10-24T17:00,23.3,59,9.4,305,1011.0,0.0
2024-10-24T18:00,22.5,62,8.9,297,1010.9,0.0
2024-10-24T19:00,21.7,65,9.1,292,1010.5,0.0
2024-10-24T20:00,21.1,68,9.0,290,1010.4,0.0
2024-10-24T21:00,20.4,72,8.4,290,1010.0,0.0
2024-10-24T22:00,19.8,75,7.8,293,1010.1,0.0
2024-10-24T23:00,19.1,79,6.6,291,1010.4,0.0
2024-10-25T00:00,18.4,83,6.7,294,1010.8,0.0
2024-10-25T01:00,19.1,82,6.3,305,1011.8,0.0
2024-10-25T02:00,20.6,78,8.4,289,1012.4,0.0
2024-10-25T03:00,23.2,71,7.2,289,1012.9,0.0
2024-10-25T04:00,25.8,64,9.2,298,1013.1,0.0
2024-10-25T05:00,28.1,58,11.6,309,1012.4,0.0
2024-10-25T06:00,29.9,52,14.1,316,1011.5,0.0
2024-10-25T07:00,31.2,46,16.3,317,1010.3,0.0
2024-10-25T08:00,32.0,41,18.0,319,1009.2,0.0
2024-10-25T09:00,32.1,39,18.3,320,1008.4,0.0
2024-10-25T10:00,31.8,40,17.3,322,1008.2,0.0
2024-10-25T11:00,30.8,44,14.1,325,1008.5,0.0
2024-10-25T12:00,28.3,52,7.7,329,1008.8,0.0
2024-10-25T13:00,26.7,58,8.0,312,1008.7,0.0
2024-10-25T14:00,25.8,58,8.8,311,1009.4,0.0
2024-10-25T15:00,24.7,55,8.1,307,1010.0,0.0
2024-10-25T16:00,23.1,59,7.2,298,1010.5,0.0
2024-10-25T17:00,22.0,63,6.8,282,1010.7,0.0
2024-10-25T18:00,21.8,66,7.6,269,1010.7,0.0
2024-10-25T19:00,21.0,72,6.5,268,1010.7,0.0
2024-10-25T20:00,20.8,75,7.2,302,1010.7,0.0
2024-10-25T21:00,20.2,77,6.5,316,1010.5,0.0
2024-10-25T22:00,19.4,82,7.3,303,1010.2,0.0
2024-10-25T23:00,19.0,83,7.0,302,1010.4,0.0
2024-10-26T00:00,18.7,85,6.2,285,1010.8,0.0
2024-10-26T01:00,19.0,86,6.1,293,1012.0,0.0
2024-10-26T02:00,20.4,81,7.9,315,1012.4,0.0
2024-10-26T03:00,22.8,73,5.7,332,1012.7,0.0
2024-10-26T04:00,25.0,65,7.9,359,1012.9,0.0
2024-10-26T05:00,26.9,59,7.9,4,1012.6,0.0
2024-10-26T06:00,28.7,53,8.6,358,1011.7,0.0
2024-10-26T07:00,30.1,48,10.1,349,1010.4,0.0
2024-10-26T08:00,31.0,44,11.5,343,1009.5,0.0
2024-10-26T09:00,31.3,43,12.0,342,1008.5,0.0
2024-10-26T10:00,31.2,43,11.5,343,1008.1,0.0
2024-10-26T11:00,30.3,47,8.3,347,1008.2,0.0
2024-10-26T12:00,27.0,61,8.0,10,1008.7,0.0
2024-10-26T13:00,26.2,62,7.0,356,1009.1,0.0
2024-10-26T14:00,25.3,65,7.4,359,1009.7,0.0
2024-10-26T15:00,23.7,72,8.1,13,1010.1,0.0
2024-10-26T16:00,22.5,78,9.1,25,1010.3,0.0
2024-10-26T17:00,21.8,81,7.9,49,1010.5,0.0
2024-10-26T18:00,21.4,84,5.9,70,1010.4,0.0
2024-10-26T19:00,21.0,87,6.2,68,1010.1,0.0
2024-10-26T20:00,20.9,91,6.3,66,1009.8,0.0
2024-10-26T21:00,20.5,94,5.8,88,1009.3,0.0
2024-10-26T22:00,20.1,96,6.1,124,1009.2,0.0
2024-10-26T23:00,19.9,96,5.2,134,1009.4,0.0
2024-10-27T00:00,19.7,97,5.9,121,1010.0,0.0
2024-10-27T01:00,20.2,97,5.2,96,1011.2,0.0
2024-10-27T02:00,21.7,92,7.0,113,1011.8,0.0
2024-10-27T03:00,23.9,84,6.1,118,1012.3,0.0
2024-10-27T04:00,26.5,74,7.6,112,1012.7,0.0
2024-10-27T05:00,28.5,63,8.0,115,1012.3,0.0
2024-10-27T06:00,29.7,56,8.2,112,1011.3,0.0
2024-10-27T07:00,30.4,52,7.1,109,1010.0,0.0
2024-10-27T08:00,30.9,50,6.2,105,1008.9,0.0
2024-10-27T09:00,31.1,49,4.7,108,1008.0,0.0
2024-10-27T10:00,31.1,48,3.6,108,1007.6,0.0
2024-10-27T11:00,30.5,50,3.7,101,1007.6,0.0
2024-10-27T12:00,27.7,64,5.7,108,1007.7,0.0
2024-10-27T13:00,26.6,71,6.1,87,1008.2,0.0
2024-10-27T14:00,25.5,76,6.4,82,1008.7,0.0
2024-10-27T15:00,24.8,78,5.8,74,1008.9,0.0
2024-10-27T16:00,24.6,78,5.4,96,1009.0,0.0
2024-10-27T17:00,23.3,83,6.2,142,1009.0,0.0
2024-10-27T18:00,22.6,86,6.6,159,1008.8,0.0
2024-10-27T19:00,22.4,87,6.0,153,1008.3,0.0
2024-10-27T20:00,21.8,90,6.6,127,1007.9,0.0
2024-10-27T21:00,20.9,93,6.7,110,1007.5,0.0
2024-10-27T22:00,20.5,95,6.2,112,1007.6,0.0
2024-10-27T23:00,20.4,95,5.0,134,1007.6,0.0
2024-10-28T00:00,20.4,95,5.5,148,1008.0,0.0
2024-10-28T01:00,21.2,93,5.9,160,1009.0,0.0
2024-10-28T02:00,22.6,87,7.7,168,1009.8,0.0
2024-10-28T03:00,25.1,78,5.2,160,1010.4,0.0
2024-10-28T04:00,27.5,67,7.4,158,1011.0,0.0
2024-10-28T05:00,29.2,57,9.6,159,1010.5,0.0
2024-10-28T06:00,30.2,52,10.6,152,1009.5,0.0
2024-10-28T07:00,30.8,49,10.1,149,1008.3,0.0
2024-10-28T08:00,31.3,47,8.9,151,1007.3,0.0
2024-10-28T09:00,31.4,46,8.4,152,1006.6,0.0
2024-10-28T10:00,31.2,46,8.1,152,1006.4,0.0
2024-10-28T11:00,30.5,48,7.8,157,1006.6,0.0
2024-10-28T12:00,28.0,59,6.2,150,1006.8,0.0
2024-10-28T13:00,26.9,65,6.1,152,1007.7,0.0
2024-10-28T14:00,25.8,70,6.9,150,1008.2,0.0
2024-10-28T15:00,24.6,76,7.9,150,1008.7,0.0
2024-10-28T16:00,23.8,80,7.5,143,1009.1,0.0
2024-10-28T17:00,23.1,84,7.6,135,1009.2,0.0
2024-10-28T18:00,22.8,86,6.0,127,1008.8,0.0
2024-10-28T19:00,22.2,88,6.2,134,1008.4,0.0
2024-10-28T20:00,21.5,92,5.7,131,1008.2,0.0
2024-10-28T21:00,20.6,95,7.6,142,1008.0,0.0
2024-10-28T22:00,20.3,96,7.1,144,1007.9,0.0
2024-10-28T23:00,20.2,96,6.5,174,1008.4,0.0
2024-10-29T00:00,20.0,95,7.1,146,1008.8,0.0
2024-10-29T01:00,20.5,96,6.7,109,1009.6,0.0
2024-10-29T02:00,22.2,91,4.6,149,1010.2,0.0
2024-10-29T03:00,25.0,79,3.1,159,1010.9,0.0
2024-10-29T04:00,27.6,67,5.2,131,1011.5,0.0
2024-10-29T05:00,29.6,59,7.8,142,1011.1,0.0
2024-10-29T06:00,30.9,53,7.3,147,1010.0,0.0
2024-10-29T07:00,31.8,50,6.1,152,1009.1,0.0
2024-10-29T08:00,32.4,47,5.2,168,1008.0,0.0
2024-10-29T09:00,32.9,45,6.0,187,1007.2,0.0
2024-10-29T10:00,33.0,43,6.2,206,1006.6,0.0
2024-10-29T11:00,32.3,47,5.1,212,1006.7,0.0
2024-10-29T12:00,29.3,60,7.2,205,1006.9,0.0
2024-10-29T13:00,27.9,64,7.7,127,1007.7,0.0
2024-10-29T14:00,26.7,68,6.4,122,1008.1,0.0
2024-10-29T15:00,25.5,74,6.1,114,1008.6,0.0
2024-10-29T16:00,24.8,78,6.5,103,1008.9,0.0
2024-10-29T17:00,23.9,82,5.8,116,1008.9,0.0
2024-10-29T18:00,23.4,84,6.5,166,1009.1,0.0
2024-10-29T19:00,22.9,86,5.7,139,1008.5,0.0
2024-10-29T20:00,22.7,87,6.1,120,1007.9,0.0
2024-10-29T21:00,22.3,88,6.6,135,1007.7,0.0
2024-10-29T22:00,21.7,91,5.3,123,1007.8,0.0
2024-10-29T23:00,21.5,93,5.5,148,1008.1,0.0
2024-10-30T00:00,21.2,94,5.6,151,1008.6,0.0
2024-10-30T01:00,21.1,95,5.7,148,1009.2,0.0
2024-10-30T02:00,22.4,90,6.0,164,1010.0,0.0
2024-10-30T03:00,25.1,77,3.9,193,1010.5,0.0
2024-10-30T04:00,28.1,57,4.5,236,1011.0,0.0
2024-10-30T05:00,30.2,48,3.8,278,1010.9,0.0
2024-10-30T06:00,31.9,45,3.1,332,1010.2,0.0
2024-10-30T07:00,32.9,47,5.9,18,1009.3,0.0
2024-10-30T08:00,33.7,43,7.4,6,1008.5,0.0
2024-10-30T09:00,34.3,36,10.1,341,1007.8,0.0
2024-10-30T10:00,33.8,36,12.1,333,1007.6,0.0
2024-10-30T11:00,32.7,40,9.8,329,1007.8,0.0
2024-10-30T12:00,29.6,49,7.0,331,1008.3,0.0
2024-10-30T13:00,28.5,60,6.8,357,1009.3,0.0
2024-10-30T14:00,27.5,65,7.0,4,1010.1,0.0
2024-10-30T15:00,25.8,74,8.1,3,1010.6,0.0
2024-10-30T16:00,25.1,77,7.4,354,1011.1,0.0
2024-10-30T17:00,24.5,79,7.0,328,1011.4,0.0
2024-10-30T18:00,24.1,81,6.8,307,1011.3,0.0
2024-10-30T19:00,23.0,85,7.9,319,1010.8,0.0
2024-10-30T20:00,21.8,90,8.5,322,1010.6,0.0
2024-10-30T21:00,21.0,91,7.9,305,1010.4,0.0
2024-10-30T22:00,20.5,92,7.3,295,1010.2,0.0
2024-10-30T23:00,20.7,90,7.2,274,1010.4,0.0
2024-10-31T00:00,20.8,88,8.6,278,1010.8,0.0
2024-10-31T01:00,20.7,88,8.1,283,1012.0,0.0
2024-10-31T02:00,21.9,82,10.3,285,1012.5,0.0
2024-10-31T03:00,24.4,73,7.9,283,1013.2,0.0
2024-10-31T04:00,27.3,62,10.3,289,1013.6,0.0
2024-10-31T05:00,29.8,51,13.4,296,1013.3,0.0
2024-10-31T06:00,31.4,43,16.5,301,1012.3,0.0
2024-10-31T07:00,32.3,40,18.2,304,1011.3,0.0
2024-10-31T08:00,32.8,38,18.5,304,1010.4,0.0
2024-10-31T09:00,32.9,35,18.2,303,1009.5,0.0
2024-10-31T10:00,32.6,34,17.2,304,1009.2,0.0
2024-10-31T11:00,31.6,37,13.5,307,1009.2,0.0
2024-10-31T12:00,29.0,44,7.8,312,1009.2,0.0
2024-10-31T13:00,27.6,55,7.1,336,1010.1,0.0
2024-10-31T14:00,26.0,62,6.6,299,1010.6,0.0
2024-10-31T15:00,24.8,67,6.9,277,1011.0,0.0
2024-10-31T16:00,24.1,67,8.0,286,1011.0,0.0
2024-10-31T17:00,23.7,60,10.5,294,1010.9,0.0
2024-10-31T18:00,23.3,54,12.1,300,1010.9,0.0
2024-10-31T19:00,22.4,54,10.8,302,1010.7,0.0
2024-10-31T20:00,21.6,57,10.3,297,1010.4,0.0
2024-10-31T21:00,21.0,61,10.0,293,1010.2,0.0
2024-10-31T22:00,20.5,65,10.0,290,1010.1,0.0
2024-10-31T23:00,20.0,69,10.0,283,1010.2,0.0
2024-11-01T00:00,19.6,72,10.2,278,1010.7,0.0
2024-11-01T01:00,19.3,80,8.9,279,1011.9,0.0
2024-11-01T02:00,20.3,78,11.7,270,1012.5,0.0
2024-11-01T03:00,22.9,70,11.2,259,1013.2,0.0
2024-11-01T04:00,25.9,60,11.9,267,1013.8,0.0
2024-11-01T05:00,28.5,50,13.4,277,1013.7,0.0
2024-11-01T06:00,30.5,38,16.0,293,1013.1,0.0
2024-11-01T07:00,31.5,31,17.6,299,1012.4,0.0
2024-11-01T08:00,32.0,28,17.7,300,1011.4,0.0
2024-11-01T09:00,32.1,26,16.9,301,1010.9,0.0
2024-11-01T10:00,31.9,25,15.2,303,1010.8,0.0
2024-11-01T11:00,30.4,30,9.7,312,1010.9,0.0
2024-11-01T12:00,25.8,45,10.5,333,1011.4,0.0
2024-11-01T13:00,26.5,45,6.7,304,1012.2,0.0
2024-11-01T14:00,24.4,53,6.1,240,1012.8,0.0
2024-11-01T15:00,22.9,60,7.6,242,1013.2,0.0
2024-11-01T16:00,22.6,61,10.2,306,1013.2,0.0
2024-11-01T17:00,22.4,58,8.4,345,1013.2,0.0
2024-11-01T18:00,21.1,60,9.6,356,1013.0,0.0
2024-11-01T19:00,20.0,65,9.9,351,1012.6,0.0
2024-11-01T20:00,19.6,69,7.8,308,1012.3,0.0
2024-11-01T21:00,19.4,67,5.7,257,1012.1,0.0
2024-11-01T22:00,18.2,72,7.9,273,1012.0,0.0
2024-11-01T23:00,17.9,73,7.9,267,1012.0,0.0
2024-11-02T00:00,17.9,72,7.2,273,1012.3,0.0
2024-11-02T01:00,16.9,84,7.6,258,1013.3,0.0
2024-11-02T02:00,19.0,75,6.3,252,1013.9,0.0
2024-11-02T03:00,22.1,66,3.3,279,1014.7,0.0
2024-11-02T04:00,25.4,56,2.9,263,1015.3,0.0
2024-11-02T05:00,28.2,46,5.8,244,1015.3,0.0
2024-11-02T06:00,30.1,40,6.7,243,1014.6,0.0
2024-11-02T07:00,31.1,37,6.5,256,1013.4,0.0
2024-11-02T08:00,31.7,34,7.2,288,1012.5,0.0
2024-11-02T09:00,31.8,32,8.1,307,1011.9,0.0
2024-11-02T10:00,31.5,33,8.4,318,1011.7,0.0
2024-11-02T11:00,30.0,41,5.4,339,1011.7,0.0
2024-11-02T12:00,25.8,57,9.4,20,1012.1,0.0
2024-11-02T13:00,25.7,50,7.5,46,1012.6,0.0
2024-11-02T14:00,24.4,55,7.6,47,1013.1,0.0
2024-11-02T15:00,23.8,57,8.5,52,1013.6,0.0
2024-11-02T16:00,22.6,62,7.6,71,1013.9,0.0
2024-11-02T17:00,21.2,68,7.6,78,1014.3,0.0
2024-11-02T18:00,20.2,72,8.0,99,1014.4,0.0
2024-11-02T19:00,19.3,77,8.7,111,1014.1,0.0
2024-11-02T20:00,19.2,76,7.0,116,1013.9,0.0
2024-11-02T21:00,18.3,81,7.2,112,1013.8,0.0
2024-11-02T22:00,17.8,83,7.3,123,1013.5,0.0
2024-11-02T23:00,17.2,86,8.4,143,1013.4,0.0
2024-11-03T00:00,17.1,85,8.6,151,1013.7,0.0
2024-11-03T01:00,18.1,85,4.8,153,1014.7,0.0
2024-11-03T02:00,18.8,83,3.6,108,1015.1,0.0
2024-11-03T03:00,21.8,74,3.1,93,1015.9,0.0
2024-11-03T04:00,25.4,62,2.1,105,1016.4,0.0
2024-11-03T05:00,28.0,49,1.2,129,1016.3,0.0
2024-11-03T06:00,29.6,39,2.9,353,1015.5,0.0
2024-11-03T07:00,30.7,32,6.1,337,1014.3,0.0
2024-11-03T08:00,31.2,28,7.4,331,1013.3,0.0
2024-11-03T09:00,31.2,28,8.1,332,1012.4,0.0
2024-11-03T10:00,30.7,30,8.7,336,1012.0,0.0
2024-11-03T11:00,29.2,37,6.8,343,1012.1,0.0
2024-11-03T12:00,25.2,51,9.6,356,1012.3,0.0
2024-11-03T13:00,23.6,57,9.3,18,1013.5,0.0
2024-11-03T14:00,22.7,59,10.0,20,1013.9,0.0
2024-11-03T15:00,21.8,62,9.1,18,1014.2,0.0
2024-11-03T16:00,20.8,67,8.1,360,1014.4,0.0
2024-11-03T17:00,20.6,70,6.8,335,1014.6,0.0
2024-11-03T18:00,19.3,77,8.2,346,1014.4,0.0
2024-11-03T19:00,18.7,81,8.0,329,1013.8,0.0
2024-11-03T20:00,18.4,82,7.7,298,1013.2,0.0
2024-11-03T21:00,18.1,83,7.4,288,1012.6,0.0
2024-11-03T22:00,18.2,83,6.0,286,1012.3,0.0
2024-11-03T23:00,17.6,87,6.2,285,1012.2,0.0
2024-11-04T00:00,17.2,89,6.5,278,1012.4,0.0
2024-11-04T01:00,17.2,89,6.7,279,1013.2,0.0
2024-11-04T02:00,18.3,84,9.2,273,1013.6,0.0
2024-11-04T03:00,21.3,74,6.7,267,1014.3,0.0
2024-11-04T04:00,24.4,62,5.8,268,1014.6,0.0
2024-11-04T05:00,27.0,52,5.8,274,1014.4,0.0
2024-11-04T06:00,28.6,46,4.9,272,1013.5,0.0
2024-11-04T07:00,29.6,41,5.0,289,1012.3,0.0
2024-11-04T08:00,30.3,39,5.2,297,1011.4,0.0
2024-11-04T09:00,30.5,38,6.2,300,1010.5,0.0
2024-11-04T10:00,30.3,37,7.5,303,1010.2,0.0
2024-11-04T11:00,29.2,43,5.0,316,1010.2,0.0
2024-11-04T12:00,25.5,56,8.3,347,1010.6,0.0
2024-11-04T13:00,23.5,68,8.7,14,1011.6,0.0
2024-11-04T14:00,22.7,72,8.3,41,1012.3,0.0
2024-11-04T15:00,23.3,67,6.5,24,1013.0,0.0
2024-11-04T16:00,21.4,76,7.1,351,1013.5,0.0
2024-11-04T17:00,19.9,84,8.9,8,1013.8,0.0
2024-11-04T18:00,19.4,87,9.1,21,1013.6,0.0
2024-11-04T19:00,19.0,88,9.4,30,1013.6,0.0
2024-11-04T20:00,19.0,89,6.9,51,1013.6,0.0
2024-11-04T21:00,19.1,90,8.0,70,1013.5,0.0
2024-11-04T22:00,18.8,93,6.9,85,1013.3,0.0
2024-11-04T23:00,18.4,95,6.0,106,1013.6,0.0
2024-11-05T00:00,18.0,96,5.7,114,1014.1,0.0
2024-11-05T01:00,18.1,96,5.1,108,1015.1,0.0
2024-11-05T02:00,19.2,94,8.7,104,1015.9,0.0
2024-11-05T03:00,21.5,85,7.4,104,1016.7,0.0
2024-11-05T04:00,24.0,75,6.9,107,1017.3,0.0
2024-11-05T05:00,26.3,65,6.8,108,1017.3,0.0
2024-11-05T06:00,27.8,58,5.9,113,1016.4,0.0
2024-11-05T07:00,28.5,54,5.8,112,1015.3,0.0
2024-11-05T08:00,29.0,52,5.4,104,1014.2,0.0
2024-11-05T09:00,29.1,51,4.7,88,1013.4,0.0
2024-11-05T10:00,29.0,50,5.5,63,1012.9,0.0
2024-11-05T11:00,28.3,51,5.8,60,1013.0,0.0
2024-11-05T12:00,25.6,58,6.2,68,1013.4,0.0
2024-11-05T13:00,24.0,64,8.0,80,1014.2,0.0
2024-11-05T14:00,23.0,68,7.3,42,1014.8,0.0
2024-11-05T15:00,22.2,74,6.9,30,1015.3,0.0
2024-11-05T16:00,21.7,78,8.1,61,1015.4,0.0
2024-11-05T17:00,20.7,83,8.2,82,1015.5,0.0
2024-11-05T18:00,19.8,87,8.5,54,1015.5,0.0
2024-11-05T19:00,20.0,84,6.9,49,1015.0,0.0
2024-11-05T20:00,19.3,87,6.7,36,1014.8,0.0
2024-11-05T21:00,19.2,86,5.3,33,1014.3,0.0
2024-11-05T22:00,20.0,81,2.7,62,1014.1,0.0
2024-11-05T23:00,19.7,83,2.2,180,1014.2,0.0
2024-11-06T00:00,19.0,86,3.4,227,1014.6,0.0
2024-11-06T01:00,18.2,94,3.5,249,1015.7,0.0
2024-11-06T02:00,19.3,91,2.8,281,1016.6,0.0
2024-11-06T03:00,22.2,81,3.3,257,1017.2,0.0
2024-11-06T04:00,25.4,66,4.1,255,1017.6,0.0
2024-11-06T05:00,27.6,55,4.4,258,1017.5,0.0
2024-11-06T06:00,28.7,49,2.5,291,1016.6,0.0
2024-11-06T07:00,29.4,45,2.4,318,1015.5,0.0
2024-11-06T08:00,29.9,43,3.6,330,1014.4,0.0
2024-11-06T09:00,30.2,42,5.4,330,1013.6,0.0
2024-11-06T10:00,30.0,43,7.9,333,1013.3,0.0
2024-11-06T11:00,29.0,47,7.6,342,1013.2,0.0
2024-11-06T12:00,25.8,59,7.1,7,1013.5,0.0
2024-11-06T13:00,24.8,63,6.5,44,1014.0,0.0
2024-11-06T14:00,23.3,70,8.4,75,1014.4,0.0
2024-11-06T15:00,25.4,58,3.2,124,1014.6,0.0
2024-11-06T16:00,24.8,61,1.0,211,1014.7,0.0
2024-11-06T17:00,24.2,64,0.2,180,1014.6,0.0
2024-11-06T18:00,22.4,73,2.2,175,1014.5,0.0
2024-11-06T19:00,20.4,83,4.8,160,1014.1,0.0
2024-11-06T20:00,19.7,87,6.8,158,1013.8,0.0
2024-11-06T21:00,19.5,87,6.9,163,1013.3,0.0
2024-11-06T22:00,19.0,90,7.4,167,1013.3,0.0
2024-11-06T23:00,18.6,90,8.3,175,1013.3,0.0
2024-11-07T00:00,18.4,91,8.7,176,1013.6,0.0
2024-11-07T01:00,18.4,93,6.1,150,1014.8,0.0
2024-11-07T02:00,19.8,87,4.6,167,1015.4,0.0
2024-11-07T03:00,22.6,77,2.3,151,1016.1,0.0
2024-11-07T04:00,25.4,67,2.3,108,1016.4,0.0
2024-11-07T05:00,27.4,59,3.4,106,1016.3,0.0
2024-11-07T06:00,28.5,52,4.0,98,1015.4,0.0
2024-11-07T07:00,29.2,47,3.8,79,1014.3,0.0
2024-11-07T08:00,29.8,44,3.7,67,1013.3,0.0
2024-11-07T09:00,29.9,42,3.6,63,1012.6,0.0
2024-11-07T10:00,29.7,42,3.6,57,1012.3,0.0
2024-11-07T11:00,28.9,49,3.3,61,1012.5,0.0
2024-11-07T12:00,25.5,64,7.6,63,1013.0,0.0
2024-11-07T13:00,24.6,65,7.4,113,1013.4,0.0
2024-11-07T14:00,24.3,66,6.8,151,1013.9,0.0
2024-11-07T15:00,23.2,72,6.5,204,1014.3,0.0
2024-11-07T16:00,22.1,78,7.5,215,1014.6,0.0
2024-11-07T17:00,22.2,77,6.6,209,1014.4,0.0
2024-11-07T18:00,23.6,69,3.3,151,1014.3,0.0
2024-11-07T19:00,21.0,82,4.0,82,1014.2,0.0
2024-11-07T20:00,19.8,88,5.3,66,1013.9,0.0
2024-11-07T21:00,19.6,88,5.8,56,1013.5,0.0
2024-11-07T22:00,20.5,83,4.2,110,1013.4,0.0
2024-11-07T23:00,18.9,91,5.2,166,1013.4,0.0
2024-11-08T00:00,18.2,93,6.5,177,1013.7,0.0
2024-11-08T01:00,18.4,92,7.7,177,1014.3,0.0
2024-11-08T02:00,20.4,83,6.5,175,1015.1,0.0
2024-11-08T03:00,23.2,74,5.8,176,1016.0,0.0
2024-11-08T04:00,25.9,65,4.7,180,1016.4,0.0
2024-11-08T05:00,28.0,55,4.5,173,1016.1,0.0
2024-11-08T06:00,29.0,51,3.6,127,1015.0,0.0
2024-11-08T07:00,29.6,48,3.9,106,1013.8,0.0
2024-11-08T08:00,30.0,47,3.8,95,1012.9,0.0
2024-11-08T09:00,30.1,46,4.0,90,1012.2,0.0
2024-11-08T10:00,29.9,46,4.6,79,1011.9,0.0
2024-11-08T11:00,29.1,50,6.0,83,1012.3,0.0
2024-11-08T12:00,26.5,59,6.9,95,1012.5,0.0
2024-11-08T13:00,25.4,64,6.7,117,1013.1,0.0
2024-11-08T14:00,23.7,74,8.0,146,1013.5,0.0
2024-11-08T15:00,23.2,76,7.3,160,1013.9,0.0
2024-11-08T16:00,22.6,78,7.8,154,1014.0,0.0
2024-11-08T17:00,21.8,81,6.9,141,1014.0,0.0
2024-11-08T18:00,21.0,86,6.0,147,1014.0,0.0
2024-11-08T19:00,20.1,91,7.6,152,1013.7,0.0
2024-11-08T20:00,19.7,93,7.3,136,1013.6,0.0
2024-11-08T21:00,19.6,93,5.6,135,1013.6,0.0
2024-11-08T22:00,19.2,95,5.6,140,1013.4,0.0
2024-11-08T23:00,19.0,95,5.8,144,1013.4,0.0
2024-11-09T00:00,18.9,95,5.2,146,1013.8,0.0
2024-11-09T01:00,19.3,94,6.1,137,1014.8,0.0
2024-11-09T02:00,20.3,89,9.7,145,1015.6,0.0
2024-11-09T03:00,22.7,79,7.9,145,1016.3,0.0
2024-11-09T04:00,25.4,68,9.3,156,1017.0,0.0
2024-11-09T05:00,27.5,58,10.6,162,1016.7,0.0
2024-11-09T06:00,29.0,50,9.5,155,1015.6,0.0
2024-11-09T07:00,29.7,47,7.9,145,1014.5,0.0
2024-11-09T08:00,30.2,46,6.0,143,1013.5,0.0
2024-11-09T09:00,30.5,44,5.3,142,1012.8,0.0
2024-11-09T10:00,30.2,44,6.2,142,1012.4,0.0
2024-11-09T11:00,29.3,48,7.1,137,1012.5,0.0
2024-11-09T12:00,26.8,57,8.3,124,1012.8,0.0
2024-11-09T13:00,25.7,61,9.2,111,1013.0,0.0
2024-11-09T14:00,24.7,65,8.9,108,1013.4,0.0
2024-11-09T15:00,23.6,71,8.2,104,1013.8,0.0
2024-11-09T16:00,22.5,75,6.6,106,1014.0,0.0
2024-11-09T17:00,21.5,79,5.8,124,1014.3,0.0
2024-11-09T18:00,20.9,82,5.6,111,1014.3,0.0
2024-11-09T19:00,20.5,84,5.9,92,1013.9,0.0
2024-11-09T20:00,20.2,86,7.0,86,1013.6,0.0
2024-11-09T21:00,19.9,89,7.0,102,1013.4,0.0
2024-11-09T22:00,19.5,91,6.7,121,1013.4,0.0
2024-11-09T23:00,19.2,92,6.8,125,1013.5,0.0
2024-11-10T00:00,18.9,93,7.1,117,1013.9,0.0
2024-11-10T01:00,19.2,93,6.9,120,1014.7,0.0
2024-11-10T02:00,20.0,89,8.9,124,1015.2,0.0
2024-11-10T03:00,22.2,80,6.5,120,1015.9,0.0
2024-11-10T04:00,24.6,71,6.4,126,1016.4,0.0
2024-11-10T05:00,26.6,63,6.7,128,1016.2,0.0
2024-11-10T06:00,28.1,57,6.5,114,1015.4,0.0
2024-11-10T07:00,29.2,53,6.3,105,1014.1,0.0
2024-11-10T08:00,29.8,50,5.9,104,1013.1,0.0
2024-11-10T09:00,30.1,48,5.0,111,1012.3,0.0
2024-11-10T10:00,29.9,48,4.6,116,1012.0,0.0
2024-11-10T11:00,29.1,54,2.7,122,1012.0,0.0
2024-11-10T12:00,27.1,60,5.0,131,1012.5,0.0
2024-11-10T13:00,25.1,68,6.1,109,1013.0,0.0
2024-11-10T14:00,24.3,71,6.6,101,1013.6,0.0
2024-11-10T15:00,25.0,66,4.7,43,1014.2,0.0
2024-11-10T16:00,22.1,83,8.4,37,1014.8,0.0
2024-11-10T17:00,22.2,84,7.4,61,1014.9,0.0
2024-11-10T18:00,21.5,87,6.5,77,1014.6,0.0
2024-11-10T19:00,20.6,91,7.2,86,1014.2,0.0
2024-11-10T20:00,20.0,93,7.9,87,1013.9,0.0
2024-11-10T21:00,19.5,94,7.2,65,1013.7,0.0
2024-11-10T22:00,19.0,96,6.7,56,1013.5,0.0
2024-11-10T23:00,18.6,97,6.5,58,1013.6,0.0
2024-11-11T00:00,18.4,98,6.6,69,1014.0,0.0
2024-11-11T01:00,18.8,98,5.2,49,1014.7,0.0
2024-11-11T02:00,19.9,94,7.0,94,1015.3,0.0
2024-11-11T03:00,22.4,85,5.5,107,1016.0,0.0
2024-11-11T04:00,24.9,75,5.5,101,1016.5,0.0
2024-11-11T05:00,27.0,66,6.1,102,1016.4,0.0
2024-11-11T06:00,28.3,58,5.5,79,1015.3,0.0
2024-11-11T07:00,29.0,53,4.4,63,1014.2,0.0
2024-11-11T08:00,29.5,51,3.6,41,1013.1,0.0
2024-11-11T09:00,29.6,50,4.1,15,1012.5,0.0
2024-11-11T10:00,29.5,48,4.7,7,1012.2,0.0
2024-11-11T11:00,28.6,52,5.3,8,1012.2,0.0
2024-11-11T12:00,26.0,62,6.3,18,1012.4,0.0
2024-11-11T13:00,24.5,73,7.5,21,1012.9,0.0
2024-11-11T14:00,26.1,63,2.1,75,1013.3,0.0
2024-11-11T15:00,25.5,66,2.2,125,1013.4,0.0
2024-11-11T16:00,22.0,82,6.9,85,1013.9,0.0
2024-11-11T17:00,21.3,85,6.9,120,1013.9,0.0
2024-11-11T18:00,20.2,92,7.0,145,1013.7,0.0
2024-11-11T19:00,19.7,93,7.7,147,1013.4,0.0
2024-11-11T20:00,19.9,92,5.8,185,1013.4,0.0
2024-11-11T21:00,20.8,88,4.4,173,1013.3,0.0
2024-11-11T22:00,20.4,90,2.8,108,1013.3,0.0
2024-11-11T23:00,20.0,92,2.0,63,1013.1,0.0
2024-11-12T00:00,19.4,94,2.9,68,1013.3,0.0
2024-11-12T01:00,18.7,98,5.3,114,1014.2,0.0
2024-11-12T02:00,19.7,97,6.7,160,1014.6,0.0
2024-11-12T03:00,22.8,83,6.0,190,1015.3,0.0
2024-11-12T04:00,26.0,70,7.0,203,1015.8,0.0
2024-11-12T05:00,28.1,58,7.6,207,1015.4,0.0
2024-11-12T06:00,29.4,50,6.1,223,1014.5,0.0
2024-11-12T07:00,30.6,38,7.6,271,1013.2,0.0
2024-11-12T08:00,31.3,28,12.7,293,1012.2,0.0
2024-11-12T09:00,31.2,24,15.1,296,1011.6,0.0
2024-11-12T10:00,30.6,26,14.7,298,1011.4,0.0
2024-11-12T11:00,28.9,34,9.4,299,1011.5,0.0
2024-11-12T12:00,25.2,45,9.6,290,1011.7,0.0
2024-11-12T13:00,28.1,36,7.4,302,1012.5,0.0
2024-11-12T14:00,27.1,42,8.4,323,1012.9,0.0
2024-11-12T15:00,26.1,47,7.0,325,1013.4,0.0
2024-11-12T16:00,25.3,48,6.7,322,1013.7,0.0
2024-11-12T17:00,24.5,50,6.6,319,1013.4,0.0
2024-11-12T18:00,23.3,53,5.9,325,1013.1,0.0
2024-11-12T19:00,22.4,57,5.6,327,1012.7,0.0
2024-11-12T20:00,21.3,62,3.8,311,1012.1,0.0
2024-11-12T21:00,21.0,62,4.1,308,1011.7,0.0
2024-11-12T22:00,20.8,63,4.7,302,1011.7,0.0
2024-11-12T23:00,20.1,66,4.3,303,1011.8,0.0
2024-11-13T00:00,19.3,71,3.6,297,1012.0,0.0
2024-11-13T01:00,19.1,88,3.2,286,1013.1,0.0
2024-11-13T02:00,19.8,85,4.5,284,1013.9,0.0
2024-11-13T03:00,21.6,77,3.8,287,1014.7,0.0
2024-11-13T04:00,24.1,66,3.8,295,1015.2,0.0
2024-11-13T05:00,26.4,55,4.8,304,1014.6,0.0
2024-11-13T06:00,28.1,44,6.7,304,1013.5,0.0
2024-11-13T07:00,29.4,37,8.6,301,1012.5,0.0
2024-11-13T08:00,30.1,33,9.4,299,1011.3,0.0
2024-11-13T09:00,30.3,30,9.4,299,1010.4,0.0
2024-11-13T10:00,30.1,29,9.4,299,1010.1,0.0
2024-11-13T11:00,29.3,30,8.3,300,1010.3,0.0
2024-11-13T12:00,27.7,36,4.2,295,1010.7,0.0
2024-11-13T13:00,25.7,51,4.1,311,1012.0,0.0
2024-11-13T14:00,24.7,56,3.7,317,1012.7,0.0
2024-11-13T15:00,23.8,61,3.2,313,1013.2,0.0
2024-11-13T16:00,23.0,64,3.1,332,1013.4,0.0
2024-11-13T17:00,22.3,66,2.3,337,1013.6,0.0
2024-11-13T18:00,21.8,68,1.7,328,1013.5,0.0
2024-11-13T19:00,21.3,70,1.0,239,1013.2,0.0
2024-11-13T20:00,20.9,73,0.4,207,1013.1,0.0
2024-11-13T21:00,20.1,75,1.5,187,1013.2,0.0
2024-11-13T22:00,19.9,77,0.9,191,1013.4,0.0
2024-11-13T23:00,18.8,81,2.0,360,1013.6,0.0
2024-11-14T00:00,18.2,84,2.0,10,1014.1,0.0
2024-11-14T01:00,17.9,93,1.8,45,1015.4,0.0
2024-11-14T02:00,18.4,90,2.1,110,1016.2,0.0
2024-11-14T03:00,20.5,80,1.7,58,1017.1,0.0
2024-11-14T04:00,23.3,66,1.9,34,1017.6,0.0
2024-11-14T05:00,26.0,55,0.7,14,1017.3,0.0
2024-11-14T06:00,27.8,43,2.1,329,1016.3,0.0
2024-11-14T07:00,29.2,35,3.7,317,1015.2,0.0
2024-11-14T08:00,30.0,30,5.9,308,1014.1,0.0
2024-11-14T09:00,30.1,28,7.5,297,1013.3,0.0
2024-11-14T10:00,29.8,28,8.7,284,1012.9,0.0
2024-11-14T11:00,28.9,31,9.0,272,1012.9,0.0
2024-11-14T12:00,27.5,36,5.0,257,1013.1,0.0
2024-11-14T13:00,25.8,50,0.6,288,1014.1,0.0
2024-11-14T14:00,24.9,51,0.6,18,1014.6,0.0
2024-11-14T15:00,23.7,55,1.1,360,1015.2,0.0
2024-11-14T16:00,22.5,60,2.4,347,1015.3,0.0
2024-11-14T17:00,21.9,63,3.5,351,1015.4,0.0
2024-11-14T18:00,21.2,66,3.5,336,1015.2,0.0
2024-11-14T19:00,20.6,67,2.8,305,1014.9,0.0
2024-11-14T20:00,20.2,68,1.5,291,1014.5,0.0
2024-11-14T21:00,19.8,68,1.5,277,1014.1,0.0
2024-11-14T22:00,19.4,70,1.6,276,1013.9,0.0
2024-11-14T23:00,18.8,72,2.6,282,1013.7,0.0
2024-11-15T00:00,18.7,72,3.1,277,1013.8,0.0
2024-11-15T01:00,18.4,80,4.1,285,1015.4,0.0
2024-11-15T02:00,19.1,76,3.7,299,1015.9,0.0
2024-11-15T03:00,21.2,67,2.8,288,1016.3,0.0
2024-11-15T04:00,23.9,56,2.8,285,1016.7,0.0
2024-11-15T05:00,26.4,45,4.5,286,1016.6,0.0
2024-11-15T06:00,27.9,36,7.8,289,1015.6,0.0
2024-11-15T07:00,28.7,33,10.0,290,1014.2,0.0
2024-11-15T08:00,29.2,30,10.8,288,1013.1,0.0
2024-11-15T09:00,29.3,29,11.0,289,1012.4,0.0
2024-11-15T10:00,29.0,28,11.5,292,1012.0,0.0
2024-11-15T11:00,28.2,29,10.7,297,1011.8,0.0
2024-11-15T12:00,26.8,33,6.4,302,1012.0,0.0
2024-11-15T13:00,25.9,42,5.6,318,1012.9,0.0
2024-11-15T14:00,24.9,46,5.4,320,1013.2,0.0
2024-11-15T15:00,24.0,51,6.4,322,1013.5,0.0
2024-11-15T16:00,23.4,54,6.5,326,1013.6,0.0
2024-11-15T17:00,22.7,57,6.1,332,1013.4,0.0
2024-11-15T18:00,21.7,62,6.0,339,1013.2,0.0
2024-11-15T19:00,20.3,69,3.9,336,1012.9,0.0
2024-11-15T20:00,19.6,74,3.1,324,1013.1,0.0
2024-11-15T21:00,19.2,76,2.7,293,1012.9,0.0
2024-11-15T22:00,18.9,77,3.1,270,1012.9,0.0
2024-11-15T23:00,18.7,77,3.6,264,1012.9,0.0
2024-11-16T00:00,18.4,78,4.1,272,1013.2,0.0
2024-11-16T01:00,18.0,84,4.7,254,1013.8,0.0
2024-11-16T02:00,18.4,82,5.7,261,1014.1,0.0
2024-11-16T03:00,20.2,73,4.0,265,1014.5,0.0
2024-11-16T04:00,23.1,61,3.7,281,1015.0,0.0
2024-11-16T05:00,25.5,51,5.1,287,1015.1,0.0
2024-11-16T06:00,27.1,43,7.0,280,1014.1,0.0
2024-11-16T07:00,28.4,36,8.4,285,1013.2,0.0
2024-11-16T08:00,29.0,32,9.4,296,1012.0,0.0
2024-11-16T09:00,29.0,32,9.9,303,1011.4,0.0
2024-11-16T10:00,28.6,33,9.8,308,1011.1,0.0
2024-11-16T11:00,27.8,34,9.4,315,1011.2,0.0
2024-11-16T12:00,26.5,38,6.0,321,1011.5,0.0
2024-11-16T13:00,25.7,42,3.6,311,1011.9,0.0
2024-11-16T14:00,25.0,44,4.4,341,1012.5,0.0
2024-11-16T15:00,24.1,48,6.1,348,1013.2,0.0
2024-11-16T16:00,23.1,54,5.8,353,1013.5,0.0
2024-11-16T17:00,22.1,59,3.8,360,1013.7,0.0
2024-11-16T18:00,21.4,65,1.6,333,1013.7,0.0
2024-11-16T19:00,20.7,68,2.5,339,1013.2,0.0
2024-11-16T20:00,20.1,70,2.9,330,1013.1,0.0
2024-11-16T21:00,19.7,72,3.2,289,1012.9,0.0
2024-11-16T22:00,19.4,72,3.8,275,1013.0,0.0
2024-11-16T23:00,19.1,73,4.3,287,1012.8,0.0
2024-11-17T00:00,18.8,75,4.6,291,1013.2,0.0
2024-11-17T01:00,17.3,89,3.0,327,1013.9,0.0
2024-11-17T02:00,17.9,86,3.4,317,1014.4,0.0
2024-11-17T03:00,19.9,76,2.1,290,1015.3,0.0
2024-11-17T04:00,22.6,65,1.8,315,1016.0,0.0
2024-11-17T05:00,25.0,55,3.2,322,1015.8,0.0
2024-11-17T06:00,26.7,47,4.9,324,1015.0,0.0
2024-11-17T07:00,27.8,42,6.0,321,1013.9,0.0
2024-11-17T08:00,28.5,38,7.6,306,1012.7,0.0
2024-11-17T09:00,28.6,36,8.2,302,1012.1,0.0
2024-11-17T10:00,28.2,36,8.1,299,1011.7,0.0
2024-11-17T11:00,27.4,38,8.5,298,1011.8,0.0
2024-11-17T12:00,26.2,42,7.7,303,1012.2,0.0
2024-11-17T13:00,24.8,47,7.0,302,1013.2,0.0
2024-11-17T14:00,23.7,54,7.5,310,1013.9,0.0
2024-11-17T15:00,22.7,57,6.1,310,1014.4,0.0
2024-11-17T16:00,22.0,59,5.7,316,1014.6,0.0
2024-11-17T17:00,21.2,61,5.4,307,1014.6,0.0
2024-11-17T18:00,20.4,64,4.9,298,1014.7,0.0
2024-11-17T19:00,19.6,65,5.0,296,1014.5,0.0
2024-11-17T20:00,19.1,66,5.4,300,1014.3,0.0
2024-11-17T21:00,18.4,67,5.2,301,1014.3,0.0
2024-11-17T22:00,17.7,69,5.2,299,1014.7,0.0
2024-11-17T23:00,17.0,71,5.1,302,1014.8,0.0
2024-11-18T00:00,16.6,74,4.6,301,1015.1,0.0
2024-11-18T01:00,16.1,90,4.2,295,1015.8,0.0
2024-11-18T02:00,16.5,89,5.4,285,1016.5,0.0
2024-11-18T03:00,18.1,81,4.0,273,1017.3,0.0
2024-11-18T04:00,20.5,71,3.9,283,1017.8,0.0
2024-11-18T05:00,22.7,61,5.7,302,1017.6,0.0
2024-11-18T06:00,24.3,49,6.5,309,1017.0,0.0
2024-11-18T07:00,25.5,42,6.2,311,1015.6,0.0
2024-11-18T08:00,26.2,37,6.4,313,1014.8,0.0
2024-11-18T09:00,26.5,34,6.5,318,1014.1,0.0
2024-11-18T10:00,26.3,34,6.4,322,1013.7,0.0
2024-11-18T11:00,25.6,35,6.9,321,1013.8,0.0
2024-11-18T12:00,24.4,39,5.0,322,1014.2,0.0
2024-11-18T13:00,22.8,50,3.4,317,1014.7,0.0
2024-11-18T14:00,22.1,53,3.9,298,1015.2,0.0
2024-11-18T15:00,21.5,53,4.4,289,1015.8,0.0
2024-11-18T16:00,20.7,56,5.0,285,1016.2,0.0
2024-11-18T17:00,19.8,58,5.2,282,1016.4,0.0
2024-11-18T18:00,19.2,60,5.3,282,1016.2,0.0
2024-11-18T19:00,18.5,62,4.8,297,1015.9,0.0
2024-11-18T20:00,17.9,63,4.8,301,1015.9,0.0
2024-11-18T21:00,17.3,65,4.8,304,1015.6,0.0
2024-11-18T22:00,16.5,67,4.2,301,1015.6,0.0
2024-11-18T23:00,15.9,70,3.8,301,1015.8,0.0
2024-11-19T00:00,15.4,71,3.7,284,1016.1,0.0
2024-11-19T01:00,14.6,79,4.1,272,1016.8,0.0
2024-11-19T02:00,14.9,77,5.4,268,1017.6,0.0
2024-11-19T03:00,16.6,69,5.1,276,1018.4,0.0
2024-11-19T04:00,19.5,57,4.6,281,1019.4,0.0
2024-11-19T05:00,22.3,47,4.8,285,1019.2,0.0
2024-11-19T06:00,24.3,39,5.7,294,1018.4,0.0
2024-11-19T07:00,25.5,31,8.2,310,1017.2,0.0
2024-11-19T08:00,26.0,29,8.0,314,1016.2,0.0
2024-11-19T09:00,26.2,28,7.9,317,1015.4,0.0
2024-11-19T10:00,25.8,28,8.1,315,1014.8,0.0
2024-11-19T11:00,25.1,30,7.9,315,1014.7,0.0
2024-11-19T12:00,23.5,34,4.6,318,1015.2,0.0
2024-11-19T13:00,22.3,42,3.4,328,1015.7,0.0
2024-11-19T14:00,21.5,44,3.7,305,1016.1,0.0
2024-11-19T15:00,20.8,45,4.2,301,1016.5,0.0
2024-11-19T16:00,19.9,47,4.4,300,1016.9,0.0
2024-11-19T17:00,18.9,51,4.3,303,1016.7,0.0
2024-11-19T18:00,18.1,53,4.2,310,1016.4,0.0
2024-11-19T19:00,17.5,55,4.3,303,1015.8,0.0
2024-11-19T20:00,17.0,56,4.8,304,1015.4,0.0
2024-11-19T21:00,16.5,57,4.8,299,1014.9,0.0
2024-11-19T22:00,16.1,59,4.9,294,1014.6,0.0
2024-11-19T23:00,15.5,62,4.7,288,1014.6,0.0
2024-11-20T00:00,14.9,64,4.7,286,1014.9,0.0
2024-11-20T01:00,14.1,75,4.3,285,1015.9,0.0
2024-11-20T02:00,14.5,73,4.9,274,1016.7,0.0
2024-11-20T03:00,16.3,66,4.9,272,1017.3,0.0
2024-11-20T04:00,19.2,55,3.8,281,1018.0,0.0
2024-11-20T05:00,22.1,45,4.4,279,1017.5,0.0
2024-11-20T06:00,24.3,37,5.8,296,1016.8,0.0
2024-11-20T07:00,25.5,29,7.2,305,1015.5,0.0
2024-11-20T08:00,26.1,27,7.8,308,1014.6,0.0
2024-11-20T09:00,26.3,27,7.9,311,1013.8,0.0
2024-11-20T10:00,26.0,27,8.2,311,1013.6,0.0
2024-11-20T11:00,25.3,28,7.5,320,1013.8,0.0
2024-11-20T12:00,23.4,34,4.0,330,1014.3,0.0
2024-11-20T13:00,22.7,42,3.1,320,1014.8,0.0
2024-11-20T14:00,21.9,44,3.4,302,1015.3,0.0
2024-11-20T15:00,21.0,46,3.8,295,1015.6,0.0
2024-11-20T16:00,20.0,50,3.8,295,1015.8,0.0
2024-11-20T17:00,19.0,53,3.9,307,1015.8,0.0
2024-11-20T18:00,18.2,56,4.1,315,1015.4,0.0
2024-11-20T19:00,17.6,58,4.2,313,1015.0,0.0
2024-11-20T20:00,17.1,59,4.2,324,1014.5,0.0
2024-11-20T21:00,16.4,61,4.4,322,1014.2,0.0
2024-11-20T22:00,15.8,64,4.2,320,1014.2,0.0
2024-11-20T23:00,15.3,65,4.3,298,1014.3,0.0
2024-11-21T00:00,14.9,66,4.4,291,1014.5,0.0
2024-11-21T01:00,14.1,72,5.0,283,1015.5,0.0
2024-11-21T02:00,14.4,70,5.5,281,1016.2,0.0
2024-11-21T03:00,16.0,64,5.2,272,1017.0,0.0
2024-11-21T04:00,19.0,53,3.6,276,1017.5,0.0
2024-11-21T05:00,21.9,46,4.4,282,1017.4,0.0
2024-11-21T06:00,23.9,40,5.8,290,1016.6,0.0
2024-11-21T07:00,25.2,33,6.8,297,1015.4,0.0
2024-11-21T08:00,25.8,30,6.9,300,1014.2,0.0
2024-11-21T09:00,26.1,29,7.2,305,1013.7,0.0
2024-11-21T10:00,25.8,29,7.2,305,1013.1,0.0
2024-11-21T11:00,25.0,30,6.7,308,1013.2,0.0
2024-11-21T12:00,22.9,38,3.6,311,1013.7,0.0
2024-11-21T13:00,22.7,41,3.9,304,1014.3,0.0
2024-11-21T14:00,22.0,44,4.0,288,1014.6,0.0
2024-11-21T15:00,21.3,46,4.5,286,1015.1,0.0
2024-11-21T16:00,20.3,50,4.4,289,1015.3,0.0
2024-11-21T17:00,19.2,56,3.9,292,1015.2,0.0
2024-11-21T18:00,18.6,59,3.6,300,1015.0,0.0
2024-11-21T19:00,18.2,61,2.8,305,1014.6,0.0
2024-11-21T20:00,17.8,62,2.3,309,1014.3,0.0
2024-11-21T21:00,17.0,65,4.1,319,1014.1,0.0
2024-11-21T22:00,16.2,68,3.7,321,1014.1,0.0
2024-11-21T23:00,15.6,71,3.4,295,1014.1,0.0
2024-11-22T00:00,15.2,72,3.7,281,1014.1,0.0
2024-11-22T01:00,14.5,78,4.0,265,1015.2,0.0
2024-11-22T02:00,15.0,74,5.6,266,1015.7,0.0
2024-11-22T03:00,16.8,67,5.9,270,1016.6,0.0
2024-11-22T04:00,19.7,55,3.6,279,1017.1,0.0
2024-11-22T05:00,22.7,46,3.1,283,1017.4,0.0
2024-11-22T06:00,24.5,40,3.8,295,1016.4,0.0
2024-11-22T07:00,25.6,36,5.6,312,1015.2,0.0
2024-11-22T08:00,26.2,33,6.8,320,1014.3,0.0
2024-11-22T09:00,26.4,32,7.1,326,1013.4,0.0
2024-11-22T10:00,26.1,33,6.7,322,1013.0,0.0
2024-11-22T11:00,25.4,36,6.8,320,1013.1,0.0
2024-11-22T12:00,23.4,44,3.3,338,1013.1,0.0
2024-11-22T13:00,23.4,48,2.0,350,1013.7,0.0
2024-11-22T14:00,22.7,50,1.8,307,1014.2,0.0
2024-11-22T15:00,21.9,53,2.3,299,1014.5,0.0
2024-11-22T16:00,20.8,56,3.4,302,1014.8,0.0
2024-11-22T17:00,19.9,60,3.5,309,1014.8,0.0
2024-11-22T18:00,19.1,64,2.4,306,1014.5,0.0
2024-11-22T19:00,18.5,67,1.8,307,1014.0,0.0
2024-11-22T20:00,17.8,70,1.9,304,1013.7,0.0
2024-11-22T21:00,17.1,73,1.8,294,1013.5,0.0
2024-11-22T22:00,16.4,76,1.9,311,1013.6,0.0
2024-11-22T23:00,15.9,78,2.1,301,1013.7,0.0
2024-11-23T00:00,15.4,80,3.6,273,1014.2,0.0
2024-11-23T01:00,14.6,87,3.6,261,1015.4,0.0
2024-11-23T02:00,15.3,80,4.3,265,1016.3,0.0
2024-11-23T03:00,17.2,69,4.6,257,1017.2,0.0
2024-11-23T04:00,20.1,55,2.9,240,1017.7,0.0
2024-11-23T05:00,23.2,42,3.7,227,1017.8,0.0
2024-11-23T06:00,25.4,35,4.8,239,1017.0,0.0
2024-11-23T07:00,26.8,30,5.1,253,1015.9,0.0
2024-11-23T08:00,27.5,27,4.5,270,1014.9,0.0
2024-11-23T09:00,27.7,25,3.9,283,1014.3,0.0
2024-11-23T10:00,27.5,25,3.3,299,1013.8,0.0
2024-11-23T11:00,26.9,26,3.6,319,1013.8,0.0
2024-11-23T12:00,24.4,36,2.9,360,1014.1,0.0
2024-11-23T13:00,24.3,41,6.3,75,1014.8,0.0
2024-11-23T14:00,23.3,47,5.9,102,1015.3,0.0
2024-11-23T15:00,22.2,52,5.0,125,1015.5,0.0
2024-11-23T16:00,20.8,58,3.8,139,1015.8,0.0
2024-11-23T17:00,20.2,60,4.1,165,1015.8,0.0
2024-11-23T18:00,19.6,61,4.0,201,1015.4,0.0
2024-11-23T19:00,19.6,57,5.2,236,1014.9,0.0
2024-11-23T20:00,19.3,56,6.1,246,1014.7,0.0
2024-11-23T21:00,18.8,57,6.8,252,1014.2,0.0
2024-11-23T22:00,18.4,58,6.9,247,1013.9,0.0
2024-11-23T23:00,18.0,59,6.5,251,1013.8,0.0
2024-11-24T00:00,17.7,59,7.7,258,1014.2,0.0
2024-11-24T01:00,16.8,64,8.0,254,1015.6,0.0
2024-11-24T02:00,16.7,63,9.2,259,1016.3,0.0
2024-11-24T03:00,17.9,58,8.1,264,1017.0,0.0
2024-11-24T04:00,20.2,50,5.9,272,1017.7,0.0
2024-11-24T05:00,22.9,41,6.8,287,1017.5,0.0
2024-11-24T06:00,25.3,34,7.6,284,1016.5,0.0
2024-11-24T07:00,26.9,30,9.2,290,1015.3,0.0
2024-11-24T08:00,27.7,27,9.8,293,1014.3,0.0
2024-11-24T09:00,28.0,26,9.3,294,1013.8,0.0
2024-11-24T10:00,27.7,27,9.3,292,1013.3,0.0
2024-11-24T11:00,26.9,29,8.6,292,1013.4,0.0
2024-11-24T12:00,25.0,35,4.7,286,1013.6,0.0
2024-11-24T13:00,24.5,38,4.2,290,1013.9,0.0
2024-11-24T14:00,23.7,42,4.5,286,1014.4,0.0
2024-11-24T15:00,23.0,44,5.0,285,1014.6,0.0
2024-11-24T16:00,22.1,47,5.4,296,1014.7,0.0
2024-11-24T17:00,21.4,50,5.1,293,1014.5,0.0
2024-11-24T18:00,20.7,54,4.8,292,1014.5,0.0
2024-11-24T19:00,20.0,57,4.6,291,1014.2,0.0
2024-11-24T20:00,19.3,61,4.7,274,1014.0,0.0
2024-11-24T21:00,18.8,63,5.6,270,1014.1,0.0
2024-11-24T22:00,17.9,66,4.6,288,1014.4,0.0
2024-11-24T23:00,17.4,69,5.0,289,1014.7,0.0
2024-11-25T00:00,17.0,71,6.3,270,1014.9,0.0
2024-11-25T01:00,15.8,80,6.4,280,1016.0,0.0
2024-11-25T02:00,16.0,80,7.3,281,1016.7,0.0
2024-11-25T03:00,17.5,73,5.8,284,1017.4,0.0
2024-11-25T04:00,20.0,64,5.1,287,1018.1,0.0
2024-11-25T05:00,22.8,54,5.6,292,1017.8,0.0
2024-11-25T06:00,24.6,45,8.9,297,1016.5,0.0
2024-11-25T07:00,25.5,37,10.4,293,1015.2,0.0
2024-11-25T08:00,26.0,37,10.2,300,1014.2,0.0
2024-11-25T09:00,26.1,38,10.5,308,1013.5,0.0
2024-11-25T10:00,25.7,40,10.6,313,1013.1,0.0
2024-11-25T11:00,25.0,43,10.1,314,1013.1,0.0
2024-11-25T12:00,23.8,48,6.8,307,1013.2,0.0
2024-11-25T13:00,23.4,49,6.6,299,1013.5,0.0
2024-11-25T14:00,22.5,51,6.2,291,1014.1,0.0
2024-11-25T15:00,21.5,53,6.4,280,1014.6,0.0
2024-11-25T16:00,20.7,55,6.7,278,1015.2,0.0
2024-11-25T17:00,20.1,57,6.1,284,1015.4,0.0
2024-11-25T18:00,19.4,59,5.8,292,1015.4,0.0
2024-11-25T19:00,18.6,61,5.3,298,1015.3,0.0
2024-11-25T20:00,17.7,64,4.7,298,1015.3,0.0
2024-11-25T21:00,16.9,68,4.0,280,1015.0,0.0
2024-11-25T22:00,16.3,71,4.1,270,1014.9,0.0
2024-11-25T23:00,15.8,73,4.9,264,1015.2,0.0
2024-11-26T00:00,15.3,77,5.1,264,1015.6,0.0
2024-11-26T01:00,14.6,82,5.2,270,1016.2,0.0
2024-11-26T02:00,14.7,81,5.9,270,1016.9,0.0
2024-11-26T03:00,16.3,74,5.8,261,1017.6,0.0
2024-11-26T04:00,19.1,61,4.5,270,1018.1,0.0
2024-11-26T05:00,22.0,49,5.2,284,1018.1,0.0
2024-11-26T06:00,24.0,40,6.5,300,1016.9,0.0
2024-11-26T07:00,25.1,35,8.5,306,1015.5,0.0
2024-11-26T08:00,25.7,32,9.6,307,1014.3,0.0
2024-11-26T09:00,25.8,30,10.2,307,1013.6,0.0
2024-11-26T10:00,25.5,29,10.1,309,1012.9,0.0
2024-11-26T11:00,24.6,31,9.5,309,1012.9,0.0
2024-11-26T12:00,23.0,36,5.9,301,1013.1,0.0
2024-11-26T13:00,22.9,39,5.6,287,1013.7,0.0
2024-11-26T14:00,22.0,42,6.1,284,1014.3,0.0
2024-11-26T15:00,21.1,45,6.7,289,1014.5,0.0
2024-11-26T16:00,20.2,48,6.2,292,1015.0,0.0
2024-11-26T17:00,19.3,51,5.6,297,1015.1,0.0
2024-11-26T18:00,18.4,54,4.8,301,1014.8,0.0
2024-11-26T19:00,17.6,57,4.5,304,1014.3,0.0
2024-11-26T20:00,16.8,61,4.1,304,1014.0,0.0
2024-11-26T21:00,16.3,64,3.6,300,1013.8,0.0
2024-11-26T22:00,15.7,65,3.7,281,1013.8,0.0
2024-11-26T23:00,15.4,66,4.5,263,1013.9,0.0
2024-11-27T00:00,15.0,67,4.8,259,1014.2,0.0
2024-11-27T01:00,14.1,75,4.5,270,1015.3,0.0
2024-11-27T02:00,14.1,76,3.3,283,1016.0,0.0
2024-11-27T03:00,16.1,67,2.4,333,1016.7,0.0
2024-11-27T04:00,18.8,56,0.7,360,1017.3,0.0
2024-11-27T05:00,21.6,46,1.5,346,1017.3,0.0
2024-11-27T06:00,23.7,38,3.1,332,1016.1,0.0
2024-11-27T07:00,25.0,33,5.1,324,1014.8,0.0
2024-11-27T08:00,25.8,29,6.9,319,1013.8,0.0
2024-11-27T09:00,26.0,26,7.8,322,1013.1,0.0
2024-11-27T10:00,25.7,26,7.9,327,1012.8,0.0
2024-11-27T11:00,24.8,27,7.4,331,1013.0,0.0
2024-11-27T12:00,22.5,36,3.8,355,1013.4,0.0
2024-11-27T13:00,21.7,43,3.5,351,1014.0,0.0
2024-11-27T14:00,20.8,46,3.8,335,1014.6,0.0
2024-11-27T15:00,19.9,49,3.9,326,1015.2,0.0
2024-11-27T16:00,19.1,52,3.6,323,1015.6,0.0
2024-11-27T17:00,18.4,54,4.0,333,1015.7,0.0
2024-11-27T18:00,17.6,58,3.1,339,1015.5,0.0
2024-11-27T19:00,16.9,61,1.6,354,1015.3,0.0
2024-11-27T20:00,16.0,65,1.5,36,1015.1,0.0
2024-11-27T21:00,15.2,69,1.4,23,1015.3,0.0
2024-11-27T22:00,14.4,73,1.9,34,1015.4,0.0
2024-11-27T23:00,13.9,75,1.7,18,1015.5,0.0
2024-11-28T00:00,13.6,77,1.5,324,1015.8,0.0
2024-11-28T01:00,12.6,84,3.0,295,1016.6,0.0
2024-11-28T02:00,12.9,83,3.5,298,1017.1,0.0
2024-11-28T03:00,15.2,71,3.7,317,1017.8,0.0
2024-11-28T04:00,18.4,59,2.7,340,1018.5,0.0
2024-11-28T05:00,21.1,50,3.4,354,1018.7,0.0
2024-11-28T06:00,23.1,41,4.3,358,1017.9,0.0
2024-11-28T07:00,24.4,35,4.8,347,1016.9,0.0
2024-11-28T08:00,25.2,30,5.8,340,1016.0,0.0
2024-11-28T09:00,25.5,27,6.7,340,1015.3,0.0
2024-11-28T10:00,25.2,27,7.1,341,1015.0,0.0
2024-11-28T11:00,24.2,31,6.4,350,1015.1,0.0
2024-11-28T12:00,22.2,40,4.3,5,1015.4,0.0
2024-11-28T13:00,21.8,43,4.2,20,1015.8,0.0
2024-11-28T14:00,20.7,48,4.0,3,1016.3,0.0
2024-11-28T15:00,19.8,52,4.0,350,1016.8,0.0
2024-11-28T16:00,18.6,57,3.6,351,1017.1,0.0
2024-11-28T17:00,17.6,63,3.1,353,1017.5,0.0
2024-11-28T18:00,16.9,67,1.7,347,1017.4,0.0
2024-11-28T19:00,16.3,70,1.6,333,1017.0,0.0
2024-11-28T20:00,15.5,75,2.9,353,1016.9,0.0
2024-11-28T21:00,14.9,79,2.9,360,1016.8,0.0
2024-11-28T22:00,14.2,84,2.7,352,1016.6,0.0
2024-11-28T23:00,13.7,88,3.0,346,1016.7,0.0
2024-11-29T00:00,13.2,90,2.9,349,1017.0,0.0
2024-11-29T01:00,12.1,93,2.5,356,1018.2,0.0
2024-11-29T02:00,12.2,95,1.5,7,1018.8,0.0
2024-11-29T03:00,14.1,85,0.8,297,1019.7,0.0
2024-11-29T04:00,17.2,72,1.6,333,1020.0,0.0
2024-11-29T05:00,19.9,61,2.4,351,1019.8,0.0
2024-11-29T06:00,21.8,52,2.9,356,1018.7,0.0
2024-11-29T07:00,23.1,46,2.4,9,1017.4,0.0
2024-11-29T08:00,24.0,41,1.5,7,1016.3,0.0
2024-11-29T09:00,24.5,38,0.9,349,1015.4,0.0
2024-11-29T10:00,24.5,37,1.3,344,1015.0,0.0
2024-11-29T11:00,23.8,39,2.5,352,1014.9,0.0
2024-11-29T12:00,21.9,47,4.0,360,1015.4,0.0
2024-11-29T13:00,21.8,48,5.2,6,1015.8,0.0
2024-11-29T14:00,20.4,55,3.2,357,1016.4,0.0
2024-11-29T15:00,19.3,60,3.3,354,1016.8,0.0
2024-11-29T16:00,18.4,65,3.1,3,1017.0,0.0
2024-11-29T17:00,17.6,68,2.9,356,1017.0,0.0
2024-11-29T18:00,16.9,71,2.2,5,1016.8,0.0
2024-11-29T19:00,16.3,73,1.3,8,1016.2,0.0
2024-11-29T20:00,15.7,76,1.3,8,1015.8,0.0
2024-11-29T21:00,15.0,79,1.9,343,1015.5,0.0
2024-11-29T22:00,14.5,82,2.1,322,1015.5,0.0
2024-11-29T23:00,13.8,85,3.5,309,1015.6,0.0
2024-11-30T00:00,13.4,86,3.7,305,1015.9,0.0
2024-11-30T01:00,12.4,89,3.8,301,1016.9,0.0
2024-11-30T02:00,12.8,86,4.3,294,1017.6,0.0
2024-11-30T03:00,14.6,77,4.4,297,1018.0,0.0
2024-11-30T04:00,17.5,65,3.3,311,1018.3,0.0
2024-11-30T05:00,20.4,54,3.9,317,1018.1,0.0
2024-11-30T06:00,22.5,45,4.9,324,1017.0,0.0
2024-11-30T07:00,23.9,39,6.1,332,1015.8,0.0
2024-11-30T08:00,24.5,36,6.5,337,1014.2,0.0
2024-11-30T09:00,24.7,35,6.9,343,1013.3,0.0
2024-11-30T10:00,24.5,36,7.2,342,1012.8,0.0
2024-11-30T11:00,23.6,41,6.6,338,1012.7,0.0
2024-11-30T12:00,21.9,49,3.9,336,1012.7,0.0
2024-11-30T13:00,22.0,48,2.9,300,1013.0,0.0
2024-11-30T14:00,21.4,51,3.1,267,1013.5,0.0
2024-11-30T15:00,20.8,53,4.0,265,1013.9,0.0
2024-11-30T16:00,20.1,57,4.3,270,1014.2,0.0
2024-11-30T17:00,19.2,62,4.4,279,1014.3,0.0
2024-11-30T18:00,18.3,67,4.2,288,1014.3,0.0
2024-11-30T19:00,17.7,71,4.4,302,1013.9,0.0
2024-11-30T20:00,16.9,75,4.2,320,1013.6,0.0
2024-11-30T21:00,16.4,77,4.0,333,1013.4,0.0
2024-11-30T22:00,15.8,79,4.2,329,1013.5,0.0
2024-11-30T23:00,15.4,80,4.2,335,1013.5,0.0
2024-12-01T00:00,14.9,82,4.0,330,1013.9,0.0
2024-12-01T01:00,13.9,86,3.8,315,1014.8,0.0
2024-12-01T02:00,14.2,84,3.6,300,1015.3,0.0
2024-12-01T03:00,15.9,75,4.0,306,1015.9,0.0
2024-12-01T04:00,18.1,65,2.8,320,1016.3,0.0
2024-12-01T05:00,20.3,56,2.3,309,1016.2,0.0
2024-12-01T06:00,22.2,47,2.7,298,1015.5,0.0
2024-12-01T07:00,23.8,40,4.3,303,1014.1,0.0
2024-12-01T08:00,24.7,36,6.1,313,1012.7,0.0
2024-12-01T09:00,25.1,36,6.8,307,1011.5,0.0
2024-12-01T10:00,24.8,38,7.0,299,1010.9,0.0
2024-12-01T11:00,24.0,42,7.4,299,1010.7,0.0
2024-12-01T12:00,22.6,47,4.9,303,1010.6,0.0
2024-12-01T13:00,22.4,49,6.7,308,1011.3,0.0
2024-12-01T14:00,21.6,52,6.1,315,1012.0,0.0
2024-12-01T15:00,20.8,56,5.6,320,1012.2,0.0
2024-12-01T16:00,19.8,61,4.8,318,1012.4,0.0
2024-12-01T17:00,18.8,65,4.0,300,1012.4,0.0
2024-12-01T18:00,18.1,68,4.0,280,1012.5,0.0
2024-12-01T19:00,17.7,70,4.5,284,1012.2,0.0
2024-12-01T20:00,17.0,73,4.4,291,1012.2,0.0
2024-12-01T21:00,16.2,76,4.5,299,1011.9,0.0
2024-12-01T22:00,15.6,78,4.7,302,1011.7,0.0
2024-12-01T23:00,15.1,79,5.0,311,1011.9,0.0
2024-12-02T00:00,14.6,80,4.8,315,1012.4,0.0
2024-12-02T01:00,13.5,87,4.2,320,1013.6,0.0
2024-12-02T02:00,13.5,86,3.1,301,1014.3,0.0
2024-12-02T03:00,15.4,75,3.4,273,1015.2,0.0
2024-12-02T04:00,17.9,63,2.6,295,1015.9,0.0
2024-12-02T05:00,20.4,53,2.9,292,1015.9,0.0
2024-12-02T06:00,22.7,44,3.9,304,1015.2,0.0
2024-12-02T07:00,24.4,36,5.6,320,1014.2,0.0
2024-12-02T08:00,25.5,32,7.7,327,1013.2,0.0
2024-12-02T09:00,25.9,31,7.7,327,1012.5,0.0
2024-12-02T10:00,25.7,31,7.1,324,1012.3,0.0
2024-12-02T11:00,24.9,33,6.2,319,1012.3,0.0
2024-12-02T12:00,22.7,42,4.1,319,1012.4,0.0
2024-12-02T13:00,22.7,45,4.5,310,1013.2,0.0
2024-12-02T14:00,21.9,48,4.6,306,1013.8,0.0
2024-12-02T15:00,21.1,52,4.8,304,1014.2,0.0
2024-12-02T16:00,20.3,55,4.9,309,1014.6,0.0
2024-12-02T17:00,19.4,59,4.7,317,1014.9,0.0
2024-12-02T18:00,18.4,65,4.5,323,1015.3,0.0
2024-12-02T19:00,17.6,69,4.2,310,1015.2,0.0
2024-12-02T20:00,17.3,71,6.0,309,1015.3,0.0
2024-12-02T21:00,16.9,72,7.8,318,1015.1,0.0
2024-12-02T22:00,16.5,72,7.1,324,1015.0,0.0
2024-12-02T23:00,15.7,74,4.7,320,1014.8,0.0
2024-12-03T00:00,14.9,77,3.7,299,1015.3,0.0
2024-12-03T01:00,13.9,83,4.0,275,1015.8,0.0
2024-12-03T02:00,14.1,82,4.0,275,1016.4,0.0
2024-12-03T03:00,16.0,73,4.8,292,1017.1,0.0
2024-12-03T04:00,18.4,62,3.7,309,1017.7,0.0
2024-12-03T05:00,21.0,51,4.3,318,1017.8,0.0
2024-12-03T06:00,23.4,43,5.5,322,1017.1,0.0
2024-12-03T07:00,25.2,36,7.2,321,1016.0,0.0
2024-12-03T08:00,26.3,31,9.8,322,1015.2,0.0
2024-12-03T09:00,26.6,30,10.7,325,1014.4,0.0
2024-12-03T10:00,26.1,32,11.0,325,1013.8,0.0
2024-12-03T11:00,25.1,36,9.9,325,1013.9,0.0
2024-12-03T12:00,23.5,42,6.6,319,1014.1,0.0
2024-12-03T13:00,23.5,43,6.4,308,1014.7,0.0
2024-12-03T14:00,22.5,48,7.3,308,1015.5,0.0
2024-12-03T15:00,21.6,51,7.8,304,1015.8,0.0
2024-12-03T16:00,20.9,52,8.4,301,1015.9,0.0
2024-12-03T17:00,20.0,55,8.4,298,1016.1,0.0
2024-12-03T18:00,19.2,57,8.5,298,1016.1,0.0
2024-12-03T19:00,18.6,56,9.2,305,1015.5,0.0
2024-12-03T20:00,18.2,54,9.5,307,1015.3,0.0
2024-12-03T21:00,17.9,53,9.8,306,1014.8,0.0
2024-12-03T22:00,17.4,54,9.8,310,1014.5,0.0
2024-12-03T23:00,16.8,56,9.7,310,1014.2,0.0
2024-12-04T00:00,16.5,58,9.4,305,1014.3,0.0
2024-12-04T01:00,15.5,73,9.1,306,1014.7,0.0
2024-12-04T02:00,15.4,73,9.0,296,1015.4,0.0
2024-12-04T03:00,16.7,68,9.2,282,1016.3,0.0
2024-12-04T04:00,18.8,60,8.6,290,1016.8,0.0
2024-12-04T05:00,21.1,51,8.8,290,1016.5,0.0
2024-12-04T06:00,23.4,42,9.8,296,1015.6,0.0
2024-12-04T07:00,25.0,35,12.4,306,1014.5,0.0
2024-12-04T08:00,25.7,33,13.2,307,1013.5,0.0
2024-12-04T09:00,25.8,32,13.5,304,1013.0,0.0
2024-12-04T10:00,25.4,33,13.8,303,1012.6,0.0
2024-12-04T11:00,24.4,35,13.0,303,1012.7,0.0
2024-12-04T12:00,23.1,38,10.1,303,1013.1,0.0
2024-12-04T13:00,22.7,38,8.8,298,1013.8,0.0
2024-12-04T14:00,21.6,41,8.1,295,1014.5,0.0
2024-12-04T15:00,20.6,43,7.2,297,1014.9,0.0
2024-12-04T16:00,19.7,44,7.1,297,1015.2,0.0
2024-12-04T17:00,18.9,45,6.7,301,1015.3,0.0
2024-12-04T18:00,18.1,46,6.7,306,1015.0,0.0
2024-12-04T19:00,17.5,47,7.1,304,1014.5,0.0
2024-12-04T20:00,16.8,49,7.1,291,1014.3,0.0
2024-12-04T21:00,16.0,52,7.2,289,1014.2,0.0
2024-12-04T22:00,15.3,55,7.5,291,1013.9,0.0
2024-12-04T23:00,14.7,58,7.9,291,1013.8,0.0
2024-12-05T00:00,14.2,60,7.5,290,1013.8,0.0
2024-12-05T01:00,12.6,64,6.2,285,1014.8,0.0
2024-12-05T02:00,12.6,63,7.1,276,1015.4,0.0
2024-12-05T03:00,14.0,57,8.4,255,1016.1,0.0
2024-12-05T04:00,16.3,48,6.7,262,1016.8,0.0
2024-12-05T05:00,18.9,39,6.9,264,1016.8,0.0
2024-12-05T06:00,21.4,32,7.7,270,1015.9,0.0
2024-12-05T07:00,23.0,27,10.4,281,1014.6,0.0
2024-12-05T08:00,23.8,24,11.2,285,1013.6,0.0
2024-12-05T09:00,23.9,24,11.7,290,1012.8,0.0
2024-12-05T10:00,23.5,26,11.9,290,1012.7,0.0
2024-12-05T11:00,22.6,29,11.2,292,1012.7,0.0
2024-12-05T12:00,21.2,31,6.6,291,1012.7,0.0
2024-12-05T13:00,20.9,32,7.0,288,1013.6,0.0
2024-12-05T14:00,19.9,36,6.2,282,1014.1,0.0
2024-12-05T15:00,18.9,39,6.1,282,1014.5,0.0
2024-12-05T16:00,18.1,40,5.7,294,1014.7,0.0
2024-12-05T17:00,17.5,42,5.5,289,1014.6,0.0
2024-12-05T18:00,17.1,42,5.7,298,1014.3,0.0
2024-12-05T19:00,16.8,42,5.9,310,1013.7,0.0
2024-12-05T20:00,16.1,43,5.9,315,1013.5,0.0
2024-12-05T21:00,15.1,46,5.0,291,1013.2,0.0
2024-12-05T22:00,14.3,49,5.0,285,1013.0,0.0
2024-12-05T23:00,13.8,49,5.6,268,1013.0,0.0
2024-12-06T00:00,13.4,51,6.3,265,1013.4,0.0
2024-12-06T01:00,12.2,64,6.1,268,1014.4,0.0
2024-12-06T02:00,12.2,66,6.9,264,1014.9,0.0
2024-12-06T03:00,13.6,61,8.1,257,1015.3,0.0
2024-12-06T04:00,16.2,52,5.2,270,1015.8,0.0
2024-12-06T05:00,19.3,41,5.8,275,1015.5,0.0
2024-12-06T06:00,21.8,32,8.2,284,1014.6,0.0
2024-12-06T07:00,23.1,32,11.1,292,1013.4,0.0
2024-12-06T08:00,23.7,32,12.0,291,1012.4,0.0
2024-12-06T09:00,23.8,31,11.7,291,1011.7,0.0
2024-12-06T10:00,23.4,32,11.0,288,1011.2,0.0
2024-12-06T11:00,22.6,34,9.9,291,1011.3,0.0
2024-12-06T12:00,21.0,38,5.9,293,1011.5,0.0
2024-12-06T13:00,20.5,40,4.6,306,1012.0,0.0
2024-12-06T14:00,19.7,43,5.0,311,1012.6,0.0
2024-12-06T15:00,18.7,44,5.1,315,1012.9,0.0
2024-12-06T16:00,17.7,45,5.0,322,1013.3,0.0
2024-12-06T17:00,16.5,48,4.5,313,1013.4,0.0
2024-12-06T18:00,15.9,49,4.6,312,1012.9,0.0
2024-12-06T19:00,15.4,51,4.2,313,1012.1,0.0
2024-12-06T20:00,14.6,52,4.4,330,1012.0,0.0
2024-12-06T21:00,14.0,54,2.5,330,1011.8,0.0
2024-12-06T22:00,13.3,57,2.6,321,1011.6,0.0
2024-12-06T23:00,12.4,61,3.2,297,1011.6,0.0
2024-12-07T00:00,11.7,62,4.0,262,1011.8,0.0
2024-12-07T01:00,10.3,69,4.3,255,1013.3,0.0
2024-12-07T02:00,10.3,70,4.0,267,1014.0,0.0
2024-12-07T03:00,12.4,62,3.8,281,1014.6,0.0
2024-12-07T04:00,15.4,53,0.8,45,1015.1,0.0
2024-12-07T05:00,18.5,43,1.2,39,1015.5,0.0
2024-12-07T06:00,20.8,34,1.4,40,1014.6,0.0
2024-12-07T07:00,22.1,27,1.2,333,1013.4,0.0
2024-12-07T08:00,22.8,24,1.7,319,1012.4,0.0
2024-12-07T09:00,23.0,22,1.7,311,1011.8,0.0
2024-12-07T10:00,22.9,21,1.6,297,1011.3,0.0
2024-12-07T11:00,22.4,21,1.4,310,1011.5,0.0
2024-12-07T12:00,19.8,30,3.3,36,1011.8,0.0
2024-12-07T13:00,19.2,38,4.0,87,1012.8,0.0
2024-12-07T14:00,18.0,44,4.0,111,1013.2,0.0
2024-12-07T15:00,17.2,49,3.9,103,1013.8,0.0
2024-12-07T16:00,16.3,53,4.1,105,1014.0,0.0
2024-12-07T17:00,15.2,58,3.9,114,1014.4,0.0
2024-12-07T18:00,14.5,59,4.0,108,1014.2,0.0
2024-12-07T19:00,13.8,59,4.4,120,1013.9,0.0
2024-12-07T20:00,13.2,61,4.7,122,1013.7,0.0
2024-12-07T21:00,12.5,63,4.9,114,1013.3,0.0
2024-12-07T22:00,12.1,65,5.3,123,1013.1,0.0
2024-12-07T23:00,11.7,67,6.0,129,1013.1,0.0
2024-12-08T00:00,11.3,69,6.9,123,1013.4,0.0
2024-12-08T01:00,10.6,74,7.5,110,1014.4,0.0
2024-12-08T02:00,10.7,73,8.1,118,1015.2,0.0
2024-12-08T03:00,12.1,67,8.5,122,1015.9,0.0
2024-12-08T04:00,14.7,56,6.6,127,1016.1,0.0
2024-12-08T05:00,17.7,46,7.1,126,1015.6,0.0
2024-12-08T06:00,20.3,38,10.8,128,1014.5,0.0
2024-12-08T07:00,21.6,34,12.1,137,1013.1,0.0
2024-12-08T08:00,22.2,34,11.9,141,1011.9,0.0
2024-12-08T09:00,22.5,35,11.6,143,1010.8,0.0
2024-12-08T10:00,22.2,36,10.8,147,1010.4,0.1
2024-12-08T11:00,21.5,39,11.3,151,1010.1,0.0
2024-12-08T12:00,20.0,45,5.7,167,1010.4,0.0
2024-12-08T13:00,18.3,48,11.8,154,1011.8,0.1
2024-12-08T14:00,17.5,57,10.5,125,1011.2,0.0
2024-12-08T15:00,16.9,59,8.6,129,1011.7,0.2
2024-12-08T16:00,15.5,67,9.3,81,1011.5,0.0
2024-12-08T17:00,14.9,70,3.2,34,1012.2,0.0
2024-12-08T18:00,14.8,68,3.2,313,1012.8,0.0
2024-12-08T19:00,13.6,72,8.0,70,1012.3,0.0
2024-12-08T20:00,13.1,74,9.3,99,1012.1,0.0
2024-12-08T21:00,12.4,81,9.1,112,1011.9,0.0
2024-12-08T22:00,11.8,85,8.4,121,1012.1,0.0
2024-12-08T23:00,11.3,87,7.1,128,1012.3,0.0
2024-12-09T00:00,10.5,91,3.7,141,1013.0,0.0
2024-12-09T01:00,10.7,90,3.0,33,1014.5,0.0
2024-12-09T02:00,10.6,91,3.0,76,1015.1,0.0
2024-12-09T03:00,12.3,82,3.5,62,1016.0,0.0
2024-12-09T04:00,14.4,71,2.3,67,1017.1,0.0
2024-12-09T05:00,16.2,63,2.4,63,1017.3,0.0
2024-12-09T06:00,17.7,58,2.2,76,1016.9,0.0
2024-12-09T07:00,19.0,54,2.0,100,1016.0,0.0
2024-12-09T08:00,19.8,50,0.8,117,1015.2,0.0
2024-12-09T09:00,20.2,46,0.8,315,1014.8,0.0
2024-12-09T10:00,20.1,43,2.7,328,1014.6,0.0
2024-12-09T11:00,19.5,44,4.9,332,1014.8,0.0
2024-12-09T12:00,18.1,51,7.0,342,1015.4,0.0
2024-12-09T13:00,17.8,53,8.4,335,1016.4,0.0
2024-12-09T14:00,17.2,55,8.1,331,1017.2,0.0
2024-12-09T15:00,16.6,56,8.0,329,1017.9,0.0
2024-12-09T16:00,15.5,61,7.5,327,1018.4,0.0
2024-12-09T17:00,14.7,63,7.1,333,1018.4,0.0
2024-12-09T18:00,13.9,65,7.2,338,1018.0,0.0
2024-12-09T19:00,13.2,68,6.4,331,1017.5,0.0
2024-12-09T20:00,12.6,70,6.0,316,1017.5,0.0
2024-12-09T21:00,12.3,71,7.0,316,1017.2,0.0
2024-12-09T22:00,11.8,71,7.1,313,1016.8,0.0
2024-12-09T23:00,11.3,71,7.3,306,1016.6,0.0
2024-12-10T00:00,10.9,73,7.3,300,1017.0,0.0
2024-12-10T01:00,10.1,84,6.9,295,1017.8,0.0
2024-12-10T02:00,9.9,84,7.1,294,1018.5,0.0
2024-12-10T03:00,11.3,77,8.3,286,1019.4,0.0
2024-12-10T04:00,13.4,67,7.1,291,1019.8,0.0
2024-12-10T05:00,15.7,58,7.8,292,1019.5,0.0
2024-12-10T06:00,17.9,48,8.5,299,1018.5,0.0
2024-12-10T07:00,19.7,30,11.5,312,1017.5,0.0
2024-12-10T08:00,20.4,19,13.1,318,1016.5,0.0
2024-12-10T09:00,20.4,19,13.0,319,1015.8,0.0
2024-12-10T10:00,19.9,20,12.8,321,1015.2,0.0
2024-12-10T11:00,18.9,24,10.7,315,1015.1,0.0
2024-12-10T12:00,17.3,30,8.0,306,1015.5,0.0
2024-12-10T13:00,17.3,33,7.6,297,1016.2,0.0
2024-12-10T14:00,16.2,37,7.0,296,1016.8,0.0
2024-12-10T15:00,15.3,39,6.9,293,1017.5,0.0
2024-12-10T16:00,14.2,43,6.9,293,1017.9,0.0
2024-12-10T17:00,13.3,45,7.1,294,1018.1,0.0
2024-12-10T18:00,12.6,48,7.5,294,1017.8,0.0
2024-12-10T19:00,12.0,49,7.6,292,1017.4,0.0
2024-12-10T20:00,11.4,50,7.3,293,1017.0,0.0
2024-12-10T21:00,10.9,50,8.0,298,1016.8,0.0
2024-12-10T22:00,10.6,49,8.6,299,1016.6,0.0
2024-12-10T23:00,10.2,49,8.2,293,1016.6,0.0
2024-12-11T00:00,9.9,49,8.4,293,1016.9,0.0
2024-12-11T01:00,8.9,56,8.5,288,1018.0,0.0
2024-12-11T02:00,8.7,57,8.5,282,1018.7,0.0
2024-12-11T03:00,10.0,53,9.4,275,1019.7,0.0
2024-12-11T04:00,12.1,48,7.3,279,1020.1,0.0
2024-12-11T05:00,14.7,41,7.6,284,1019.8,0.0
2024-12-11T06:00,17.2,35,8.5,288,1018.8,0.0
2024-12-11T07:00,19.1,30,9.8,296,1017.5,0.0
2024-12-11T08:00,20.2,27,10.1,299,1016.3,0.0
2024-12-11T09:00,20.6,26,10.3,301,1015.6,0.0
2024-12-11T10:00,20.3,27,10.5,305,1015.2,0.0
2024-12-11T11:00,19.4,30,9.0,305,1015.0,0.0
2024-12-11T12:00,17.6,36,5.8,306,1015.3,0.0
2024-12-11T13:00,17.7,36,6.5,300,1015.7,0.0
2024-12-11T14:00,16.8,40,6.9,303,1015.9,0.0
2024-12-11T15:00,15.7,44,6.6,305,1016.4,0.0
2024-12-11T16:00,14.7,47,6.1,300,1016.8,0.0
2024-12-11T17:00,13.8,51,5.9,297,1016.6,0.0
2024-12-11T18:00,13.1,53,5.6,299,1016.4,0.0
2024-12-11T19:00,12.2,56,5.2,301,1016.0,0.0
2024-12-11T20:00,11.5,59,5.1,302,1015.5,0.0
2024-12-11T21:00,10.8,63,4.8,297,1015.3,0.0
2024-12-11T22:00,10.2,65,4.8,295,1015.0,0.0
2024-12-11T23:00,9.8,67,5.0,289,1014.7,0.0
2024-12-12T00:00,9.4,69,5.8,292,1014.8,0.0
2024-12-12T01:00,8.3,73,6.6,299,1015.8,0.0
2024-12-12T02:00,8.3,73,7.3,303,1016.3,0.0
2024-12-12T03:00,9.8,66,9.0,300,1017.3,0.0
2024-12-12T04:00,12.4,56,5.2,304,1017.8,0.0
2024-12-12T05:00,15.5,46,5.1,302,1018.0,0.0
2024-12-12T06:00,18.1,38,7.1,308,1017.3,0.0
2024-12-12T07:00,19.7,32,9.4,308,1016.6,0.0
2024-12-12T08:00,20.5,30,9.4,306,1015.6,0.0
2024-12-12T09:00,20.8,29,9.2,298,1015.4,0.0
2024-12-12T10:00,20.5,31,9.0,293,1015.3,0.0
2024-12-12T11:00,19.6,33,9.3,295,1015.5,0.0
2024-12-12T12:00,18.1,39,6.6,299,1015.9,0.0
2024-12-12T13:00,18.0,41,7.1,308,1016.7,0.0
2024-12-12T14:00,17.1,46,7.5,307,1017.4,0.0
2024-12-12T15:00,16.2,48,8.1,305,1018.0,0.0
2024-12-12T16:00,15.5,50,8.4,298,1018.2,0.0
2024-12-12T17:00,14.9,51,9.2,301,1018.4,0.0
2024-12-12T18:00,14.0,54,9.3,307,1018.2,0.0
2024-12-12T19:00,13.2,57,9.3,310,1018.2,0.0
2024-12-12T20:00,12.8,59,9.9,307,1018.3,0.0
2024-12-12T21:00,12.2,61,9.7,304,1018.2,0.0
2024-12-12T22:00,11.6,62,9.6,303,1017.9,0.0
2024-12-12T23:00,11.1,63,9.6,303,1017.8,0.0
2024-12-13T00:00,10.7,63,10.0,308,1017.8,0.0
2024-12-13T01:00,9.5,71,10.7,307,1018.3,0.0
2024-12-13T02:00,9.5,69,10.9,304,1019.0,0.0
2024-12-13T03:00,10.8,62,10.0,283,1019.6,0.0
2024-12-13T04:00,12.9,53,9.5,281,1020.1,0.0
2024-12-13T05:00,15.5,43,10.8,285,1019.8,0.0
2024-12-13T06:00,17.8,37,12.4,291,1018.6,0.0
2024-12-13T07:00,19.5,31,14.0,296,1017.0,0.0
2024-12-13T08:00,20.5,28,14.8,301,1015.7,0.0
2024-12-13T09:00,20.8,27,14.3,299,1015.2,0.0
2024-12-13T10:00,20.5,28,13.8,296,1014.9,0.0
2024-12-13T11:00,19.6,31,13.5,299,1015.1,0.0
2024-12-13T12:00,18.2,35,11.9,293,1015.6,0.0
2024-12-13T13:00,18.3,36,12.7,293,1016.5,0.0
2024-12-13T14:00,17.5,37,13.4,290,1017.0,0.0
2024-12-13T15:00,16.7,37,13.9,291,1017.4,0.0
2024-12-13T16:00,15.9,37,13.8,294,1017.8,0.0
2024-12-13T17:00,15.2,39,13.8,297,1017.6,0.0
2024-12-13T18:00,14.4,41,13.2,300,1017.4,0.0
2024-12-13T19:00,13.6,43,12.2,298,1017.2,0.0
2024-12-13T20:00,12.9,46,11.9,295,1017.1,0.0
2024-12-13T21:00,12.2,47,11.5,293,1016.7,0.0
2024-12-13T22:00,11.6,49,10.9,292,1016.4,0.0
2024-12-13T23:00,11.1,49,10.6,294,1016.4,0.0
2024-12-14T00:00,10.7,50,10.3,292,1016.5,0.0
2024-12-14T01:00,9.4,58,9.9,279,1017.6,0.0
2024-12-14T02:00,9.0,60,10.1,275,1018.5,0.0
2024-12-14T03:00,10.1,56,9.2,271,1019.4,0.0
2024-12-14T04:00,12.1,49,9.6,275,1020.6,0.0
2024-12-14T05:00,14.6,41,8.9,283,1020.6,0.0
2024-12-14T06:00,17.0,34,7.8,292,1019.5,0.0
2024-12-14T07:00,19.0,30,8.5,299,1018.2,0.0
2024-12-14T08:00,20.3,28,9.8,301,1017.2,0.0
2024-12-14T09:00,20.9,27,10.1,297,1016.5,0.0
2024-12-14T10:00,20.9,28,9.9,291,1016.3,0.0
2024-12-14T11:00,20.1,30,9.8,293,1016.5,0.0
2024-12-14T12:00,18.4,34,7.1,294,1016.8,0.0
2024-12-14T13:00,18.4,36,6.7,289,1017.7,0.0
2024-12-14T14:00,17.4,41,6.7,297,1018.0,0.0
2024-12-14T15:00,16.3,45,6.5,302,1018.4,0.0
2024-12-14T16:00,15.5,47,6.7,297,1018.7,0.0
2024-12-14T17:00,14.7,49,6.6,296,1018.8,0.0
2024-12-14T18:00,14.0,51,6.8,299,1018.3,0.0
2024-12-14T19:00,13.2,53,6.8,307,1017.9,0.0
2024-12-14T20:00,12.3,56,6.5,309,1017.7,0.0
2024-12-14T21:00,11.6,58,6.3,305,1017.7,0.0
2024-12-14T22:00,10.9,59,6.1,300,1017.6,0.0
2024-12-14T23:00,10.3,61,6.0,297,1017.7,0.0
2024-12-15T00:00,9.8,62,5.4,291,1018.2,0.0
2024-12-15T01:00,7.8,74,4.1,285,1019.7,0.0
2024-12-15T02:00,7.7,74,3.8,275,1020.6,0.0
2024-12-15T03:00,9.4,66,4.7,277,1021.7,0.0
2024-12-15T04:00,11.9,56,2.6,286,1022.8,0.0
2024-12-15T05:00,14.7,47,2.9,300,1023.0,0.0
2024-12-15T06:00,17.1,40,2.3,309,1021.9,0.0
2024-12-15T07:00,19.0,34,3.1,320,1020.6,0.0
2024-12-15T08:00,20.3,29,2.8,325,1019.3,0.0
2024-12-15T09:00,20.9,27,3.2,326,1018.5,0.0
2024-12-15T10:00,20.9,27,3.3,331,1018.0,0.0
2024-12-15T11:00,20.0,30,3.7,346,1017.7,0.0
2024-12-15T12:00,17.3,42,4.1,358,1017.8,0.0
2024-12-15T13:00,17.1,48,3.6,327,1018.6,0.0
2024-12-15T14:00,16.1,54,3.1,324,1018.9,0.0
2024-12-15T15:00,15.1,58,3.2,313,1019.2,0.0
2024-12-15T16:00,14.2,63,3.3,324,1019.4,0.0
2024-12-15T17:00,13.3,68,3.2,326,1019.2,0.0
2024-12-15T18:00,12.5,72,2.7,323,1018.7,0.0
2024-12-15T19:00,11.6,77,3.3,324,1018.0,0.0
2024-12-15T20:00,10.8,82,3.1,332,1017.7,0.0
2024-12-15T21:00,10.1,86,3.0,322,1017.4,0.0
2024-12-15T22:00,9.6,89,3.5,309,1017.4,0.0
2024-12-15T23:00,9.3,90,4.2,301,1017.6,0.0
2024-12-16T00:00,8.9,92,4.4,300,1017.6,0.0
2024-12-16T01:00,7.6,94,4.0,291,1018.8,0.0
2024-12-16T02:00,7.4,96,4.4,302,1019.7,0.0
2024-12-16T03:00,8.5,92,5.0,308,1020.5,0.0
2024-12-16T04:00,10.7,82,2.7,307,1021.4,0.0
2024-12-16T05:00,13.5,72,3.0,327,1021.3,0.0
2024-12-16T06:00,16.3,60,3.7,337,1020.2,0.0
2024-12-16T07:00,18.3,51,3.8,343,1018.6,0.0
2024-12-16T08:00,19.7,44,3.4,344,1017.2,0.0
2024-12-16T09:00,20.6,40,3.0,343,1016.1,0.0
2024-12-16T10:00,20.8,39,3.1,347,1015.7,0.0
2024-12-16T11:00,19.9,43,3.8,360,1015.2,0.0
2024-12-16T12:00,17.6,54,4.2,12,1015.3,0.0
2024-12-16T13:00,17.7,58,4.1,13,1015.7,0.0
2024-12-16T14:00,16.5,68,2.6,12,1015.9,0.0
2024-12-16T15:00,15.8,71,1.8,354,1016.2,0.0
2024-12-16T16:00,14.9,75,2.2,355,1016.4,0.0
2024-12-16T17:00,14.1,79,2.0,360,1016.4,0.0
2024-12-16T18:00,13.2,84,2.4,347,1016.2,0.0
2024-12-16T19:00,12.2,89,3.9,336,1015.8,0.0
2024-12-16T20:00,11.4,93,3.9,323,1015.5,0.0
2024-12-16T21:00,10.7,96,3.4,313,1015.3,0.0
2024-12-16T22:00,10.1,98,2.8,305,1014.8,0.0
2024-12-16T23:00,9.6,100,2.0,280,1014.5,0.0
2024-12-17T00:00,9.1,100,2.9,266,1014.9,0.0
2024-12-17T01:00,8.2,100,2.3,241,1016.0,0.0
2024-12-17T02:00,7.6,100,2.3,212,1016.9,0.0
2024-12-17T03:00,8.8,97,0.5,270,1017.8,0.0
2024-12-17T04:00,9.8,94,0.3,315,1018.9,0.0
2024-12-17T05:00,12.1,87,1.0,22,1019.4,0.0
2024-12-17T06:00,15.5,71,1.5,45,1018.5,0.0
2024-12-17T07:00,18.3,58,2.0,45,1017.0,0.0
2024-12-17T08:00,19.7,50,2.2,48,1015.9,0.0
2024-12-17T09:00,20.4,46,2.1,15,1015.2,0.0
2024-12-17T10:00,20.4,45,3.1,353,1015.0,0.0
2024-12-17T11:00,19.6,48,4.1,358,1014.9,0.0
2024-12-17T12:00,17.5,59,4.3,360,1015.0,0.0
2024-12-17T13:00,17.4,62,2.9,4,1015.3,0.0
2024-12-17T14:00,16.6,66,3.6,357,1015.9,0.0
2024-12-17T15:00,15.7,71,3.1,350,1016.3,0.0
2024-12-17T16:00,14.7,74,3.4,342,1016.5,0.0
2024-12-17T17:00,13.8,75,4.2,350,1016.7,0.0
2024-12-17T18:00,12.9,78,4.3,343,1016.7,0.0
2024-12-17T19:00,12.1,83,4.1,331,1016.6,0.0
2024-12-17T20:00,11.4,87,4.1,315,1016.2,0.0
2024-12-17T21:00,11.0,88,4.1,299,1016.0,0.0
2024-12-17T22:00,10.5,90,4.3,303,1015.5,0.0
2024-12-17T23:00,10.0,91,4.4,291,1015.5,0.0
2024-12-18T00:00,9.6,93,4.5,286,1015.6,0.0
2024-12-18T01:00,8.6,96,5.8,296,1017.2,0.0
2024-12-18T02:00,8.1,98,5.0,305,1017.6,0.0
2024-12-18T03:00,9.0,93,4.3,292,1018.4,0.0
2024-12-18T04:00,11.3,80,2.7,274,1019.2,0.0
2024-12-18T05:00,14.5,66,2.4,287,1018.5,0.0
2024-12-18T06:00,17.5,54,2.4,312,1017.1,0.0
2024-12-18T07:00,19.4,45,2.3,331,1015.4,0.0
2024-12-18T08:00,20.6,39,1.9,319,1014.4,0.0
2024-12-18T09:00,21.2,35,1.7,288,1013.7,0.0
2024-12-18T10:00,21.2,33,3.1,260,1013.4,0.0
2024-12-18T11:00,20.4,35,5.4,266,1013.3,0.0
2024-12-18T12:00,18.1,44,4.6,279,1013.6,0.0
2024-12-18T13:00,17.8,51,4.2,320,1013.9,0.0
2024-12-18T14:00,16.5,62,3.0,322,1014.2,0.0
2024-12-18T15:00,15.9,64,1.4,270,1014.5,0.0
2024-12-18T16:00,15.1,67,2.1,255,1014.8,0.0
2024-12-18T17:00,14.1,71,2.2,275,1014.9,0.0
2024-12-18T18:00,13.2,75,2.1,285,1014.9,0.0
2024-12-18T19:00,12.4,78,2.0,260,1014.5,0.0
2024-12-18T20:00,11.6,81,2.4,228,1014.6,0.0
2024-12-18T21:00,11.1,82,1.9,221,1014.4,0.0
2024-12-18T22:00,10.5,84,1.1,252,1014.4,0.0
2024-12-18T23:00,9.8,86,1.5,330,1014.5,0.0
2024-12-19T00:00,9.2,89,1.3,352,1015.0,0.0
2024-12-19T01:00,8.3,91,0.2,270,1016.4,0.0
2024-12-19T02:00,7.8,94,2.1,75,1017.1,0.0
2024-12-19T03:00,9.6,87,5.4,90,1018.1,0.0
2024-12-19T04:00,12.8,71,4.2,100,1018.9,0.0
2024-12-19T05:00,16.0,59,5.2,112,1018.9,0.0
2024-12-19T06:00,18.1,49,7.8,132,1018.1,0.0
2024-12-19T07:00,19.6,40,7.9,139,1016.9,0.0
2024-12-19T08:00,20.6,35,7.6,144,1016.0,0.0
2024-12-19T09:00,21.0,33,7.1,144,1015.0,0.0
2024-12-19T10:00,20.9,34,6.5,136,1014.5,0.0
2024-12-19T11:00,20.2,36,6.2,126,1014.0,0.0
2024-12-19T12:00,18.2,45,4.1,113,1014.1,0.0
2024-12-19T13:00,17.7,50,4.1,113,1014.4,0.0
2024-12-19T14:00,16.7,56,3.8,107,1014.8,0.0
2024-12-19T15:00,15.7,63,3.0,73,1015.2,0.0
2024-12-19T16:00,14.6,68,3.3,49,1015.7,0.0
2024-12-19T17:00,13.8,72,4.0,51,1015.9,0.0
2024-12-19T18:00,13.2,74,4.0,60,1015.9,0.0
2024-12-19T19:00,12.5,77,3.9,62,1015.8,0.0
2024-12-19T20:00,11.9,79,3.7,61,1015.5,0.0
2024-12-19T21:00,11.5,82,3.7,51,1015.5,0.0
2024-12-19T22:00,11.0,84,3.6,30,1015.1,0.0
2024-12-19T23:00,10.5,87,3.5,15,1015.0,0.0
2024-12-20T00:00,10.1,88,3.9,22,1015.2,0.0
2024-12-20T01:00,9.6,92,2.4,48,1016.4,0.0
2024-12-20T02:00,9.4,93,3.2,27,1016.9,0.0
2024-12-20T03:00,11.1,83,4.5,14,1017.6,0.0
2024-12-20T04:00,14.2,68,2.9,11,1018.2,0.0
2024-12-20T05:00,17.4,56,2.2,24,1018.1,0.0
2024-12-20T06:00,19.6,48,2.4,13,1017.2,0.0
2024-12-20T07:00,21.2,41,3.2,357,1015.8,0.0
2024-12-20T08:00,22.3,35,3.8,357,1014.6,0.0
2024-12-20T09:00,22.8,34,4.1,360,1013.8,0.0
2024-12-20T10:00,22.8,34,5.0,358,1013.1,0.0
2024-12-20T11:00,21.9,39,6.2,352,1012.9,0.0
2024-12-20T12:00,19.8,49,4.2,348,1013.1,0.0
2024-12-20T13:00,19.3,52,5.0,325,1013.9,0.0
2024-12-20T14:00,18.5,57,6.3,321,1014.3,0.0
2024-12-20T15:00,17.4,66,6.0,316,1014.6,0.0
2024-12-20T16:00,16.4,71,5.3,308,1015.1,0.0
2024-12-20T17:00,15.6,74,5.4,312,1015.1,0.0
2024-12-20T18:00,14.7,77,6.0,316,1014.9,0.0
2024-12-20T19:00,13.9,80,6.3,323,1014.8,0.0
2024-12-20T20:00,13.1,82,6.3,323,1014.7,0.0
2024-12-20T21:00,12.5,83,6.4,324,1014.8,0.0
2024-12-20T22:00,12.0,84,6.4,328,1014.7,0.0
2024-12-20T23:00,11.5,84,6.1,328,1014.8,0.0
2024-12-21T00:00,11.0,85,5.4,320,1014.9,0.0
2024-12-21T01:00,9.4,93,3.6,297,1015.8,0.0
2024-12-21T02:00,9.4,92,3.9,286,1016.5,0.0
2024-12-21T03:00,10.8,85,6.5,283,1017.5,0.0
2024-12-21T04:00,13.3,71,4.2,290,1018.3,0.0
2024-12-21T05:00,16.0,58,4.0,302,1018.2,0.0
2024-12-21T06:00,18.6,47,3.9,313,1017.3,0.0
2024-12-21T07:00,20.7,38,4.5,323,1016.0,0.0
2024-12-21T08:00,21.9,33,5.9,320,1015.3,0.0
2024-12-21T09:00,22.2,32,6.4,317,1014.8,0.0
2024-12-21T10:00,22.0,34,6.6,319,1014.5,0.0
2024-12-21T11:00,21.1,38,6.5,326,1014.4,0.0
2024-12-21T12:00,18.9,48,3.8,341,1014.7,0.0
2024-12-21T13:00,18.6,50,4.2,355,1015.4,0.0
2024-12-21T14:00,17.6,55,4.5,5,1015.9,0.0
2024-12-21T15:00,16.6,59,4.7,9,1016.4,0.0
2024-12-21T16:00,15.4,64,4.3,360,1017.0,0.0
2024-12-21T17:00,14.5,68,4.2,355,1017.0,0.0
2024-12-21T18:00,13.8,71,4.5,360,1016.7,0.0
2024-12-21T19:00,12.9,74,4.1,360,1016.2,0.0
2024-12-21T20:00,12.2,77,4.1,2,1015.6,0.0
2024-12-21T21:00,11.7,79,2.5,360,1015.4,0.0
2024-12-21T22:00,11.7,79,1.2,309,1015.1,0.0
2024-12-21T23:00,11.6,79,2.5,278,1014.8,0.0
2024-12-22T00:00,11.6,79,2.7,293,1014.9,0.0
2024-12-22T01:00,10.3,85,2.2,270,1015.8,0.0
2024-12-22T02:00,10.1,86,0.7,284,1016.5,0.0
2024-12-22T03:00,11.2,81,2.6,12,1017.3,0.0
2024-12-22T04:00,14.0,67,1.9,49,1018.0,0.0
2024-12-22T05:00,17.2,52,1.7,58,1018.1,0.0
2024-12-22T06:00,19.6,43,2.2,85,1017.6,0.0
2024-12-22T07:00,21.0,39,2.6,115,1016.4,0.0
2024-12-22T08:00,21.9,37,2.8,140,1015.4,0.0
2024-12-22T09:00,22.4,35,3.5,141,1014.6,0.0
2024-12-22T10:00,22.3,34,4.8,143,1014.0,0.0
2024-12-22T11:00,21.6,36,5.9,145,1013.7,0.0
2024-12-22T12:00,19.7,42,4.5,130,1013.6,0.0
2024-12-22T13:00,18.6,46,3.5,111,1014.3,0.0
2024-12-22T14:00,17.4,53,3.6,90,1015.0,0.0
2024-12-22T15:00,16.6,60,4.0,82,1015.5,0.0
2024-12-22T16:00,15.6,66,4.1,90,1016.0,0.0
2024-12-22T17:00,14.6,70,4.0,95,1016.1,0.0
2024-12-22T18:00,13.8,72,4.3,92,1015.7,0.0
2024-12-22T19:00,13.4,71,7.1,96,1015.0,0.0
2024-12-22T20:00,13.1,70,6.9,110,1014.3,0.0
2024-12-22T21:00,12.4,72,5.8,124,1014.1,0.0
2024-12-22T22:00,12.0,73,7.3,128,1013.8,0.0
2024-12-22T23:00,11.5,75,6.4,122,1013.8,0.0
2024-12-23T00:00,11.1,77,5.1,117,1014.2,0.0
2024-12-23T01:00,12.3,76,5.3,102,1015.2,0.0
2024-12-23T02:00,12.2,76,2.6,65,1016.3,0.0
2024-12-23T03:00,12.7,74,2.3,58,1017.6,0.3
2024-12-23T04:00,13.7,72,6.0,87,1018.4,0.2
2024-12-23T05:00,14.7,67,4.9,96,1019.2,0.0
2024-12-23T06:00,15.2,66,7.9,79,1018.5,0.0
2024-12-23T07:00,16.6,63,9.6,70,1017.3,0.0
2024-12-23T08:00,18.2,53,8.9,104,1016.2,0.0
2024-12-23T09:00,16.7,59,8.5,96,1016.0,0.1
2024-12-23T10:00,16.7,62,8.8,90,1015.1,0.0
2024-12-23T11:00,17.1,60,9.0,87,1014.9,0.0
2024-12-23T12:00,16.5,62,7.8,81,1014.8,0.0
2024-12-23T13:00,16.2,67,6.7,81,1015.3,0.0
2024-12-23T14:00,15.2,71,4.9,86,1015.8,0.0
2024-12-23T15:00,14.4,74,4.3,90,1016.3,0.0
2024-12-23T16:00,14.1,74,5.7,103,1016.7,0.0
2024-12-23T17:00,13.0,81,4.0,82,1016.7,0.0
2024-12-23T18:00,12.4,85,3.7,61,1016.6,0.0
2024-12-23T19:00,11.9,87,4.2,54,1016.3,0.0
2024-12-23T20:00,11.3,89,3.8,49,1016.2,0.0
2024-12-23T21:00,11.7,87,3.9,37,1016.1,0.0
2024-12-23T22:00,11.9,85,4.9,33,1016.0,0.1
2024-12-23T23:00,11.6,87,4.8,68,1015.8,0.1
2024-12-24T00:00,10.9,91,7.8,337,1016.7,0.0
2024-12-24T01:00,11.7,88,7.3,25,1016.9,4.3
2024-12-24T02:00,11.4,89,5.4,15,1018.0,3.3
2024-12-24T03:00,12.2,86,8.6,54,1018.2,1.2
2024-12-24T04:00,13.2,85,6.3,59,1019.0,0.1
2024-12-24T05:00,14.7,80,4.8,42,1019.1,0.0
2024-12-24T06:00,16.8,72,2.8,55,1018.5,0.1
2024-12-24T07:00,17.7,69,4.0,72,1017.3,0.1
2024-12-24T08:00,18.0,65,5.1,96,1016.3,0.2
2024-12-24T09:00,18.6,62,3.8,107,1015.8,0.1
2024-12-24T10:00,18.3,64,2.7,138,1015.6,0.0
2024-12-24T11:00,18.1,68,1.9,139,1015.7,0.0
2024-12-24T12:00,16.4,79,3.2,164,1016.0,0.0
2024-12-24T13:00,15.6,84,4.4,12,1016.4,0.0
2024-12-24T14:00,14.9,83,3.0,308,1017.3,0.0
2024-12-24T15:00,14.6,83,3.6,273,1018.0,0.0
2024-12-24T16:00,15.0,82,4.5,313,1018.7,0.0
2024-12-24T17:00,14.3,84,5.7,351,1018.9,0.0
2024-12-24T18:00,13.4,88,6.8,349,1019.0,0.0
2024-12-24T19:00,12.8,93,7.2,357,1018.7,0.0
2024-12-24T20:00,12.5,93,6.0,351,1018.5,0.0
2024-12-24T21:00,12.1,94,6.2,345,1018.2,0.0
2024-12-24T22:00,11.8,94,5.7,349,1018.1,0.0
2024-12-24T23:00,10.9,95,4.8,347,1017.7,0.0
2024-12-25T00:00,10.4,95,4.6,339,1017.9,0.0
2024-12-25T01:00,11.1,95,4.9,327,1018.3,0.0
2024-12-25T02:00,11.0,95,5.8,300,1018.9,0.0
2024-12-25T03:00,12.0,93,7.5,281,1019.4,0.0
2024-12-25T04:00,14.1,85,4.7,274,1020.1,0.0
2024-12-25T05:00,16.2,74,5.2,326,1020.7,0.0
2024-12-25T06:00,18.1,64,4.9,324,1020.0,0.0
2024-12-25T07:00,19.5,57,4.6,321,1019.1,0.0
2024-12-25T08:00,20.3,53,5.0,322,1018.2,0.0
2024-12-25T09:00,20.7,51,5.8,321,1017.7,0.0
2024-12-25T10:00,20.5,51,6.7,322,1017.5,0.0
2024-12-25T11:00,19.8,54,6.6,325,1017.5,0.0
2024-12-25T12:00,17.8,67,4.3,336,1017.8,0.0
2024-12-25T13:00,17.3,71,4.6,315,1018.4,0.0
2024-12-25T14:00,16.5,74,4.4,305,1019.2,0.0
2024-12-25T15:00,15.7,77,4.3,303,1019.8,0.0
2024-12-25T16:00,14.9,79,4.5,304,1020.4,0.0
2024-12-25T17:00,14.1,82,4.4,302,1020.7,0.0
2024-12-25T18:00,13.6,84,4.6,315,1020.6,0.0
2024-12-25T19:00,13.0,86,4.7,313,1020.3,0.0
2024-12-25T20:00,12.4,87,4.7,302,1019.9,0.0
2024-12-25T21:00,11.8,89,4.2,301,1019.7,0.0
2024-12-25T22:00,11.3,90,4.4,302,1019.8,0.0
2024-12-25T23:00,11.0,91,4.5,299,1019.7,0.0
2024-12-26T00:00,10.4,93,4.4,300,1020.1,0.0
2024-12-26T01:00,10.1,94,3.7,309,1021.1,0.0
2024-12-26T02:00,9.9,95,3.7,325,1021.9,0.0
2024-12-26T03:00,11.2,91,4.5,337,1022.6,0.0
2024-12-26T04:00,13.7,82,1.9,338,1023.3,0.0
2024-12-26T05:00,16.5,71,1.5,339,1023.3,0.0
2024-12-26T06:00,19.1,60,1.6,354,1022.5,0.0
2024-12-26T07:00,21.0,50,1.1,9,1021.4,0.0
2024-12-26T08:00,22.0,44,0.9,143,1020.5,0.0
2024-12-26T09:00,22.4,41,2.0,153,1019.6,0.0
2024-12-26T10:00,22.3,41,1.5,144,1019.2,0.0
2024-12-26T11:00,21.5,54,1.3,124,1019.0,0.0
2024-12-26T12:00,19.8,58,1.0,112,1019.1,0.0
2024-12-26T13:00,19.3,57,1.9,56,1019.8,0.0
2024-12-26T14:00,18.1,61,4.0,51,1020.3,0.0
2024-12-26T15:00,17.5,66,2.2,55,1020.5,0.0
2024-12-26T16:00,16.8,70,1.1,99,1020.6,0.0
2024-12-26T17:00,16.0,74,1.5,54,1020.4,0.0
2024-12-26T18:00,15.3,78,2.8,40,1019.9,0.0
2024-12-26T19:00,14.9,77,3.9,37,1019.4,0.0
2024-12-26T20:00,15.1,73,4.4,32,1019.0,0.0
2024-12-26T21:00,14.3,79,3.2,27,1018.8,0.0
2024-12-26T22:00,14.8,75,2.4,324,1019.0,0.1
2024-12-26T23:00,14.2,80,0.6,198,1018.7,0.0
2024-12-27T00:00,13.6,80,3.1,97,1018.7,0.9
2024-12-27T01:00,14.2,90,5.9,11,1018.5,0.8
2024-12-27T02:00,14.1,89,9.9,2,1019.1,0.3
2024-12-27T03:00,14.7,84,5.1,333,1020.2,0.0
2024-12-27T04:00,15.0,88,8.8,31,1021.0,1.1
2024-12-27T05:00,15.5,88,6.4,45,1021.2,0.2
2024-12-27T06:00,16.5,85,7.7,41,1020.8,0.3
2024-12-27T07:00,17.1,78,10.3,40,1019.5,0.0
2024-12-27T08:00,16.9,78,10.3,46,1018.7,2.9
2024-12-27T09:00,16.3,84,6.7,70,1018.1,4.3
2024-12-27T10:00,15.8,88,8.5,36,1018.1,2.9
2024-12-27T11:00,15.0,90,9.6,60,1018.0,2.0
2024-12-27T12:00,14.3,93,9.8,52,1018.0,1.9
2024-12-27T13:00,14.4,96,9.5,71,1018.6,3.3
2024-12-27T14:00,14.4,96,10.2,76,1018.6,1.4
2024-12-27T15:00,14.5,95,9.6,93,1019.2,1.0
2024-12-27T16:00,14.4,94,10.8,100,1019.1,0.6
2024-12-27T17:00,14.4,93,10.9,117,1019.2,0.4
2024-12-27T18:00,14.1,93,8.8,121,1019.1,0.0
2024-12-27T19:00,13.8,93,6.9,115,1018.3,0.0
2024-12-27T20:00,13.1,93,4.2,133,1018.1,0.0
2024-12-27T21:00,13.4,93,2.8,63,1017.4,0.0
2024-12-27T22:00,13.2,94,5.9,108,1016.9,0.0
2024-12-27T23:00,12.8,94,6.6,119,1016.5,0.5
2024-12-28T00:00,12.7,94,5.1,141,1016.5,0.0
2024-12-28T01:00,13.2,95,1.4,320,1017.7,0.0
2024-12-28T02:00,13.8,95,2.3,315,1018.5,0.1
2024-12-28T03:00,14.4,94,6.1,360,1019.3,0.5
2024-12-28T04:00,15.2,92,2.5,330,1020.3,0.3
2024-12-28T05:00,16.1,87,3.3,315,1020.6,0.0
2024-12-28T06:00,17.1,83,4.2,324,1020.1,0.0
2024-12-28T07:00,17.8,81,5.0,334,1019.0,0.0
2024-12-28T08:00,17.8,79,6.4,331,1018.0,0.1
2024-12-28T09:00,18.2,78,5.7,325,1017.5,0.1
2024-12-28T10:00,18.1,78,5.5,328,1017.3,0.0
2024-12-28T11:00,17.7,80,5.2,338,1017.3,0.0
2024-12-28T12:00,16.7,87,3.6,360,1017.8,0.0
2024-12-28T13:00,15.7,92,6.1,357,1019.1,0.0
2024-12-28T14:00,15.0,94,4.2,335,1019.7,0.0
2024-12-28T15:00,14.5,95,4.9,324,1020.2,0.0
2024-12-28T16:00,14.0,95,4.9,327,1020.8,0.0
2024-12-28T17:00,13.0,97,4.8,315,1021.1,0.0
2024-12-28T18:00,12.9,96,6.4,315,1020.8,0.0
2024-12-28T19:00,12.5,97,7.4,321,1020.3,0.0
2024-12-28T20:00,12.0,97,8.0,320,1020.1,0.0
2024-12-28T21:00,11.6,97,8.5,316,1019.8,0.0
2024-12-28T22:00,11.3,97,8.7,312,1019.5,0.0
2024-12-28T23:00,11.0,97,9.1,311,1019.7,0.0
2024-12-29T00:00,10.7,97,9.4,308,1020.0,0.0
2024-12-29T01:00,12.6,98,9.6,313,1020.9,0.0
2024-12-29T02:00,12.6,96,8.7,315,1021.7,0.0
2024-12-29T03:00,12.6,96,8.4,323,1022.2,0.0
2024-12-29T04:00,13.2,93,8.8,325,1022.8,0.0
2024-12-29T05:00,14.7,85,6.6,315,1022.8,0.0
2024-12-29T06:00,16.0,80,6.0,297,1022.0,0.0
2024-12-29T07:00,17.1,75,7.0,288,1020.7,0.0
2024-12-29T08:00,18.0,70,8.1,287,1019.6,0.0
2024-12-29T09:00,18.5,66,8.7,292,1019.2,0.0
2024-12-29T10:00,18.4,64,8.7,294,1018.8,0.0
2024-12-29T11:00,17.8,68,6.9,293,1018.7,0.0
2024-12-29T12:00,16.1,76,5.4,290,1018.8,0.0
2024-12-29T13:00,14.1,86,7.2,302,1020.4,0.0
2024-12-29T14:00,13.4,88,7.4,299,1020.8,0.0
2024-12-29T15:00,12.7,90,7.3,298,1020.9,0.0
2024-12-29T16:00,12.2,90,7.5,294,1021.1,0.0
2024-12-29T17:00,11.7,91,7.5,294,1021.2,0.0
2024-12-29T18:00,11.2,93,7.9,294,1020.8,0.0
2024-12-29T19:00,10.9,94,8.5,297,1020.3,0.0
2024-12-29T20:00,10.6,95,8.6,293,1019.8,0.0
2024-12-29T21:00,10.4,95,8.7,291,1019.4,0.0
2024-12-29T22:00,10.2,96,8.7,288,1018.7,0.0
2024-12-29T23:00,9.8,97,8.0,286,1018.4,0.0
2024-12-30T00:00,9.5,97,8.1,283,1018.3,0.0
2024-12-30T01:00,10.8,100,10.5,294,1019.6,0.0
2024-12-30T02:00,10.8,100,9.1,297,1020.4,0.0
2024-12-30T03:00,11.0,99,9.0,301,1021.0,0.0
2024-12-30T04:00,11.9,94,9.4,306,1021.5,0.0
2024-12-30T05:00,13.4,86,9.2,309,1021.7,0.0
2024-12-30T06:00,15.2,78,7.1,291,1021.0,0.0
2024-12-30T07:00,16.5,74,7.1,276,1019.6,0.0
2024-12-30T08:00,17.6,71,7.3,279,1018.7,0.0
2024-12-30T09:00,18.2,69,7.1,280,1018.0,0.0
2024-12-30T10:00,18.4,68,7.8,285,1017.9,0.0
2024-12-30T11:00,18.0,70,5.9,288,1018.1,0.0
2024-12-30T12:00,16.0,79,4.8,285,1018.1,0.0
2024-12-30T13:00,12.8,86,3.1,280,1020.0,0.0
2024-12-30T14:00,12.1,89,3.8,265,1020.3,0.0
2024-12-30T15:00,11.5,90,4.0,260,1020.7,0.0
2024-12-30T16:00,11.0,91,4.2,263,1020.6,0.0
2024-12-30T17:00,10.4,93,4.2,275,1020.8,0.0
2024-12-30T18:00,9.9,94,4.1,285,1020.7,0.0
2024-12-30T19:00,9.4,96,4.2,288,1020.3,0.0
2024-12-30T20:00,8.9,97,4.1,293,1020.0,0.0
2024-12-30T21:00,8.8,97,5.2,301,1020.1,0.0
2024-12-30T22:00,8.6,97,5.7,305,1020.2,0.0
2024-12-30T23:00,7.5,98,5.1,309,1020.0,0.0
2024-12-31T00:00,7.2,98,4.9,306,1020.1,0.0
2024-12-31T01:00,9.5,100,2.9,277,1021.4,0.0
2024-12-31T02:00,9.3,99,2.3,266,1022.2,0.0
2024-12-31T03:00,9.6,98,3.4,276,1023.1,0.0
2024-12-31T04:00,10.4,97,3.3,292,1023.9,0.0
2024-12-31T05:00,11.8,91,2.8,297,1024.0,0.0
2024-12-31T06:00,13.1,85,2.2,284,1023.1,0.0
2024-12-31T07:00,14.6,77,2.7,274,1021.8,0.0
2024-12-31T08:00,15.3,73,3.6,270,1020.5,0.0
2024-12-31T09:00,15.9,68,4.0,273,1019.5,0.0
2024-12-31T10:00,16.0,68,4.0,275,1018.9,0.0
2024-12-31T11:00,15.6,71,3.6,267,1018.9,0.0
2024-12-31T12:00,14.1,80,1.8,276,1019.1,0.0
2024-12-31T13:00,12.3,85,1.9,319,1021.0,0.0
2024-12-31T14:00,11.4,89,2.0,350,1020.9,0.0
2024-12-31T15:00,10.8,91,1.9,326,1021.5,0.0
2024-12-31T16:00,10.2,93,2.8,320,1021.6,0.0
2024-12-31T17:00,9.6,95,3.7,313,1021.7,0.0
2024-12-31T18:00,9.0,96,3.4,313,1021.1,0.0
2024-12-31T19:00,8.2,100,2.9,292,1020.4,0.0
2024-12-31T20:00,7.7,100,3.2,286,1019.8,0.0
2024-12-31T21:00,7.5,100,4.5,275,1019.4,0.0
2024-12-31T22:00,7.8,99,6.0,295,1019.1,0.0
2024-12-31T23:00,7.4,100,6.8,302,1018.9,0.0
2025-01-01T00:00,7.6,99,7.3,300,1019.0,0.0
2025-01-01T01:00,8.1,99,4.8,290,1019.7,0.0
2025-01-01T02:00,8.0,99,4.0,267,1020.2,0.0
2025-01-01T03:00,8.4,99,6.5,264,1020.7,0.0
2025-01-01T04:00,9.4,97,8.0,286,1021.2,0.0
2025-01-01T05:00,11.3,89,8.8,301,1021.1,0.0
2025-01-01T06:00,13.2,81,8.1,302,1020.5,0.0
2025-01-01T07:00,14.6,77,6.3,290,1019.1,0.0
2025-01-01T08:00,15.8,73,6.2,285,1017.8,0.0
2025-01-01T09:00,16.6,72,6.3,277,1016.8,0.0
2025-01-01T10:00,16.9,70,6.9,275,1016.5,0.0
2025-01-01T11:00,16.5,72,6.0,273,1016.4,0.0
2025-01-01T12:00,14.9,80,4.7,279,1016.6,0.0
2025-01-01T13:00,12.2,88,2.8,310,1018.7,0.0
2025-01-01T14:00,11.5,90,3.6,319,1019.1,0.0
2025-01-01T15:00,10.9,92,4.0,321,1019.5,0.0
2025-01-01T16:00,10.4,93,4.4,325,1019.7,0.0
2025-01-01T17:00,10.1,94,4.8,326,1019.4,0.0
2025-01-01T18:00,9.7,96,5.4,320,1019.1,0.0
2025-01-01T19:00,9.3,96,5.9,308,1018.4,0.0
2025-01-01T20:00,8.9,97,5.3,294,1017.7,0.0
2025-01-01T21:00,8.7,97,6.2,280,1017.4,0.0
2025-01-01T22:00,8.5,98,7.3,277,1017.3,0.0
2025-01-01T23:00,8.4,98,7.8,266,1017.1,0.0
2025-01-02T00:00,8.8,98,8.9,263,1017.4,0.0
2025-01-02T01:00,8.6,98,7.8,261,1018.3,0.0
2025-01-02T02:00,8.5,98,7.6,274,1018.7,0.0
2025-01-02T03:00,9.7,95,9.0,283,1019.5,0.0
2025-01-02T04:00,11.6,90,6.3,297,1020.2,0.0
2025-01-02T05:00,13.5,83,5.5,311,1020.3,0.0
2025-01-02T06:00,15.1,77,5.4,300,1019.6,0.0
2025-01-02T07:00,16.6,73,6.0,286,1018.6,0.0
2025-01-02T08:00,17.7,69,6.7,278,1017.6,0.0
2025-01-02T09:00,18.3,66,7.6,277,1016.8,0.0
2025-01-02T10:00,18.4,66,7.9,281,1016.7,0.0
2025-01-02T11:00,17.9,71,5.7,281,1016.8,0.0
2025-01-02T12:00,16.0,79,4.4,282,1016.8,0.0
2025-01-02T13:00,13.7,83,4.4,325,1018.1,0.0
2025-01-02T14:00,13.2,84,4.7,337,1018.2,0.0
2025-01-02T15:00,12.5,86,4.7,332,1018.5,0.0
2025-01-02T16:00,11.9,88,3.8,295,1018.8,0.0
2025-01-02T17:00,11.3,90,3.0,253,1019.1,0.0
2025-01-02T18:00,10.5,93,2.7,250,1018.7,0.0
2025-01-02T19:00,9.7,96,4.0,260,1018.3,0.0
2025-01-02T20:00,9.4,96,4.0,280,1018.0,0.0
2025-01-02T21:00,9.2,97,4.5,310,1017.6,0.0
2025-01-02T22:00,8.9,98,4.3,287,1017.5,0.0
2025-01-02T23:00,8.6,100,5.5,279,1017.6,0.0
2025-01-03T00:00,8.1,100,5.1,293,1017.8,0.0
2025-01-03T01:00,9.0,100,5.3,282,1018.4,0.0
2025-01-03T02:00,8.8,99,4.9,272,1019.0,0.0
2025-01-03T03:00,9.5,98,5.0,289,1020.1,0.0
2025-01-03T04:00,10.4,99,3.3,306,1020.9,0.0
2025-01-03T05:00,12.2,96,2.8,320,1021.1,0.0
2025-01-03T06:00,14.5,86,2.5,315,1020.3,0.0
2025-01-03T07:00,16.6,77,3.2,304,1018.9,0.0
2025-01-03T08:00,18.2,70,3.6,288,1017.7,0.0
2025-01-03T09:00,19.1,67,4.1,283,1016.8,0.0
2025-01-03T10:00,19.3,66,4.3,285,1016.3,0.0
2025-01-03T11:00,18.7,74,2.8,281,1015.9,0.0
2025-01-03T12:00,16.7,80,3.6,288,1015.9,0.0
2025-01-03T13:00,14.5,84,3.3,319,1017.1,0.0
2025-01-03T14:00,13.6,87,3.0,295,1017.3,0.0
2025-01-03T15:00,12.7,90,2.8,285,1017.4,0.0
2025-01-03T16:00,11.9,93,2.7,278,1017.4,0.0
2025-01-03T17:00,11.0,95,3.6,276,1017.1,0.0
2025-01-03T18:00,10.6,96,3.6,270,1016.8,0.0
2025-01-03T19:00,10.2,97,4.7,274,1016.3,0.0
2025-01-03T20:00,9.7,98,4.8,281,1016.0,0.0
2025-01-03T21:00,8.4,100,4.8,283,1015.5,0.0
2025-01-03T22:00,8.0,100,4.4,302,1015.0,0.0
2025-01-03T23:00,7.8,100,3.3,306,1014.7,0.0
2025-01-04T00:00,7.6,100,4.2,317,1014.9,0.0
2025-01-04T01:00,8.2,99,0.5,180,1016.1,0.0
2025-01-04T02:00,8.4,99,1.1,198,1016.8,0.0
2025-01-04T03:00,9.6,93,1.1,81,1017.6,0.0
2025-01-04T04:00,10.7,95,1.7,103,1018.3,0.0
2025-01-04T05:00,12.3,98,1.7,108,1018.3,0.0
2025-01-04T06:00,14.5,93,2.4,81,1017.7,0.0
2025-01-04T07:00,17.1,80,3.4,87,1016.4,0.0
2025-01-04T08:00,18.8,73,3.1,111,1015.2,0.0
2025-01-04T09:00,19.9,68,3.0,128,1014.2,0.0
2025-01-04T10:00,20.2,67,3.3,131,1013.8,0.0
2025-01-04T11:00,19.5,73,3.3,119,1013.6,0.0
2025-01-04T12:00,17.2,81,4.5,113,1013.7,0.0
2025-01-04T13:00,14.3,84,5.2,124,1015.2,0.0
2025-01-04T14:00,13.8,87,6.0,131,1015.8,0.0
2025-01-04T15:00,13.0,90,6.3,125,1016.4,0.0
2025-01-04T16:00,12.3,93,6.2,126,1016.6,0.0
2025-01-04T17:00,11.6,95,6.2,134,1016.4,0.0
2025-01-04T18:00,11.0,95,6.2,134,1016.1,0.0
2025-01-04T19:00,9.7,96,5.1,132,1015.7,0.0
2025-01-04T20:00,8.8,97,4.9,144,1015.4,0.0
2025-01-04T21:00,8.3,98,4.1,151,1015.2,0.0
2025-01-04T22:00,8.2,98,2.2,166,1015.3,0.0
2025-01-04T23:00,7.9,100,2.2,138,1015.3,0.0
2025-01-05T00:00,7.8,100,3.4,115,1015.5,0.0
2025-01-05T01:00,8.5,99,4.8,119,1016.5,0.0
2025-01-05T02:00,8.4,99,6.7,121,1017.1,0.0
2025-01-05T03:00,9.0,99,8.9,124,1017.9,0.0
2025-01-05T04:00,10.0,98,9.3,127,1018.6,0.0
2025-01-05T05:00,11.6,90,9.1,128,1018.8,0.0
2025-01-05T06:00,13.7,85,5.9,125,1018.0,0.0
2025-01-05T07:00,15.6,80,4.6,126,1016.7,0.0
2025-01-05T08:00,17.0,76,4.6,132,1015.5,0.0
2025-01-05T09:00,18.0,72,4.6,126,1014.8,0.0
2025-01-05T10:00,18.3,71,5.0,120,1014.3,0.0
2025-01-05T11:00,17.9,74,5.7,118,1014.0,0.0
2025-01-05T12:00,16.2,80,6.5,118,1013.9,0.0
2025-01-05T13:00,14.0,87,7.6,118,1015.1,0.0
2025-01-05T14:00,13.3,90,7.2,118,1015.5,0.0
2025-01-05T15:00,12.7,91,6.9,123,1016.3,0.0
2025-01-05T16:00,12.2,92,6.3,129,1016.7,0.0
2025-01-05T17:00,11.4,94,4.6,129,1016.9,0.0
2025-01-05T18:00,10.6,95,4.0,129,1016.8,0.0
2025-01-05T19:00,10.2,97,2.2,125,1016.5,0.0
2025-01-05T20:00,9.7,98,2.5,98,1016.2,0.0
2025-01-05T21:00,9.5,98,4.1,92,1016.0,0.0
2025-01-05T22:00,8.7,99,4.3,105,1015.2,0.0
2025-01-05T23:00,8.9,99,1.0,225,1015.3,0.0
2025-01-06T00:00,8.8,100,1.4,337,1016.0,0.0
2025-01-06T01:00,9.5,100,1.8,294,1016.9,0.5
2025-01-06T02:00,10.1,99,3.5,102,1017.8,4.0
2025-01-06T03:00,10.4,99,5.7,347,1017.6,0.4
2025-01-06T04:00,12.0,93,1.8,349,1019.4,0.0
2025-01-06T05:00,13.4,91,1.2,39,1019.6,0.0
2025-01-06T06:00,15.4,82,1.5,353,1018.6,0.0
2025-01-06T07:00,16.5,78,2.6,12,1017.6,0.0
2025-01-06T08:00,17.3,73,3.6,357,1016.7,0.0
2025-01-06T09:00,18.0,69,4.5,331,1016.0,0.0
2025-01-06T10:00,18.2,71,7.0,328,1015.8,0.0
2025-01-06T11:00,17.6,75,8.2,324,1015.6,0.0
2025-01-06T12:00,16.3,80,8.0,322,1015.7,0.0
2025-01-06T13:00,14.3,85,6.8,318,1016.9,0.0
2025-01-06T14:00,13.7,87,6.1,315,1017.1,0.0
2025-01-06T15:00,13.5,87,7.1,304,1017.6,0.0
2025-01-06T16:00,13.1,88,8.0,304,1018.0,0.0
2025-01-06T17:00,12.5,91,8.9,299,1018.2,0.0
2025-01-06T18:00,12.0,94,9.0,299,1018.0,0.0
2025-01-06T19:00,11.6,95,9.5,297,1017.8,0.0
2025-01-06T20:00,11.3,96,10.0,298,1017.5,0.0
2025-01-06T21:00,11.0,96,9.9,299,1017.3,0.0
2025-01-06T22:00,10.7,97,9.7,298,1017.2,0.0
2025-01-06T23:00,10.5,97,9.9,295,1017.1,0.0
2025-01-07T00:00,10.3,97,10.4,291,1017.1,0.0
2025-01-07T01:00,11.2,99,11.9,300,1018.4,0.0
2025-01-07T02:00,11.0,100,11.4,299,1019.2,0.0
2025-01-07T03:00,11.3,98,9.1,302,1020.1,0.0
2025-01-07T04:00,11.6,97,9.1,304,1020.6,0.0
2025-01-07T05:00,13.1,91,9.6,300,1020.3,0.0
2025-01-07T06:00,14.2,87,10.9,297,1019.7,0.0
2025-01-07T07:00,15.6,79,12.9,295,1018.5,0.0
2025-01-07T08:00,17.1,71,13.1,297,1017.2,0.0
2025-01-07T09:00,17.8,68,10.2,287,1015.9,0.0
2025-01-07T10:00,17.8,69,9.4,288,1015.3,0.0
2025-01-07T11:00,17.2,72,9.3,283,1015.1,0.0
2025-01-07T12:00,15.9,78,8.6,286,1015.3,0.0
2025-01-07T13:00,14.0,85,5.7,294,1016.9,0.0
2025-01-07T14:00,13.6,87,6.3,285,1016.9,0.0
2025-01-07T15:00,13.0,89,7.0,283,1017.3,0.0
2025-01-07T16:00,12.5,91,7.7,286,1017.4,0.0
2025-01-07T17:00,11.9,92,8.0,284,1017.2,0.0
2025-01-07T18:00,11.4,91,8.7,284,1016.5,0.0
2025-01-07T19:00,10.8,90,9.2,286,1016.0,0.0
2025-01-07T20:00,10.3,89,8.7,288,1015.3,0.0
2025-01-07T21:00,9.8,89,9.0,286,1014.8,0.0
2025-01-07T22:00,9.5,89,9.6,286,1014.5,0.0
2025-01-07T23:00,9.3,88,10.0,287,1014.3,0.0
2025-01-08T00:00,9.1,87,10.3,289,1014.4,0.0
2025-01-08T01:00,9.0,89,10.1,280,1015.0,0.0
2025-01-08T02:00,8.8,89,9.6,276,1015.8,0.0
2025-01-08T03:00,9.7,85,9.9,270,1016.7,0.0
2025-01-08T04:00,11.3,81,8.2,260,1017.8,0.0
2025-01-08T05:00,13.2,74,8.6,260,1018.1,0.0
2025-01-08T06:00,15.0,68,9.0,267,1017.3,0.0
2025-01-08T07:00,16.7,62,9.7,271,1016.4,0.0
2025-01-08T08:00,17.8,57,10.6,279,1015.5,0.0
2025-01-08T09:00,18.3,53,10.5,286,1014.9,0.0
2025-01-08T10:00,18.2,53,9.7,289,1014.8,0.0
2025-01-08T11:00,17.5,58,6.8,287,1014.7,0.0
2025-01-08T12:00,15.4,68,5.6,285,1014.7,0.0
2025-01-08T13:00,15.0,71,5.9,281,1015.2,0.0
2025-01-08T14:00,14.1,74,5.8,286,1015.7,0.0
2025-01-08T15:00,13.3,76,5.4,285,1016.3,0.0
2025-01-08T16:00,12.4,79,5.0,296,1016.9,0.0
2025-01-08T17:00,11.6,81,4.6,306,1016.9,0.0
2025-01-08T18:00,10.9,83,4.3,315,1016.7,0.0
2025-01-08T19:00,10.3,84,3.1,310,1016.4,0.0
2025-01-08T20:00,9.6,87,2.3,266,1016.4,0.0
2025-01-08T21:00,8.8,90,2.9,266,1016.7,0.0
2025-01-08T22:00,8.3,91,3.6,288,1016.6,0.0
2025-01-08T23:00,8.0,91,2.8,285,1016.6,0.0
2025-01-09T00:00,7.6,92,2.5,274,1016.6,0.0
2025-01-09T01:00,7.3,97,1.9,311,1017.5,0.0
2025-01-09T02:00,6.7,99,2.0,333,1018.2,0.0
2025-01-09T03:00,7.8,99,1.9,34,1019.4,0.0
2025-01-09T04:00,10.2,97,1.5,76,1020.3,0.0
2025-01-09T05:00,13.4,86,2.0,85,1020.8,0.0
2025-01-09T06:00,15.6,74,2.4,77,1020.2,0.0
2025-01-09T07:00,17.0,66,1.9,68,1018.9,0.0
2025-01-09T08:00,17.9,61,1.1,81,1018.1,0.0
2025-01-09T09:00,18.4,59,0.3,135,1017.4,0.0
2025-01-09T10:00,18.4,58,0.2,180,1017.0,0.0
2025-01-09T11:00,18.1,60,1.0,202,1017.1,0.0
2025-01-09T12:00,16.1,70,0.6,162,1017.3,0.0
2025-01-09T13:00,15.2,73,1.8,127,1018.2,0.0
2025-01-09T14:00,14.4,74,1.4,130,1018.5,0.0
2025-01-09T15:00,13.3,78,1.5,126,1019.4,0.0
2025-01-09T16:00,12.3,82,0.9,79,1020.0,0.0
2025-01-09T17:00,11.3,86,1.2,63,1020.1,0.0
2025-01-09T18:00,10.4,90,1.7,72,1019.9,0.0
2025-01-09T19:00,9.6,94,2.1,105,1019.6,0.0
2025-01-09T20:00,9.0,96,1.8,114,1019.4,0.0
2025-01-09T21:00,8.4,98,1.6,96,1019.2,0.0
2025-01-09T22:00,7.9,100,1.3,90,1019.1,0.0
2025-01-09T23:00,7.8,100,0.8,117,1018.9,0.0
2025-01-10T00:00,7.5,100,1.5,166,1019.2,0.0
2025-01-10T01:00,7.9,100,3.6,147,1020.5,0.0
2025-01-10T02:00,7.5,99,4.4,122,1021.4,0.0
2025-01-10T03:00,7.8,99,4.0,90,1022.4,0.0
2025-01-10T04:00,9.5,100,3.9,118,1023.2,0.0
2025-01-10T05:00,11.6,95,3.9,112,1023.6,0.0
2025-01-10T06:00,14.0,84,3.6,99,1022.6,0.0
2025-01-10T07:00,15.9,76,3.9,103,1021.4,0.0
2025-01-10T08:00,17.0,68,4.1,105,1020.0,0.0
2025-01-10T09:00,17.6,62,3.8,101,1019.2,0.0
2025-01-10T10:00,17.6,60,4.3,105,1018.6,0.0
2025-01-10T11:00,17.1,64,3.9,106,1018.4,0.0
2025-01-10T12:00,15.2,75,2.6,102,1018.2,0.0
2025-01-10T13:00,13.5,83,3.5,78,1018.5,0.0
2025-01-10T14:00,12.3,88,4.1,88,1019.0,0.0
2025-01-10T15:00,11.5,91,4.2,100,1019.5,0.0
2025-01-10T16:00,11.0,92,4.6,111,1019.8,0.0
2025-01-10T17:00,10.5,93,4.8,121,1019.8,0.0
2025-01-10T18:00,10.1,93,5.2,119,1019.6,0.0
2025-01-10T19:00,9.7,93,5.2,119,1019.0,0.0
2025-01-10T20:00,9.3,94,5.3,125,1018.8,0.0
2025-01-10T21:00,9.0,94,5.7,122,1018.7,0.0
2025-01-10T22:00,8.0,96,5.4,116,1018.7,0.0
2025-01-10T23:00,7.6,96,5.3,114,1018.7,0.0
2025-01-11T00:00,7.5,97,5.8,106,1019.1,0.0
2025-01-11T01:00,8.9,98,8.3,101,1019.5,0.0
2025-01-11T02:00,9.0,99,9.8,98,1020.1,0.0
2025-01-11T03:00,9.9,98,10.5,107,1020.8,0.0
2025-01-11T04:00,11.2,94,10.6,118,1021.4,0.0
2025-01-11T05:00,13.2,84,12.5,122,1021.0,0.0
2025-01-11T06:00,15.1,80,6.6,123,1020.3,0.0
2025-01-11T07:00,16.1,76,3.9,133,1019.0,0.0
2025-01-11T08:00,16.7,73,1.2,231,1017.9,0.0
2025-01-11T09:00,17.1,71,0.4,297,1016.8,0.0
2025-01-11T10:00,16.8,72,1.9,326,1016.4,0.2
2025-01-11T11:00,16.5,74,2.2,66,1016.0,0.3
2025-01-11T12:00,15.1,84,5.2,14,1016.0,1.2
2025-01-11T13:00,13.6,90,3.1,360,1017.8,0.9
2025-01-11T14:00,13.1,93,10.2,81,1017.8,0.4
2025-01-11T15:00,12.9,86,9.6,87,1017.5,0.9
2025-01-11T16:00,12.3,88,4.6,79,1018.3,0.2
2025-01-11T17:00,11.6,91,3.6,57,1018.5,0.2
2025-01-11T18:00,11.6,91,4.5,85,1018.5,0.0
2025-01-11T19:00,11.4,92,3.6,60,1018.3,0.0
2025-01-11T20:00,10.1,94,5.1,73,1018.1,0.0
2025-01-11T21:00,10.8,93,5.8,85,1017.8,0.0
2025-01-11T22:00,10.8,94,4.9,96,1017.7,0.0
2025-01-11T23:00,10.5,91,0.9,127,1017.6,0.1
2025-01-12T00:00,10.2,94,4.7,90,1017.7,0.1
2025-01-12T01:00,11.3,93,1.7,139,1018.7,0.5
2025-01-12T02:00,11.0,93,2.9,150,1019.3,0.1
2025-01-12T03:00,12.1,93,3.9,103,1020.3,0.0
2025-01-12T04:00,13.9,88,2.6,65,1021.4,0.0
2025-01-12T05:00,14.9,87,3.5,114,1021.5,0.0
2025-01-12T06:00,16.5,78,4.0,153,1020.6,0.0
2025-01-12T07:00,17.6,71,3.3,167,1019.3,0.2
2025-01-12T08:00,18.1,71,0.6,326,1018.3,0.0
2025-01-12T09:00,18.1,68,1.8,45,1017.5,0.0
2025-01-12T10:00,18.1,66,1.4,40,1017.2,0.0
2025-01-12T11:00,18.0,65,2.0,360,1017.5,0.1
2025-01-12T12:00,16.3,75,5.6,345,1017.9,0.0
2025-01-12T13:00,12.9,93,3.4,328,1019.1,0.0
2025-01-12T14:00,12.7,93,5.2,356,1019.8,0.0
2025-01-12T15:00,12.5,93,5.5,343,1020.5,0.0
2025-01-12T16:00,12.0,95,5.5,328,1021.1,0.0
2025-01-12T17:00,11.4,95,6.0,339,1021.1,0.0
2025-01-12T18:00,10.9,96,5.9,333,1020.6,0.0
2025-01-12T19:00,10.3,96,5.0,319,1019.9,0.0
2025-01-12T20:00,10.0,96,5.4,296,1019.7,0.0
2025-01-12T21:00,9.7,97,5.7,305,1019.2,0.0
2025-01-12T22:00,9.6,98,6.5,304,1019.1,0.0
2025-01-12T23:00,9.4,98,7.4,299,1019.0,0.0
2025-01-13T00:00,9.1,98,7.0,296,1019.1,0.0
2025-01-13T01:00,10.1,98,7.7,306,1019.4,0.0
2025-01-13T02:00,9.9,97,7.7,303,1019.9,0.0
2025-01-13T03:00,10.8,95,8.3,294,1020.6,0.0
2025-01-13T04:00,12.5,89,6.1,302,1021.0,0.0
2025-01-13T05:00,14.1,84,5.9,308,1020.9,0.0
2025-01-13T06:00,15.8,77,6.0,303,1020.0,0.0
2025-01-13T07:00,17.3,72,5.7,302,1018.7,0.0
2025-01-13T08:00,18.5,68,5.7,294,1017.4,0.0
2025-01-13T09:00,19.1,65,6.2,292,1016.7,0.0
2025-01-13T10:00,19.2,64,6.8,297,1016.4,0.0
2025-01-13T11:00,18.7,68,6.0,299,1016.2,0.0
2025-01-13T12:00,16.9,78,5.0,289,1016.4,0.0
2025-01-13T13:00,15.8,81,6.7,289,1017.2,0.0
2025-01-13T14:00,15.1,84,7.6,289,1017.7,0.0
2025-01-13T15:00,14.4,86,8.2,293,1017.9,0.0
2025-01-13T16:00,13.7,87,8.6,299,1018.5,0.0
2025-01-13T17:00,13.0,89,8.6,300,1018.3,0.0
2025-01-13T18:00,12.3,91,8.5,302,1018.0,0.0
2025-01-13T19:00,11.7,92,7.9,297,1017.7,0.0
2025-01-13T20:00,11.3,93,8.0,297,1017.6,0.0
2025-01-13T21:00,10.8,94,7.9,294,1017.2,0.0
2025-01-13T22:00,10.2,95,7.1,291,1017.0,0.0
2025-01-13T23:00,9.8,95,7.2,297,1017.0,0.0
2025-01-14T00:00,9.2,95,6.7,297,1017.3,0.0
2025-01-14T01:00,9.3,96,6.0,286,1018.8,0.0
2025-01-14T02:00,8.9,97,6.1,284,1019.5,0.0
2025-01-14T03:00,10.0,95,7.2,273,1020.3,0.0
2025-01-14T04:00,11.7,91,4.5,275,1021.2,0.0
2025-01-14T05:00,13.6,83,3.8,287,1021.6,0.0
2025-01-14T06:00,15.3,76,3.5,294,1021.2,0.0
2025-01-14T07:00,16.7,71,3.1,291,1020.1,0.0
2025-01-14T08:00,17.6,68,2.7,293,1019.1,0.0
2025-01-14T09:00,18.2,65,2.7,293,1018.5,0.0
2025-01-14T10:00,18.4,64,3.2,308,1018.1,0.0
2025-01-14T11:00,18.1,65,3.1,315,1018.1,0.0
2025-01-14T12:00,16.2,77,3.6,342,1018.2,0.0
2025-01-14T13:00,15.3,80,4.5,5,1019.0,0.0
2025-01-14T14:00,14.6,81,2.9,11,1019.4,0.0
2025-01-14T15:00,13.8,83,2.7,8,1019.9,0.0
2025-01-14T16:00,13.2,86,5.2,348,1019.9,0.0
2025-01-14T17:00,12.4,89,1.5,30,1020.4,0.0
2025-01-14T18:00,11.4,93,2.3,18,1020.3,0.0
2025-01-14T19:00,10.7,96,1.1,351,1020.1,0.0
2025-01-14T20:00,10.4,97,0.6,326,1020.1,0.0
2025-01-14T21:00,9.8,100,0.3,315,1019.8,0.0
2025-01-14T22:00,9.0,100,0.6,342,1019.9,0.0
2025-01-14T23:00,9.0,99,1.1,288,1020.0,0.0
2025-01-15T00:00,8.4,100,0.8,315,1020.3,0.0
2025-01-15T01:00,8.4,99,1.8,37,1021.1,0.0
2025-01-15T02:00,8.3,100,2.8,35,1021.9,0.0
2025-01-15T03:00,8.5,97,2.7,58,1022.6,0.0
2025-01-15T04:00,10.3,97,4.2,85,1023.3,0.0
2025-01-15T05:00,11.6,99,4.4,102,1023.4,0.0
2025-01-15T06:00,14.8,86,5.0,103,1022.4,0.0
2025-01-15T07:00,17.1,77,5.5,117,1020.7,0.0
2025-01-15T08:00,17.9,70,5.1,107,1019.1,0.0
2025-01-15T09:00,18.4,66,4.5,90,1018.0,0.0
2025-01-15T10:00,18.4,66,5.0,145,1017.6,0.0
2025-01-15T11:00,18.0,68,4.8,158,1017.4,0.0
2025-01-15T12:00,16.4,80,3.4,174,1017.3,0.0
2025-01-15T13:00,14.3,83,5.1,148,1018.7,0.0
2025-01-15T14:00,14.1,84,5.2,139,1019.4,0.0
2025-01-15T15:00,13.2,88,3.8,139,1019.7,0.5
2025-01-15T16:00,13.4,89,3.0,128,1020.2,0.0
2025-01-15T17:00,12.9,93,6.1,114,1020.3,0.4
2025-01-15T18:00,11.9,95,1.5,83,1019.5,0.1
2025-01-15T19:00,11.8,95,2.1,128,1019.7,0.0
2025-01-15T20:00,11.5,95,0.3,315,1019.7,0.0
2025-01-15T21:00,11.2,97,4.1,15,1019.2,0.0
2025-01-15T22:00,11.4,95,3.6,53,1018.8,0.0
2025-01-15T23:00,11.5,94,2.0,95,1018.9,0.0
2025-01-16T00:00,11.6,95,3.5,78,1019.2,0.0
2025-01-16T01:00,12.1,98,5.1,80,1020.2,0.1
2025-01-16T02:00,12.2,95,6.0,73,1021.1,0.0
2025-01-16T03:00,12.5,95,3.8,101,1021.7,0.0
2025-01-16T04:00,13.2,93,5.9,90,1022.6,0.4
2025-01-16T05:00,14.2,88,3.8,101,1023.1,0.1
2025-01-16T06:00,16.1,76,4.0,98,1022.6,0.0
2025-01-16T07:00,17.3,69,2.7,98,1021.7,0.0
2025-01-16T08:00,17.9,66,1.6,84,1020.6,0.0
2025-01-16T09:00,18.4,63,0.4,207,1019.9,0.0
2025-01-16T10:00,18.4,62,2.7,278,1019.9,0.0
2025-01-16T11:00,18.1,64,4.0,302,1019.8,0.0
2025-01-16T12:00,16.9,74,1.9,311,1020.0,0.0
2025-01-16T13:00,14.8,81,4.0,273,1021.4,0.0
2025-01-16T14:00,14.1,82,4.4,300,1022.0,0.0
2025-01-16T15:00,13.4,85,4.6,347,1022.8,0.0
2025-01-16T16:00,12.7,88,4.4,353,1023.3,0.0
2025-01-16T17:00,12.1,88,4.4,339,1023.3,0.0
2025-01-16T18:00,11.4,90,4.4,328,1023.1,0.0
2025-01-16T19:00,11.0,92,5.0,322,1022.6,0.0
2025-01-16T20:00,10.7,92,5.5,322,1022.1,0.0
2025-01-16T21:00,10.5,93,6.4,317,1021.7,0.0
2025-01-16T22:00,10.3,93,7.8,322,1021.4,0.0
2025-01-16T23:00,10.0,92,8.5,325,1021.1,0.0
2025-01-17T00:00,9.7,91,8.0,326,1021.3,0.0
2025-01-17T01:00,9.6,95,6.9,321,1022.0,0.0
2025-01-17T02:00,9.4,95,7.1,319,1022.3,0.0
2025-01-17T03:00,10.5,92,7.8,318,1022.7,0.0
2025-01-17T04:00,12.2,88,5.1,312,1023.3,0.0
2025-01-17T05:00,14.2,82,4.2,306,1023.2,0.0
2025-01-17T06:00,16.1,75,5.0,291,1021.9,0.0
2025-01-17T07:00,17.6,68,6.4,292,1020.4,0.0
2025-01-17T08:00,18.6,60,7.0,291,1018.8,0.0
2025-01-17T09:00,19.0,57,8.2,289,1017.7,0.0
2025-01-17T10:00,18.9,58,8.6,290,1017.4,0.0
2025-01-17T11:00,18.2,62,7.3,287,1017.2,0.0
2025-01-17T12:00,16.4,70,6.3,288,1017.3,0.0
2025-01-17T13:00,14.4,76,6.9,298,1018.4,0.0
2025-01-17T14:00,13.5,79,7.5,314,1018.7,0.0
2025-01-17T15:00,12.7,83,7.8,320,1019.2,0.0
2025-01-17T16:00,11.9,86,7.4,321,1019.3,0.0
2025-01-17T17:00,10.8,90,5.0,311,1019.4,0.0
2025-01-17T18:00,10.2,93,4.8,292,1019.6,0.0
2025-01-17T19:00,9.8,95,5.0,285,1019.5,0.0
2025-01-17T20:00,8.8,97,3.9,283,1018.8,0.0
2025-01-17T21:00,8.5,98,4.2,275,1018.2,0.0
2025-01-17T22:00,8.3,100,6.0,273,1018.1,0.0
2025-01-17T23:00,8.0,100,7.4,274,1018.4,0.0
2025-01-18T00:00,7.8,100,6.7,273,1018.6,0.0
2025-01-18T01:00,9.4,99,5.0,285,1019.4,0.0
2025-01-18T02:00,9.3,100,5.3,288,1020.4,0.0
2025-01-18T03:00,9.9,98,7.3,293,1021.4,0.0
2025-01-18T04:00,10.6,97,5.2,304,1022.3,0.0
2025-01-18T05:00,12.3,89,3.6,340,1022.0,0.0
2025-01-18T06:00,13.9,83,2.0,10,1020.8,0.0
2025-01-18T07:00,15.7,75,2.7,352,1019.3,0.0
2025-01-18T08:00,17.2,69,2.5,315,1018.1,0.0
2025-01-18T09:00,17.9,64,4.4,308,1017.5,0.0
2025-01-18T10:00,18.0,60,3.1,329,1016.7,0.0
2025-01-18T11:00,17.7,62,2.2,24,1016.1,0.0
2025-01-18T12:00,16.2,73,1.0,315,1016.2,0.0
2025-01-18T13:00,15.2,81,1.1,351,1017.0,0.0
2025-01-18T14:00,14.0,84,0.6,304,1017.2,0.0
2025-01-18T15:00,12.7,89,1.3,278,1017.4,0.0
2025-01-18T16:00,12.0,92,2.4,279,1017.5,0.0
2025-01-18T17:00,11.1,95,2.8,288,1017.8,0.0
2025-01-18T18:00,10.1,100,2.7,290,1017.8,0.0
2025-01-18T19:00,9.4,100,4.0,288,1017.8,0.0
2025-01-18T20:00,9.2,100,3.6,273,1017.7,0.0
2025-01-18T21:00,8.5,100,2.9,266,1017.4,0.0
2025-01-18T22:00,8.4,100,2.1,308,1017.3,0.0
2025-01-18T23:00,8.2,100,2.6,321,1017.1,0.0
2025-01-19T00:00,8.2,97,2.3,299,1017.4,0.0
2025-01-19T01:00,9.7,98,2.1,290,1017.8,0.0
2025-01-19T02:00,9.6,99,2.8,305,1018.7,0.0
2025-01-19T03:00,10.0,97,2.6,321,1019.2,0.0
2025-01-19T04:00,11.2,96,1.9,343,1020.0,0.0
2025-01-19T05:00,13.2,93,1.3,16,1020.3,0.0
2025-01-19T06:00,15.2,89,1.8,11,1019.8,0.0
2025-01-19T07:00,18.2,75,2.3,360,1018.5,0.0
2025-01-19T08:00,20.0,67,2.7,352,1017.1,0.0
2025-01-19T09:00,21.0,63,3.8,349,1016.1,0.0
2025-01-19T10:00,21.3,63,4.4,341,1015.3,0.0
2025-01-19T11:00,20.9,67,4.1,326,1015.0,0.0
2025-01-19T12:00,19.1,78,3.6,323,1014.8,0.0
2025-01-19T13:00,18.6,81,4.6,321,1015.4,0.0
2025-01-19T14:00,17.5,84,4.1,322,1015.4,0.0
2025-01-19T15:00,16.7,86,3.3,324,1015.9,0.0
2025-01-19T16:00,15.8,87,2.8,315,1016.1,0.0
2025-01-19T17:00,14.9,90,4.0,297,1016.0,0.0
2025-01-19T18:00,14.8,89,5.2,292,1015.8,0.0
2025-01-19T19:00,14.4,89,5.9,301,1015.4,0.0
2025-01-19T20:00,13.9,89,6.2,306,1015.0,0.0
2025-01-19T21:00,13.4,90,6.6,299,1014.7,0.0
2025-01-19T22:00,13.0,91,6.7,297,1014.6,0.0
2025-01-19T23:00,12.7,91,7.3,290,1014.3,0.0
2025-01-20T00:00,12.6,91,7.5,287,1014.4,0.0
2025-01-20T01:00,12.3,93,7.7,282,1015.5,0.0
2025-01-20T02:00,12.0,93,8.0,286,1016.2,0.0
2025-01-20T03:00,12.8,92,8.3,281,1016.8,0.0
2025-01-20T04:00,14.6,87,5.6,276,1017.4,0.0
2025-01-20T05:00,16.9,80,5.0,268,1017.5,0.0
2025-01-20T06:00,19.1,74,6.7,264,1017.1,0.0
2025-01-20T07:00,20.6,70,8.1,270,1016.3,0.0
2025-01-20T08:00,21.6,67,9.0,282,1015.1,0.0
2025-01-20T09:00,22.3,63,10.3,293,1014.2,0.0
2025-01-20T10:00,22.3,61,10.3,297,1013.6,0.0
2025-01-20T11:00,21.5,65,8.5,297,1013.5,0.0
2025-01-20T12:00,19.8,74,6.7,290,1013.4,0.0
2025-01-20T13:00,19.0,78,7.3,281,1013.7,0.0
2025-01-20T14:00,18.3,82,7.9,287,1014.1,0.0
2025-01-20T15:00,17.5,85,7.8,289,1014.5,0.0
2025-01-20T16:00,16.9,86,8.3,297,1014.8,0.0
2025-01-20T17:00,16.1,87,8.2,299,1015.0,0.0
2025-01-20T18:00,15.4,88,8.0,295,1014.9,0.0
2025-01-20T19:00,14.7,90,7.6,295,1014.4,0.0
2025-01-20T20:00,14.1,91,7.8,296,1014.3,0.0
2025-01-20T21:00,13.6,91,7.4,299,1013.9,0.0
2025-01-20T22:00,13.2,91,8.0,301,1013.8,0.0
2025-01-20T23:00,12.7,91,7.9,300,1013.5,0.0
2025-01-21T00:00,12.3,91,7.8,296,1013.4,0.0
2025-01-21T01:00,11.8,90,7.9,286,1014.1,0.0
2025-01-21T02:00,11.4,90,8.3,281,1014.7,0.0
2025-01-21T03:00,12.4,87,9.1,277,1015.5,0.0
2025-01-21T04:00,14.2,82,6.8,273,1016.0,0.0
2025-01-21T05:00,16.5,75,6.1,270,1016.3,0.0
2025-01-21T06:00,18.7,67,6.5,270,1015.9,0.0
2025-01-21T07:00,20.4,62,6.9,279,1014.7,0.0
2025-01-21T08:00,21.5,56,7.7,286,1013.6,0.0
2025-01-21T09:00,22.1,53,8.5,291,1012.8,0.0
2025-01-21T10:00,22.0,53,8.9,294,1012.2,0.0
2025-01-21T11:00,21.2,58,7.8,296,1012.0,0.0
2025-01-21T12:00,19.3,68,6.5,294,1012.0,0.0
2025-01-21T13:00,18.2,72,7.3,290,1012.4,0.0
2025-01-21T14:00,17.4,76,7.8,289,1013.0,0.0
2025-01-21T15:00,16.6,79,7.6,282,1013.7,0.0
2025-01-21T16:00,15.8,80,7.5,287,1014.1,0.0
2025-01-21T17:00,15.2,81,7.9,287,1014.1,0.0
2025-01-21T18:00,14.5,84,7.3,293,1013.9,0.0
2025-01-21T19:00,13.8,86,6.5,302,1013.8,0.0
2025-01-21T20:00,13.2,88,6.5,312,1013.7,0.0
2025-01-21T21:00,12.6,90,5.9,317,1013.4,0.0
2025-01-21T22:00,12.2,91,6.2,322,1013.1,0.0
2025-01-21T23:00,11.6,92,5.2,314,1012.8,0.0
2025-01-22T00:00,11.0,93,4.4,302,1013.0,0.0
2025-01-22T01:00,10.6,95,4.6,281,1013.8,0.0
2025-01-22T02:00,10.6,94,5.2,284,1014.4,0.0
2025-01-22T03:00,11.9,91,6.4,281,1015.0,0.0
2025-01-22T04:00,14.2,85,3.6,279,1015.5,0.0
2025-01-22T05:00,16.9,75,2.7,290,1015.7,0.0
2025-01-22T06:00,19.4,67,2.1,290,1015.2,0.0
2025-01-22T07:00,21.3,59,2.0,280,1014.1,0.0
2025-01-22T08:00,22.6,49,2.2,284,1012.8,0.0
2025-01-22T09:00,23.1,45,2.3,293,1012.0,0.0
2025-01-22T10:00,23.1,44,2.6,295,1011.6,0.0
2025-01-22T11:00,22.5,49,2.9,281,1011.5,0.0
2025-01-22T12:00,20.7,63,3.4,295,1011.5,0.0
2025-01-22T13:00,19.1,67,3.7,313,1012.5,0.0
2025-01-22T14:00,17.9,74,3.9,298,1013.1,0.0
2025-01-22T15:00,17.2,78,4.4,308,1013.9,0.0
2025-01-22T16:00,16.7,80,4.6,315,1014.2,0.0
2025-01-22T17:00,16.2,80,5.2,333,1014.2,0.0
2025-01-22T18:00,15.6,80,6.7,333,1014.3,0.0
2025-01-22T19:00,15.0,81,5.0,311,1014.5,0.2
2025-01-22T20:00,15.0,80,7.5,350,1014.7,0.4
2025-01-22T21:00,13.8,84,4.7,351,1014.0,0.0
2025-01-22T22:00,14.0,84,5.5,224,1014.1,0.8
2025-01-22T23:00,13.5,88,1.7,347,1013.5,0.1
2025-01-23T00:00,12.4,91,4.7,293,1013.6,0.0
2025-01-23T01:00,13.3,95,5.6,295,1014.4,0.0
2025-01-23T02:00,12.2,95,4.7,288,1015.1,0.0
2025-01-23T03:00,13.5,92,6.7,301,1015.9,0.0
2025-01-23T04:00,15.3,86,4.8,292,1016.8,0.0
2025-01-23T05:00,17.6,75,5.4,300,1017.4,0.0
2025-01-23T06:00,19.6,64,6.1,304,1016.9,0.0
2025-01-23T07:00,21.2,52,7.3,301,1015.8,0.0
2025-01-23T08:00,22.2,44,9.3,302,1014.9,0.0
2025-01-23T09:00,22.6,34,10.5,303,1014.3,0.0
2025-01-23T10:00,22.2,38,10.7,305,1014.1,0.0
2025-01-23T11:00,21.1,44,9.9,314,1014.1,0.0
2025-01-23T12:00,19.3,54,8.0,310,1014.4,0.0
2025-01-23T13:00,17.8,60,8.6,300,1014.7,0.0
2025-01-23T14:00,16.7,63,8.7,300,1015.6,0.0
2025-01-23T15:00,16.1,62,9.0,299,1016.1,0.0
2025-01-23T16:00,15.4,63,9.1,300,1016.4,0.0
2025-01-23T17:00,14.7,67,8.5,302,1016.5,0.0
2025-01-23T18:00,14.0,70,7.9,303,1016.3,0.0
2025-01-23T19:00,13.4,71,7.3,303,1015.8,0.0
2025-01-23T20:00,12.8,73,7.1,306,1015.5,0.0
2025-01-23T21:00,12.2,74,7.0,299,1014.8,0.0
2025-01-23T22:00,11.8,75,7.0,291,1014.6,0.0
2025-01-23T23:00,11.2,77,7.1,286,1014.6,0.0
2025-01-24T00:00,10.8,78,7.6,278,1014.8,0.0
2025-01-24T01:00,10.9,84,8.0,279,1015.3,0.0
2025-01-24T02:00,10.6,85,8.9,277,1016.2,0.0
2025-01-24T03:00,11.6,81,8.9,279,1016.9,0.0
2025-01-24T04:00,13.4,74,7.9,282,1017.6,0.0
2025-01-24T05:00,15.8,66,7.5,290,1017.6,0.0
2025-01-24T06:00,18.1,58,7.8,285,1017.1,0.0
2025-01-24T07:00,20.0,50,9.0,282,1016.1,0.0
2025-01-24T08:00,21.2,40,11.3,290,1015.0,0.0
2025-01-24T09:00,21.6,35,12.6,294,1014.4,0.0
2025-01-24T10:00,21.3,36,12.8,294,1014.1,0.0
2025-01-24T11:00,20.4,41,11.3,297,1013.9,0.0
2025-01-24T12:00,18.7,51,9.9,292,1014.1,0.0
2025-01-24T13:00,18.2,53,10.4,291,1014.6,0.0
2025-01-24T14:00,17.0,59,9.9,292,1015.0,0.0
2025-01-24T15:00,16.1,63,9.7,289,1015.4,0.0
2025-01-24T16:00,15.3,65,9.6,287,1015.6,0.0
2025-01-24T17:00,14.6,66,9.6,283,1015.6,0.0
2025-01-24T18:00,13.9,67,9.5,281,1015.3,0.0
2025-01-24T19:00,13.2,67,9.5,285,1015.0,0.0
2025-01-24T20:00,12.5,68,9.5,285,1014.8,0.0
2025-01-24T21:00,11.9,69,9.5,284,1014.3,0.0
2025-01-24T22:00,11.4,70,9.6,282,1014.1,0.0
2025-01-24T23:00,10.9,71,9.7,274,1014.1,0.0
2025-01-25T00:00,10.4,71,10.1,274,1014.4,0.0
2025-01-25T01:00,10.1,76,10.3,275,1014.9,0.0
2025-01-25T02:00,9.7,75,10.3,271,1015.7,0.0
2025-01-25T03:00,10.7,70,10.8,269,1016.3,0.0
2025-01-25T04:00,12.6,63,8.8,269,1017.0,0.0
2025-01-25T05:00,15.0,54,8.3,269,1017.6,0.0
2025-01-25T06:00,17.4,48,8.5,271,1016.9,0.0
2025-01-25T07:00,19.4,41,8.8,275,1015.9,0.0
2025-01-25T08:00,20.8,36,9.5,281,1014.7,0.0
2025-01-25T09:00,21.6,32,10.0,288,1013.8,0.0
2025-01-25T10:00,21.5,33,10.2,287,1013.4,0.0
2025-01-25T11:00,20.6,38,9.7,285,1013.4,0.0
2025-01-25T12:00,18.9,47,8.0,280,1013.5,0.0
2025-01-25T13:00,18.7,46,8.0,275,1014.0,0.0
2025-01-25T14:00,17.5,51,7.8,277,1014.7,0.0
2025-01-25T15:00,16.5,55,8.1,275,1015.1,0.0
2025-01-25T16:00,15.6,57,8.5,276,1015.4,0.0
2025-01-25T17:00,14.7,59,8.1,274,1015.5,0.0
2025-01-25T18:00,13.8,61,7.8,275,1015.4,0.0
2025-01-25T19:00,13.0,63,7.5,280,1014.8,0.0
2025-01-25T20:00,12.4,64,7.7,279,1014.6,0.0
2025-01-25T21:00,11.8,66,7.9,283,1014.3,0.0
2025-01-25T22:00,11.2,67,8.3,288,1014.1,0.0
2025-01-25T23:00,10.8,69,8.4,290,1014.0,0.0
2025-01-26T00:00,10.2,71,7.8,283,1014.3,0.0
2025-01-26T01:00,9.5,80,7.4,276,1015.3,0.0
2025-01-26T02:00,9.1,80,7.7,273,1015.8,0.0
2025-01-26T03:00,10.3,72,9.4,273,1016.8,0.0
2025-01-26T04:00,12.6,60,6.1,275,1017.5,0.0
2025-01-26T05:00,15.5,49,6.0,277,1017.8,0.0
2025-01-26T06:00,18.2,40,7.0,282,1017.0,0.0
2025-01-26T07:00,20.2,34,7.7,288,1015.5,0.0
2025-01-26T08:00,21.5,29,8.3,294,1014.2,0.0
2025-01-26T09:00,22.1,28,8.3,294,1013.5,0.0
2025-01-26T10:00,22.1,29,8.4,289,1013.0,0.0
2025-01-26T11:00,21.4,32,8.3,283,1012.9,0.0
2025-01-26T12:00,19.8,39,6.7,268,1012.9,0.0
2025-01-26T13:00,18.9,47,6.2,258,1013.2,0.0
2025-01-26T14:00,17.8,54,5.9,268,1013.8,0.0
2025-01-26T15:00,16.6,58,5.1,276,1014.2,0.0
2025-01-26T16:00,15.6,61,4.9,280,1014.4,0.0
2025-01-26T17:00,14.8,63,4.8,283,1014.7,0.0
2025-01-26T18:00,14.0,64,4.9,278,1014.6,0.0
2025-01-26T19:00,13.2,66,5.4,284,1014.3,0.0
2025-01-26T20:00,12.4,68,5.4,291,1014.1,0.0
2025-01-26T21:00,11.6,71,5.6,295,1013.8,0.0
2025-01-26T22:00,10.9,73,5.5,287,1013.4,0.0
2025-01-26T23:00,10.3,75,6.3,283,1013.3,0.0
2025-01-27T00:00,9.7,77,6.8,281,1013.3,0.0
2025-01-27T01:00,9.3,87,6.3,285,1014.1,0.0
2025-01-27T02:00,8.8,88,6.6,279,1014.9,0.0
2025-01-27T03:00,10.0,81,7.6,270,1015.6,0.0
2025-01-27T04:00,12.7,67,4.7,272,1016.3,0.0
2025-01-27T05:00,15.8,54,4.7,279,1016.6,0.0
2025-01-27T06:00,18.5,44,5.9,284,1015.8,0.0
2025-01-27T07:00,20.4,35,7.2,288,1014.4,0.0
2025-01-27T08:00,21.6,29,8.3,294,1013.2,0.0
2025-01-27T09:00,22.2,26,9.1,302,1012.1,0.0
2025-01-27T10:00,22.1,27,9.1,308,1011.4,0.0
2025-01-27T11:00,21.3,32,8.9,306,1011.2,0.0
2025-01-27T12:00,19.9,40,6.8,297,1011.3,0.0
2025-01-27T13:00,18.8,47,5.3,278,1011.4,0.0
2025-01-27T14:00,17.9,52,5.8,268,1011.9,0.0
2025-01-27T15:00,17.1,56,6.7,261,1012.5,0.0
2025-01-27T16:00,16.2,59,7.1,263,1012.7,0.0
2025-01-27T17:00,15.5,61,7.4,269,1012.8,0.0
2025-01-27T18:00,14.9,61,8.1,274,1012.4,0.0
2025-01-27T19:00,14.2,60,8.4,277,1011.8,0.0
2025-01-27T20:00,13.5,61,8.0,280,1011.7,0.0
2025-01-27T21:00,12.7,63,8.0,280,1011.4,0.0
2025-01-27T22:00,11.9,66,8.0,286,1011.3,0.0
2025-01-27T23:00,11.1,69,7.5,291,1011.3,0.0
2025-01-28T00:00,10.3,72,6.9,293,1011.6,0.0
2025-01-28T01:00,9.3,81,4.4,289,1013.3,0.0
2025-01-28T02:00,8.9,83,3.8,281,1014.3,0.0
2025-01-28T03:00,10.4,74,5.1,262,1015.1,0.0
2025-01-28T04:00,13.0,62,3.1,263,1015.8,0.0
2025-01-28T05:00,16.1,51,3.4,264,1015.9,0.0
2025-01-28T06:00,18.8,42,3.5,279,1015.1,0.0
2025-01-28T07:00,21.1,33,4.2,288,1014.0,0.0
2025-01-28T08:00,22.6,26,4.5,307,1012.9,0.0
2025-01-28T09:00,23.3,23,5.4,312,1012.1,0.0
2025-01-28T10:00,23.3,23,5.0,308,1011.6,0.0
2025-01-28T11:00,22.7,25,4.6,288,1011.5,0.0
2025-01-28T12:00,21.0,31,3.3,279,1011.5,0.0
2025-01-28T13:00,19.5,41,3.5,291,1011.9,0.0
2025-01-28T14:00,18.5,47,3.2,270,1012.7,0.0
2025-01-28T15:00,17.8,52,1.5,234,1013.3,0.0
2025-01-28T16:00,16.6,57,1.6,153,1013.8,0.0
2025-01-28T17:00,15.0,63,3.7,133,1014.1,0.0
2025-01-28T18:00,13.9,69,4.3,132,1014.3,0.0
2025-01-28T19:00,13.2,75,4.5,133,1014.2,0.0
2025-01-28T20:00,12.4,81,4.6,108,1014.3,0.0
2025-01-28T21:00,12.0,84,5.3,78,1014.0,0.0
2025-01-28T22:00,11.6,84,5.5,79,1014.0,0.0
2025-01-28T23:00,10.9,86,5.4,88,1014.0,0.0
2025-01-29T00:00,10.4,87,5.7,99,1014.1,0.0
2025-01-29T01:00,10.0,89,5.0,111,1015.3,0.0
2025-01-29T02:00,9.7,91,5.6,117,1016.2,0.0
2025-01-29T03:00,11.2,86,6.9,120,1016.9,0.0
2025-01-29T04:00,14.1,73,4.5,124,1017.7,0.0
2025-01-29T05:00,17.4,60,5.9,121,1017.8,0.0
2025-01-29T06:00,20.4,49,7.5,127,1017.2,0.0
2025-01-29T07:00,22.3,40,8.3,129,1015.9,0.0
2025-01-29T08:00,23.5,35,8.6,127,1014.3,0.0
2025-01-29T09:00,23.9,33,8.9,126,1013.4,0.0
2025-01-29T10:00,23.6,36,8.8,123,1012.6,0.0
2025-01-29T11:00,22.8,40,9.1,124,1012.4,0.0
2025-01-29T12:00,21.4,46,8.1,114,1012.4,0.0
2025-01-29T13:00,20.1,55,6.9,107,1012.7,0.0
2025-01-29T14:00,19.0,61,6.0,107,1013.1,0.0
2025-01-29T15:00,18.0,66,5.8,110,1013.7,0.0
2025-01-29T16:00,17.1,69,5.4,116,1013.9,0.0
2025-01-29T17:00,16.3,72,5.8,116,1013.9,0.0
2025-01-29T18:00,15.4,75,5.7,108,1013.8,0.0
2025-01-29T19:00,14.5,78,5.7,108,1013.3,0.0
2025-01-29T20:00,13.7,82,5.9,108,1012.9,0.0
2025-01-29T21:00,13.0,85,5.5,107,1012.4,0.0
2025-01-29T22:00,12.3,88,5.5,107,1011.9,0.0
2025-01-29T23:00,11.9,90,5.8,116,1011.6,0.0
2025-01-30T00:00,11.5,91,5.4,111,1011.4,0.0
2025-01-30T01:00,11.2,93,5.2,124,1012.1,0.0
2025-01-30T02:00,11.1,93,4.8,127,1012.7,0.0
2025-01-30T03:00,12.6,85,5.8,124,1013.4,0.0
2025-01-30T04:00,15.4,71,4.0,117,1013.8,0.0
2025-01-30T05:00,18.7,58,4.8,121,1013.8,0.0
2025-01-30T06:00,21.3,48,6.0,134,1013.2,0.0
2025-01-30T07:00,23.0,42,6.0,141,1011.9,0.0
2025-01-30T08:00,24.3,38,5.6,147,1010.4,0.0
2025-01-30T09:00,25.0,35,5.3,152,1009.4,0.0
2025-01-30T10:00,25.1,35,5.6,155,1008.9,0.0
2025-01-30T11:00,24.6,37,6.0,155,1008.7,0.0
2025-01-30T12:00,23.6,40,5.7,162,1008.6,0.0
2025-01-30T13:00,22.2,49,5.7,162,1008.9,0.0
2025-01-30T14:00,20.9,57,4.0,159,1009.3,0.0
2025-01-30T15:00,19.6,65,3.8,163,1009.8,0.0
2025-01-30T16:00,18.4,73,3.8,172,1010.4,0.0
2025-01-30T17:00,17.5,78,3.5,168,1010.7,0.0
2025-01-30T18:00,16.9,82,1.7,139,1010.7,0.0
2025-01-30T19:00,15.8,88,2.0,95,1010.3,0.0
2025-01-30T20:00,14.8,92,3.6,87,1010.2,0.0
2025-01-30T21:00,14.1,94,3.4,106,1009.9,0.0
2025-01-30T22:00,13.5,96,3.2,109,1009.5,0.0
2025-01-30T23:00,12.9,97,2.2,99,1009.3,0.0
2025-01-31T00:00,12.2,98,3.6,108,1009.5,0.0
2025-01-31T01:00,12.1,99,4.8,127,1010.3,0.0
2025-01-31T02:00,11.7,99,4.1,119,1011.0,0.0
2025-01-31T03:00,12.6,97,4.7,152,1012.0,0.0
2025-01-31T04:00,14.8,88,4.1,142,1012.9,0.0
2025-01-31T05:00,18.4,69,2.8,153,1013.1,0.0
2025-01-31T06:00,22.1,56,3.5,159,1012.4,0.0
2025-01-31T07:00,24.2,47,3.0,147,1011.5,0.0
2025-01-31T08:00,25.7,33,3.9,158,1010.4,0.0
2025-01-31T09:00,26.5,25,5.2,178,1009.7,0.0
2025-01-31T10:00,26.5,24,6.9,189,1009.1,0.0
2025-01-31T11:00,25.9,24,8.2,194,1009.0,0.0
2025-01-31T12:00,25.0,26,7.4,184,1009.2,0.0
2025-01-31T13:00,22.7,34,2.4,228,1010.0,0.0
2025-01-31T14:00,21.6,38,0.6,326,1010.7,0.0
2025-01-31T15:00,20.1,45,2.3,18,1011.4,0.0
2025-01-31T16:00,18.9,52,2.4,27,1011.8,0.0
2025-01-31T17:00,17.7,60,3.2,47,1012.2,0.0
2025-01-31T18:00,17.0,67,3.0,73,1012.1,0.0
2025-01-31T19:00,16.3,73,3.8,79,1011.8,0.0
2025-01-31T20:00,15.8,78,4.5,90,1011.5,0.0
2025-01-31T21:00,15.3,79,5.3,102,1011.3,0.0
2025-01-31T22:00,14.8,78,5.6,96,1011.0,0.0
2025-01-31T23:00,14.3,79,5.0,105,1011.1,0.0
2025-02-01T00:00,13.9,81,5.1,94,1011.0,0.0
2025-02-01T01:00,12.1,93,3.6,70,1012.4,0.0
2025-02-01T02:00,12.2,93,3.5,111,1013.3,0.0
2025-02-01T03:00,14.1,84,4.3,123,1014.1,0.0
2025-02-01T04:00,17.2,70,3.0,107,1014.7,0.0
2025-02-01T05:00,20.4,57,4.0,117,1015.2,0.0
2025-02-01T06:00,23.0,46,5.4,124,1014.7,0.0
2025-02-01T07:00,24.6,37,6.8,125,1014.1,0.0
2025-02-01T08:00,25.5,33,6.6,131,1012.9,0.0
2025-02-01T09:00,25.6,31,6.2,126,1012.0,0.0
2025-02-01T10:00,25.6,31,6.5,114,1011.5,0.0
2025-02-01T11:00,25.1,33,7.9,110,1011.5,0.0
2025-02-01T12:00,24.1,36,8.1,108,1011.8,0.0
2025-02-01T13:00,21.2,57,3.6,93,1012.4,0.0
2025-02-01T14:00,20.6,63,1.5,21,1013.0,0.0
2025-02-01T15:00,19.8,64,4.0,328,1013.5,0.0
2025-02-01T16:00,18.6,73,11.4,285,1014.9,0.0
2025-02-01T17:00,17.4,80,9.5,316,1015.2,0.0
2025-02-01T18:00,17.0,80,9.3,345,1015.0,0.0
2025-02-01T19:00,16.2,81,8.4,344,1015.0,0.0
2025-02-01T20:00,15.2,84,8.4,351,1014.8,0.0
2025-02-01T21:00,14.8,85,7.1,353,1014.2,0.0
2025-02-01T22:00,14.6,86,5.0,330,1014.1,0.0
2025-02-01T23:00,14.6,85,4.5,326,1014.1,0.0
2025-02-02T00:00,14.1,86,4.5,331,1014.2,0.0
2025-02-02T01:00,13.8,92,4.9,309,1015.0,0.0
2025-02-02T02:00,13.7,92,6.6,299,1015.6,0.0
2025-02-02T03:00,14.9,86,6.6,296,1016.7,0.0
2025-02-02T04:00,17.2,75,4.8,304,1017.4,0.0
2025-02-02T05:00,19.8,63,4.9,306,1017.7,0.0
2025-02-02T06:00,22.0,50,6.2,316,1017.2,0.0
2025-02-02T07:00,23.2,44,7.5,327,1016.2,0.0
2025-02-02T08:00,23.9,39,9.4,329,1015.1,0.0
2025-02-02T09:00,24.1,36,10.7,327,1014.3,0.0
2025-02-02T10:00,23.8,36,10.9,322,1013.9,0.0
2025-02-02T11:00,22.9,40,10.7,320,1013.9,0.0
2025-02-02T12:00,21.6,47,8.5,322,1014.0,0.0
2025-02-02T13:00,19.4,66,6.9,303,1014.5,0.0
2025-02-02T14:00,18.5,73,6.9,307,1015.0,0.0
2025-02-02T15:00,17.7,77,6.3,305,1015.7,0.0
2025-02-02T16:00,17.0,79,6.5,298,1015.9,0.0
2025-02-02T17:00,16.1,81,6.9,293,1016.1,0.0
2025-02-02T18:00,15.2,83,7.1,304,1015.9,0.0
2025-02-02T19:00,14.4,82,7.4,315,1015.2,0.0
2025-02-02T20:00,13.7,82,7.2,321,1014.6,0.0
2025-02-02T21:00,12.9,84,6.6,323,1014.2,0.0
2025-02-02T22:00,12.2,86,5.4,323,1014.1,0.0
2025-02-02T23:00,11.6,87,5.0,325,1013.9,0.0
2025-02-03T00:00,11.1,87,5.0,319,1013.9,0.0
2025-02-03T01:00,11.2,92,5.0,319,1014.8,0.0
2025-02-03T02:00,11.0,91,5.0,314,1015.4,0.0
2025-02-03T03:00,12.4,85,5.8,277,1016.2,0.0
2025-02-03T04:00,14.7,72,3.5,305,1016.9,0.0
2025-02-03T05:00,17.5,60,3.2,317,1016.9,0.0
2025-02-03T06:00,20.0,45,4.5,320,1016.1,0.0
2025-02-03T07:00,21.7,35,5.6,312,1014.6,0.0
2025-02-03T08:00,22.7,31,5.7,302,1013.6,0.0
2025-02-03T09:00,23.2,30,5.4,307,1012.8,0.0
2025-02-03T10:00,23.2,31,4.7,317,1012.6,0.0
2025-02-03T11:00,22.7,33,4.3,332,1012.7,0.0
2025-02-03T12:00,21.3,42,3.0,17,1013.0,0.0
2025-02-03T13:00,18.9,56,4.4,27,1014.0,0.0
2025-02-03T14:00,17.9,62,4.6,21,1014.7,0.0
2025-02-03T15:00,16.8,67,4.5,14,1015.3,0.0
2025-02-03T16:00,16.0,72,3.4,47,1015.5,0.0
2025-02-03T17:00,15.4,71,3.5,69,1015.7,0.6
2025-02-03T18:00,15.1,74,4.1,67,1015.3,0.5
2025-02-03T19:00,14.1,77,4.0,90,1015.1,0.0
2025-02-03T20:00,14.0,77,3.1,31,1014.8,0.2
2025-02-03T21:00,13.5,80,4.4,19,1014.6,0.4
2025-02-03T22:00,13.3,78,1.7,49,1014.2,0.0
2025-02-03T23:00,12.5,81,2.1,59,1014.1,0.0
2025-02-04T00:00,12.4,82,1.3,172,1014.4,0.0
2025-02-04T01:00,14.2,79,0.9,79,1015.7,0.0
2025-02-04T02:00,14.4,76,4.2,65,1016.1,0.0
2025-02-04T03:00,14.8,75,3.6,131,1016.6,0.0
2025-02-04T04:00,16.2,70,3.1,130,1017.2,0.1
2025-02-04T05:00,17.8,63,5.7,139,1017.3,0.0
2025-02-04T06:00,20.3,53,4.1,146,1016.8,0.0
2025-02-04T07:00,22.2,47,3.2,146,1015.5,0.0
2025-02-04T08:00,22.8,48,0.9,191,1014.3,0.0
2025-02-04T09:00,23.2,47,1.0,301,1013.4,0.0
2025-02-04T10:00,23.0,48,1.8,354,1013.0,0.0
2025-02-04T11:00,22.6,50,2.7,53,1012.7,0.0
2025-02-04T12:00,21.7,57,5.5,67,1012.6,0.0
2025-02-04T13:00,19.6,74,3.8,65,1013.1,0.0
2025-02-04T14:00,18.8,82,2.0,27,1013.6,0.0
2025-02-04T15:00,18.2,83,3.8,82,1013.9,0.0
2025-02-04T16:00,17.5,87,3.7,119,1014.0,0.0
2025-02-04T17:00,17.1,91,3.6,135,1013.7,0.0
2025-02-04T18:00,16.7,89,6.5,312,1014.0,0.2
2025-02-04T19:00,16.0,85,6.1,360,1013.8,0.0
2025-02-04T20:00,15.1,89,7.3,324,1014.0,0.1
2025-02-04T21:00,14.6,92,6.1,310,1013.7,0.3
2025-02-04T22:00,14.0,96,5.8,330,1013.5,0.0
2025-02-04T23:00,13.5,96,6.1,328,1013.7,0.0
2025-02-05T00:00,12.8,96,4.9,324,1014.1,0.0
2025-02-05T01:00,12.5,94,7.5,291,1014.8,0.0
2025-02-05T02:00,12.3,94,7.6,289,1015.5,0.0
2025-02-05T03:00,13.5,86,7.1,286,1016.3,0.0
2025-02-05T04:00,15.5,76,5.2,286,1017.3,0.0
2025-02-05T05:00,17.8,64,6.1,293,1017.7,0.0
2025-02-05T06:00,19.7,52,8.0,308,1017.5,0.0
2025-02-05T07:00,21.1,40,9.8,317,1016.4,0.0
2025-02-05T08:00,21.8,34,10.2,316,1015.6,0.0
2025-02-05T09:00,22.0,30,10.6,313,1014.8,0.0
2025-02-05T10:00,21.7,30,11.1,309,1014.5,0.0
2025-02-05T11:00,20.9,33,10.3,299,1014.6,0.0
2025-02-05T12:00,19.7,39,8.4,289,1014.8,0.0
2025-02-05T13:00,19.0,41,7.0,274,1015.4,0.0
2025-02-05T14:00,17.9,49,5.9,272,1016.2,0.0
2025-02-05T15:00,16.8,56,4.7,270,1016.8,0.0
2025-02-05T16:00,15.9,60,4.5,268,1017.4,0.0
2025-02-05T17:00,15.1,62,5.1,293,1017.8,0.0
2025-02-05T18:00,14.6,58,5.6,312,1017.6,0.0
2025-02-05T19:00,14.2,55,7.2,328,1017.4,0.0
2025-02-05T20:00,13.7,56,9.6,337,1017.3,0.0
2025-02-05T21:00,13.3,57,9.9,333,1016.6,0.0
2025-02-05T22:00,13.0,58,11.4,333,1016.4,0.0
2025-02-05T23:00,12.9,57,12.7,337,1016.2,0.0
2025-02-06T00:00,12.5,58,11.9,340,1016.4,0.0
2025-02-06T01:00,11.4,77,9.4,334,1017.7,0.0
2025-02-06T02:00,11.2,76,8.7,326,1018.3,0.0
2025-02-06T03:00,12.7,71,9.7,313,1018.8,0.0
2025-02-06T04:00,15.3,61,6.8,307,1019.2,0.0
2025-02-06T05:00,18.2,49,8.1,307,1019.2,0.0
2025-02-06T06:00,20.3,34,12.6,312,1018.7,0.0
2025-02-06T07:00,21.4,26,15.4,315,1017.6,0.0
2025-02-06T08:00,21.8,24,16.0,314,1016.6,0.0
2025-02-06T09:00,21.7,26,16.0,314,1015.8,0.0
2025-02-06T10:00,21.2,29,16.2,313,1015.4,0.0
2025-02-06T11:00,20.3,35,16.9,313,1015.2,0.0
2025-02-06T12:00,19.2,38,13.4,311,1015.3,0.0
2025-02-06T13:00,18.6,44,11.0,305,1015.7,0.0
2025-02-06T14:00,17.5,48,12.0,294,1016.3,0.0
2025-02-06T15:00,16.5,48,12.7,301,1017.1,0.0
2025-02-06T16:00,15.6,50,12.1,303,1017.7,0.0
2025-02-06T17:00,14.9,53,12.1,307,1017.7,0.0
2025-02-06T18:00,14.2,55,13.3,310,1017.9,0.0
2025-02-06T19:00,13.8,56,13.9,309,1017.7,0.0
2025-02-06T20:00,13.2,57,13.0,307,1017.4,0.0
2025-02-06T21:00,12.7,57,12.5,306,1017.0,0.0
2025-02-06T22:00,12.2,58,11.5,302,1016.5,0.0
2025-02-06T23:00,11.7,59,11.1,295,1016.6,0.0
2025-02-07T00:00,11.4,60,11.6,292,1016.6,0.0
2025-02-07T01:00,11.1,71,11.8,290,1017.1,0.0
2025-02-07T02:00,10.9,70,12.8,290,1017.6,0.0
2025-02-07T03:00,12.1,64,10.8,291,1018.2,0.0
2025-02-07T04:00,14.1,57,10.5,292,1018.7,0.0
2025-02-07T05:00,16.5,49,10.7,292,1018.6,0.0
2025-02-07T06:00,18.5,42,11.7,295,1018.1,0.0
2025-02-07T07:00,20.1,37,13.9,294,1017.3,0.0
2025-02-07T08:00,21.1,31,16.3,296,1016.5,0.0
2025-02-07T09:00,21.4,28,17.3,298,1015.7,0.0
2025-02-07T10:00,21.3,27,17.2,297,1015.2,0.0
2025-02-07T11:00,20.5,33,16.0,294,1015.0,0.0
2025-02-07T12:00,19.3,38,13.1,293,1015.1,0.0
2025-02-07T13:00,18.8,42,11.8,291,1015.5,0.0
2025-02-07T14:00,17.8,46,11.1,284,1016.3,0.0
2025-02-07T15:00,16.8,49,11.1,284,1016.7,0.0
2025-02-07T16:00,16.0,50,11.2,286,1016.7,0.0
2025-02-07T17:00,15.2,51,11.2,286,1016.7,0.0
2025-02-07T18:00,14.5,52,11.4,286,1016.5,0.0
2025-02-07T19:00,14.0,53,11.2,294,1015.6,0.0
2025-02-07T20:00,13.5,53,11.1,299,1015.1,0.0
2025-02-07T21:00,13.2,53,11.2,298,1014.6,0.0
2025-02-07T22:00,12.8,53,10.9,294,1014.4,0.0
2025-02-07T23:00,12.6,53,11.0,296,1014.2,0.0
2025-02-08T00:00,12.4,53,10.7,293,1014.3,0.0
2025-02-08T01:00,11.5,64,11.3,287,1015.6,0.0
2025-02-08T02:00,11.3,65,11.1,283,1016.3,0.0
2025-02-08T03:00,12.6,61,10.1,275,1017.1,0.0
2025-02-08T04:00,14.7,54,9.7,281,1017.8,0.0
2025-02-08T05:00,17.3,47,10.0,288,1018.2,0.0
2025-02-08T06:00,19.8,40,10.5,295,1017.6,0.0
2025-02-08T07:00,21.9,35,11.2,302,1016.4,0.0
2025-02-08T08:00,23.3,28,12.4,310,1015.1,0.0
2025-02-08T09:00,23.9,26,12.9,314,1014.1,0.0
2025-02-08T10:00,23.6,27,12.1,313,1013.6,0.0
2025-02-08T11:00,22.8,32,10.1,311,1013.3,0.0
2025-02-08T12:00,21.3,42,7.0,302,1013.6,0.0
2025-02-08T13:00,20.6,44,4.2,290,1013.9,0.0
2025-02-08T14:00,19.7,50,4.5,275,1015.0,0.0
2025-02-08T15:00,19.0,55,5.2,264,1015.5,0.0
2025-02-08T16:00,18.0,60,6.1,258,1016.0,0.0
2025-02-08T17:00,17.2,63,6.8,259,1016.3,0.0
2025-02-08T18:00,16.6,64,7.2,269,1016.2,0.0
2025-02-08T19:00,16.0,64,7.4,276,1015.9,0.0
2025-02-08T20:00,15.3,65,6.9,285,1015.5,0.0
2025-02-08T21:00,14.6,68,6.4,286,1014.9,0.0
2025-02-08T22:00,13.9,72,6.0,299,1014.5,0.0
2025-02-08T23:00,13.3,74,5.6,301,1014.1,0.0
2025-02-09T00:00,12.5,76,4.9,298,1014.1,0.0
2025-02-09T01:00,11.2,85,4.2,306,1015.0,0.0
2025-02-09T02:00,11.0,86,3.8,301,1015.5,0.0
2025-02-09T03:00,12.9,77,4.7,286,1016.2,0.0
2025-02-09T04:00,15.8,63,2.3,302,1017.0,0.0
2025-02-09T05:00,19.2,49,2.4,287,1017.0,0.0
2025-02-09T06:00,22.1,37,3.5,298,1016.3,0.0
2025-02-09T07:00,24.1,27,5.2,311,1015.2,0.0
2025-02-09T08:00,25.3,22,5.9,308,1013.9,0.0
2025-02-09T09:00,25.8,21,6.5,304,1013.0,0.0
2025-02-09T10:00,25.7,23,6.9,301,1012.5,0.0
2025-02-09T11:00,24.9,26,7.0,302,1012.3,0.0
2025-02-09T12:00,23.3,34,5.4,300,1012.3,0.0
2025-02-09T13:00,21.6,44,4.3,298,1012.7,0.0
2025-02-09T14:00,20.4,54,3.8,301,1013.3,0.0
2025-02-09T15:00,19.4,62,3.1,301,1013.8,0.0
2025-02-09T16:00,18.4,67,2.7,332,1014.3,0.0
2025-02-09T17:00,17.3,72,2.3,342,1014.2,0.0
2025-02-09T18:00,16.5,75,1.2,321,1013.8,0.0
2025-02-09T19:00,15.5,79,1.9,287,1013.4,0.0
2025-02-09T20:00,14.7,83,3.1,301,1013.2,0.0
2025-02-09T21:00,13.8,85,4.4,300,1012.9,0.0
2025-02-09T22:00,13.2,87,4.1,299,1012.7,0.0
2025-02-09T23:00,12.6,88,4.0,309,1012.4,0.0
2025-02-10T00:00,12.0,90,4.2,313,1012.5,0.0
2025-02-10T01:00,11.9,93,3.6,290,1013.8,0.0
2025-02-10T02:00,12.1,92,3.8,275,1014.2,0.0
2025-02-10T03:00,14.3,80,4.4,263,1015.2,0.0
2025-02-10T04:00,17.7,64,2.3,247,1016.0,0.0
2025-02-10T05:00,21.5,47,2.6,258,1016.4,0.0
2025-02-10T06:00,24.6,31,3.6,290,1015.9,0.0
2025-02-10T07:00,26.6,22,4.6,296,1014.9,0.0
2025-02-10T08:00,27.6,18,5.5,287,1013.7,0.0
2025-02-10T09:00,27.9,18,6.1,294,1012.9,0.0
2025-02-10T10:00,27.6,19,6.4,310,1012.3,0.0
2025-02-10T11:00,26.8,22,6.6,327,1012.3,0.0
2025-02-10T12:00,25.3,30,6.5,346,1012.3,0.0
2025-02-10T13:00,23.2,37,4.0,321,1012.7,0.0
2025-02-10T14:00,21.9,50,3.8,335,1013.5,0.0
2025-02-10T15:00,20.5,61,3.8,3,1014.0,0.0
2025-02-10T16:00,19.3,69,4.0,18,1014.3,0.0
2025-02-10T17:00,18.2,75,4.0,27,1014.6,0.0
2025-02-10T18:00,17.2,81,3.1,28,1014.4,0.0
2025-02-10T19:00,16.6,83,1.7,13,1014.0,0.0
2025-02-10T20:00,15.6,87,2.2,42,1013.4,0.0
2025-02-10T21:00,15.0,90,2.2,14,1012.6,0.0
2025-02-10T22:00,14.6,90,2.4,279,1012.6,0.0
2025-02-10T23:00,14.5,90,4.0,328,1012.5,0.0
2025-02-11T00:00,14.1,90,4.0,267,1012.7,0.0
2025-02-11T01:00,13.2,96,4.3,268,1013.7,0.0
2025-02-11T02:00,12.7,98,4.6,281,1014.1,0.0
2025-02-11T03:00,14.3,90,4.1,283,1014.8,0.0
2025-02-11T04:00,18.1,73,2.8,285,1015.5,0.0
2025-02-11T05:00,21.8,54,2.0,280,1015.8,0.0
2025-02-11T06:00,24.7,36,2.4,261,1015.1,0.0
2025-02-11T07:00,26.4,33,3.6,264,1014.1,0.0
2025-02-11T08:00,27.5,29,4.2,282,1013.0,0.0
2025-02-11T09:00,28.2,24,6.1,300,1011.9,0.0
2025-02-11T10:00,27.8,25,8.3,326,1011.3,0.0
2025-02-11T11:00,26.2,35,9.4,347,1011.3,0.0
2025-02-11T12:00,24.6,42,7.0,359,1011.5,0.0
2025-02-11T13:00,24.6,40,5.4,345,1011.6,0.0
2025-02-11T14:00,22.7,52,3.6,351,1012.2,0.0
2025-02-11T15:00,21.3,59,3.5,39,1012.6,0.0
2025-02-11T16:00,20.2,62,4.8,29,1013.1,0.0
2025-02-11T17:00,19.0,68,5.9,27,1013.6,0.0
2025-02-11T18:00,17.8,70,4.0,10,1013.3,0.0
2025-02-11T19:00,17.4,70,1.1,288,1013.2,0.0
2025-02-11T20:00,16.6,70,4.2,340,1013.1,0.0
2025-02-11T21:00,16.1,70,5.3,352,1012.8,0.0
2025-02-11T22:00,15.6,68,5.3,350,1012.3,0.0
2025-02-11T23:00,15.3,66,5.4,326,1012.3,0.0
2025-02-12T00:00,14.8,66,6.3,307,1012.8,0.0
2025-02-12T01:00,14.3,79,7.4,296,1013.6,0.0
2025-02-12T02:00,14.2,77,8.1,295,1014.2,0.0
2025-02-12T03:00,15.6,70,7.6,282,1015.2,0.0
2025-02-12T04:00,17.9,60,7.3,298,1016.3,0.0
2025-02-12T05:00,20.7,49,7.3,300,1016.3,0.0
2025-02-12T06:00,23.4,37,10.0,306,1015.8,0.0
2025-02-12T07:00,24.8,27,16.0,320,1015.0,0.0
2025-02-12T08:00,25.1,26,15.8,318,1014.0,0.0
2025-02-12T09:00,25.2,25,14.1,313,1013.0,0.0
2025-02-12T10:00,24.9,25,15.7,304,1013.1,0.0
2025-02-12T11:00,23.9,30,15.6,301,1013.3,0.0
2025-02-12T12:00,22.7,35,13.7,295,1013.3,0.0
2025-02-12T13:00,22.2,40,12.7,286,1014.0,0.0
2025-02-12T14:00,21.0,45,12.9,286,1014.7,0.0
2025-02-12T15:00,20.1,46,12.9,290,1015.3,0.0
2025-02-12T16:00,19.3,45,12.9,298,1015.6,0.0
2025-02-12T17:00,18.5,45,12.0,305,1016.1,0.0
2025-02-12T18:00,17.7,44,12.0,315,1015.9,0.0
2025-02-12T19:00,17.0,45,12.0,319,1015.6,0.0
2025-02-12T20:00,16.3,48,12.0,321,1015.4,0.0
2025-02-12T21:00,15.7,50,12.4,324,1015.0,0.0
2025-02-12T22:00,15.1,55,11.0,319,1014.5,0.0
2025-02-12T23:00,14.6,57,10.1,313,1014.1,0.0
2025-02-13T00:00,14.3,58,9.9,302,1014.2,0.0
2025-02-13T01:00,14.3,62,12.8,299,1014.5,0.0
2025-02-13T02:00,14.1,63,12.8,296,1015.3,0.0
2025-02-13T03:00,15.1,60,10.1,276,1016.1,0.0
2025-02-13T04:00,17.1,54,11.2,280,1016.9,0.0
2025-02-13T05:00,19.5,45,11.8,287,1017.0,0.0
2025-02-13T06:00,21.7,36,13.4,298,1016.6,0.0
2025-02-13T07:00,23.2,29,14.8,303,1015.4,0.0
2025-02-13T08:00,24.0,25,15.9,307,1014.2,0.0
2025-02-13T09:00,24.3,22,16.8,308,1013.5,0.0
2025-02-13T10:00,24.0,24,16.3,307,1012.8,0.0
2025-02-13T11:00,23.2,28,15.5,301,1012.7,0.0
2025-02-13T12:00,22.0,36,14.4,294,1012.9,0.0
2025-02-13T13:00,21.2,43,11.5,290,1013.5,0.0
2025-02-13T14:00,20.2,46,11.7,285,1014.1,0.0
2025-02-13T15:00,19.2,46,12.1,287,1014.7,0.0
2025-02-13T16:00,18.4,45,11.8,291,1014.7,0.0
2025-02-13T17:00,17.7,43,11.8,293,1014.8,0.0
2025-02-13T18:00,17.1,41,10.1,297,1014.5,0.0
2025-02-13T19:00,16.4,41,9.4,306,1013.9,0.0
2025-02-13T20:00,15.7,42,8.3,297,1013.6,0.0
2025-02-13T21:00,15.0,44,8.3,294,1013.5,0.0
2025-02-13T22:00,14.5,46,8.4,293,1013.3,0.0
2025-02-13T23:00,13.9,48,8.2,285,1012.8,0.0
2025-02-14T00:00,13.5,50,8.2,284,1012.8,0.0
2025-02-14T01:00,12.8,59,10.1,287,1013.6,0.0
2025-02-14T02:00,12.8,58,10.1,281,1014.1,0.0
2025-02-14T03:00,14.4,52,9.8,276,1014.8,0.0
2025-02-14T04:00,16.7,45,10.1,282,1015.5,0.0
2025-02-14T05:00,19.4,38,10.6,285,1015.6,0.0
2025-02-14T06:00,21.9,31,11.4,286,1014.8,0.0
2025-02-14T07:00,23.8,23,12.9,288,1013.5,0.0
2025-02-14T08:00,24.8,22,13.5,293,1012.3,0.0
2025-02-14T09:00,25.3,22,13.9,293,1011.4,0.0
2025-02-14T10:00,25.0,24,13.1,291,1010.8,0.0
2025-02-14T11:00,24.4,27,12.7,293,1010.4,0.0
2025-02-14T12:00,23.1,32,10.8,291,1010.5,0.0
2025-02-14T13:00,22.4,36,9.5,284,1010.8,0.0
2025-02-14T14:00,21.4,40,9.3,286,1011.5,0.0
2025-02-14T15:00,20.6,42,8.8,298,1012.0,0.0
2025-02-14T16:00,19.9,42,9.2,313,1012.1,0.0
2025-02-14T17:00,19.6,42,8.9,324,1012.1,0.0
2025-02-14T18:00,18.5,46,5.6,315,1011.8,0.0
2025-02-14T19:00,17.1,52,4.1,308,1011.0,0.0
2025-02-14T20:00,16.6,53,4.2,310,1010.6,0.0
2025-02-14T21:00,16.0,56,3.6,315,1009.7,0.0
2025-02-14T22:00,15.2,60,3.2,254,1009.3,0.0
2025-02-14T23:00,15.0,59,4.4,263,1009.4,0.0
2025-02-15T00:00,14.4,62,3.7,284,1009.2,0.0
2025-02-15T01:00,13.8,68,4.0,260,1010.4,0.0
2025-02-15T02:00,14.0,68,3.5,255,1011.3,0.0
2025-02-15T03:00,16.1,59,2.9,274,1011.9,0.0
2025-02-15T04:00,19.6,47,1.5,306,1012.5,0.0
2025-02-15T05:00,22.7,35,1.5,353,1012.5,0.0
2025-02-15T06:00,24.3,30,6.8,17,1012.1,0.0
2025-02-15T07:00,24.7,31,9.2,20,1011.4,0.0
2025-02-15T08:00,25.2,27,10.1,27,1010.6,0.0
2025-02-15T09:00,25.3,27,9.3,36,1009.9,0.0
2025-02-15T10:00,25.1,28,10.3,46,1009.3,0.0
2025-02-15T11:00,24.3,30,10.2,51,1009.4,0.0
2025-02-15T12:00,23.4,34,10.1,50,1009.9,0.0
2025-02-15T13:00,23.7,34,6.3,27,1009.9,0.0
2025-02-15T14:00,22.3,40,5.4,21,1010.7,0.0
2025-02-15T15:00,20.8,49,5.0,26,1011.6,0.0
2025-02-15T16:00,19.5,53,4.6,54,1012.0,0.0
2025-02-15T17:00,18.8,52,4.6,101,1011.7,0.0
2025-02-15T18:00,17.9,55,3.5,125,1011.6,0.0
2025-02-15T19:00,17.9,60,0.7,90,1011.2,0.0
2025-02-15T20:00,16.9,59,0.6,236,1011.3,0.0
2025-02-15T21:00,15.7,62,3.1,13,1011.2,0.0
2025-02-15T22:00,15.1,65,4.5,14,1011.0,0.0
2025-02-15T23:00,14.0,73,2.7,20,1010.9,0.0
2025-02-16T00:00,13.4,75,2.7,32,1010.9,0.0
2025-02-16T01:00,12.5,87,3.1,40,1012.5,0.0
2025-02-16T02:00,12.9,86,2.9,30,1013.0,0.0
2025-02-16T03:00,15.3,74,2.4,42,1013.7,0.0
2025-02-16T04:00,19.1,58,0.7,90,1014.3,0.0
2025-02-16T05:00,22.3,47,1.9,61,1014.3,0.0
2025-02-16T06:00,24.6,35,2.4,54,1013.7,0.0
2025-02-16T07:00,26.1,30,0.4,153,1012.9,0.0
2025-02-16T08:00,26.9,26,2.2,204,1011.5,0.0
2025-02-16T09:00,27.4,25,3.3,234,1010.5,0.0
2025-02-16T10:00,27.3,26,5.2,258,1010.0,0.0
2025-02-16T11:00,26.5,29,6.5,294,1010.3,0.1
2025-02-16T12:00,25.0,35,9.0,334,1011.0,0.0
2025-02-16T13:00,23.7,41,9.4,359,1011.9,0.0
2025-02-16T14:00,22.1,49,7.4,4,1013.0,0.0
2025-02-16T15:00,21.0,55,6.0,9,1013.4,0.0
2025-02-16T16:00,20.0,59,4.9,17,1014.1,0.0
2025-02-16T17:00,18.9,65,4.5,29,1014.5,0.0
2025-02-16T18:00,17.9,69,3.7,29,1014.5,0.0
2025-02-16T19:00,17.2,73,3.8,19,1014.5,0.0
2025-02-16T20:00,16.4,78,3.1,36,1014.1,0.0
2025-02-16T21:00,15.9,79,1.3,326,1013.8,0.0
2025-02-16T22:00,15.9,79,3.2,322,1013.5,0.0
2025-02-16T23:00,16.3,76,3.6,290,1013.7,0.0
2025-02-17T00:00,16.4,75,2.8,320,1013.6,0.0
2025-02-17T01:00,15.5,83,2.5,315,1014.7,0.0
2025-02-17T02:00,15.5,83,1.3,278,1015.6,0.0
2025-02-17T03:00,17.2,74,2.7,337,1016.5,0.0
2025-02-17T04:00,20.2,57,1.8,354,1017.3,0.0
2025-02-17T05:00,23.2,41,2.3,23,1017.3,0.0
2025-02-17T06:00,25.4,31,2.0,27,1016.8,0.0
2025-02-17T07:00,27.0,25,1.4,360,1016.2,0.0
2025-02-17T08:00,28.1,21,2.6,12,1015.0,0.0
2025-02-17T09:00,28.5,20,3.9,16,1013.9,0.0
2025-02-17T10:00,28.6,20,5.1,6,1013.5,0.0
2025-02-17T11:00,28.1,21,6.0,353,1013.4,0.0
2025-02-17T12:00,26.7,27,7.7,351,1013.3,0.0
2025-02-17T13:00,24.8,36,6.1,3,1014.2,0.0
2025-02-17T14:00,23.4,47,3.2,357,1014.8,0.0
2025-02-17T15:00,22.3,56,0.7,360,1015.3,0.0
2025-02-17T16:00,21.1,62,2.2,351,1015.6,0.0
2025-02-17T17:00,20.3,65,3.2,326,1015.8,0.0
2025-02-17T18:00,19.5,68,4.2,310,1016.0,0.0
2025-02-17T19:00,19.8,65,4.8,323,1015.5,0.0
2025-02-17T20:00,19.3,65,5.3,342,1014.8,0.0
2025-02-17T21:00,17.8,69,4.5,2,1014.2,0.0
2025-02-17T22:00,17.2,69,6.2,10,1013.7,0.0
2025-02-17T23:00,16.6,72,5.2,2,1013.4,0.0
2025-02-18T00:00,16.1,76,2.8,325,1013.3,0.0
2025-02-18T01:00,16.3,78,2.6,295,1014.3,0.0
2025-02-18T02:00,16.6,76,3.7,247,1015.0,0.0
2025-02-18T03:00,18.7,66,5.2,254,1015.5,0.0
2025-02-18T04:00,20.2,60,5.1,262,1016.3,0.0
2025-02-18T05:00,22.2,52,5.4,256,1016.9,0.0
2025-02-18T06:00,23.3,48,9.9,260,1016.9,0.0
2025-02-18T07:00,23.4,46,8.3,266,1016.0,0.1
2025-02-18T08:00,25.2,33,8.0,276,1014.5,0.0
2025-02-18T09:00,26.6,26,8.3,284,1013.4,0.0
2025-02-18T10:00,26.8,24,8.8,285,1012.8,0.0
2025-02-18T11:00,26.3,24,8.3,283,1012.6,0.0
2025-02-18T12:00,25.4,26,6.9,279,1012.8,0.0
2025-02-18T13:00,24.1,34,4.7,310,1013.5,0.0
2025-02-18T14:00,23.0,41,3.9,307,1014.0,0.0
2025-02-18T15:00,21.8,49,3.4,302,1014.3,0.0
2025-02-18T16:00,21.0,53,3.3,311,1014.6,0.0
2025-02-18T17:00,20.3,54,4.5,307,1014.9,0.0
2025-02-18T18:00,19.3,58,4.6,309,1014.4,0.0
2025-02-18T19:00,18.7,57,5.3,303,1014.1,0.0
2025-02-18T20:00,17.7,58,5.0,300,1013.8,0.0
2025-02-18T21:00,16.9,60,4.6,296,1013.4,0.0
2025-02-18T22:00,16.4,61,5.2,282,1013.0,0.0
2025-02-18T23:00,15.8,62,5.4,290,1012.7,0.0
2025-02-19T00:00,15.3,64,5.4,285,1012.9,0.0
2025-02-19T01:00,14.6,71,4.6,283,1013.8,0.0
2025-02-19T02:00,14.9,70,5.6,276,1014.5,0.0
2025-02-19T03:00,16.5,63,5.8,277,1015.0,0.0
2025-02-19T04:00,19.5,52,3.5,279,1015.6,0.0
2025-02-19T05:00,22.4,40,3.8,281,1015.3,0.0
2025-02-19T06:00,24.9,30,5.1,280,1014.7,0.0
2025-02-19T07:00,26.5,24,5.4,274,1013.1,0.0
2025-02-19T08:00,27.4,21,5.4,262,1011.4,0.0
2025-02-19T09:00,28.0,20,5.9,252,1010.0,0.0
2025-02-19T10:00,28.0,21,7.7,249,1009.5,0.0
2025-02-19T11:00,27.3,23,9.1,253,1009.5,0.0
2025-02-19T12:00,26.2,27,8.0,252,1009.8,0.0
2025-02-19T13:00,25.3,29,4.0,280,1011.2,0.0
2025-02-19T14:00,24.2,34,3.5,339,1012.0,0.0
2025-02-19T15:00,22.9,43,4.7,2,1012.4,0.0
2025-02-19T16:00,22.2,49,3.2,196,1013.7,0.0
2025-02-19T17:00,21.6,48,6.9,225,1013.4,0.0
2025-02-19T18:00,20.0,60,3.1,220,1013.0,0.6
2025-02-19T19:00,19.8,62,3.4,276,1012.3,0.0
2025-02-19T20:00,18.8,67,7.2,292,1012.7,0.0
2025-02-19T21:00,17.5,74,10.1,350,1011.9,0.5
2025-02-19T22:00,16.4,80,10.2,339,1012.2,1.0
2025-02-19T23:00,15.6,88,12.5,47,1012.7,2.4
2025-02-20T00:00,14.9,86,11.2,52,1012.6,0.0
2025-02-20T01:00,16.2,92,9.0,100,1013.1,0.1
2025-02-20T02:00,16.3,84,10.4,98,1014.0,0.0
2025-02-20T03:00,17.8,74,8.8,95,1014.6,0.0
2025-02-20T04:00,19.1,71,11.3,70,1015.8,0.0
2025-02-20T05:00,20.4,63,9.5,101,1016.2,0.0
2025-02-20T06:00,21.2,58,10.0,96,1016.3,0.0
2025-02-20T07:00,20.9,63,13.7,76,1016.1,0.1
2025-02-20T08:00,22.6,53,15.2,104,1014.3,0.0
2025-02-20T09:00,23.5,47,15.5,121,1013.3,0.0
2025-02-20T10:00,23.8,46,15.2,119,1012.8,0.0
2025-02-20T11:00,23.3,47,13.3,122,1012.9,0.0
2025-02-20T12:00,22.0,51,14.5,113,1013.0,0.0
2025-02-20T13:00,21.2,60,12.5,133,1013.0,0.0
2025-02-20T14:00,20.1,68,12.9,125,1013.5,0.0
2025-02-20T15:00,19.0,70,7.4,29,1014.8,0.0
2025-02-20T16:00,15.6,92,12.1,53,1015.9,1.0
2025-02-20T17:00,16.4,89,9.5,80,1016.1,0.1
2025-02-20T18:00,16.2,86,9.9,63,1016.5,0.1
2025-02-20T19:00,15.7,88,9.4,55,1016.6,0.0
2025-02-20T20:00,15.5,89,7.8,52,1016.6,0.3
2025-02-20T21:00,15.2,90,7.6,62,1016.5,0.1
2025-02-20T22:00,14.8,93,7.3,70,1016.3,0.0
2025-02-20T23:00,14.6,91,7.4,93,1016.2,0.0
2025-02-21T00:00,14.3,90,5.9,101,1016.3,0.0
2025-02-21T01:00,14.0,92,3.6,53,1017.0,0.0
2025-02-21T02:00,14.2,92,2.8,35,1017.8,0.0
2025-02-21T03:00,15.6,86,1.6,27,1018.5,0.0
2025-02-21T04:00,17.8,77,0.6,34,1019.1,0.0
2025-02-21T05:00,20.1,68,0.0,270,1019.1,0.0
2025-02-21T06:00,22.0,59,1.4,220,1018.7,0.0
2025-02-21T07:00,23.4,53,2.3,238,1017.6,0.0
2025-02-21T08:00,24.3,51,2.2,279,1016.4,0.0
2025-02-21T09:00,24.8,48,3.9,294,1015.4,0.0
2025-02-21T10:00,24.8,47,6.4,310,1014.8,0.0
2025-02-21T11:00,24.1,48,9.3,311,1014.7,0.0
2025-02-21T12:00,22.5,55,10.0,319,1015.0,0.0
2025-02-21T13:00,21.4,63,9.4,324,1015.8,0.0
2025-02-21T14:00,20.5,69,8.7,328,1016.3,0.0
2025-02-21T15:00,19.6,75,7.4,326,1016.9,0.0
2025-02-21T16:00,18.6,80,6.5,318,1017.1,0.0
2025-02-21T17:00,17.9,82,7.2,309,1017.3,0.0
2025-02-21T18:00,17.1,85,7.6,298,1016.9,0.0
2025-02-21T19:00,16.5,86,8.5,298,1016.3,0.0
2025-02-21T20:00,15.8,86,8.7,302,1016.0,0.0
2025-02-21T21:00,15.1,87,8.1,307,1015.5,0.0
2025-02-21T22:00,14.5,89,8.5,306,1015.4,0.0
2025-02-21T23:00,14.1,90,9.0,303,1015.4,0.0
2025-02-22T00:00,13.6,90,8.9,304,1015.6,0.0
2025-02-22T01:00,13.6,92,7.9,297,1016.1,0.0
2025-02-22T02:00,13.6,90,8.5,291,1017.0,0.0
2025-02-22T03:00,14.9,84,7.0,291,1017.7,0.0
2025-02-22T04:00,17.0,73,7.2,297,1018.5,0.0
2025-02-22T05:00,19.4,61,7.0,305,1018.3,0.0
2025-02-22T06:00,21.5,50,8.1,302,1018.0,0.0
2025-02-22T07:00,22.9,43,9.3,298,1017.3,0.0
2025-02-22T08:00,23.4,41,10.6,298,1016.5,0.0
2025-02-22T09:00,23.7,37,10.5,301,1015.8,0.0
2025-02-22T10:00,23.7,38,11.0,302,1015.1,0.0
2025-02-22T11:00,23.2,39,11.1,301,1015.0,0.0
2025-02-22T12:00,22.0,43,10.2,301,1015.1,0.0
2025-02-22T13:00,20.3,55,6.4,299,1016.0,0.0
2025-02-22T14:00,19.2,63,5.3,303,1016.9,0.0
2025-02-22T15:00,18.4,67,5.7,298,1017.6,0.0
2025-02-22T16:00,17.7,72,5.2,304,1017.9,0.0
2025-02-22T17:00,17.0,76,4.8,312,1018.1,0.0
2025-02-22T18:00,16.3,78,4.7,313,1017.6,0.0
2025-02-22T19:00,15.7,79,4.5,320,1017.2,0.0
2025-02-22T20:00,15.4,78,5.0,325,1017.1,0.0
2025-02-22T21:00,15.0,79,4.9,306,1016.7,0.0
2025-02-22T22:00,14.5,81,4.9,294,1016.5,0.0
2025-02-22T23:00,14.1,82,5.4,300,1016.6,0.0
2025-02-23T00:00,13.7,84,5.4,310,1017.0,0.0
2025-02-23T01:00,13.4,88,4.4,291,1017.5,0.0
2025-02-23T02:00,13.8,85,5.1,297,1018.2,0.0
2025-02-23T03:00,15.6,78,5.1,276,1019.0,0.0
2025-02-23T04:00,18.2,68,4.7,272,1019.6,0.0
2025-02-23T05:00,20.8,57,5.6,274,1020.0,0.0
2025-02-23T06:00,22.6,47,6.8,292,1019.6,0.0
2025-02-23T07:00,23.8,42,7.1,304,1018.4,0.0
2025-02-23T08:00,24.6,39,7.3,310,1017.2,0.0
2025-02-23T09:00,25.0,38,7.3,314,1016.1,0.0
2025-02-23T10:00,24.9,38,8.1,313,1015.5,0.0
2025-02-23T11:00,24.4,39,8.8,313,1015.4,0.0
2025-02-23T12:00,23.3,41,8.4,307,1015.7,0.0
2025-02-23T13:00,22.2,47,5.5,302,1016.0,0.0
2025-02-23T14:00,21.1,53,4.5,307,1016.7,0.0
2025-02-23T15:00,19.8,61,3.9,317,1017.9,0.0
2025-02-23T16:00,18.7,66,3.7,325,1018.5,0.0
2025-02-23T17:00,17.7,71,3.6,323,1018.7,0.0
2025-02-23T18:00,17.1,74,2.7,332,1018.4,0.0
2025-02-23T19:00,16.3,76,3.7,331,1017.9,0.0
2025-02-23T20:00,15.7,79,4.2,335,1017.6,0.0
2025-02-23T21:00,14.9,82,4.3,332,1017.0,0.0
2025-02-23T22:00,14.3,83,4.3,318,1017.0,0.0
2025-02-23T23:00,13.9,83,4.4,308,1017.0,0.0
2025-02-24T00:00,13.6,83,4.6,301,1017.5,0.0
2025-02-24T01:00,13.9,88,4.9,287,1018.8,0.0
2025-02-24T02:00,14.1,85,5.6,291,1019.5,0.0
2025-02-24T03:00,16.1,76,4.5,286,1020.2,0.0
2025-02-24T04:00,19.2,62,3.3,283,1021.1,0.0
2025-02-24T05:00,22.2,52,3.4,288,1021.0,0.0
2025-02-24T06:00,24.2,40,4.5,313,1020.4,0.0
2025-02-24T07:00,25.6,32,5.7,314,1019.3,0.0
2025-02-24T08:00,26.5,27,7.5,310,1018.0,0.0
2025-02-24T09:00,26.9,24,8.9,317,1016.6,0.0
2025-02-24T10:00,26.8,23,9.9,322,1016.0,0.0
2025-02-24T11:00,26.0,25,10.0,326,1016.1,0.0
2025-02-24T12:00,24.6,33,9.0,334,1016.5,0.0
2025-02-24T13:00,22.8,48,6.9,346,1017.6,0.0
2025-02-24T14:00,21.5,57,4.4,341,1018.4,0.0
2025-02-24T15:00,20.8,61,4.2,329,1019.1,0.0
2025-02-24T16:00,19.6,68,4.0,333,1019.2,0.0
2025-02-24T17:00,18.9,71,3.3,324,1019.0,0.0
2025-02-24T18:00,18.4,72,3.5,325,1019.0,0.0
2025-02-24T19:00,17.8,72,2.5,339,1018.3,0.0
2025-02-24T20:00,17.0,75,3.1,332,1017.8,0.0
2025-02-24T21:00,16.2,77,2.7,307,1017.0,0.0
2025-02-24T22:00,15.5,80,4.4,279,1017.1,0.0
2025-02-24T23:00,15.1,81,4.6,288,1016.7,0.0
2025-02-25T00:00,14.8,82,4.7,288,1016.8,0.0
2025-02-25T01:00,14.7,86,3.6,279,1017.5,0.0
2025-02-25T02:00,15.3,83,5.4,268,1018.2,0.0
2025-02-25T03:00,17.5,73,4.8,295,1019.2,0.0
2025-02-25T04:00,20.8,58,3.7,284,1020.4,0.0
2025-02-25T05:00,23.8,44,2.6,286,1020.4,0.0
2025-02-25T06:00,25.7,33,3.5,305,1020.2,0.0
2025-02-25T07:00,27.1,27,3.6,333,1019.6,0.0
2025-02-25T08:00,27.9,25,5.8,338,1018.6,0.0
2025-02-25T09:00,27.9,26,7.0,356,1017.7,0.0
2025-02-25T10:00,27.1,28,7.7,360,1017.5,0.0
2025-02-25T11:00,26.3,30,8.3,1,1017.8,0.0
2025-02-25T12:00,25.4,31,5.8,14,1017.6,0.0
2025-02-25T13:00,24.5,36,3.6,9,1018.0,0.0
2025-02-25T14:00,23.3,42,3.6,360,1018.9,0.0
2025-02-25T15:00,22.1,53,2.4,13,1019.3,0.0
2025-02-25T16:00,21.3,56,1.9,29,1019.2,0.0
2025-02-25T17:00,20.4,58,1.5,173,1019.4,0.0
2025-02-25T18:00,20.5,54,5.6,176,1018.9,0.0
2025-02-25T19:00,20.0,57,4.0,201,1018.6,0.0
2025-02-25T20:00,19.2,62,4.0,216,1018.0,0.0
2025-02-25T21:00,18.9,64,1.9,197,1017.7,0.0
2025-02-25T22:00,18.7,68,0.3,45,1017.5,0.0
2025-02-25T23:00,18.6,64,4.6,301,1018.2,0.0
2025-02-26T00:00,18.2,64,3.0,104,1017.5,0.0
2025-02-26T01:00,18.4,71,0.4,297,1018.9,0.0
2025-02-26T02:00,18.6,70,0.2,90,1019.9,0.0
2025-02-26T03:00,19.2,68,5.6,123,1020.3,0.0
2025-02-26T04:00,21.8,58,3.9,112,1020.8,0.0
2025-02-26T05:00,25.0,48,6.3,87,1021.2,0.0
2025-02-26T06:00,27.0,42,5.2,112,1020.7,0.0
2025-02-26T07:00,28.7,37,5.7,145,1019.5,0.0
2025-02-26T08:00,29.8,33,5.2,139,1018.0,0.0
2025-02-26T09:00,30.2,32,6.0,141,1016.6,0.0
2025-02-26T10:00,30.1,28,6.9,157,1015.8,0.0
2025-02-26T11:00,29.9,29,5.5,169,1015.5,0.0
2025-02-26T12:00,29.1,31,5.2,196,1015.5,0.0
2025-02-26T13:00,27.2,44,2.2,351,1016.3,0.0
2025-02-26T14:00,26.3,49,2.9,68,1017.0,0.0
2025-02-26T15:00,25.4,53,3.2,56,1017.4,0.0
2025-02-26T16:00,24.3,61,2.3,67,1017.4,0.0
2025-02-26T17:00,23.7,61,4.0,144,1017.0,0.0
2025-02-26T18:00,23.5,60,4.9,182,1016.6,0.0
2025-02-26T19:00,22.7,65,3.0,205,1016.2,0.0
2025-02-26T20:00,22.2,66,0.7,14,1015.8,0.0
2025-02-26T21:00,21.8,66,4.9,24,1015.3,0.0
2025-02-26T22:00,21.1,69,4.9,28,1014.8,0.0
2025-02-26T23:00,19.8,74,2.7,332,1015.1,0.0
2025-02-27T00:00,19.7,71,8.2,49,1015.3,0.0
2025-02-27T01:00,21.0,75,3.7,113,1014.9,0.0
2025-02-27T02:00,20.1,77,17.0,321,1017.5,1.0
2025-02-27T03:00,18.7,83,7.9,4,1018.5,2.0
2025-02-27T04:00,19.3,89,9.0,35,1018.6,0.4
2025-02-27T05:00,20.3,89,11.2,49,1018.5,0.6
2025-02-27T06:00,19.6,87,14.2,57,1018.1,0.0
2025-02-27T07:00,19.9,80,10.5,65,1017.3,0.0
2025-02-27T08:00,21.5,73,10.8,69,1015.9,0.0
2025-02-27T09:00,22.7,66,11.4,77,1014.3,0.0
2025-02-27T10:00,22.3,66,8.8,75,1013.7,0.0
2025-02-27T11:00,21.8,67,6.9,96,1013.7,0.0
2025-02-27T12:00,21.4,69,7.7,87,1013.4,0.0
2025-02-27T13:00,21.4,65,5.2,34,1014.1,0.0
2025-02-27T14:00,20.6,69,7.6,45,1014.6,0.0
2025-02-27T15:00,19.7,72,7.2,72,1014.8,0.0
2025-02-27T16:00,19.6,73,9.8,83,1015.1,0.0
2025-02-27T17:00,19.6,69,10.1,89,1014.5,0.0
2025-02-27T18:00,19.2,68,11.3,88,1014.0,0.1
2025-02-27T19:00,19.2,63,10.8,90,1013.2,0.0
2025-02-27T20:00,19.2,63,8.6,101,1012.5,0.0
2025-02-27T21:00,19.1,66,7.2,96,1011.7,0.0
2025-02-27T22:00,18.8,69,8.4,97,1011.2,0.0
2025-02-27T23:00,18.6,72,9.7,100,1010.7,0.0
2025-02-28T00:00,18.5,71,10.7,106,1010.6,0.0
2025-02-28T01:00,18.9,74,7.9,117,1011.4,0.0
2025-02-28T02:00,18.6,75,6.1,85,1012.4,0.0
2025-02-28T03:00,18.2,74,7.3,17,1014.0,0.4
2025-02-28T04:00,17.6,80,9.3,46,1015.1,0.6
2025-02-28T05:00,18.0,86,12.0,77,1015.3,0.6
2025-02-28T06:00,19.2,79,11.6,95,1014.8,0.2
2025-02-28T07:00,19.6,77,10.9,98,1014.0,0.0
2025-02-28T08:00,20.5,74,10.3,103,1012.5,0.0
2025-02-28T09:00,22.1,69,9.5,111,1011.2,0.0
2025-02-28T10:00,22.7,68,9.9,119,1010.2,0.0
2025-02-28T11:00,22.6,70,8.7,122,1009.8,0.0
2025-02-28T12:00,22.0,74,7.6,93,1009.8,0.0
2025-02-28T13:00,21.3,83,8.5,95,1010.7,0.0
2025-02-28T14:00,21.0,85,8.7,124,1011.0,0.0
2025-02-28T15:00,20.8,83,7.8,94,1012.1,0.0
2025-02-28T16:00,18.8,91,5.9,308,1013.3,1.5
2025-02-28T17:00,18.5,92,7.5,80,1013.2,0.0
2025-02-28T18:00,17.7,89,11.1,53,1013.5,0.0
2025-02-28T19:00,16.8,88,9.4,78,1013.2,0.0
2025-02-28T20:00,16.4,89,10.0,64,1013.2,0.2
2025-02-28T21:00,16.0,90,8.5,88,1012.5,0.1
2025-02-28T22:00,15.5,92,7.1,63,1012.8,1.2
2025-02-28T23:00,15.5,92,7.0,80,1012.5,0.0
2025-03-01T00:00,15.2,92,9.6,86,1012.9,0.0
2025-03-01T01:00,16.6,93,13.0,116,1013.5,1.9
2025-03-01T02:00,16.3,94,12.3,97,1014.5,0.6
2025-03-01T03:00,17.4,87,12.9,97,1014.7,0.0
2025-03-01T04:00,18.6,83,8.1,119,1015.6,0.0
2025-03-01T05:00,19.0,81,7.1,126,1015.7,0.0
2025-03-01T06:00,20.4,78,4.0,80,1015.5,0.0
2025-03-01T07:00,22.4,73,3.1,87,1014.3,0.0
2025-03-01T08:00,23.4,68,3.3,81,1013.0,0.0
2025-03-01T09:00,23.8,66,3.1,62,1011.9,0.0
2025-03-01T10:00,23.9,65,2.3,61,1011.2,0.0
2025-03-01T11:00,23.3,68,0.4,360,1011.3,0.0
2025-03-01T12:00,22.9,69,0.2,270,1011.3,0.0
2025-03-01T13:00,21.5,80,4.0,21,1012.4,0.0
2025-03-01T14:00,20.9,82,4.5,16,1013.1,0.0
2025-03-01T15:00,20.5,83,5.0,2,1013.9,0.0
2025-03-01T16:00,19.8,84,8.7,354,1014.3,0.0
2025-03-01T17:00,18.8,85,8.4,7,1014.2,0.0
2025-03-01T18:00,17.9,88,8.0,5,1014.0,0.0
2025-03-01T19:00,17.3,90,6.3,357,1013.4,0.0
2025-03-01T20:00,16.8,92,6.1,358,1013.0,0.0
2025-03-01T21:00,16.4,92,7.0,359,1012.3,0.0
2025-03-01T22:00,16.0,91,8.0,351,1011.9,0.0
2025-03-01T23:00,15.6,90,7.9,340,1011.5,0.0
2025-03-02T00:00,15.2,89,7.2,333,1011.9,0.0
2025-03-02T01:00,15.8,88,7.4,331,1012.8,0.0
2025-03-02T02:00,15.8,87,7.4,321,1013.6,0.0
2025-03-02T03:00,17.1,83,5.4,300,1014.3,0.0
2025-03-02T04:00,19.1,76,5.7,302,1014.9,0.0
2025-03-02T05:00,21.2,66,5.8,304,1014.8,0.0
2025-03-02T06:00,23.2,48,8.2,311,1014.3,0.0
2025-03-02T07:00,24.2,36,10.8,314,1013.2,0.0
2025-03-02T08:00,24.5,36,11.9,312,1012.1,0.0
2025-03-02T09:00,24.4,37,12.2,307,1011.1,0.0
2025-03-02T10:00,23.9,40,11.4,307,1010.4,0.0
2025-03-02T11:00,23.1,43,10.0,306,1010.2,0.0
2025-03-02T12:00,21.7,51,7.3,300,1010.4,0.0
2025-03-02T13:00,19.6,61,5.6,291,1011.0,0.0
2025-03-02T14:00,18.6,65,5.5,289,1011.5,0.0
2025-03-02T15:00,17.8,68,5.6,295,1011.9,0.0
2025-03-02T16:00,16.7,69,5.2,301,1012.5,0.0
2025-03-02T17:00,16.1,69,5.6,299,1012.7,0.0
2025-03-02T18:00,15.5,69,5.5,308,1012.7,0.0
2025-03-02T19:00,14.7,71,5.4,318,1012.7,0.0
2025-03-02T20:00,13.7,76,5.2,340,1012.4,0.0
2025-03-02T21:00,13.2,77,5.7,349,1011.8,0.0
2025-03-02T22:00,12.9,76,6.2,348,1011.4,0.0
2025-03-02T23:00,12.2,79,5.2,348,1011.6,0.0
2025-03-03T00:00,11.8,81,4.5,358,1012.0,0.0
2025-03-03T01:00,12.4,82,4.7,356,1012.6,0.0
2025-03-03T02:00,13.3,80,4.1,345,1013.2,0.0
2025-03-03T03:00,15.4,75,2.1,301,1013.8,0.0
2025-03-03T04:00,18.7,66,0.0,270,1014.4,0.0
2025-03-03T05:00,21.6,52,1.4,140,1014.3,0.0
2025-03-03T06:00,23.9,39,2.5,159,1013.5,0.0
2025-03-03T07:00,25.4,33,2.7,188,1012.4,0.0
2025-03-03T08:00,26.4,32,4.2,185,1011.3,0.0
2025-03-03T09:00,27.0,35,5.5,189,1010.0,0.0
2025-03-03T10:00,26.6,39,7.2,208,1009.1,0.0
2025-03-03T11:00,25.9,43,7.3,196,1008.9,0.0
2025-03-03T12:00,24.6,55,4.2,170,1008.7,0.0
2025-03-03T13:00,23.7,57,6.3,165,1009.3,0.0
2025-03-03T14:00,22.4,61,6.3,143,1009.4,0.0
2025-03-03T15:00,21.7,64,6.2,131,1010.0,0.0
2025-03-03T16:00,21.3,64,7.1,131,1010.1,0.0
2025-03-03T17:00,20.6,66,6.1,120,1010.2,0.0
2025-03-03T18:00,19.9,68,7.6,124,1009.8,0.0
2025-03-03T19:00,19.1,71,6.3,153,1009.8,0.0
2025-03-03T20:00,18.6,73,6.3,165,1009.3,0.0
2025-03-03T21:00,18.2,74,8.7,320,1009.5,0.0
2025-03-03T22:00,16.8,79,0.9,281,1009.2,0.0
2025-03-03T23:00,16.0,82,1.0,292,1009.5,0.0
2025-03-04T00:00,15.0,87,3.2,297,1009.9,0.0
2025-03-04T01:00,16.1,87,5.2,258,1010.9,0.0
2025-03-04T02:00,17.4,80,8.8,275,1011.7,0.0
2025-03-04T03:00,18.8,73,9.3,278,1013.1,0.0
2025-03-04T04:00,20.2,67,10.1,265,1014.1,0.0
2025-03-04T05:00,22.1,59,10.1,271,1014.4,0.0
2025-03-04T06:00,23.3,54,10.5,289,1014.6,0.0
2025-03-04T07:00,24.1,48,11.2,307,1014.1,0.0
2025-03-04T08:00,24.6,43,11.0,308,1013.4,0.0
2025-03-04T09:00,24.8,41,11.7,307,1012.6,0.0
2025-03-04T10:00,24.7,39,13.4,307,1012.5,0.0
2025-03-04T11:00,24.1,40,14.6,305,1012.7,0.0
2025-03-04T12:00,22.8,43,16.1,310,1013.1,0.0
2025-03-04T13:00,21.2,52,12.4,309,1014.3,0.0
2025-03-04T14:00,20.3,53,12.1,298,1014.8,0.0
2025-03-04T15:00,19.4,49,14.5,304,1015.4,0.0
2025-03-04T16:00,18.3,50,13.7,305,1015.8,0.0
2025-03-04T17:00,17.5,52,13.5,307,1016.3,0.0
2025-03-04T18:00,16.7,55,13.2,309,1016.1,0.0
2025-03-04T19:00,15.9,57,13.6,309,1015.7,0.0
2025-03-04T20:00,15.2,60,14.0,306,1015.6,0.0
2025-03-04T21:00,14.6,62,14.2,303,1015.1,0.0
2025-03-04T22:00,13.9,63,14.1,300,1014.8,0.0
2025-03-04T23:00,13.3,61,14.7,298,1014.5,0.0
2025-03-05T00:00,13.0,56,15.5,299,1014.6,0.0
2025-03-05T01:00,12.6,63,15.5,295,1015.2,0.0
2025-03-05T02:00,12.6,63,16.0,291,1015.4,0.0
2025-03-05T03:00,13.8,61,13.2,284,1015.6,0.0
2025-03-05T04:00,15.7,55,16.1,290,1016.3,0.0
2025-03-05T05:00,17.9,48,17.8,300,1016.0,0.0
2025-03-05T06:00,19.8,41,19.8,301,1015.5,0.0
2025-03-05T07:00,21.3,35,21.7,305,1014.3,0.0
2025-03-05T08:00,22.2,30,22.2,303,1013.3,0.0
2025-03-05T09:00,22.8,28,21.3,298,1012.4,0.0
2025-03-05T10:00,22.7,30,21.1,293,1011.6,0.0
2025-03-05T11:00,22.2,32,20.6,291,1011.3,0.0
2025-03-05T12:00,21.6,31,19.1,293,1011.4,0.0
2025-03-05T13:00,21.0,33,18.3,298,1012.3,0.0
2025-03-05T14:00,20.3,36,16.3,299,1012.5,0.0
2025-03-05T15:00,19.4,38,16.6,300,1012.9,0.0
2025-03-05T16:00,18.9,38,18.8,302,1013.4,0.0
2025-03-05T17:00,18.7,36,18.5,305,1013.5,0.0
2025-03-05T18:00,18.1,37,16.3,305,1013.1,0.0
2025-03-05T19:00,17.2,41,13.7,302,1012.8,0.0
2025-03-05T20:00,16.3,44,12.8,292,1012.7,0.0
2025-03-05T21:00,15.4,46,13.3,288,1012.1,0.0
2025-03-05T22:00,14.9,46,13.0,292,1011.4,0.0
2025-03-05T23:00,14.4,47,12.6,292,1011.2,0.0
2025-03-06T00:00,13.9,48,12.2,290,1011.1,0.0
2025-03-06T01:00,12.9,57,12.6,283,1011.4,0.0
2025-03-06T02:00,13.3,56,13.4,285,1011.9,0.0
2025-03-06T03:00,15.1,53,11.9,280,1013.4,0.0
2025-03-06T04:00,17.7,46,11.6,282,1013.7,0.0
2025-03-06T05:00,20.3,39,11.8,286,1013.5,0.0
2025-03-06T06:00,22.6,33,12.5,291,1013.1,0.0
2025-03-06T07:00,24.4,28,13.2,292,1012.3,0.0
2025-03-06T08:00,25.7,25,12.8,289,1011.5,0.0
2025-03-06T09:00,26.6,22,12.0,284,1011.0,0.0
2025-03-06T10:00,26.9,22,11.6,282,1010.7,0.0
2025-03-06T11:00,26.6,21,10.6,274,1010.4,0.0
2025-03-06T12:00,25.6,24,7.4,270,1010.4,0.0
2025-03-06T13:00,23.5,30,4.0,267,1011.2,0.0
2025-03-06T14:00,22.6,35,2.2,261,1011.5,0.0
2025-03-06T15:00,21.7,38,2.1,329,1012.2,0.0
2025-03-06T16:00,20.6,43,2.2,270,1012.4,0.0
2025-03-06T17:00,19.8,45,2.9,270,1012.3,0.0
2025-03-06T18:00,18.7,48,5.0,285,1012.2,0.0
2025-03-06T19:00,18.3,51,3.9,304,1011.9,0.0
2025-03-06T20:00,16.9,53,6.0,16,1011.9,0.0
2025-03-06T21:00,15.0,63,3.8,5,1011.3,0.0
2025-03-06T22:00,14.4,66,3.4,354,1010.6,0.0
2025-03-06T23:00,14.1,67,2.2,336,1010.3,0.0
2025-03-07T00:00,13.8,68,2.2,261,1010.5,0.0
2025-03-07T01:00,13.1,72,4.7,268,1011.6,0.0
2025-03-07T02:00,14.1,67,5.9,259,1012.2,0.0
2025-03-07T03:00,16.5,58,5.4,266,1012.6,0.0
2025-03-07T04:00,20.0,44,3.4,264,1012.7,0.0
2025-03-07T05:00,23.6,31,4.0,297,1012.3,0.0
2025-03-07T06:00,25.9,23,5.2,311,1011.8,0.0
2025-03-07T07:00,27.5,18,5.5,306,1010.6,0.0
2025-03-07T08:00,28.6,16,6.4,302,1009.3,0.0
2025-03-07T09:00,29.0,16,8.2,303,1008.7,0.0
2025-03-07T10:00,28.8,18,9.2,305,1008.2,0.0
2025-03-07T11:00,28.2,21,9.6,303,1008.1,0.0
2025-03-07T12:00,27.1,23,9.1,300,1008.1,0.0
2025-03-07T13:00,25.2,29,5.2,286,1008.9,0.0
2025-03-07T14:00,23.6,36,3.4,267,1008.8,0.0
2025-03-07T15:00,22.9,36,3.9,313,1009.2,0.0
2025-03-07T16:00,21.6,43,4.1,315,1009.3,0.0
2025-03-07T17:00,20.8,46,3.8,275,1009.4,0.0
2025-03-07T18:00,20.0,46,4.8,297,1009.6,0.0
2025-03-07T19:00,18.9,48,4.8,297,1010.0,0.0
2025-03-07T20:00,18.0,49,5.2,301,1009.7,0.0
2025-03-07T21:00,17.5,50,5.1,276,1008.8,0.0
2025-03-07T22:00,16.9,52,5.6,266,1007.8,0.0
2025-03-07T23:00,16.6,53,7.0,273,1007.7,0.0
2025-03-08T00:00,16.0,55,6.8,273,1008.1,0.0
2025-03-08T01:00,15.7,62,6.4,292,1008.8,0.0
2025-03-08T02:00,16.3,59,7.6,285,1009.6,0.0
2025-03-08T03:00,18.5,52,6.0,273,1010.0,0.0
2025-03-08T04:00,21.7,42,7.1,276,1010.5,0.0
2025-03-08T05:00,25.0,34,8.8,281,1010.5,0.0
2025-03-08T06:00,27.7,26,9.8,302,1009.6,0.0
2025-03-08T07:00,29.3,20,12.3,310,1008.8,0.0
2025-03-08T08:00,30.0,19,12.6,311,1007.9,0.0
2025-03-08T09:00,30.3,18,12.5,315,1007.1,0.0
2025-03-08T10:00,30.1,20,11.7,315,1006.7,0.0
2025-03-08T11:00,29.5,21,11.2,316,1006.8,0.0
2025-03-08T12:00,28.2,24,9.4,324,1006.9,0.0
2025-03-08T13:00,26.6,30,3.7,299,1007.7,0.0
2025-03-08T14:00,25.2,38,2.2,279,1008.2,0.0
2025-03-08T15:00,24.8,47,0.3,315,1009.0,0.0
2025-03-08T16:00,23.7,42,1.5,194,1009.6,0.0
2025-03-08T17:00,23.0,50,0.7,180,1010.3,0.0
2025-03-08T18:00,21.2,51,2.8,63,1010.0,0.0
2025-03-08T19:00,20.3,55,1.3,146,1009.9,0.0
2025-03-08T20:00,19.6,61,0.8,153,1010.1,0.0
2025-03-08T21:00,18.1,63,2.4,36,1010.3,0.0
2025-03-08T22:00,17.1,69,3.2,74,1009.8,0.0
2025-03-08T23:00,16.6,72,3.0,123,1009.7,0.0
2025-03-09T00:00,16.3,70,4.9,144,1010.1,0.0
2025-03-09T01:00,16.3,78,3.7,141,1011.0,0.0
2025-03-09T02:00,17.6,71,5.4,150,1012.0,0.0
2025-03-09T03:00,20.8,58,4.7,140,1013.1,0.0
2025-03-09T04:00,24.3,46,4.2,133,1013.7,0.0
2025-03-09T05:00,27.5,35,6.5,138,1013.7,0.0
2025-03-09T06:00,29.5,27,6.8,138,1013.5,0.0
2025-03-09T07:00,30.9,23,6.2,136,1012.8,0.0
2025-03-09T08:00,31.8,22,6.3,143,1011.6,0.0
2025-03-09T09:00,32.2,21,6.1,150,1010.9,0.0
2025-03-09T10:00,32.2,21,6.6,151,1010.5,0.0
2025-03-09T11:00,31.8,22,8.0,152,1010.4,0.0
2025-03-09T12:00,30.7,25,10.1,153,1010.7,0.0
2025-03-09T13:00,28.7,31,8.3,132,1012.2,0.0
2025-03-09T14:00,27.4,35,6.8,119,1012.9,0.0
2025-03-09T15:00,26.3,38,6.7,121,1013.8,0.0
2025-03-09T16:00,25.1,42,7.0,103,1014.1,0.0
2025-03-09T17:00,23.7,47,8.2,105,1014.2,0.0
2025-03-09T18:00,22.5,50,5.2,112,1014.5,0.0
2025-03-09T19:00,21.6,53,6.8,101,1014.6,0.0
2025-03-09T20:00,20.8,57,8.0,110,1014.3,0.0
2025-03-09T21:00,20.2,60,8.6,127,1013.9,0.0
2025-03-09T22:00,19.7,62,8.0,126,1013.7,0.0
2025-03-09T23:00,19.3,63,7.8,127,1013.9,0.0
2025-03-10T00:00,18.9,64,7.3,120,1014.6,0.0
2025-03-10T01:00,18.9,67,7.2,112,1016.0,0.0
2025-03-10T02:00,19.3,65,8.4,113,1016.8,0.0
2025-03-10T03:00,21.2,58,6.4,117,1017.8,0.0
2025-03-10T04:00,24.1,49,7.5,120,1018.5,0.0
2025-03-10T05:00,26.9,42,9.1,124,1018.4,0.0
2025-03-10T06:00,29.3,35,11.4,131,1017.8,0.0
2025-03-10T07:00,30.6,30,12.2,142,1016.7,0.0
2025-03-10T08:00,31.5,28,10.6,146,1015.7,0.0
2025-03-10T09:00,32.0,27,9.0,147,1014.4,0.0
2025-03-10T10:00,32.0,27,9.1,148,1013.6,0.0
2025-03-10T11:00,31.5,28,9.2,152,1012.9,0.0
2025-03-10T12:00,30.6,30,8.5,155,1013.1,0.0
2025-03-10T13:00,29.5,30,3.7,145,1013.8,0.0
2025-03-10T14:00,27.8,37,4.4,97,1014.3,0.0
2025-03-10T15:00,26.5,43,3.8,79,1015.1,0.0
2025-03-10T16:00,25.3,47,3.5,78,1015.2,0.0
2025-03-10T17:00,24.7,48,4.0,100,1015.2,0.0
2025-03-10T18:00,24.0,51,3.5,111,1014.6,0.0
2025-03-10T19:00,23.0,53,3.2,87,1014.3,0.0
2025-03-10T20:00,21.9,57,3.8,107,1013.9,0.0
2025-03-10T21:00,20.8,63,3.1,121,1013.3,0.0
2025-03-10T22:00,20.2,66,2.9,120,1013.0,0.0
2025-03-10T23:00,19.6,68,3.5,102,1013.1,0.0
2025-03-11T00:00,19.1,72,2.0,85,1013.4,0.0
2025-03-11T01:00,18.9,79,1.7,41,1014.1,0.0
2025-03-11T02:00,19.9,72,2.3,86,1014.5,0.0
2025-03-11T03:00,23.1,60,1.9,124,1015.4,0.0
2025-03-11T04:00,26.6,45,2.7,94,1015.7,0.0
2025-03-11T05:00,29.5,34,2.5,98,1015.4,0.0
2025-03-11T06:00,31.7,28,2.1,59,1014.9,0.0
2025-03-11T07:00,33.2,25,2.4,54,1013.7,0.0
2025-03-11T08:00,34.3,23,1.5,36,1012.2,0.0
2025-03-11T09:00,34.5,22,3.5,351,1011.1,0.0
2025-03-11T10:00,34.2,23,5.6,356,1010.5,0.0
2025-03-11T11:00,33.2,27,7.6,5,1010.0,0.0
2025-03-11T12:00,31.3,34,10.2,10,1010.4,0.0
2025-03-11T13:00,29.3,41,5.0,347,1011.2,0.0
2025-03-11T14:00,28.3,47,6.3,355,1011.3,0.0
2025-03-11T15:00,27.0,56,5.6,353,1011.6,0.0
2025-03-11T16:00,25.8,62,5.6,331,1011.7,0.0
2025-03-11T17:00,25.1,64,4.2,317,1011.7,0.0
2025-03-11T18:00,24.2,66,4.1,319,1011.1,0.0
2025-03-11T19:00,24.0,63,5.2,299,1010.8,0.0
2025-03-11T20:00,23.6,62,7.0,269,1010.4,0.0
2025-03-11T21:00,22.8,64,6.9,285,1009.8,0.0
2025-03-11T22:00,21.9,68,6.7,297,1009.2,0.0
2025-03-11T23:00,21.2,70,6.5,300,1008.9,0.0
2025-03-12T00:00,20.7,70,6.2,296,1008.9,0.0
2025-03-12T01:00,20.0,77,6.6,287,1009.8,0.0
2025-03-12T02:00,20.7,74,7.9,287,1010.2,0.0
2025-03-12T03:00,22.7,65,6.1,300,1010.8,0.0
2025-03-12T04:00,25.8,53,6.5,312,1010.9,0.0
2025-03-12T05:00,28.7,39,10.1,317,1010.7,0.0
2025-03-12T06:00,30.5,32,10.7,315,1010.3,0.0
2025-03-12T07:00,32.0,27,10.0,300,1009.3,0.0
2025-03-12T08:00,33.1,24,10.7,292,1008.2,0.0
2025-03-12T09:00,33.4,23,12.0,292,1007.1,0.0
2025-03-12T10:00,33.0,24,12.9,297,1006.6,0.0
2025-03-12T11:00,32.1,25,12.2,298,1006.3,0.0
2025-03-12T12:00,31.0,29,10.7,303,1006.2,0.0
2025-03-12T13:00,29.8,35,7.9,303,1006.7,0.0
2025-03-12T14:00,28.8,40,6.0,307,1007.2,0.0
2025-03-12T15:00,27.7,45,4.2,324,1007.7,0.0
2025-03-12T16:00,26.6,48,4.5,317,1008.1,0.0
2025-03-12T17:00,25.9,49,4.7,298,1008.4,0.0
2025-03-12T18:00,25.2,52,5.8,330,1008.4,0.0
2025-03-12T19:00,24.0,56,3.9,336,1008.1,0.0
2025-03-12T20:00,23.0,59,4.0,352,1007.4,0.0
2025-03-12T21:00,22.5,59,4.9,354,1006.6,0.0
2025-03-12T22:00,21.6,63,3.2,313,1006.2,0.0
2025-03-12T23:00,21.4,62,2.7,233,1006.3,0.0
2025-03-13T00:00,21.2,62,3.6,267,1006.5,0.0
2025-03-13T01:00,21.5,67,4.3,287,1007.8,0.0
2025-03-13T02:00,22.0,65,6.2,282,1008.4,0.0
2025-03-13T03:00,23.8,58,3.5,279,1009.3,0.0
2025-03-13T04:00,26.7,49,3.2,289,1009.8,0.0
2025-03-13T05:00,29.1,40,3.8,295,1009.8,0.0
2025-03-13T06:00,25.3,53,12.0,351,1010.3,0.4
2025-03-13T07:00,29.8,33,2.6,65,1008.4,0.0
2025-03-13T08:00,31.7,29,3.6,160,1006.8,0.0
2025-03-13T09:00,32.3,27,5.4,217,1005.6,0.0
2025-03-13T10:00,32.2,28,9.2,225,1005.1,0.1
2025-03-13T11:00,30.8,32,6.4,238,1005.4,0.4
2025-03-13T12:00,25.9,46,15.1,270,1007.2,0.5
2025-03-13T13:00,27.5,40,5.3,45,1005.3,0.0
2025-03-13T14:00,26.4,44,6.2,33,1006.0,0.0
2025-03-13T15:00,25.6,47,4.5,61,1006.7,0.0
2025-03-13T16:00,25.1,47,5.7,9,1007.5,0.0
2025-03-13T17:00,24.0,52,5.0,21,1007.4,0.0
2025-03-13T18:00,23.3,54,6.0,16,1007.2,0.0
2025-03-13T19:00,22.5,57,4.6,9,1007.0,0.0
2025-03-13T20:00,21.8,60,5.7,28,1007.1,0.0
2025-03-13T21:00,20.9,63,4.4,32,1006.8,0.0
2025-03-13T22:00,19.9,68,2.7,32,1006.5,0.0
2025-03-13T23:00,19.5,72,1.3,146,1006.7,0.0
2025-03-14T00:00,19.2,72,2.9,169,1007.5,0.0
2025-03-14T01:00,19.8,84,2.8,225,1008.5,0.0
2025-03-14T02:00,21.2,76,4.0,207,1009.3,0.0
2025-03-14T03:00,23.7,67,0.5,45,1010.2,0.0
2025-03-14T04:00,26.8,51,1.9,151,1011.0,0.0
2025-03-14T05:00,29.3,41,4.2,162,1010.7,0.0
2025-03-14T06:00,31.3,33,5.3,170,1010.2,0.0
2025-03-14T07:00,32.8,23,5.1,174,1009.3,0.0
2025-03-14T08:00,33.7,19,5.0,159,1008.0,0.0
2025-03-14T09:00,33.9,17,6.0,164,1006.9,0.0
2025-03-14T10:00,34.3,16,5.9,215,1006.2,0.0
2025-03-14T11:00,33.1,17,8.8,255,1006.2,0.0
2025-03-14T12:00,32.0,20,8.1,298,1006.6,0.0
2025-03-14T13:00,29.6,32,3.6,360,1007.9,0.0
2025-03-14T14:00,27.9,39,3.6,333,1008.7,0.0
2025-03-14T15:00,25.9,51,11.7,25,1009.5,0.1
2025-03-14T16:00,24.2,56,8.7,356,1010.3,0.0
2025-03-14T17:00,22.5,66,10.2,53,1009.8,0.0
2025-03-14T18:00,22.2,66,11.1,37,1009.4,0.0
2025-03-14T19:00,21.2,69,9.0,23,1009.6,0.0
2025-03-14T20:00,20.5,69,10.6,43,1009.3,0.0
2025-03-14T21:00,20.3,65,8.3,63,1008.3,0.0
2025-03-14T22:00,20.1,63,6.3,31,1008.6,0.0
2025-03-14T23:00,19.4,64,6.9,28,1008.8,0.0
2025-03-15T00:00,18.9,66,5.5,38,1009.4,0.0
2025-03-15T01:00,19.2,70,14.0,28,1010.8,0.0
2025-03-15T02:00,19.6,68,10.7,36,1011.6,0.0
2025-03-15T03:00,21.2,61,9.0,37,1012.2,0.0
2025-03-15T04:00,23.3,53,9.4,43,1012.3,0.0
2025-03-15T05:00,25.6,45,9.8,62,1012.1,0.0
2025-03-15T06:00,27.5,42,9.2,73,1011.6,0.0
2025-03-15T07:00,29.0,39,8.8,94,1010.8,0.0
2025-03-15T08:00,30.7,35,8.9,111,1009.8,0.0
2025-03-15T09:00,31.2,33,8.1,148,1009.0,0.0
2025-03-15T10:00,31.0,33,8.0,170,1008.5,0.0
2025-03-15T11:00,30.6,33,9.3,205,1008.6,0.2
2025-03-15T12:00,30.1,31,6.4,198,1008.2,0.0
2025-03-15T13:00,29.3,30,6.2,240,1009.2,0.0
2025-03-15T14:00,27.6,36,5.0,305,1010.2,0.0
2025-03-15T15:00,25.2,55,12.4,339,1011.1,0.0
2025-03-15T16:00,23.3,62,11.9,357,1011.9,0.0
2025-03-15T17:00,22.3,63,10.6,356,1012.2,0.0
2025-03-15T18:00,21.4,65,10.6,351,1012.1,0.0
2025-03-15T19:00,20.7,66,9.9,350,1012.0,0.0
2025-03-15T20:00,20.1,68,9.6,346,1011.8,0.0
2025-03-15T21:00,19.3,69,9.7,358,1011.6,0.1
2025-03-15T22:00,18.8,72,8.0,335,1011.4,0.0
2025-03-15T23:00,18.1,75,3.8,357,1011.9,0.7
2025-03-16T00:00,17.6,77,8.0,322,1012.4,0.1
2025-03-16T01:00,19.1,75,6.2,327,1012.0,0.0
2025-03-16T02:00,19.6,73,8.0,297,1012.6,0.0
2025-03-16T03:00,20.9,67,5.9,18,1013.6,0.0
2025-03-16T04:00,22.5,59,4.6,347,1014.1,0.0
2025-03-16T05:00,24.9,53,4.3,45,1014.1,0.0
2025-03-16T06:00,27.1,46,2.3,58,1013.5,0.0
2025-03-16T07:00,29.0,36,1.2,321,1012.3,0.0
2025-03-16T08:00,29.9,28,5.2,270,1011.4,0.0
2025-03-16T09:00,29.9,25,9.3,298,1010.1,0.0
2025-03-16T10:00,29.7,24,11.4,295,1009.5,0.0
2025-03-16T11:00,28.8,26,11.4,297,1009.2,0.0
2025-03-16T12:00,27.8,28,10.5,297,1009.3,0.0
2025-03-16T13:00,26.8,29,9.0,316,1009.9,0.0
2025-03-16T14:00,25.5,35,7.6,304,1010.7,0.0
2025-03-16T15:00,24.5,40,8.0,322,1011.5,0.0
2025-03-16T16:00,23.4,43,8.1,342,1011.8,0.0
2025-03-16T17:00,22.5,43,8.1,348,1012.1,0.0
2025-03-16T18:00,21.4,45,7.3,344,1011.9,0.0
2025-03-16T19:00,20.6,47,7.7,342,1011.8,0.0
2025-03-16T20:00,19.9,48,7.8,352,1011.8,0.0
2025-03-16T21:00,19.2,49,5.9,348,1011.6,0.0
2025-03-16T22:00,18.5,52,6.1,341,1011.4,0.0
2025-03-16T23:00,17.9,55,5.1,342,1011.4,0.0
2025-03-17T00:00,17.5,56,5.3,303,1011.7,0.0
2025-03-17T01:00,18.8,75,4.1,299,1012.3,0.0
2025-03-17T02:00,19.4,72,5.5,293,1013.1,0.0
2025-03-17T03:00,21.3,64,4.8,297,1013.8,0.0
2025-03-17T04:00,23.9,53,6.0,307,1014.2,0.0
2025-03-17T05:00,26.1,41,8.1,317,1014.1,0.0
2025-03-17T06:00,27.4,32,10.2,311,1013.9,0.0
2025-03-17T07:00,28.0,29,12.1,311,1013.1,0.0
2025-03-17T08:00,28.3,28,13.4,313,1012.1,0.0
2025-03-17T09:00,28.5,28,13.1,316,1011.3,0.0
2025-03-17T10:00,28.1,29,13.5,317,1010.7,0.0
2025-03-17T11:00,27.4,30,13.3,320,1010.8,0.0
2025-03-17T12:00,26.5,33,12.3,323,1011.1,0.0
2025-03-17T13:00,25.7,34,8.3,321,1012.1,0.0
2025-03-17T14:00,24.9,38,6.4,310,1013.0,0.0
2025-03-17T15:00,24.1,41,6.2,291,1013.7,0.0
2025-03-17T16:00,23.2,43,5.3,278,1014.0,0.0
2025-03-17T17:00,22.7,43,6.0,280,1014.2,0.0
2025-03-17T18:00,21.9,46,6.3,285,1013.8,0.0
2025-03-17T19:00,20.9,49,5.2,301,1013.6,0.0
2025-03-17T20:00,20.0,52,6.2,316,1013.3,0.0
2025-03-17T21:00,19.5,53,6.5,309,1012.5,0.0
2025-03-17T22:00,18.9,54,7.4,304,1011.8,0.0
2025-03-17T23:00,18.3,55,8.0,306,1011.8,0.0
2025-03-18T00:00,17.7,57,8.0,310,1011.8,0.0
2025-03-18T01:00,17.9,74,5.3,303,1012.7,0.0
2025-03-18T02:00,18.8,69,5.8,261,1013.6,0.0
2025-03-18T03:00,21.0,59,5.0,291,1014.0,0.0
2025-03-18T04:00,23.7,48,6.9,300,1014.1,0.0
2025-03-18T05:00,26.1,36,10.8,316,1014.1,0.0
2025-03-18T06:00,27.7,30,11.0,320,1013.4,0.0
2025-03-18T07:00,28.8,27,10.9,322,1012.5,0.0
2025-03-18T08:00,29.5,25,11.4,322,1011.6,0.0
2025-03-18T09:00,29.8,24,11.1,317,1010.7,0.0
2025-03-18T10:00,29.8,23,11.5,310,1010.3,0.0
2025-03-18T11:00,29.3,24,11.2,307,1010.3,0.0
2025-03-18T12:00,28.3,27,10.0,298,1010.3,0.0
2025-03-18T13:00,27.0,32,7.1,308,1011.3,0.0
2025-03-18T14:00,26.2,35,6.5,284,1011.8,0.0
2025-03-18T15:00,25.4,39,7.0,273,1012.2,0.0
2025-03-18T16:00,24.5,41,6.7,279,1012.7,0.0
2025-03-18T17:00,23.5,43,5.4,276,1012.8,0.0
2025-03-18T18:00,23.1,42,5.4,284,1012.9,0.0
2025-03-18T19:00,22.8,42,6.9,300,1012.9,0.0
2025-03-18T20:00,21.5,46,6.1,310,1012.8,0.0
2025-03-18T21:00,20.5,50,5.0,316,1012.2,0.0
2025-03-18T22:00,19.4,54,4.0,309,1011.8,0.0
2025-03-18T23:00,18.9,57,3.3,299,1011.8,0.0
2025-03-19T00:00,18.4,59,3.5,279,1011.9,0.0
2025-03-19T01:00,18.8,64,3.5,246,1012.7,0.0
2025-03-19T02:00,19.8,60,6.5,264,1013.6,0.0
2025-03-19T03:00,22.4,51,5.0,270,1013.9,0.0
2025-03-19T04:00,26.0,38,5.4,266,1014.5,0.0
2025-03-19T05:00,28.6,27,6.8,299,1014.5,0.0
2025-03-19T06:00,30.3,21,7.8,318,1014.1,0.0
2025-03-19T07:00,31.5,19,8.7,326,1013.7,0.0
2025-03-19T08:00,32.0,19,9.1,330,1012.6,0.0
2025-03-19T09:00,32.1,19,9.6,330,1011.9,0.0
2025-03-19T10:00,31.6,20,10.0,330,1011.5,0.0
2025-03-19T11:00,30.7,23,11.1,329,1011.5,0.0
2025-03-19T12:00,29.6,27,10.6,337,1011.8,0.0
2025-03-19T13:00,28.7,26,7.1,344,1012.4,0.0
2025-03-19T14:00,27.3,32,6.8,357,1013.3,0.0
2025-03-19T15:00,26.1,35,7.9,17,1013.8,0.0
2025-03-19T16:00,24.7,36,4.0,32,1014.4,0.0
2025-03-19T17:00,23.9,42,0.6,124,1014.7,0.0
2025-03-19T18:00,23.1,49,0.3,135,1015.0,0.0
2025-03-19T19:00,22.1,43,3.8,5,1014.9,0.0
2025-03-19T20:00,22.0,40,5.9,18,1014.6,0.0
2025-03-19T21:00,20.7,43,4.9,6,1014.1,0.0
2025-03-19T22:00,19.5,48,3.8,19,1013.7,0.0
2025-03-19T23:00,18.8,49,3.9,28,1013.6,0.0
2025-03-20T00:00,18.2,51,3.7,14,1014.0,0.0
2025-03-20T01:00,19.1,69,0.9,323,1014.6,0.0
2025-03-20T02:00,20.4,61,4.2,313,1015.5,0.0
2025-03-20T03:00,23.2,50,2.5,315,1016.0,0.0
2025-03-20T04:00,27.0,37,2.2,325,1016.3,0.0
2025-03-20T05:00,30.1,23,4.2,329,1016.4,0.0
2025-03-20T06:00,31.9,17,6.3,325,1015.9,0.0
2025-03-20T07:00,32.9,15,9.2,327,1015.0,0.0
2025-03-20T08:00,32.9,14,11.5,328,1014.0,0.0
2025-03-20T09:00,32.4,16,11.3,323,1013.1,0.0
2025-03-20T10:00,32.0,17,10.3,329,1012.3,0.0
2025-03-20T11:00,31.4,18,13.3,327,1012.0,0.0
2025-03-20T12:00,30.0,23,13.5,327,1012.1,0.0
2025-03-20T13:00,29.1,20,8.5,328,1012.3,0.0
2025-03-20T14:00,27.9,23,4.6,321,1012.7,0.0
2025-03-20T15:00,27.4,24,5.9,288,1013.6,0.0
2025-03-20T16:00,26.5,31,7.6,271,1014.5,0.0
2025-03-20T17:00,25.2,38,8.9,294,1014.8,0.0
2025-03-20T18:00,23.7,38,8.5,316,1015.0,0.0
2025-03-20T19:00,22.6,37,7.7,329,1014.6,0.0
2025-03-20T20:00,22.0,36,7.6,338,1014.2,0.0
2025-03-20T21:00,21.5,38,7.5,339,1013.7,0.0
2025-03-20T22:00,20.9,39,7.7,336,1013.2,0.0
2025-03-20T23:00,20.4,41,8.1,339,1013.3,0.0
2025-03-21T00:00,20.0,42,9.0,334,1013.4,0.0
2025-03-21T01:00,19.8,60,7.0,310,1014.4,0.0
2025-03-21T02:00,20.4,58,7.8,302,1015.1,0.0
2025-03-21T03:00,22.5,50,5.5,308,1015.7,0.0
2025-03-21T04:00,25.3,40,6.3,309,1016.4,0.0
2025-03-21T05:00,28.0,32,7.6,315,1016.2,0.0
2025-03-21T06:00,30.2,23,10.5,323,1015.7,0.0
2025-03-21T07:00,31.4,18,13.2,325,1014.6,0.0
2025-03-21T08:00,31.9,16,13.7,320,1013.6,0.0
2025-03-21T09:00,32.0,15,14.6,320,1012.2,0.0
2025-03-21T10:00,31.8,15,15.1,320,1011.5,0.0
2025-03-21T11:00,31.0,17,14.9,323,1011.1,0.0
2025-03-21T12:00,29.9,19,12.1,328,1011.0,0.0
2025-03-21T13:00,28.7,21,8.2,324,1012.0,0.0
2025-03-21T14:00,27.6,25,8.1,294,1012.5,0.0
2025-03-21T15:00,26.6,28,7.7,288,1013.1,0.0
2025-03-21T16:00,25.3,31,8.2,293,1013.4,0.0
2025-03-21T17:00,24.1,33,8.3,303,1013.4,0.0
2025-03-21T18:00,23.3,33,8.2,310,1013.3,0.0
2025-03-21T19:00,22.6,33,5.9,301,1012.7,0.0
2025-03-21T20:00,21.6,35,4.8,304,1012.1,0.0
2025-03-21T21:00,21.0,36,4.8,290,1011.3,0.0
2025-03-21T22:00,20.7,36,5.4,285,1010.9,0.0
2025-03-21T23:00,20.0,38,6.1,267,1011.2,0.0
2025-03-22T00:00,19.1,42,5.5,251,1011.3,0.0
2025-03-22T01:00,20.4,50,6.4,259,1012.5,0.0
2025-03-22T02:00,21.4,46,7.6,275,1013.1,0.0
2025-03-22T03:00,23.8,40,5.1,280,1014.0,0.0
2025-03-22T04:00,27.1,31,6.7,256,1014.5,0.0
2025-03-22T05:00,29.4,25,8.3,266,1014.0,0.0
2025-03-22T06:00,30.8,22,10.0,284,1013.6,0.0
2025-03-22T07:00,31.3,20,15.1,308,1012.9,0.0
2025-03-22T08:00,30.7,21,14.0,312,1012.4,0.0
2025-03-22T09:00,31.5,20,13.6,309,1011.4,0.0
2025-03-22T10:00,31.4,19,14.4,324,1011.1,0.0
2025-03-22T11:00,30.9,19,14.0,338,1011.2,0.0
2025-03-22T12:00,29.9,20,12.8,336,1011.1,0.0
2025-03-22T13:00,28.8,21,8.9,341,1011.8,0.0
2025-03-22T14:00,27.4,26,5.2,331,1012.6,0.0
2025-03-22T15:00,25.5,34,3.0,335,1013.3,0.0
2025-03-22T16:00,24.2,39,2.7,328,1013.7,0.0
2025-03-22T17:00,23.2,41,3.6,342,1013.8,0.0
2025-03-22T18:00,22.2,45,3.8,5,1013.8,0.0
2025-03-22T19:00,21.2,49,3.1,40,1013.6,0.0
2025-03-22T20:00,20.3,51,3.1,80,1013.4,0.0
2025-03-22T21:00,19.6,55,2.4,107,1012.9,0.0
2025-03-22T22:00,19.5,55,1.3,164,1012.8,0.0
2025-03-22T23:00,19.1,55,2.1,200,1013.2,0.0
2025-03-23T00:00,18.9,54,2.5,180,1013.5,0.0
2025-03-23T01:00,18.9,62,1.7,139,1014.4,0.0
2025-03-23T02:00,20.5,55,4.1,139,1015.3,0.0
2025-03-23T03:00,23.6,45,2.1,121,1016.2,0.0
2025-03-23T04:00,27.0,33,3.3,167,1016.6,0.0
2025-03-23T05:00,29.4,24,6.1,168,1016.4,0.0
2025-03-23T06:00,30.8,21,6.3,180,1015.9,0.0
2025-03-23T07:00,31.8,20,5.8,196,1015.1,0.0
2025-03-23T08:00,32.6,18,5.4,217,1014.0,0.0
2025-03-23T09:00,33.1,17,6.0,243,1013.1,0.0
2025-03-23T10:00,33.2,17,7.9,273,1012.4,0.0
2025-03-23T11:00,32.8,16,9.8,290,1012.3,0.0
2025-03-23T12:00,31.8,15,9.2,301,1012.4,0.0
2025-03-23T13:00,30.2,18,7.6,322,1013.5,0.0
2025-03-23T14:00,28.6,24,5.6,333,1014.0,0.0
2025-03-23T15:00,27.1,29,3.4,6,1014.4,0.0
2025-03-23T16:00,25.5,34,2.9,60,1014.6,0.0
2025-03-23T17:00,24.3,38,2.9,94,1014.6,0.0
2025-03-23T18:00,23.4,42,2.3,86,1014.4,0.0
2025-03-23T19:00,23.0,43,1.1,90,1013.8,0.0
2025-03-23T20:00,22.1,45,1.5,126,1013.6,0.0
2025-03-23T21:00,21.5,48,1.1,189,1012.7,0.0
2025-03-23T22:00,21.0,48,1.6,276,1012.4,0.0
2025-03-23T23:00,20.8,48,2.1,308,1012.6,0.0
2025-03-24T00:00,20.6,49,1.2,243,1013.0,0.0
2025-03-24T01:00,19.4,60,4.3,147,1014.7,0.0
2025-03-24T02:00,20.9,55,6.2,163,1015.5,0.0
2025-03-24T03:00,23.8,45,4.6,162,1016.3,0.0
2025-03-24T04:00,27.3,34,5.3,168,1016.5,0.0
2025-03-24T05:00,30.2,26,7.0,183,1016.2,0.0
2025-03-24T06:00,31.8,21,6.9,195,1015.6,0.0
2025-03-24T07:00,32.9,18,6.0,197,1014.5,0.0
2025-03-24T08:00,33.7,17,5.2,200,1013.1,0.0
2025-03-24T09:00,34.2,16,5.0,210,1011.8,0.0
2025-03-24T10:00,34.4,16,5.4,236,1011.2,0.0
2025-03-24T11:00,34.1,16,5.9,272,1010.8,0.0
2025-03-24T12:00,33.1,17,6.5,316,1010.9,0.0
2025-03-24T13:00,31.4,20,6.2,22,1011.3,0.0
2025-03-24T14:00,29.6,26,6.6,49,1011.7,0.0
2025-03-24T15:00,27.9,30,3.8,25,1012.6,0.0
2025-03-24T16:00,26.9,33,7.1,56,1013.2,0.0
2025-03-24T17:00,25.8,37,7.2,37,1013.1,0.0
2025-03-24T18:00,24.9,40,4.8,56,1012.6,0.0
2025-03-24T19:00,24.0,43,4.0,69,1011.8,0.0
2025-03-24T20:00,23.3,46,4.8,117,1011.3,0.0
2025-03-24T21:00,22.4,50,4.1,119,1010.6,0.0
2025-03-24T22:00,21.9,53,4.2,121,1010.1,0.0
2025-03-24T23:00,21.0,56,4.2,149,1009.9,0.0
2025-03-25T00:00,20.6,57,5.0,142,1009.9,0.0
2025-03-25T01:00,20.6,59,6.8,145,1010.9,0.0
2025-03-25T02:00,21.9,53,7.8,146,1011.4,0.0
2025-03-25T03:00,24.8,43,3.4,133,1011.9,0.0
2025-03-25T04:00,28.5,32,3.2,137,1012.2,0.0
2025-03-25T05:00,31.7,23,4.4,150,1011.8,0.0
2025-03-25T06:00,33.7,18,3.5,165,1010.7,0.0
2025-03-25T07:00,35.1,16,2.0,190,1009.7,0.0
2025-03-25T08:00,36.1,15,1.5,234,1008.3,0.0
2025-03-25T09:00,36.7,13,3.3,292,1007.1,0.0
2025-03-25T10:00,36.7,13,7.4,311,1006.2,0.0
2025-03-25T11:00,36.0,13,9.4,328,1006.0,0.0
2025-03-25T12:00,34.7,15,8.1,1,1006.0,0.0
2025-03-25T13:00,32.3,23,7.1,24,1006.7,0.0
2025-03-25T14:00,30.8,27,6.2,21,1007.2,0.0
2025-03-25T15:00,29.6,29,7.2,13,1007.8,0.0
2025-03-25T16:00,28.3,36,7.2,18,1008.3,0.0
2025-03-25T17:00,27.0,40,4.2,65,1008.1,0.0
2025-03-25T18:00,25.6,43,4.0,87,1007.5,0.0
2025-03-25T19:00,24.5,46,3.1,69,1007.1,0.0
2025-03-25T20:00,24.0,47,3.5,156,1006.4,0.0
2025-03-25T21:00,23.6,48,3.1,156,1005.8,0.0
2025-03-25T22:00,23.0,49,3.6,186,1005.5,0.0
2025-03-25T23:00,22.4,50,3.2,218,1005.6,0.0
2025-03-26T00:00,22.2,51,1.5,225,1005.8,0.0
2025-03-26T01:00,22.4,55,2.0,280,1006.5,0.0
2025-03-26T02:00,23.9,49,3.6,240,1007.2,0.0
2025-03-26T03:00,27.5,39,2.9,210,1008.0,0.0
2025-03-26T04:00,31.3,28,4.0,207,1008.6,0.0
2025-03-26T05:00,34.2,20,6.4,207,1008.4,0.0
2025-03-26T06:00,36.0,15,6.4,212,1007.9,0.0
2025-03-26T07:00,37.2,13,5.1,212,1007.0,0.0
2025-03-26T08:00,38.0,11,4.0,212,1005.7,0.0
2025-03-26T09:00,38.4,11,5.6,202,1004.6,0.0
2025-03-26T10:00,38.4,10,7.5,210,1003.8,0.0
2025-03-26T11:00,37.9,11,8.9,225,1003.5,0.0
2025-03-26T12:00,36.5,12,8.6,221,1003.8,0.0
2025-03-26T13:00,34.6,17,0.6,146,1004.4,0.0
2025-03-26T14:00,33.0,17,6.1,67,1005.0,0.0
2025-03-26T15:00,31.1,25,6.5,39,1006.0,0.0
2025-03-26T16:00,29.1,31,6.4,115,1006.7,0.0
2025-03-26T17:00,28.2,32,4.0,82,1006.8,0.0
2025-03-26T18:00,27.1,36,3.8,93,1006.5,0.0
2025-03-26T19:00,26.2,38,3.1,140,1006.4,0.0
2025-03-26T20:00,25.8,39,2.3,141,1006.0,0.0
2025-03-26T21:00,25.2,39,3.7,145,1005.3,0.0
2025-03-26T22:00,25.2,49,0.4,153,1005.3,0.0
2025-03-26T23:00,24.4,42,1.5,166,1005.2,0.0
2025-03-27T00:00,23.9,43,3.1,280,1005.8,0.0
2025-03-27T01:00,23.0,52,3.3,276,1006.7,0.0
2025-03-27T02:00,25.0,42,6.2,253,1007.3,0.0
2025-03-27T03:00,27.7,33,4.6,244,1007.9,0.0
2025-03-27T04:00,31.0,25,6.1,267,1008.2,0.0
2025-03-27T05:00,33.3,21,8.8,270,1008.2,0.0
2025-03-27T06:00,34.9,19,9.6,282,1007.8,0.0
2025-03-27T07:00,36.0,18,10.2,296,1006.9,0.0
2025-03-27T08:00,36.6,17,10.7,297,1006.1,0.0
2025-03-27T09:00,36.8,15,12.4,283,1005.0,0.0
2025-03-27T10:00,36.3,15,12.0,278,1004.3,0.0
2025-03-27T11:00,35.9,16,7.6,288,1003.9,0.0
2025-03-27T12:00,35.2,17,5.1,293,1003.7,0.0
2025-03-27T13:00,33.7,19,5.3,342,1003.9,0.0
2025-03-27T14:00,32.1,22,5.4,352,1004.4,0.0
2025-03-27T15:00,31.0,25,5.4,360,1005.0,0.0
2025-03-27T16:00,29.6,28,4.5,7,1005.5,0.0
2025-03-27T17:00,28.2,31,3.6,360,1005.5,0.0
2025-03-27T18:00,27.4,35,2.4,312,1005.8,0.0
2025-03-27T19:00,26.9,33,4.4,277,1005.9,0.0
2025-03-27T20:00,26.4,34,6.4,280,1005.6,0.0
2025-03-27T21:00,25.6,36,9.2,273,1005.4,0.0
2025-03-27T22:00,24.9,38,13.0,268,1005.6,0.0
2025-03-27T23:00,23.4,34,13.5,291,1006.5,0.0
2025-03-28T00:00,22.4,33,11.7,304,1007.6,0.0
2025-03-28T01:00,22.0,38,10.4,315,1008.7,0.0
2025-03-28T02:00,22.9,34,8.9,306,1009.6,0.0
2025-03-28T03:00,24.9,29,8.7,302,1010.5,0.0
2025-03-28T04:00,27.2,24,11.3,297,1011.1,0.0
2025-03-28T05:00,28.7,21,13.6,299,1011.2,0.0
2025-03-28T06:00,30.3,18,11.8,294,1010.9,0.0
2025-03-28T07:00,31.4,13,11.4,286,1010.3,0.0
2025-03-28T08:00,31.9,12,12.3,281,1009.4,0.0
2025-03-28T09:00,31.9,12,13.2,277,1008.3,0.0
2025-03-28T10:00,31.3,12,13.7,275,1007.5,0.0
2025-03-28T11:00,30.6,12,13.9,274,1007.6,0.0
2025-03-28T12:00,29.5,13,13.2,275,1007.5,0.0
2025-03-28T13:00,28.4,17,13.9,299,1008.2,0.0
2025-03-28T14:00,27.0,21,13.9,307,1009.1,0.0
2025-03-28T15:00,26.0,22,14.6,305,1010.0,0.0
2025-03-28T16:00,24.6,21,15.5,308,1010.7,0.0
2025-03-28T17:00,23.4,18,15.0,310,1011.1,0.0
2025-03-28T18:00,22.5,17,14.2,310,1011.0,0.0
2025-03-28T19:00,21.5,17,13.8,310,1010.9,0.0
2025-03-28T20:00,20.5,17,13.6,311,1010.3,0.0
2025-03-28T21:00,19.7,18,13.4,309,1009.8,0.0
2025-03-28T22:00,19.0,21,13.3,308,1009.5,0.0
2025-03-28T23:00,18.3,22,13.0,307,1009.4,0.0
2025-03-29T00:00,17.8,23,12.8,302,1009.6,0.0
2025-03-29T01:00,16.6,30,12.3,292,1010.3,0.0
2025-03-29T02:00,17.3,30,9.8,284,1010.8,0.0
2025-03-29T03:00,19.1,28,11.4,283,1011.3,0.0
2025-03-29T04:00,21.7,24,12.5,291,1011.8,0.0
2025-03-29T05:00,24.3,21,14.1,301,1011.8,0.0
2025-03-29T06:00,26.3,17,14.9,307,1011.1,0.0
2025-03-29T07:00,28.0,14,14.0,306,1010.1,0.0
2025-03-29T08:00,29.2,14,13.9,304,1008.9,0.0
2025-03-29T09:00,29.6,15,14.5,297,1008.1,0.0
2025-03-29T10:00,29.6,18,14.8,296,1007.5,0.0
2025-03-29T11:00,29.1,19,14.7,299,1007.1,0.0
2025-03-29T12:00,28.1,19,14.5,298,1007.0,0.0
2025-03-29T13:00,26.9,19,10.8,291,1008.1,0.0
2025-03-29T14:00,26.2,21,11.1,283,1008.7,0.0
2025-03-29T15:00,25.4,22,11.6,285,1009.5,0.0
2025-03-29T16:00,24.6,21,11.7,290,1010.2,0.0
2025-03-29T17:00,23.7,20,11.8,299,1010.3,0.0
2025-03-29T18:00,23.1,20,10.3,299,1010.2,0.0
2025-03-29T19:00,22.5,21,11.3,304,1009.9,0.0
2025-03-29T20:00,21.6,22,11.6,303,1009.3,0.0
2025-03-29T21:00,20.7,23,10.2,301,1008.9,0.0
2025-03-29T22:00,19.9,24,9.1,304,1008.6,0.0
2025-03-29T23:00,19.2,25,8.7,300,1008.7,0.0
2025-03-30T00:00,18.7,26,9.2,298,1009.2,0.0
2025-03-30T01:00,17.9,32,9.9,302,1010.0,0.0
2025-03-30T02:00,19.0,30,9.6,298,1010.7,0.0
2025-03-30T03:00,21.3,26,6.8,292,1011.4,0.0
2025-03-30T04:00,24.4,22,8.3,288,1012.2,0.0
2025-03-30T05:00,27.4,17,10.7,301,1012.2,0.0
2025-03-30T06:00,29.5,13,12.3,302,1011.9,0.0
2025-03-30T07:00,30.9,12,11.8,299,1011.2,0.0
2025-03-30T08:00,31.8,12,11.7,293,1010.1,0.0
2025-03-30T09:00,32.3,12,11.6,289,1009.2,0.0
2025-03-30T10:00,32.3,12,12.0,283,1008.7,0.0
2025-03-30T11:00,31.6,13,12.2,284,1008.4,0.0
2025-03-30T12:00,30.5,15,11.8,286,1008.4,0.0
2025-03-30T13:00,29.3,16,9.4,301,1008.9,0.0
2025-03-30T14:00,28.0,19,7.3,303,1009.5,0.0
2025-03-30T15:00,26.9,21,7.1,294,1010.4,0.0
2025-03-30T16:00,26.0,21,6.9,285,1011.0,0.0
2025-03-30T17:00,25.3,21,7.8,285,1011.3,0.0
2025-03-30T18:00,24.3,22,8.4,304,1011.3,0.0
2025-03-30T19:00,22.8,24,8.1,313,1011.3,0.0
2025-03-30T20:00,22.0,25,7.6,308,1010.6,0.0
2025-03-30T21:00,21.4,24,7.5,307,1010.1,0.0
2025-03-30T22:00,20.7,24,6.9,313,1009.9,0.0
2025-03-30T23:00,19.8,25,6.2,314,1009.9,0.0
2025-03-31T00:00,19.0,27,5.6,301,1010.2,0.0
2025-03-31T01:00,18.4,34,4.9,280,1011.1,0.0
2025-03-31T02:00,19.9,32,6.7,267,1011.7,0.0
2025-03-31T03:00,22.7,28,4.7,272,1012.3,0.0
2025-03-31T04:00,26.3,23,6.0,277,1012.4,0.0
2025-03-31T05:00,29.5,18,8.2,289,1012.4,0.0
2025-03-31T06:00,31.8,14,9.6,300,1011.9,0.0
2025-03-31T07:00,33.4,11,10.3,308,1011.0,0.0
2025-03-31T08:00,34.2,10,10.9,309,1010.1,0.0
2025-03-31T09:00,34.5,10,10.8,303,1009.0,0.0
2025-03-31T10:00,34.4,9,11.6,303,1008.2,0.0
2025-03-31T11:00,33.7,10,12.5,302,1007.8,0.0
2025-03-31T12:00,32.6,11,12.2,297,1007.7,0.0
2025-03-31T13:00,31.3,12,9.0,313,1008.3,0.0
2025-03-31T14:00,29.6,15,6.7,290,1009.1,0.0
2025-03-31T15:00,28.4,19,7.9,291,1009.6,0.0
2025-03-31T16:00,27.6,19,8.8,289,1009.9,0.0
2025-03-31T17:00,26.9,17,11.3,306,1009.9,0.0
2025-03-31T18:00,25.2,19,8.6,329,1009.7,0.0
2025-03-31T19:00,24.0,21,6.4,328,1009.3,0.0
2025-03-31T20:00,23.2,23,6.7,324,1008.7,0.0
2025-03-31T21:00,22.5,23,6.4,320,1008.2,0.0
2025-03-31T22:00,21.8,22,6.2,327,1007.9,0.0
2025-03-31T23:00,21.1,23,6.0,333,1008.1,0.0
2025-04-01T00:00,20.2,25,5.2,331,1008.6,0.0
2025-04-01T01:00,19.6,34,5.1,312,1009.3,0.0
2025-04-01T02:00,21.3,31,7.0,291,1009.9,0.0
2025-04-01T03:00,24.2,26,5.1,274,1010.9,0.0
2025-04-01T04:00,27.6,21,6.5,268,1011.2,0.0
2025-04-01T05:00,30.5,15,9.0,286,1011.1,0.0
2025-04-01T06:00,32.4,10,12.3,301,1011.0,0.0
2025-04-01T07:00,33.3,10,12.8,296,1010.3,0.0
2025-04-01T08:00,33.8,10,12.8,292,1009.5,0.0
2025-04-01T09:00,34.1,9,12.9,291,1008.5,0.0
2025-04-01T10:00,33.8,10,13.4,296,1007.8,0.0
2025-04-01T11:00,33.3,10,12.7,300,1007.3,0.0
2025-04-01T12:00,32.3,11,11.1,301,1007.2,0.0
2025-04-01T13:00,31.0,13,7.5,303,1008.0,0.0
2025-04-01T14:00,29.6,15,6.2,260,1008.6,0.0
2025-04-01T15:00,28.2,17,5.2,239,1009.2,0.0
2025-04-01T16:00,27.0,18,5.0,257,1009.7,0.0
2025-04-01T17:00,26.3,19,5.2,292,1009.7,0.0
2025-04-01T18:00,25.5,21,5.8,300,1009.8,0.0
2025-04-01T19:00,24.0,23,5.2,301,1009.6,0.0
2025-04-01T20:00,23.3,23,5.2,299,1009.2,0.0
2025-04-01T21:00,22.3,24,4.8,323,1008.7,0.0
2025-04-01T22:00,21.3,27,4.0,339,1008.5,0.0
2025-04-01T23:00,21.1,29,1.3,352,1008.6,0.0
2025-04-02T00:00,20.5,30,1.0,315,1009.2,0.0
2025-04-02T01:00,19.4,35,3.6,252,1010.2,0.0
2025-04-02T02:00,21.5,30,6.2,249,1011.0,0.0
2025-04-02T03:00,25.2,25,4.9,266,1011.8,0.0
2025-04-02T04:00,29.0,18,4.1,270,1012.2,0.0
2025-04-02T05:00,31.9,13,4.5,286,1012.3,0.0
2025-04-02T06:00,33.8,11,5.9,308,1011.9,0.0
2025-04-02T07:00,35.0,10,7.5,312,1011.0,0.0
2025-04-02T08:00,35.7,9,8.8,313,1010.1,0.0
2025-04-02T09:00,36.0,9,9.8,314,1009.0,0.0
2025-04-02T10:00,35.8,9,10.8,316,1008.3,0.0
2025-04-02T11:00,35.2,10,11.3,321,1008.1,0.0
2025-04-02T12:00,34.2,11,9.8,329,1008.3,0.0
2025-04-02T13:00,32.5,12,9.2,360,1009.0,0.0
2025-04-02T14:00,31.1,14,7.2,4,1009.7,0.0
2025-04-02T15:00,29.9,19,1.4,23,1010.1,0.0
2025-04-02T16:00,28.7,19,1.4,67,1010.5,0.0
2025-04-02T17:00,27.6,29,0.7,166,1010.9,0.0
2025-04-02T18:00,26.3,21,3.9,307,1011.0,0.0
2025-04-02T19:00,25.3,23,3.8,311,1010.9,0.0
2025-04-02T20:00,24.8,25,1.5,330,1010.4,0.0
2025-04-02T21:00,23.6,27,1.7,32,1010.0,0.0
2025-04-02T22:00,22.5,30,3.6,3,1009.9,0.0
2025-04-02T23:00,22.1,31,5.9,27,1009.6,0.0
2025-04-03T00:00,21.3,34,5.2,29,1009.9,0.0
2025-04-03T01:00,20.0,41,4.6,169,1011.1,0.0
2025-04-03T02:00,22.5,35,5.4,206,1012.1,0.0
2025-04-03T03:00,26.3,27,3.3,167,1012.7,0.0
2025-04-03T04:00,30.6,19,3.7,169,1012.9,0.0
2025-04-03T05:00,33.7,13,4.9,170,1012.8,0.0
2025-04-03T06:00,35.5,10,4.0,198,1012.4,0.0
2025-04-03T07:00,36.6,8,4.0,216,1011.4,0.0
2025-04-03T08:00,37.2,7,3.5,219,1010.6,0.0
2025-04-03T09:00,37.8,6,3.2,227,1009.1,0.0
2025-04-03T10:00,38.0,6,5.0,229,1008.0,0.0
2025-04-03T11:00,36.9,6,7.7,279,1007.6,0.0
2025-04-03T12:00,35.4,8,10.6,342,1008.0,0.0
2025-04-03T13:00,34.1,9,11.9,358,1008.6,0.0
2025-04-03T14:00,32.2,10,8.4,335,1009.5,0.0
2025-04-03T15:00,30.6,12,8.3,344,1010.5,0.0
2025-04-03T16:00,28.4,17,3.6,37,1011.7,0.0
2025-04-03T17:00,27.3,21,2.2,90,1011.7,0.0
2025-04-03T18:00,26.4,22,3.3,29,1011.3,0.0
2025-04-03T19:00,26.2,20,6.0,17,1011.2,0.0
2025-04-03T20:00,25.3,24,1.1,9,1011.0,0.0
2025-04-03T21:00,23.9,25,3.0,128,1010.5,0.0
2025-04-03T22:00,23.6,27,1.2,153,1010.2,0.0
2025-04-03T23:00,22.6,27,3.3,264,1010.2,0.0
2025-04-04T00:00,22.6,26,1.9,248,1010.4,0.0
2025-04-04T01:00,23.5,31,3.2,267,1011.0,0.0
2025-04-04T02:00,25.5,26,6.2,296,1011.9,0.0
2025-04-04T03:00,28.5,22,4.3,312,1012.5,0.0
2025-04-04T04:00,32.3,16,3.5,231,1012.5,0.0
2025-04-04T05:00,34.7,12,3.1,306,1012.4,0.0
2025-04-04T06:00,36.1,10,6.5,314,1011.8,0.0
2025-04-04T07:00,36.8,10,7.6,301,1010.8,0.0
2025-04-04T08:00,37.3,9,9.7,295,1009.8,0.0
2025-04-04T09:00,37.4,9,12.6,290,1008.7,0.0
2025-04-04T10:00,37.0,9,14.7,290,1007.9,0.0
2025-04-04T11:00,36.2,10,14.7,290,1007.5,0.0
2025-04-04T12:00,35.6,11,12.8,292,1007.3,0.0
2025-04-04T13:00,34.2,12,9.9,323,1007.7,0.0
2025-04-04T14:00,32.5,14,7.3,310,1008.4,0.0
2025-04-04T15:00,31.4,15,6.4,292,1008.7,0.0
2025-04-04T16:00,30.3,17,8.0,298,1009.3,0.0
2025-04-04T17:00,29.1,18,10.2,330,1009.5,0.0
2025-04-04T18:00,27.9,20,10.6,339,1009.3,0.0
2025-04-04T19:00,26.6,21,6.3,333,1008.9,0.0
2025-04-04T20:00,25.6,22,5.4,326,1008.6,0.0
2025-04-04T21:00,24.7,24,5.0,314,1008.4,0.0
2025-04-04T22:00,24.0,25,4.6,288,1008.3,0.0
2025-04-04T23:00,23.6,26,5.1,278,1008.2,0.0
2025-04-05T00:00,23.0,26,5.6,272,1008.4,0.0
2025-04-05T01:00,22.8,31,5.8,277,1009.7,0.0
2025-04-05T02:00,24.1,29,6.8,270,1010.2,0.0
2025-04-05T03:00,26.5,26,6.1,272,1010.6,0.0
2025-04-05T04:00,29.3,23,7.7,281,1010.9,0.0
2025-04-05T05:00,31.8,19,9.3,289,1010.8,0.0
2025-04-05T06:00,33.5,16,11.6,298,1010.2,0.0
2025-04-05T07:00,34.6,15,12.5,300,1008.9,0.0
2025-04-05T08:00,35.3,14,12.7,299,1007.8,0.0
2025-04-05T09:00,35.8,13,12.6,298,1006.9,0.0
2025-04-05T10:00,35.7,13,13.6,300,1006.1,0.0
2025-04-05T11:00,35.1,14,13.5,301,1005.6,0.0
2025-04-05T12:00,34.3,15,12.2,303,1005.5,0.0
2025-04-05T13:00,33.3,15,9.3,319,1006.2,0.0
2025-04-05T14:00,32.0,17,6.5,294,1006.5,0.0
2025-04-05T15:00,30.9,19,5.6,266,1006.8,0.0
2025-04-05T16:00,29.8,20,5.0,268,1006.8,0.0
2025-04-05T17:00,29.3,21,6.1,275,1006.9,0.0
2025-04-05T18:00,28.0,23,6.1,300,1006.7,0.0
2025-04-05T19:00,26.6,25,5.4,312,1006.6,0.0
2025-04-05T20:00,25.3,26,4.6,315,1006.0,0.0
2025-04-05T21:00,24.8,26,3.7,309,1005.7,0.0
2025-04-05T22:00,24.4,25,4.3,270,1005.6,0.0
2025-04-05T23:00,24.3,26,6.5,267,1005.7,0.0
2025-04-06T00:00,23.4,28,6.3,265,1006.0,0.0
2025-04-06T01:00,23.0,32,5.8,254,1007.0,0.0
2025-04-06T02:00,24.4,30,6.6,248,1007.7,0.0
2025-04-06T03:00,27.2,26,3.9,248,1008.2,0.0
2025-04-06T04:00,30.9,21,4.8,250,1008.6,0.0
2025-04-06T05:00,33.8,17,6.5,256,1008.7,0.0
2025-04-06T06:00,35.7,14,7.2,274,1008.3,0.0
2025-04-06T07:00,37.0,12,6.9,295,1007.2,0.0
2025-04-06T08:00,37.9,11,7.1,304,1006.1,0.0
2025-04-06T09:00,38.4,11,7.7,306,1005.0,0.0
2025-04-06T10:00,38.3,11,9.1,309,1004.1,0.0
2025-04-06T11:00,37.8,12,9.7,305,1003.9,0.0
2025-04-06T12:00,36.9,13,8.0,301,1004.0,0.0
2025-04-06T13:00,35.5,14,5.8,334,1004.6,0.0
2025-04-06T14:00,33.7,16,4.9,332,1005.3,0.0
2025-04-06T15:00,32.5,21,2.3,299,1005.9,0.0
2025-04-06T16:00,31.9,31,0.4,90,1006.3,0.0
2025-04-06T17:00,30.7,32,0.5,90,1006.5,0.0
2025-04-06T18:00,29.2,23,5.3,45,1006.9,0.0
2025-04-06T19:00,27.5,29,4.2,50,1006.5,0.0
2025-04-06T20:00,27.0,35,1.3,82,1006.0,0.0
2025-04-06T21:00,26.1,36,2.3,94,1005.7,0.0
2025-04-06T22:00,25.3,35,4.1,135,1005.8,0.0
2025-04-06T23:00,24.8,35,4.8,158,1006.3,0.0
2025-04-07T00:00,24.4,35,4.7,164,1007.1,0.0
2025-04-07T01:00,23.8,45,5.4,143,1008.7,0.0
2025-04-07T02:00,25.3,41,5.7,122,1009.2,0.0
2025-04-07T03:00,28.3,35,2.9,112,1009.6,0.0
2025-04-07T04:00,32.0,29,2.7,113,1010.2,0.0
2025-04-07T05:00,35.1,22,3.2,117,1010.0,0.0
2025-04-07T06:00,37.1,17,3.2,124,1009.4,0.0
2025-04-07T07:00,38.4,15,3.1,90,1008.7,0.0
2025-04-07T08:00,39.0,14,3.5,62,1007.5,0.0
2025-04-07T09:00,39.4,13,3.7,76,1006.3,0.0
2025-04-07T10:00,39.6,13,4.9,96,1005.5,0.0
2025-04-07T11:00,39.6,13,7.0,90,1005.1,0.0
2025-04-07T12:00,38.8,14,8.9,65,1005.2,0.0
2025-04-07T13:00,36.7,16,9.1,21,1006.2,0.0
2025-04-07T14:00,34.9,18,6.6,22,1006.9,0.0
2025-04-07T15:00,33.8,19,8.4,20,1007.6,0.0
2025-04-07T16:00,32.2,23,9.4,30,1008.4,0.0
2025-04-07T17:00,31.0,26,7.0,29,1008.6,0.0
2025-04-07T18:00,30.0,28,6.2,69,1008.7,0.0
2025-04-07T19:00,28.6,31,4.6,81,1008.4,0.0
2025-04-07T20:00,27.7,34,4.2,65,1007.9,0.0
2025-04-07T21:00,26.8,35,4.0,54,1007.9,0.0
2025-04-07T22:00,26.0,35,4.7,92,1008.2,0.0
2025-04-07T23:00,25.6,34,5.9,101,1008.5,0.0
2025-04-08T00:00,25.1,34,6.8,119,1009.2,0.0
2025-04-08T01:00,25.1,36,7.9,123,1010.9,0.0
2025-04-08T02:00,26.4,34,8.8,118,1011.7,0.0
2025-04-08T03:00,29.0,29,7.6,115,1012.5,0.0
2025-04-08T04:00,32.0,24,8.5,119,1013.0,0.0
2025-04-08T05:00,34.8,20,9.1,126,1012.9,0.0
2025-04-08T06:00,37.0,17,9.2,133,1012.3,0.0
2025-04-08T07:00,38.5,15,8.2,147,1011.3,0.0
2025-04-08T08:00,39.4,14,6.6,154,1010.1,0.0
2025-04-08T09:00,39.8,13,5.2,155,1008.7,0.0
2025-04-08T10:00,39.8,13,3.8,149,1007.6,0.0
2025-04-08T11:00,39.5,13,3.1,156,1007.2,0.0
2025-04-08T12:00,38.9,13,2.7,127,1006.9,0.0
2025-04-08T13:00,36.4,20,3.3,68,1007.5,0.0
2025-04-08T14:00,35.6,17,8.6,75,1007.8,0.0
2025-04-08T15:00,33.3,26,4.2,95,1008.5,0.0
2025-04-08T16:00,32.8,34,1.0,68,1009.2,0.0
2025-04-08T17:00,30.9,28,4.3,5,1009.3,0.0
2025-04-08T18:00,29.7,30,4.6,72,1009.4,0.0
2025-04-08T19:00,29.0,30,5.1,122,1009.2,0.0
2025-04-08T20:00,28.0,33,4.8,143,1009.0,0.0
2025-04-08T21:00,27.2,36,4.5,127,1008.5,0.0
2025-04-08T22:00,26.7,35,5.6,97,1008.7,0.0
2025-04-08T23:00,25.9,37,5.8,104,1008.9,0.0
2025-04-09T00:00,25.4,38,6.2,123,1009.3,0.0
2025-04-09T01:00,26.4,50,5.1,117,1009.9,0.0
2025-04-09T02:00,27.7,47,6.3,108,1010.3,0.0
2025-04-09T03:00,30.0,40,6.6,119,1010.5,0.0
2025-04-09T04:00,32.7,34,7.1,137,1010.7,0.0
2025-04-09T05:00,35.2,29,7.4,148,1010.3,0.0
2025-04-09T06:00,37.3,24,7.3,164,1009.4,0.0
2025-04-09T07:00,38.9,19,5.2,178,1008.1,0.0
2025-04-09T08:00,39.7,17,2.1,200,1006.5,0.0
2025-04-09T09:00,40.2,16,1.8,6,1005.1,0.0
2025-04-09T10:00,40.4,16,6.1,23,1004.1,0.0
2025-04-09T11:00,39.3,16,7.8,26,1003.6,0.0
2025-04-09T12:00,37.1,20,17.4,16,1004.2,0.0
2025-04-09T13:00,37.5,16,9.4,11,1003.1,0.0
2025-04-09T14:00,34.9,23,5.6,42,1004.0,0.0
2025-04-09T15:00,33.4,36,1.7,58,1004.7,0.0
2025-04-09T16:00,32.5,37,1.9,68,1005.2,0.0
2025-04-09T17:00,31.7,38,3.1,36,1005.2,0.0
2025-04-09T18:00,30.7,31,6.0,127,1005.4,0.0
2025-04-09T19:00,28.8,44,3.5,111,1005.3,0.0
2025-04-09T20:00,28.5,45,1.8,90,1004.8,0.0
2025-04-09T21:00,28.0,48,0.8,27,1004.1,0.0
2025-04-09T22:00,26.9,46,4.5,164,1003.7,0.0
2025-04-09T23:00,26.8,49,1.2,219,1003.9,0.0
2025-04-10T00:00,25.6,49,4.1,52,1004.2,0.0
2025-04-10T01:00,26.1,50,7.6,98,1004.8,0.0
2025-04-10T02:00,26.9,49,5.5,128,1005.1,0.0
2025-04-10T03:00,28.1,47,6.8,93,1005.6,0.0
2025-04-10T04:00,30.6,41,4.8,117,1005.7,0.0
2025-04-10T05:00,33.8,33,4.3,138,1005.4,0.0
2025-04-10T06:00,36.4,25,2.9,180,1004.5,0.0
2025-04-10T07:00,38.0,21,2.7,274,1003.3,0.0
2025-04-10T08:00,39.2,18,3.3,186,1001.6,0.0
2025-04-10T09:00,37.4,18,9.0,275,1001.2,0.0
2025-04-10T10:00,37.5,17,8.5,283,1000.4,0.0
2025-04-10T11:00,28.4,52,19.9,334,1003.4,0.0
2025-04-10T12:00,30.0,42,7.2,91,1001.8,0.0
2025-04-10T13:00,34.4,23,5.2,274,1000.2,0.0
2025-04-10T14:00,33.3,34,3.6,267,1001.0,0.0
2025-04-10T15:00,32.3,30,3.3,144,1001.1,0.0
2025-04-10T16:00,31.6,27,7.4,56,1000.6,0.0
2025-04-10T17:00,29.9,37,12.6,123,1001.5,0.0
2025-04-10T18:00,28.5,48,10.0,118,1001.9,0.0
2025-04-10T19:00,27.7,51,10.1,129,1001.8,0.0
2025-04-10T20:00,27.2,53,8.2,123,1001.5,0.0
2025-04-10T21:00,26.6,55,8.0,106,1001.4,0.0
2025-04-10T22:00,26.1,58,10.4,110,1001.4,0.0
2025-04-10T23:00,25.6,62,11.5,117,1001.7,0.0
2025-04-11T00:00,25.0,65,11.3,121,1002.1,0.0
2025-04-11T01:00,23.3,75,10.6,122,1004.0,0.0
2025-04-11T02:00,23.9,73,12.6,117,1004.5,0.0
2025-04-11T03:00,25.3,66,12.7,108,1004.8,0.0
2025-04-11T04:00,27.3,58,12.1,93,1005.6,0.0
2025-04-11T05:00,29.3,50,12.4,107,1005.4,0.0
2025-04-11T06:00,31.3,43,12.6,119,1004.4,0.0
2025-04-11T07:00,33.0,38,12.2,119,1003.2,0.0
2025-04-11T08:00,34.3,34,10.1,112,1001.8,0.0
2025-04-11T09:00,31.4,37,18.9,212,1002.4,0.8
2025-04-11T10:00,26.2,56,6.8,93,1001.0,0.5
2025-04-11T11:00,28.0,53,6.9,127,1001.4,0.0
2025-04-11T12:00,27.5,55,7.2,93,1001.4,0.0
2025-04-11T13:00,23.0,79,22.0,313,1004.3,5.5
2025-04-11T14:00,23.0,82,3.0,33,1005.0,1.7
2025-04-11T15:00,22.7,87,9.3,68,1005.5,1.5
2025-04-11T16:00,22.7,83,9.7,102,1004.8,0.5
2025-04-11T17:00,22.6,84,8.1,111,1004.8,0.0
2025-04-11T18:00,22.9,76,9.2,133,1003.5,0.0
2025-04-11T19:00,22.8,75,6.5,150,1003.4,0.0
2025-04-11T20:00,22.4,77,6.8,72,1003.9,0.0
2025-04-11T21:00,21.5,83,5.2,102,1004.2,0.0
2025-04-11T22:00,21.0,86,3.6,63,1004.9,0.0
2025-04-11T23:00,20.6,88,3.9,62,1005.1,0.0
2025-04-12T00:00,20.3,89,3.9,66,1005.4,0.0
2025-04-12T01:00,21.2,76,6.2,131,1006.5,0.0
2025-04-12T02:00,22.5,71,4.0,150,1007.3,0.0
2025-04-12T03:00,24.6,62,1.8,169,1008.4,0.0
2025-04-12T04:00,26.9,54,2.3,94,1008.8,0.0
2025-04-12T05:00,29.3,45,3.3,81,1008.8,0.0
2025-04-12T06:00,31.4,36,4.0,93,1008.1,0.0
2025-04-12T07:00,32.9,29,3.8,87,1007.0,0.0
2025-04-12T08:00,33.9,26,3.8,90,1006.1,0.0
2025-04-12T09:00,33.7,25,5.1,108,1005.2,0.0
2025-04-12T10:00,32.7,28,8.5,21,1004.7,0.0
2025-04-12T11:00,31.0,36,4.9,80,1005.1,0.0
2025-04-12T12:00,30.2,38,4.7,122,1005.6,0.2
2025-04-12T13:00,28.9,34,6.1,161,1006.4,0.0
2025-04-12T14:00,28.0,40,4.0,54,1006.3,0.0
2025-04-12T15:00,27.3,41,5.8,34,1006.7,0.0
2025-04-12T16:00,26.3,46,4.5,56,1007.4,0.0
2025-04-12T17:00,25.5,50,4.5,40,1007.4,0.0
2025-04-12T18:00,24.8,52,6.9,28,1007.4,0.0
2025-04-12T19:00,23.9,56,5.2,44,1007.1,0.0
2025-04-12T20:00,22.8,64,3.5,66,1006.6,0.0
2025-04-12T21:00,22.4,68,2.7,98,1006.5,0.0
2025-04-12T22:00,21.8,70,2.9,79,1007.0,0.0
2025-04-12T23:00,21.5,72,2.6,65,1007.5,0.0
2025-04-13T00:00,21.2,73,1.1,108,1008.0,0.0
2025-04-13T01:00,22.3,73,0.9,217,1008.3,0.0
2025-04-13T02:00,24.1,62,1.6,276,1009.3,0.0
2025-04-13T03:00,27.2,51,0.2,90,1010.1,0.0
2025-04-13T04:00,29.9,40,2.7,127,1010.7,0.0
2025-04-13T05:00,31.9,32,5.0,134,1010.7,0.0
2025-04-13T06:00,33.3,27,4.1,139,1010.2,0.0
2025-04-13T07:00,34.3,24,2.6,146,1009.2,0.0
2025-04-13T08:00,35.1,22,1.4,180,1008.3,0.0
2025-04-13T09:00,35.7,21,1.0,202,1007.2,0.0
2025-04-13T10:00,35.9,21,1.1,81,1006.1,0.0
2025-04-13T11:00,35.5,21,4.8,34,1005.8,0.0
2025-04-13T12:00,34.6,22,11.0,24,1005.7,0.0
2025-04-13T13:00,33.1,27,5.6,4,1005.7,0.0
2025-04-13T14:00,31.5,32,6.9,31,1006.2,0.0
2025-04-13T15:00,30.1,35,7.1,43,1007.4,0.0
2025-04-13T16:00,28.7,41,3.8,49,1007.8,0.0
2025-04-13T17:00,27.7,46,3.7,129,1007.7,0.0
2025-04-13T18:00,26.8,48,4.0,126,1007.6,0.0
2025-04-13T19:00,25.9,53,4.0,141,1007.5,0.0
2025-04-13T20:00,25.1,55,4.1,151,1007.1,0.0
2025-04-13T21:00,24.5,57,4.3,152,1006.8,0.0
2025-04-13T22:00,23.7,58,4.2,121,1006.9,0.0
2025-04-13T23:00,23.1,59,4.3,123,1006.9,0.0
2025-04-14T00:00,22.6,62,4.2,130,1007.4,0.0
2025-04-14T01:00,23.3,59,6.0,123,1008.7,0.0
2025-04-14T02:00,24.4,57,4.6,111,1009.9,0.0
2025-04-14T03:00,26.4,50,5.5,103,1010.6,0.0
2025-04-14T04:00,28.6,44,6.5,109,1010.9,0.0
2025-04-14T05:00,30.8,39,6.6,111,1010.7,0.0
2025-04-14T06:00,32.8,33,6.4,117,1010.1,0.0
2025-04-14T07:00,34.2,29,5.4,111,1009.1,0.0
2025-04-14T08:00,35.1,26,4.4,97,1008.2,0.0
2025-04-14T09:00,35.6,25,4.0,60,1007.0,0.0
2025-04-14T10:00,35.8,24,5.4,30,1006.1,0.0
2025-04-14T11:00,35.4,24,8.6,29,1005.7,0.0
2025-04-14T12:00,34.4,25,11.1,34,1005.8,0.0
2025-04-14T13:00,33.8,28,6.8,88,1006.3,0.0
2025-04-14T14:00,32.2,32,8.5,62,1007.0,0.0
2025-04-14T15:00,30.8,37,9.5,65,1007.9,0.0
2025-04-14T16:00,29.6,41,7.0,90,1008.6,0.0
2025-04-14T17:00,28.8,43,6.7,117,1008.6,0.0
2025-04-14T18:00,28.1,43,8.6,121,1008.3,0.0
2025-04-14T19:00,27.4,44,8.5,125,1008.1,0.0
2025-04-14T20:00,26.8,44,8.0,124,1007.8,0.0
2025-04-14T21:00,26.1,46,7.8,130,1007.7,0.0
2025-04-14T22:00,25.5,47,7.9,135,1007.8,0.0
2025-04-14T23:00,24.8,50,6.7,144,1008.2,0.0
2025-04-15T00:00,24.3,52,6.2,142,1008.8,0.0
2025-04-15T01:00,24.9,55,4.0,108,1009.6,0.0
2025-04-15T02:00,26.5,51,5.4,116,1010.2,0.0
2025-04-15T03:00,28.9,44,6.5,124,1010.8,0.0
2025-04-15T04:00,31.3,39,7.2,125,1010.9,0.0
2025-04-15T05:00,33.3,34,8.6,131,1010.8,0.0
2025-04-15T06:00,34.8,28,8.0,130,1010.0,0.0
2025-04-15T07:00,35.6,26,6.9,127,1009.3,0.0
2025-04-15T08:00,36.3,25,5.3,114,1008.4,0.0
2025-04-15T09:00,36.4,25,4.6,101,1007.3,0.0
2025-04-15T10:00,36.7,24,4.5,88,1006.4,0.0
2025-04-15T11:00,36.3,25,5.1,80,1005.8,0.0
2025-04-15T12:00,35.6,26,7.1,41,1005.7,0.0
2025-04-15T13:00,34.4,27,9.0,85,1005.9,0.0
2025-04-15T14:00,33.3,29,7.3,81,1006.3,0.0
2025-04-15T15:00,31.5,36,3.4,72,1007.4,0.0
2025-04-15T16:00,30.5,38,4.4,60,1008.0,0.0
2025-04-15T17:00,30.3,37,6.1,85,1008.1,0.0
2025-04-15T18:00,29.9,37,7.0,91,1007.7,0.0
2025-04-15T19:00,28.6,41,5.4,111,1007.5,0.0
2025-04-15T20:00,27.4,46,4.7,130,1007.2,0.0
2025-04-15T21:00,26.8,48,5.2,134,1006.8,0.0
2025-04-15T22:00,26.4,49,6.1,137,1006.7,0.0
2025-04-15T23:00,25.8,51,6.5,136,1006.7,0.0
2025-04-16T00:00,25.4,52,6.6,137,1007.2,0.0
2025-04-16T01:00,26.4,54,5.7,136,1008.4,0.0
2025-04-16T02:00,27.7,50,5.5,136,1008.9,0.0
2025-04-16T03:00,30.0,43,5.9,140,1009.4,0.0
2025-04-16T04:00,32.3,36,7.2,143,1009.6,0.0
2025-04-16T05:00,34.3,30,9.0,154,1009.4,0.0
2025-04-16T06:00,35.7,26,7.8,157,1008.6,0.0
2025-04-16T07:00,36.7,25,5.6,155,1007.7,0.0
2025-04-16T08:00,37.7,23,2.7,184,1006.4,0.0
2025-04-16T09:00,38.0,22,2.4,222,1005.1,0.0
2025-04-16T10:00,38.3,22,1.0,239,1004.0,0.0
2025-04-16T11:00,38.0,22,2.7,352,1003.5,0.0
2025-04-16T12:00,37.1,23,9.4,3,1003.5,0.0
2025-04-16T13:00,35.8,24,11.4,72,1003.4,0.0
2025-04-16T14:00,34.3,29,8.0,72,1004.0,0.0
2025-04-16T15:00,33.1,32,9.0,96,1005.0,0.0
2025-04-16T16:00,32.3,33,7.1,100,1005.6,0.0
2025-04-16T17:00,31.4,35,5.6,112,1005.9,0.0
2025-04-16T18:00,30.4,38,5.5,131,1005.8,0.0
2025-04-16T19:00,29.2,42,4.8,135,1005.6,0.0
2025-04-16T20:00,28.3,44,5.0,142,1005.1,0.0
2025-04-16T21:00,27.5,46,5.2,136,1004.5,0.0
2025-04-16T22:00,26.8,47,5.9,133,1004.2,0.0
2025-04-16T23:00,26.2,49,4.9,129,1004.7,0.0
2025-04-17T00:00,25.7,51,4.6,129,1004.9,0.0
2025-04-17T01:00,25.5,60,4.9,96,1006.6,0.0
2025-04-17T02:00,26.9,56,5.7,127,1006.6,0.0
2025-04-17T03:00,29.8,46,7.3,144,1006.6,0.0
2025-04-17T04:00,32.8,37,8.1,149,1006.3,0.0
2025-04-17T05:00,35.5,29,7.1,164,1005.8,0.0
2025-04-17T06:00,37.5,23,7.5,200,1005.1,0.0
2025-04-17T07:00,39.1,19,7.3,239,1004.2,0.0
2025-04-17T08:00,40.3,17,10.1,268,1002.8,0.0
2025-04-17T09:00,40.4,16,11.8,291,1001.7,0.0
2025-04-17T10:00,40.5,15,12.1,307,1000.9,0.0
2025-04-17T11:00,39.5,15,17.7,331,1000.9,0.0
2025-04-17T12:00,38.7,16,12.6,318,1000.3,0.0
2025-04-17T13:00,35.9,29,8.1,29,1000.9,0.0
2025-04-17T14:00,34.7,33,5.1,48,1000.9,0.0
2025-04-17T15:00,33.0,37,4.9,54,1001.6,0.0
2025-04-17T16:00,31.2,45,3.3,54,1002.5,0.0
2025-04-17T17:00,30.4,46,3.8,98,1003.0,0.0
2025-04-17T18:00,29.6,46,6.5,85,1003.0,0.0
2025-04-17T19:00,28.6,49,5.7,118,1003.2,0.0
2025-04-17T20:00,27.7,52,5.7,139,1002.7,0.0
2025-04-17T21:00,27.1,53,6.0,139,1002.3,0.0
2025-04-17T22:00,26.3,56,6.6,133,1002.3,0.0
2025-04-17T23:00,25.6,59,7.3,132,1002.5,0.0
2025-04-18T00:00,25.1,62,6.1,133,1002.9,0.0
2025-04-18T01:00,26.2,66,6.9,97,1004.1,0.0
2025-04-18T02:00,27.3,63,7.2,102,1004.7,0.0
2025-04-18T03:00,29.3,57,8.2,109,1004.9,0.0
2025-04-18T04:00,31.8,50,7.8,119,1005.2,0.0
2025-04-18T05:00,34.3,42,6.9,137,1005.0,0.0
2025-04-18T06:00,36.4,34,5.4,140,1004.3,0.0
2025-04-18T07:00,38.1,28,3.2,146,1003.3,0.0
2025-04-18T08:00,39.4,25,2.1,142,1002.2,0.0
2025-04-18T09:00,40.0,22,3.2,142,1000.8,0.0
2025-04-18T10:00,40.6,20,4.5,143,999.4,0.0
2025-04-18T11:00,40.6,19,4.2,137,998.8,0.0
2025-04-18T12:00,39.4,21,10.1,19,999.2,0.0
2025-04-18T13:00,35.8,33,15.3,30,1000.6,0.0
2025-04-18T14:00,32.4,42,15.2,49,1001.2,0.0
2025-04-18T15:00,32.1,44,8.2,64,1000.6,0.0
2025-04-18T16:00,31.6,45,8.5,69,1001.9,0.0
2025-04-18T17:00,30.7,48,9.6,74,1002.3,0.0
2025-04-18T18:00,29.9,50,8.6,82,1002.3,0.0
2025-04-18T19:00,29.5,51,8.2,113,1002.5,0.0
2025-04-18T20:00,29.1,52,7.2,94,1002.3,0.0
2025-04-18T21:00,28.9,51,10.0,142,1002.0,0.0
2025-04-18T22:00,28.5,53,10.0,142,1001.9,0.0
2025-04-18T23:00,28.0,56,9.9,136,1002.2,0.0
2025-04-19T00:00,27.6,60,10.7,138,1002.9,0.0
2025-04-19T01:00,27.1,66,10.3,147,1004.2,0.0
2025-04-19T02:00,28.1,64,10.0,146,1005.3,0.0
2025-04-19T03:00,29.8,58,10.3,134,1005.9,0.0
2025-04-19T04:00,31.8,52,10.9,129,1006.1,0.0
2025-04-19T05:00,34.0,45,12.1,136,1005.7,0.0
2025-04-19T06:00,36.0,37,12.0,136,1004.8,0.0
2025-04-19T07:00,37.8,28,10.4,141,1003.8,0.0
2025-04-19T08:00,38.9,22,10.2,156,1002.5,0.0
2025-04-19T09:00,39.6,18,9.8,166,1001.0,0.0
2025-04-19T10:00,39.7,15,6.9,173,1000.4,0.0
2025-04-19T11:00,38.0,19,7.9,66,999.8,0.0
2025-04-19T12:00,34.3,36,19.3,68,999.9,0.0
2025-04-19T13:00,33.1,36,16.4,99,1001.0,0.0
2025-04-19T14:00,31.6,42,12.7,96,1001.6,0.0
2025-04-19T15:00,30.8,44,8.8,110,1002.1,0.0
2025-04-19T16:00,30.1,46,11.8,111,1002.9,0.0
2025-04-19T17:00,29.7,49,12.5,122,1003.0,0.0
2025-04-19T18:00,29.2,52,11.9,122,1003.0,0.0
2025-04-19T19:00,28.7,53,11.7,127,1002.8,0.0
2025-04-19T20:00,28.3,54,11.1,143,1002.6,0.0
2025-04-19T21:00,27.9,55,9.5,144,1002.3,0.0
2025-04-19T22:00,27.4,57,9.7,141,1002.4,0.0
2025-04-19T23:00,27.1,59,10.5,143,1002.4,0.0
2025-04-20T00:00,26.8,61,10.8,148,1002.7,0.0
2025-04-20T01:00,27.2,67,9.7,149,1003.5,0.0
2025-04-20T02:00,28.3,62,9.4,154,1004.0,0.0
2025-04-20T03:00,30.4,55,8.2,151,1004.3,0.0
2025-04-20T04:00,33.0,45,6.8,148,1004.7,0.0
2025-04-20T05:00,35.4,36,7.2,129,1004.8,0.0
2025-04-20T06:00,37.5,27,6.5,96,1004.5,0.0
2025-04-20T07:00,37.4,24,9.9,68,1004.1,0.0
2025-04-20T08:00,38.2,22,10.5,71,1003.1,0.0
2025-04-20T09:00,37.7,23,13.2,73,1002.4,0.0
2025-04-20T10:00,36.0,29,17.2,56,1002.1,0.0
2025-04-20T11:00,35.3,29,15.4,57,1001.9,0.0
2025-04-20T12:00,36.1,29,12.1,58,1001.7,0.0
2025-04-20T13:00,37.7,15,5.5,109,1001.2,0.0
2025-04-20T14:00,35.0,24,7.2,65,1002.3,0.0
2025-04-20T15:00,33.1,32,6.0,74,1003.2,0.0
2025-04-20T16:00,32.0,37,5.6,83,1003.9,0.0
2025-04-20T17:00,31.1,39,7.4,97,1004.3,0.0
2025-04-20T18:00,30.0,41,6.5,71,1004.6,0.0
2025-04-20T19:00,28.7,47,3.4,90,1004.6,0.0
2025-04-20T20:00,28.0,47,4.2,50,1004.5,0.0
2025-04-20T21:00,27.1,51,4.2,85,1004.3,0.0
2025-04-20T22:00,26.7,52,4.7,88,1004.2,0.0
2025-04-20T23:00,26.2,54,5.1,86,1004.5,0.0
2025-04-21T00:00,25.2,59,4.0,95,1004.7,0.0
2025-04-21T01:00,27.7,61,2.7,48,1005.4,0.0
2025-04-21T02:00,29.4,56,0.3,315,1006.4,0.0
2025-04-21T03:00,31.4,49,1.5,353,1007.0,0.0
2025-04-21T04:00,33.7,40,1.4,247,1007.2,0.0
2025-04-21T05:00,36.1,31,2.2,235,1007.0,0.0
2025-04-21T06:00,38.4,20,3.6,217,1006.6,0.0
2025-04-21T07:00,39.9,11,6.7,218,1006.1,0.0
2025-04-21T08:00,40.5,9,10.3,227,1005.5,0.0
2025-04-21T09:00,40.5,8,10.4,234,1004.9,0.0
2025-04-21T10:00,40.4,7,9.3,251,1004.2,0.0
2025-04-21T11:00,40.0,6,8.8,265,1004.2,0.0
2025-04-21T12:00,39.1,6,7.9,286,1004.4,0.0
2025-04-21T13:00,37.7,7,4.9,276,1005.1,0.0
2025-04-21T14:00,37.5,5,12.4,246,1005.8,0.0
2025-04-21T15:00,35.9,6,12.1,275,1006.7,0.0
2025-04-21T16:00,34.1,10,8.1,291,1007.4,0.0
2025-04-21T17:00,32.6,11,8.4,279,1007.8,0.0
2025-04-21T18:00,31.3,11,6.7,279,1007.6,0.0
2025-04-21T19:00,29.9,12,6.0,286,1007.1,0.0
2025-04-21T20:00,28.7,12,5.5,283,1006.8,0.0
2025-04-21T21:00,27.5,13,5.7,279,1006.5,0.0
2025-04-21T22:00,26.5,13,6.2,314,1006.9,0.0
2025-04-21T23:00,25.4,15,5.6,268,1007.0,0.0
2025-04-22T00:00,24.8,16,5.8,261,1007.0,0.0
2025-04-22T01:00,26.2,19,7.1,255,1007.7,0.0
2025-04-22T02:00,27.8,18,9.3,257,1008.3,0.0
2025-04-22T03:00,30.7,15,7.1,263,1008.9,0.0
2025-04-22T04:00,34.0,12,8.5,269,1009.3,0.0
2025-04-22T05:00,36.6,11,8.8,271,1009.2,0.0
2025-04-22T06:00,38.4,6,10.4,271,1008.6,0.0
2025-04-22T07:00,39.2,6,9.9,274,1008.0,0.0
2025-04-22T08:00,39.7,6,9.4,275,1007.0,0.0
2025-04-22T09:00,39.9,6,9.7,286,1006.0,0.0
2025-04-22T10:00,39.5,7,11.1,302,1005.4,0.0
2025-04-22T11:00,38.8,7,13.0,308,1005.1,0.0
2025-04-22T12:00,37.7,7,12.5,305,1005.2,0.0
2025-04-22T13:00,36.8,7,10.6,313,1005.7,0.0
2025-04-22T14:00,35.0,8,6.1,300,1006.2,0.0
2025-04-22T15:00,33.9,9,6.7,273,1006.6,0.0
2025-04-22T16:00,33.0,10,8.5,270,1007.2,0.0
2025-04-22T17:00,32.0,10,9.3,280,1007.2,0.0
2025-04-22T18:00,30.5,10,7.6,277,1007.3,0.0
2025-04-22T19:00,28.8,11,6.4,302,1006.8,0.0
2025-04-22T20:00,27.7,13,6.1,294,1006.2,0.0
2025-04-22T21:00,26.5,15,5.4,278,1005.8,0.0
2025-04-22T22:00,25.5,17,5.2,286,1005.6,0.0
2025-04-22T23:00,24.9,18,5.5,279,1005.6,0.0
2025-04-23T00:00,24.2,20,5.2,270,1005.7,0.0
2025-04-23T01:00,25.4,25,4.5,272,1006.5,0.0
2025-04-23T02:00,27.8,21,5.8,274,1006.8,0.0
2025-04-23T03:00,30.7,19,6.4,260,1007.2,0.0
2025-04-23T04:00,33.6,17,8.4,263,1007.5,0.0
2025-04-23T05:00,36.2,14,9.0,270,1007.2,0.0
2025-04-23T06:00,38.0,8,11.6,286,1006.6,0.0
2025-04-23T07:00,38.9,7,13.1,293,1005.5,0.0
2025-04-23T08:00,39.3,7,13.7,298,1004.3,0.0
2025-04-23T09:00,39.5,7,13.5,299,1003.3,0.0
2025-04-23T10:00,39.2,7,13.9,301,1002.4,0.0
2025-04-23T11:00,38.7,7,13.8,306,1002.1,0.0
2025-04-23T12:00,37.9,7,12.5,309,1001.9,0.0
2025-04-23T13:00,36.9,8,11.4,296,1002.5,0.0
2025-04-23T14:00,35.6,9,8.6,278,1002.6,0.0
2025-04-23T15:00,34.1,10,6.2,277,1003.1,0.0
2025-04-23T16:00,33.3,10,7.1,254,1003.7,0.0
2025-04-23T17:00,31.8,12,6.3,273,1003.8,0.0
2025-04-23T18:00,31.2,11,7.3,263,1003.4,0.0
2025-04-23T19:00,28.5,17,4.6,315,1003.3,0.0
2025-04-23T20:00,27.2,18,4.4,333,1002.8,0.0
2025-04-23T21:00,26.7,20,4.7,279,1001.9,0.0
2025-04-23T22:00,26.3,21,4.5,307,1001.7,0.0
2025-04-23T23:00,25.5,20,4.9,278,1001.7,0.0
2025-04-24T00:00,24.9,18,6.0,260,1002.2,0.0
2025-04-24T01:00,25.4,21,5.6,266,1003.1,0.0
2025-04-24T02:00,27.7,18,5.6,264,1003.7,0.0
2025-04-24T03:00,30.8,16,4.1,272,1004.2,0.0
2025-04-24T04:00,34.0,12,5.6,255,1004.7,0.0
2025-04-24T05:00,37.0,10,3.8,265,1004.7,0.0
2025-04-24T06:00,38.8,8,4.3,268,1004.2,0.0
2025-04-24T07:00,40.0,6,5.3,280,1003.2,0.0
2025-04-24T08:00,40.9,5,8.7,288,1002.2,0.0
2025-04-24T09:00,41.0,5,12.9,285,1001.4,0.0
2025-04-24T10:00,40.4,5,15.0,277,1000.8,0.0
2025-04-24T11:00,39.6,6,14.8,280,1000.7,0.0
2025-04-24T12:00,38.9,6,11.8,301,1000.4,0.0
2025-04-24T13:00,37.9,7,6.5,355,1000.8,0.0
2025-04-24T14:00,34.8,15,4.1,29,1001.3,0.0
2025-04-24T15:00,34.4,25,0.3,225,1002.1,0.0
2025-04-24T16:00,32.4,17,4.5,127,1003.0,0.0
2025-04-24T17:00,31.3,17,5.1,141,1003.2,0.0
2025-04-24T18:00,30.0,17,6.2,150,1003.1,0.0
2025-04-24T19:00,29.6,18,9.1,190,1003.0,0.0
2025-04-24T20:00,28.7,32,0.4,63,1002.5,0.0
2025-04-24T21:00,26.9,31,3.1,40,1002.9,0.0
2025-04-24T22:00,26.3,32,1.2,153,1002.8,0.0
2025-04-24T23:00,24.9,32,4.8,135,1002.6,0.0
2025-04-25T00:00,25.0,29,5.8,160,1002.9,0.0
2025-04-25T01:00,26.3,29,4.9,184,1003.5,0.0
2025-04-25T02:00,29.0,24,5.2,272,1004.6,0.0
2025-04-25T03:00,32.1,18,6.4,209,1005.2,0.0
2025-04-25T04:00,35.0,14,4.6,329,1006.0,0.0
2025-04-25T05:00,37.3,11,4.1,326,1006.1,0.0
2025-04-25T06:00,39.7,7,5.2,329,1005.6,0.0
2025-04-25T07:00,40.7,6,9.6,354,1004.6,0.0
2025-04-25T08:00,41.0,6,11.7,356,1003.8,0.0
2025-04-25T09:00,40.8,6,14.2,359,1003.1,0.0
2025-04-25T10:00,40.8,6,12.7,353,1002.3,0.0
2025-04-25T11:00,40.5,6,9.6,347,1001.8,0.0
2025-04-25T12:00,40.0,6,7.0,342,1001.5,0.0
2025-04-25T13:00,37.7,9,8.5,6,1001.9,0.0
2025-04-25T14:00,34.6,14,5.8,56,1002.6,0.0
2025-04-25T15:00,33.1,22,3.2,63,1003.1,0.0
2025-04-25T16:00,32.8,24,1.4,140,1003.4,0.0
2025-04-25T17:00,31.8,24,1.4,23,1003.5,0.0
2025-04-25T18:00,31.0,28,1.0,329,1003.5,0.0
2025-04-25T19:00,30.1,18,6.3,20,1003.2,0.0
2025-04-25T20:00,28.8,19,5.8,20,1002.5,0.0
2025-04-25T21:00,27.9,24,3.6,360,1002.3,0.0
2025-04-25T22:00,27.1,20,5.7,351,1002.0,0.0
2025-04-25T23:00,26.1,23,4.9,246,1002.7,0.0
2025-04-26T00:00,26.4,26,2.4,253,1003.0,0.0
2025-04-26T01:00,27.0,34,2.2,256,1003.7,0.0
2025-04-26T02:00,29.5,23,5.1,222,1004.2,0.0
2025-04-26T03:00,33.1,20,2.7,208,1004.5,0.0
2025-04-26T04:00,36.7,13,4.8,193,1005.2,0.0
2025-04-26T05:00,39.1,8,3.2,142,1005.0,0.0
2025-04-26T06:00,40.5,7,4.0,148,1004.6,0.0
2025-04-26T07:00,41.6,6,4.6,138,1003.7,0.0
2025-04-26T08:00,41.9,6,5.9,162,1002.8,0.0
2025-04-26T09:00,40.9,8,10.4,210,1002.4,0.0
2025-04-26T10:00,38.8,9,16.6,254,1002.2,0.0
2025-04-26T11:00,39.0,9,9.9,292,1002.0,0.0
2025-04-26T12:00,38.8,9,11.6,342,1001.8,0.0
2025-04-26T13:00,37.6,10,4.1,229,1002.1,0.0
2025-04-26T14:00,35.1,17,3.7,259,1002.9,0.0
2025-04-26T15:00,34.7,22,0.9,270,1003.6,0.0
2025-04-26T16:00,33.7,16,4.0,249,1004.3,0.0
2025-04-26T17:00,33.5,14,7.3,230,1004.7,0.0
2025-04-26T18:00,32.5,16,9.1,229,1005.1,0.0
2025-04-26T19:00,32.1,17,8.0,254,1004.7,0.0
2025-04-26T20:00,30.8,25,4.3,246,1003.8,0.0
2025-04-26T21:00,30.1,21,5.6,343,1004.2,0.0
2025-04-26T22:00,28.8,23,5.1,343,1004.0,0.0
2025-04-26T23:00,28.2,22,5.6,2,1004.1,0.0
2025-04-27T00:00,28.1,22,6.3,358,1004.3,0.0
2025-04-27T01:00,29.2,28,3.9,143,1004.9,0.0
2025-04-27T02:00,30.5,27,3.5,246,1005.6,0.0
2025-04-27T03:00,32.9,22,3.1,211,1006.2,0.0
2025-04-27T04:00,35.4,15,3.7,209,1006.6,0.0
2025-04-27T05:00,37.7,12,4.9,186,1006.5,0.0
2025-04-27T06:00,38.9,11,6.2,213,1006.2,0.0
2025-04-27T07:00,40.1,9,3.5,235,1005.6,0.0
2025-04-27T08:00,41.1,8,0.9,307,1004.7,0.0
2025-04-27T09:00,41.2,8,4.0,355,1003.7,0.0
2025-04-27T10:00,40.7,8,7.7,28,1003.0,0.0
2025-04-27T11:00,39.9,7,13.0,34,1002.8,0.0
2025-04-27T12:00,38.8,7,13.8,31,1002.9,0.0
2025-04-27T13:00,37.5,8,10.0,33,1002.9,0.0
2025-04-27T14:00,35.7,17,1.5,45,1003.5,0.0
2025-04-27T15:00,34.1,19,2.1,142,1004.5,0.0
2025-04-27T16:00,33.3,14,6.2,105,1004.6,0.0
2025-04-27T17:00,31.8,17,5.4,143,1004.6,0.0
2025-04-27T18:00,30.8,25,1.5,144,1005.1,0.0
2025-04-27T19:00,29.4,28,3.0,115,1004.6,0.0
2025-04-27T20:00,28.3,26,4.3,175,1004.2,0.0
2025-04-27T21:00,28.2,28,3.4,205,1004.0,0.0
2025-04-27T22:00,28.2,26,2.4,222,1003.7,0.0
2025-04-27T23:00,26.6,31,2.2,125,1004.2,0.0
2025-04-28T00:00,25.0,33,4.1,90,1004.2,0.0
2025-04-28T01:00,26.8,33,7.1,99,1004.8,0.0
2025-04-28T02:00,27.8,32,8.3,103,1005.3,0.0
2025-04-28T03:00,30.1,28,8.7,114,1005.5,0.0
2025-04-28T04:00,33.1,23,8.7,122,1005.5,0.0
2025-04-28T05:00,35.6,19,8.1,125,1005.1,0.0
2025-04-28T06:00,37.6,16,7.3,130,1004.6,0.0
2025-04-28T07:00,39.3,14,5.4,138,1003.6,0.0
2025-04-28T08:00,40.3,11,3.8,177,1002.6,0.0
2025-04-28T09:00,40.8,9,4.5,217,1001.5,0.0
2025-04-28T10:00,41.1,9,1.4,40,1001.1,0.0
2025-04-28T11:00,38.7,12,12.8,52,1001.3,0.0
2025-04-28T12:00,36.5,17,13.8,41,1001.0,0.0
2025-04-28T13:00,34.4,20,14.2,60,1001.5,0.0
2025-04-28T14:00,32.9,26,12.6,65,1002.1,0.0
2025-04-28T15:00,31.7,30,6.7,76,1002.9,0.0
2025-04-28T16:00,31.1,32,9.6,106,1003.8,0.0
2025-04-28T17:00,30.1,34,12.5,108,1004.3,0.0
2025-04-28T18:00,29.4,34,10.3,115,1004.3,0.0
2025-04-28T19:00,28.6,34,9.8,125,1004.2,0.0
2025-04-28T20:00,27.7,36,10.7,138,1003.8,0.0
2025-04-28T21:00,27.1,37,11.8,130,1003.7,0.0
2025-04-28T22:00,26.3,39,12.5,125,1003.7,0.0
2025-04-28T23:00,25.5,43,11.7,107,1004.3,0.0
2025-04-29T00:00,24.5,49,11.7,95,1005.1,0.0
2025-04-29T01:00,24.8,62,11.2,84,1006.4,0.0
2025-04-29T02:00,25.8,60,12.7,98,1007.1,0.0
2025-04-29T03:00,27.5,53,14.4,105,1007.4,0.0
2025-04-29T04:00,29.7,45,14.3,108,1007.4,0.0
2025-04-29T05:00,32.0,38,13.7,108,1007.1,0.0
2025-04-29T06:00,33.9,33,12.6,112,1006.2,0.0
2025-04-29T07:00,35.4,29,11.1,113,1005.3,0.0
2025-04-29T08:00,36.4,27,9.4,108,1004.2,0.0
2025-04-29T09:00,37.2,25,7.2,102,1003.2,0.0
2025-04-29T10:00,37.5,23,5.5,81,1002.1,0.0
2025-04-29T11:00,37.5,20,6.7,76,1001.7,0.0
2025-04-29T12:00,36.7,21,7.9,91,1001.6,0.0
2025-04-29T13:00,35.0,26,5.9,92,1003.0,0.0
2025-04-29T14:00,33.4,29,9.0,77,1003.8,0.0
2025-04-29T15:00,32.3,31,6.8,92,1004.3,0.0
2025-04-29T16:00,31.2,34,7.6,72,1005.3,0.0
2025-04-29T17:00,30.1,39,9.1,81,1005.7,0.0
2025-04-29T18:00,29.5,41,7.9,87,1005.8,0.0
2025-04-29T19:00,28.8,43,6.3,110,1005.6,0.0
2025-04-29T20:00,28.2,45,6.7,121,1005.1,0.0
2025-04-29T21:00,27.6,46,7.4,124,1005.1,0.0
2025-04-29T22:00,27.1,48,7.5,123,1005.3,0.0
2025-04-29T23:00,26.5,50,9.3,122,1005.7,0.0
2025-04-30T00:00,25.8,52,8.2,116,1006.3,0.0
2025-04-30T01:00,26.3,57,8.3,110,1007.4,0.0
2025-04-30T02:00,27.1,57,9.5,105,1008.2,0.0
2025-04-30T03:00,28.9,52,9.8,108,1008.8,0.0
2025-04-30T04:00,31.1,46,11.6,116,1008.9,0.0
2025-04-30T05:00,33.1,39,11.1,120,1008.6,0.0
2025-04-30T06:00,34.8,33,8.9,124,1008.1,0.0
2025-04-30T07:00,35.9,28,6.7,121,1007.1,0.0
2025-04-30T08:00,36.7,26,5.9,113,1005.9,0.0
2025-04-30T09:00,37.1,24,4.9,152,1004.9,0.0
2025-04-30T10:00,36.6,25,3.6,210,1004.7,0.0
2025-04-30T11:00,35.3,26,3.1,298,1004.3,0.0
2025-04-30T12:00,35.2,26,7.4,346,1004.6,0.0
2025-04-30T13:00,34.3,26,7.2,86,1004.6,0.0
2025-04-30T14:00,33.5,28,6.8,73,1005.0,0.0
2025-04-30T15:00,32.6,29,7.1,71,1005.6,0.0
2025-04-30T16:00,31.9,31,9.9,94,1006.3,0.0
2025-04-30T17:00,30.7,37,11.2,96,1006.7,0.0
2025-04-30T18:00,29.6,41,10.3,103,1006.9,0.0
2025-04-30T19:00,28.5,44,10.2,114,1006.8,0.0
2025-04-30T20:00,27.8,45,9.7,121,1006.5,0.0
2025-04-30T21:00,27.3,47,10.7,127,1006.4,0.0
2025-04-30T22:00,26.7,49,10.5,125,1006.8,0.0
2025-04-30T23:00,26.2,51,11.0,130,1007.2,0.0
2025-05-01T00:00,25.8,52,10.4,127,1008.0,0.0
2025-05-01T01:00,27.1,65,6.9,96,1008.8,0.0
2025-05-01T02:00,28.1,61,9.8,104,1009.3,0.0
2025-05-01T03:00,29.8,54,12.4,112,1009.5,0.0
2025-05-01T04:00,32.0,46,12.3,117,1009.7,0.0
2025-05-01T05:00,34.0,36,12.0,123,1009.2,0.0
2025-05-01T06:00,35.2,30,9.4,125,1008.8,0.0
2025-05-01T07:00,36.2,27,7.4,129,1007.8,0.0
2025-05-01T08:00,36.6,25,7.3,138,1006.6,0.0
2025-05-01T09:00,37.0,21,4.8,228,1006.5,0.0
2025-05-01T10:00,36.0,21,2.1,142,1005.4,0.0
2025-05-01T11:00,35.4,24,8.5,94,1005.5,0.0
2025-05-01T12:00,35.0,25,8.3,92,1005.3,0.0
2025-05-01T13:00,34.9,25,7.4,72,1005.4,0.0
2025-05-01T14:00,33.7,27,8.5,90,1005.2,0.0
2025-05-01T15:00,32.5,30,9.0,85,1006.3,0.0
2025-05-01T16:00,31.3,32,10.1,88,1007.3,0.0
2025-05-01T17:00,29.5,42,12.9,96,1008.0,0.0
2025-05-01T18:00,28.6,47,12.7,106,1008.0,0.0
2025-05-01T19:00,28.2,48,12.0,109,1007.6,0.0
2025-05-01T20:00,27.6,49,11.4,123,1007.1,0.0
2025-05-01T21:00,27.1,51,10.6,118,1007.5,0.0
2025-05-01T22:00,26.7,52,11.1,113,1007.6,0.0
2025-05-01T23:00,26.2,53,11.6,108,1008.0,0.0
2025-05-02T00:00,25.8,55,10.9,109,1008.4,0.0
2025-05-02T01:00,22.5,90,6.3,360,1012.1,1.2
2025-05-02T02:00,22.6,89,5.4,20,1012.6,0.9
2025-05-02T03:00,22.2,93,8.0,80,1012.9,3.0
2025-05-02T04:00,22.0,93,13.3,81,1012.2,3.2
2025-05-02T05:00,22.4,93,9.0,106,1011.6,3.1
2025-05-02T06:00,23.8,84,5.9,92,1011.4,0.6
2025-05-02T07:00,25.5,73,9.4,114,1010.9,0.1
2025-05-02T08:00,26.6,69,8.5,89,1009.7,0.0
2025-05-02T09:00,27.5,66,7.7,89,1008.1,0.0
2025-05-02T10:00,28.3,62,6.3,88,1006.8,0.0
2025-05-02T11:00,28.8,59,3.1,97,1006.1,0.0
2025-05-02T12:00,28.8,59,2.9,68,1005.9,0.0
2025-05-02T13:00,28.3,56,4.0,51,1006.8,0.0
2025-05-02T14:00,28.0,60,1.0,45,1007.0,0.0
2025-05-02T15:00,27.8,58,3.5,28,1007.5,0.0
2025-05-02T16:00,27.3,61,4.2,25,1007.9,0.0
2025-05-02T17:00,26.4,66,2.8,40,1007.9,0.0
2025-05-02T18:00,25.8,69,2.5,60,1007.8,0.0
2025-05-02T19:00,25.1,76,1.9,73,1007.1,0.0
2025-05-02T20:00,24.7,74,3.3,77,1006.2,0.0
2025-05-02T21:00,24.2,74,3.9,68,1005.8,0.0
2025-05-02T22:00,24.0,74,5.4,70,1005.6,0.0
2025-05-02T23:00,23.4,80,2.7,70,1005.9,0.0
2025-05-03T00:00,23.4,80,0.4,63,1006.7,0.0
2025-05-03T01:00,24.1,83,6.5,272,1008.0,0.1
2025-05-03T02:00,24.6,78,8.3,106,1008.2,0.1
2025-05-03T03:00,27.2,66,4.8,112,1008.6,0.0
2025-05-03T04:00,29.5,54,7.2,125,1008.3,0.0
2025-05-03T05:00,31.7,42,3.8,121,1008.1,0.0
2025-05-03T06:00,31.9,37,2.5,98,1007.9,0.3
2025-05-03T07:00,33.4,33,5.8,154,1006.0,0.0
2025-05-03T08:00,34.5,32,5.8,90,1005.2,0.0
2025-05-03T09:00,30.2,48,7.1,216,1006.4,1.7
2025-05-03T10:00,29.6,50,0.6,146,1004.4,0.0
2025-05-03T11:00,31.0,43,3.1,140,1004.1,0.0
2025-05-03T12:00,31.1,43,4.8,151,1004.0,0.0
2025-05-03T13:00,28.8,49,14.3,187,1003.8,0.0
2025-05-03T14:00,29.3,48,4.6,191,1003.1,0.0
2025-05-03T15:00,29.3,46,6.0,219,1003.9,0.0
2025-05-03T16:00,28.6,51,3.5,192,1004.0,0.0
2025-05-03T17:00,28.1,57,2.7,152,1004.1,0.0
2025-05-03T18:00,27.7,53,4.0,201,1003.9,0.0
2025-05-03T19:00,27.3,54,4.0,201,1003.4,0.0
2025-05-03T20:00,26.9,61,1.3,124,1003.2,0.0
2025-05-03T21:00,25.8,60,4.7,106,1003.3,0.0
2025-05-03T22:00,25.0,64,4.6,103,1003.4,0.0
2025-05-03T23:00,24.4,66,4.7,113,1003.6,0.0
2025-05-04T00:00,23.9,68,4.5,119,1004.1,0.0
2025-05-04T01:00,26.2,76,3.8,45,1004.4,0.0
2025-05-04T02:00,27.3,72,3.1,90,1004.8,0.0
2025-05-04T03:00,29.4,63,3.5,99,1005.6,0.0
2025-05-04T04:00,31.6,54,5.1,122,1005.5,0.0
2025-05-04T05:00,33.7,42,5.3,125,1005.0,0.0
2025-05-04T06:00,34.4,38,2.9,137,1004.4,0.0
2025-05-04T07:00,33.5,39,5.6,180,1004.2,0.1
2025-05-04T08:00,32.2,41,9.6,133,1003.9,0.2
2025-05-04T09:00,32.5,41,3.3,119,1003.4,0.0
2025-05-04T10:00,32.5,40,2.3,90,1002.2,0.0
2025-05-04T11:00,33.0,39,4.9,80,1002.2,0.0
2025-05-04T12:00,32.6,40,7.5,63,1002.4,0.0
2025-05-04T13:00,31.2,46,7.6,89,1001.6,0.0
2025-05-04T14:00,29.5,58,3.0,76,1002.9,0.0
2025-05-04T15:00,29.2,63,2.5,135,1003.9,0.0
2025-05-04T16:00,29.0,66,2.1,20,1005.0,0.0
2025-05-04T17:00,28.3,62,4.1,61,1005.4,0.0
2025-05-04T18:00,27.3,67,4.5,92,1005.5,0.0
2025-05-04T19:00,26.4,73,4.9,86,1005.0,0.0
2025-05-04T20:00,25.9,76,5.2,102,1004.6,0.0
2025-05-04T21:00,25.5,76,6.7,110,1004.4,0.0
2025-05-04T22:00,25.1,77,6.2,105,1004.4,0.0
2025-05-04T23:00,24.6,78,5.6,69,1004.7,0.0
2025-05-05T00:00,24.2,79,4.8,70,1005.0,0.0
2025-05-05T01:00,23.9,74,7.2,103,1005.6,0.0
2025-05-05T02:00,25.1,68,7.8,113,1006.3,0.0
2025-05-05T03:00,26.8,63,9.3,115,1007.0,0.0
2025-05-05T04:00,28.8,55,10.3,123,1007.3,0.0
2025-05-05T05:00,30.8,48,9.4,122,1006.9,0.0
2025-05-05T06:00,32.3,42,8.3,134,1006.4,0.0
2025-05-05T07:00,34.0,35,7.1,161,1005.6,0.0
2025-05-05T08:00,34.8,33,3.2,124,1004.5,0.0
2025-05-05T09:00,34.8,32,4.4,27,1003.3,0.0
2025-05-05T10:00,32.3,41,9.8,20,1003.1,0.6
2025-05-05T11:00,32.9,39,10.6,44,1002.5,0.0
2025-05-05T12:00,31.8,42,10.6,44,1002.9,0.0
2025-05-05T13:00,27.8,64,6.6,57,1004.6,0.0
2025-05-05T14:00,26.4,70,8.0,70,1005.2,0.0
2025-05-05T15:00,25.3,76,6.3,66,1005.4,0.0
2025-05-05T16:00,24.8,78,6.7,82,1006.5,0.0
2025-05-05T17:00,24.2,80,5.2,88,1006.9,0.0
2025-05-05T18:00,23.8,82,5.2,104,1007.0,0.0
2025-05-05T19:00,23.4,84,5.2,94,1006.7,0.0
2025-05-05T20:00,23.0,86,3.8,121,1006.1,0.0
2025-05-05T21:00,22.6,88,3.0,128,1005.8,0.0
2025-05-05T22:00,22.3,89,3.5,75,1006.0,0.0
2025-05-05T23:00,22.0,90,4.5,53,1006.3,0.0
2025-05-06T00:00,21.8,90,5.0,60,1006.5,0.0
2025-05-06T01:00,23.2,87,5.6,69,1006.8,0.0
2025-05-06T02:00,24.5,80,4.6,77,1007.0,0.0
2025-05-06T03:00,26.3,72,5.1,86,1007.5,0.0
2025-05-06T04:00,28.3,63,6.7,81,1007.3,0.0
2025-05-06T05:00,29.9,55,6.6,81,1006.9,0.0
2025-05-06T06:00,31.0,50,6.3,77,1006.1,0.0
2025-05-06T07:00,32.2,46,7.3,79,1005.4,0.0
2025-05-06T08:00,32.7,44,7.5,82,1004.5,0.0
2025-05-06T09:00,33.4,40,7.2,96,1003.4,0.0
2025-05-06T10:00,28.0,61,8.9,114,1003.7,2.2
2025-05-06T11:00,30.0,54,6.6,112,1003.0,0.0
2025-05-06T12:00,30.1,52,7.9,107,1002.8,0.0
2025-05-06T13:00,28.3,62,5.6,84,1003.4,0.0
2025-05-06T14:00,27.4,63,6.8,101,1003.9,0.0
2025-05-06T15:00,26.6,67,5.4,86,1004.7,0.0
2025-05-06T16:00,26.1,67,7.3,97,1005.2,0.0
2025-05-06T17:00,25.5,68,7.9,102,1005.4,0.0
2025-05-06T18:00,24.9,71,6.4,117,1005.5,0.0
2025-05-06T19:00,24.6,73,6.1,114,1005.3,0.0
2025-05-06T20:00,24.3,75,6.0,106,1005.0,0.0
2025-05-06T21:00,24.0,77,5.7,99,1005.0,0.0
2025-05-06T22:00,23.8,79,5.8,94,1005.0,0.0
2025-05-06T23:00,23.5,81,5.8,92,1005.4,0.0
2025-05-07T00:00,23.3,82,6.2,120,1006.0,0.0
2025-05-07T01:00,24.5,83,6.5,87,1006.5,0.0
2025-05-07T02:00,25.5,79,6.5,103,1007.0,0.0
2025-05-07T03:00,27.2,71,7.1,114,1006.9,0.0
2025-05-07T04:00,28.8,63,7.9,114,1007.1,0.0
2025-05-07T05:00,29.6,57,10.1,119,1006.9,0.0
2025-05-07T06:00,30.2,53,8.9,115,1006.4,0.0
2025-05-07T07:00,31.2,48,7.8,99,1005.5,0.0
2025-05-07T08:00,31.7,47,8.4,74,1004.1,0.0
2025-05-07T09:00,32.0,46,8.6,64,1002.7,0.0
2025-05-07T10:00,32.1,43,6.6,68,1002.1,0.0
2025-05-07T11:00,32.0,42,10.1,55,1001.9,0.0
2025-05-07T12:00,31.2,46,8.3,70,1002.2,0.0
2025-05-07T13:00,27.1,74,3.3,351,1003.1,0.0
2025-05-07T14:00,26.8,79,1.9,22,1003.5,0.0
2025-05-07T15:00,26.3,74,5.6,33,1004.3,0.0
2025-05-07T16:00,25.5,77,3.8,49,1004.8,0.0
2025-05-07T17:00,25.1,80,2.8,101,1005.0,0.0
2025-05-07T18:00,25.0,81,1.5,97,1004.9,0.0
2025-05-07T19:00,24.9,80,1.2,39,1004.4,0.0
2025-05-07T20:00,24.5,82,1.7,72,1004.0,0.0
2025-05-07T21:00,24.0,85,3.1,69,1004.0,0.0
2025-05-07T22:00,23.8,85,3.7,43,1004.1,0.0
2025-05-07T23:00,23.6,85,4.2,65,1004.5,0.0
2025-05-08T00:00,23.3,85,4.2,65,1004.9,0.0
2025-05-08T01:00,24.6,80,9.8,276,1005.9,0.4
2025-05-08T02:00,24.2,82,8.2,29,1007.0,0.0
2025-05-08T03:00,26.0,76,7.3,60,1006.6,0.0
2025-05-08T04:00,28.8,63,7.6,43,1007.0,0.0
2025-05-08T05:00,30.7,53,9.0,46,1006.4,0.0
2025-05-08T06:00,29.8,57,11.2,108,1006.3,1.1
2025-05-08T07:00,30.3,55,9.6,93,1005.6,0.0
2025-05-08T08:00,31.9,48,8.8,110,1004.8,0.0
2025-05-08T09:00,31.5,50,6.6,135,1004.1,0.3
2025-05-08T10:00,31.1,53,4.7,97,1003.8,0.0
2025-05-08T11:00,29.6,60,3.0,128,1003.9,1.2
2025-05-08T12:00,29.2,63,4.5,53,1003.9,0.0
2025-05-08T13:00,31.0,52,2.3,61,1003.4,0.0
2025-05-08T14:00,29.5,57,5.1,63,1004.0,0.0
2025-05-08T15:00,28.3,62,4.1,77,1004.9,0.0
2025-05-08T16:00,27.4,70,2.7,58,1005.7,0.0
2025-05-08T17:00,26.8,72,2.7,90,1006.2,0.0
2025-05-08T18:00,26.3,71,4.5,53,1006.2,0.0
2025-05-08T19:00,25.9,70,8.4,37,1006.2,0.0
2025-05-08T20:00,25.6,70,6.2,54,1005.6,0.0
2025-05-08T21:00,25.2,72,4.6,64,1005.4,0.0
2025-05-08T22:00,25.0,75,3.8,93,1005.5,0.0
2025-05-08T23:00,24.7,79,2.8,101,1005.7,0.0
2025-05-09T00:00,24.1,80,3.5,125,1006.1,0.0
2025-05-09T01:00,25.9,73,6.0,97,1007.4,0.0
2025-05-09T02:00,26.9,68,2.9,90,1007.8,0.0
2025-05-09T03:00,29.2,59,2.8,125,1008.2,0.0
2025-05-09T04:00,31.2,51,3.9,143,1008.2,0.0
2025-05-09T05:00,32.6,46,5.4,146,1008.1,0.0
2025-05-09T06:00,33.7,41,6.2,134,1007.6,0.0
2025-05-09T07:00,34.9,37,6.1,133,1006.5,0.0
2025-05-09T08:00,36.1,33,7.4,139,1005.5,0.0
2025-05-09T09:00,36.5,30,8.9,132,1004.6,0.0
2025-05-09T10:00,36.6,29,9.0,116,1003.6,0.0
2025-05-09T11:00,34.3,34,8.7,142,1003.5,0.1
2025-05-09T12:00,32.8,40,2.6,16,1004.0,0.1
2025-05-09T13:00,33.5,38,5.2,88,1003.7,0.0
2025-05-09T14:00,31.7,48,4.0,80,1004.4,0.0
2025-05-09T15:00,30.4,55,3.3,77,1005.2,0.0
2025-05-09T16:00,29.6,68,1.8,45,1005.9,0.0
2025-05-09T17:00,29.3,68,0.2,270,1006.1,0.0
2025-05-09T18:00,28.6,72,1.3,90,1006.1,0.0
2025-05-09T19:00,27.7,71,3.3,84,1005.8,0.0
2025-05-09T20:00,27.0,76,3.0,107,1005.2,0.0
2025-05-09T21:00,26.6,73,3.1,90,1004.9,0.0
2025-05-09T22:00,26.2,71,4.1,103,1004.9,0.0
2025-05-09T23:00,25.7,72,3.6,84,1005.2,0.0
2025-05-10T00:00,25.2,75,3.1,62,1005.8,0.0
2025-05-10T01:00,26.4,74,3.7,61,1006.5,0.0
2025-05-10T02:00,28.3,66,2.7,53,1006.8,0.0
2025-05-10T03:00,31.2,55,2.9,83,1007.2,0.0
2025-05-10T04:00,33.3,43,3.3,103,1007.3,0.0
2025-05-10T05:00,34.8,37,4.8,115,1007.1,0.0
2025-05-10T06:00,35.8,35,5.5,122,1006.5,0.0
2025-05-10T07:00,36.6,32,5.3,135,1005.6,0.0
2025-05-10T08:00,36.5,31,3.3,126,1004.6,0.0
2025-05-10T09:00,29.9,56,17.2,296,1005.5,0.1
2025-05-10T10:00,32.2,46,5.2,90,1003.9,0.1
2025-05-10T11:00,32.6,47,8.1,28,1004.1,0.0
2025-05-10T12:00,31.4,51,6.8,48,1004.0,0.0
2025-05-10T13:00,30.9,53,5.3,28,1003.8,0.0
2025-05-10T14:00,29.5,63,4.1,23,1004.9,0.0
2025-05-10T15:00,29.3,68,2.7,37,1005.4,0.0
2025-05-10T16:00,29.0,68,1.1,81,1005.7,0.0
2025-05-10T17:00,28.2,72,0.8,63,1005.5,0.0
2025-05-10T18:00,27.5,77,1.5,159,1005.2,0.0
2025-05-10T19:00,27.0,80,1.9,158,1004.8,0.0
2025-05-10T20:00,26.5,82,2.3,180,1004.1,0.0
2025-05-10T21:00,26.3,81,3.5,208,1003.8,0.0
2025-05-10T22:00,26.1,80,3.3,234,1004.0,0.0
2025-05-10T23:00,25.8,80,3.6,270,1004.7,0.0
2025-05-11T00:00,25.3,82,2.8,310,1005.2,0.0
2025-05-11T01:00,26.2,80,4.5,299,1005.9,0.0
2025-05-11T02:00,27.6,74,2.4,287,1006.2,0.0
2025-05-11T03:00,29.8,61,3.5,291,1006.4,0.0
2025-05-11T04:00,31.8,50,5.0,308,1006.7,0.0
2025-05-11T05:00,33.5,43,5.3,327,1006.5,0.0
2025-05-11T06:00,35.0,37,6.0,335,1005.7,0.0
2025-05-11T07:00,36.2,32,6.5,336,1004.4,0.0
2025-05-11T08:00,37.2,29,7.1,336,1003.1,0.0
2025-05-11T09:00,37.9,26,8.3,333,1001.9,0.0
2025-05-11T10:00,38.1,23,9.5,327,1000.9,0.0
2025-05-11T11:00,38.2,22,8.8,337,1000.3,0.0
2025-05-11T12:00,37.8,22,9.0,345,1000.3,0.0
2025-05-11T13:00,35.4,41,2.5,30,999.6,0.0
2025-05-11T14:00,33.8,43,1.0,68,1000.4,0.0
2025-05-11T15:00,33.1,33,12.1,303,1002.3,0.0
2025-05-11T16:00,32.2,32,11.1,318,1003.2,0.0
2025-05-11T17:00,31.0,37,7.1,304,1003.6,0.0
2025-05-11T18:00,30.4,38,7.6,304,1003.5,0.0
2025-05-11T19:00,29.7,39,8.1,315,1003.1,0.0
2025-05-11T20:00,28.4,45,5.4,330,1002.5,0.0
2025-05-11T21:00,27.6,54,3.3,319,1002.1,0.0
2025-05-11T22:00,27.3,54,1.5,263,1001.9,0.0
2025-05-11T23:00,26.2,58,3.6,303,1002.2,0.0
2025-05-12T00:00,25.8,56,4.8,304,1002.5,0.0
2025-05-12T01:00,26.6,57,4.6,231,1004.1,0.0
2025-05-12T02:00,28.1,52,5.3,260,1004.6,0.0
2025-05-12T03:00,30.5,43,5.0,283,1004.9,0.0
2025-05-12T04:00,32.9,35,6.6,287,1005.3,0.0
2025-05-12T05:00,35.1,28,8.3,288,1005.0,0.0
2025-05-12T06:00,36.9,24,10.0,285,1004.5,0.0
2025-05-12T07:00,38.2,22,10.7,287,1003.5,0.0
2025-05-12T08:00,39.1,20,10.5,295,1002.4,0.0
2025-05-12T09:00,39.5,18,11.8,303,1001.2,0.0
2025-05-12T10:00,39.5,18,12.8,312,1000.5,0.0
2025-05-12T11:00,39.3,18,12.5,319,1000.2,0.0
2025-05-12T12:00,38.5,18,11.2,328,1000.0,0.0
2025-05-12T13:00,36.7,20,6.3,340,1000.0,0.0
2025-05-12T14:00,34.7,35,2.2,355,1000.5,0.0
2025-05-12T15:00,33.7,37,0.9,169,1000.9,0.0
2025-05-12T16:00,31.8,39,3.6,72,1001.5,0.0
2025-05-12T17:00,30.8,45,4.3,88,1002.0,0.0
2025-05-12T18:00,30.5,41,7.5,190,1002.3,0.0
2025-05-12T19:00,29.9,40,5.4,194,1001.7,0.0
2025-05-12T20:00,29.5,39,5.4,194,1001.3,0.0
2025-05-12T21:00,29.1,39,5.5,216,1001.1,0.0
2025-05-12T22:00,29.3,35,7.1,223,1001.0,0.0
2025-05-12T23:00,29.0,35,9.7,246,1001.6,0.0
2025-05-13T00:00,28.6,35,8.7,253,1002.3,0.0
2025-05-13T01:00,30.3,38,8.2,279,1003.9,0.0
2025-05-13T02:00,31.2,36,7.8,304,1004.6,0.0
2025-05-13T03:00,32.8,32,8.0,298,1004.9,0.0
2025-05-13T04:00,34.9,28,9.3,286,1005.0,0.0
2025-05-13T05:00,37.0,24,11.8,290,1004.9,0.0
2025-05-13T06:00,38.9,19,13.6,294,1004.2,0.0
2025-05-13T07:00,40.1,17,13.0,301,1003.4,0.0
2025-05-13T08:00,41.0,15,12.4,298,1002.2,0.0
2025-05-13T09:00,41.2,14,13.9,300,1001.2,0.0
2025-05-13T10:00,40.7,14,14.0,300,1000.5,0.0
2025-05-13T11:00,40.7,14,13.9,294,1000.0,0.0
2025-05-13T12:00,39.5,16,16.6,300,999.9,0.0
2025-05-13T13:00,38.0,18,9.1,324,1000.8,0.0
2025-05-13T14:00,36.4,20,9.2,332,1001.2,0.0
2025-05-13T15:00,34.8,23,5.3,303,1001.8,0.0
2025-05-13T16:00,33.5,28,4.3,246,1002.0,0.0
2025-05-13T17:00,32.7,29,5.2,245,1001.9,0.0
2025-05-13T18:00,32.7,25,5.9,256,1001.7,0.0
2025-05-13T19:00,31.8,29,5.3,246,1001.1,0.0
2025-05-13T20:00,31.3,28,5.9,250,1000.6,0.0
2025-05-13T21:00,30.8,28,6.0,254,1000.6,0.0
2025-05-13T22:00,29.2,32,5.0,305,1001.2,0.0
2025-05-13T23:00,29.2,30,7.9,266,1001.7,0.0
2025-05-14T00:00,28.7,30,10.3,283,1002.6,0.0
2025-05-14T01:00,28.3,39,7.2,292,1003.9,0.0
2025-05-14T02:00,30.1,35,6.6,292,1004.6,0.0
2025-05-14T03:00,32.5,30,6.3,290,1005.1,0.0
2025-05-14T04:00,35.4,25,6.9,284,1005.2,0.0
2025-05-14T05:00,37.6,21,9.1,280,1005.1,0.0
2025-05-14T06:00,39.1,18,10.1,292,1004.7,0.0
2025-05-14T07:00,40.4,15,11.1,304,1003.9,0.0
2025-05-14T08:00,41.0,13,12.0,307,1003.0,0.0
2025-05-14T09:00,41.2,13,12.7,309,1002.1,0.0
2025-05-14T10:00,41.1,12,13.3,306,1001.3,0.0
2025-05-14T11:00,40.9,12,13.9,311,1000.7,0.0
2025-05-14T12:00,40.0,12,14.4,318,1000.5,0.0
2025-05-14T13:00,39.5,13,10.9,310,1000.0,0.0
2025-05-14T14:00,38.9,14,11.2,288,1000.5,0.0
2025-05-14T15:00,36.4,19,5.0,311,1001.2,0.0
2025-05-14T16:00,34.5,24,5.9,18,1002.0,0.0
2025-05-14T17:00,33.0,37,1.2,243,1002.2,0.0
2025-05-14T18:00,32.4,39,1.3,8,1002.4,0.0
2025-05-14T19:00,32.2,38,1.5,284,1002.1,0.0
2025-05-14T20:00,31.7,37,2.3,293,1001.7,0.0
2025-05-14T21:00,30.9,40,2.3,342,1001.7,0.0
2025-05-14T22:00,30.6,43,0.4,90,1001.8,0.0
2025-05-14T23:00,29.8,43,0.7,180,1001.9,0.0
2025-05-15T00:00,29.1,44,2.1,232,1002.3,0.0
2025-05-15T01:00,30.2,35,6.3,288,1003.5,0.0
2025-05-15T02:00,31.8,33,6.4,295,1004.1,0.0
2025-05-15T03:00,34.1,29,5.8,300,1004.4,0.0
2025-05-15T04:00,36.7,23,6.1,310,1004.6,0.0
2025-05-15T05:00,38.7,19,8.3,314,1004.7,0.0
2025-05-15T06:00,40.0,17,9.3,306,1004.2,0.0
2025-05-15T07:00,41.0,15,10.0,304,1003.5,0.0
2025-05-15T08:00,41.6,13,11.0,305,1002.7,0.0
2025-05-15T09:00,41.9,13,12.5,307,1001.6,0.0
2025-05-15T10:00,41.7,13,13.0,308,1000.9,0.0
2025-05-15T11:00,41.4,13,11.9,305,1000.5,0.0
2025-05-15T12:00,40.8,13,10.2,312,1000.2,0.0
2025-05-15T13:00,40.1,14,7.2,276,999.9,0.0
2025-05-15T14:00,37.9,17,5.0,270,1000.2,0.0
2025-05-15T15:00,36.8,19,5.8,274,1000.7,0.0
2025-05-15T16:00,35.8,20,5.5,257,1001.1,0.0
2025-05-15T17:00,34.3,25,4.7,286,1001.7,0.0
2025-05-15T18:00,33.6,26,4.8,323,1001.8,0.0
2025-05-15T19:00,32.8,25,5.0,255,1001.2,0.0
2025-05-15T20:00,32.0,27,5.2,248,1000.6,0.0
2025-05-15T21:00,31.1,32,4.1,299,1000.4,0.0
2025-05-15T22:00,30.4,35,2.7,298,1000.8,0.0
2025-05-15T23:00,29.6,31,5.0,249,1001.3,0.0
2025-05-16T00:00,28.8,33,4.5,275,1001.9,0.0
2025-05-16T01:00,30.6,37,3.4,174,1002.4,0.0
2025-05-16T02:00,33.2,28,4.3,185,1002.4,0.0
2025-05-16T03:00,36.3,22,5.1,225,1002.9,0.0
2025-05-16T04:00,37.9,19,7.3,277,1003.2,0.0
2025-05-16T05:00,39.3,18,11.0,298,1003.2,0.0
2025-05-16T06:00,40.7,16,13.0,307,1002.7,0.0
2025-05-16T07:00,41.8,14,16.2,304,1002.0,0.0
2025-05-16T08:00,42.4,13,14.8,310,1001.5,0.0
2025-05-16T09:00,42.4,14,15.3,323,1000.5,0.0
2025-05-16T10:00,42.2,14,16.2,351,1000.2,0.0
2025-05-16T11:00,39.9,18,12.7,36,999.8,0.0
2025-05-16T12:00,38.6,20,12.9,40,999.9,0.0
2025-05-16T13:00,35.6,34,14.4,48,1000.6,0.0
2025-05-16T14:00,34.5,38,7.8,64,1001.0,0.0
2025-05-16T15:00,33.7,38,5.7,103,1001.1,0.0
2025-05-16T16:00,32.9,39,5.8,160,1001.2,0.0
2025-05-16T17:00,32.3,40,6.9,171,1001.4,0.0
2025-05-16T18:00,31.7,41,5.0,161,1001.1,0.0
2025-05-16T19:00,31.2,44,4.5,185,1001.2,0.0
2025-05-16T20:00,30.1,50,3.7,145,1000.7,0.0
2025-05-16T21:00,29.4,56,3.1,159,1000.5,0.0
2025-05-16T22:00,29.0,53,3.6,174,1000.8,0.0
2025-05-16T23:00,28.7,51,4.3,163,1000.7,0.0
2025-05-17T00:00,28.2,53,3.6,143,1000.9,0.0
2025-05-17T01:00,31.8,32,6.2,339,1002.0,0.0
2025-05-17T02:00,32.7,32,1.7,162,1002.3,0.0
2025-05-17T03:00,34.1,29,8.5,2,1003.5,0.0
2025-05-17T04:00,36.3,26,2.8,281,1002.7,0.0
2025-05-17T05:00,38.4,23,4.8,331,1002.9,0.0
2025-05-17T06:00,40.5,20,8.8,305,1002.4,0.0
2025-05-17T07:00,41.5,19,13.4,297,1001.6,0.0
2025-05-17T08:00,41.1,18,15.8,294,1001.3,0.0
2025-05-17T09:00,42.9,15,14.0,300,999.7,0.0
2025-05-17T10:00,42.0,15,19.3,309,999.1,0.0
2025-05-17T11:00,41.9,15,18.1,310,998.7,0.0
2025-05-17T12:00,41.7,15,17.3,298,998.4,0.0
2025-05-17T13:00,37.7,25,10.2,103,999.4,0.0
2025-05-17T14:00,36.3,26,11.1,153,999.7,0.0
2025-05-17T15:00,34.6,31,3.2,124,1000.6,0.0
2025-05-17T16:00,33.8,32,5.3,135,1001.2,0.0
2025-05-17T17:00,32.9,34,6.3,153,1001.3,0.0
2025-05-17T18:00,31.9,37,6.1,157,1001.1,0.0
2025-05-17T19:00,31.2,38,7.2,168,1000.9,0.0
2025-05-17T20:00,30.5,39,7.6,176,1000.2,0.0
2025-05-17T21:00,29.8,41,7.4,198,1000.2,0.0
2025-05-17T22:00,29.2,40,5.4,220,1000.4,0.0
2025-05-17T23:00,29.0,44,3.9,304,1001.0,0.0
2025-05-18T00:00,28.4,40,5.5,27,1002.2,0.0
2025-05-18T01:00,29.3,44,4.6,77,1002.8,0.0
2025-05-18T02:00,30.3,46,4.4,81,1003.5,0.0
2025-05-18T03:00,33.0,38,2.7,98,1003.8,0.0
2025-05-18T04:00,35.7,30,2.0,333,1003.7,0.0
2025-05-18T05:00,38.1,25,6.6,313,1003.3,0.0
2025-05-18T06:00,39.6,23,10.1,317,1002.8,0.0
2025-05-18T07:00,40.7,22,11.0,322,1002.0,0.0
2025-05-18T08:00,41.2,22,10.8,324,1001.0,0.0
2025-05-18T09:00,41.8,20,10.2,318,999.9,0.0
2025-05-18T10:00,41.8,18,10.9,326,999.1,0.0
2025-05-18T11:00,41.0,19,9.6,356,998.5,0.0
2025-05-18T12:00,38.3,35,11.0,56,998.3,0.0
2025-05-18T13:00,36.5,37,11.2,105,998.6,0.0
2025-05-18T14:00,35.0,42,9.8,104,999.3,0.0
2025-05-18T15:00,33.6,49,9.2,79,1000.2,0.0
2025-05-18T16:00,32.8,51,8.0,100,1000.9,0.0
2025-05-18T17:00,32.2,53,8.0,124,1001.4,0.0
2025-05-18T18:00,31.6,54,8.2,119,1001.5,0.0
2025-05-18T19:00,31.1,54,9.3,137,1001.4,0.0
2025-05-18T20:00,30.3,57,9.1,131,1001.0,0.0
2025-05-18T21:00,29.6,60,8.3,131,1001.0,0.0
2025-05-18T22:00,29.0,63,7.8,124,1001.3,0.0
2025-05-18T23:00,28.3,67,7.6,112,1001.8,0.0
2025-05-19T00:00,27.8,70,7.9,111,1002.6,0.0
2025-05-19T01:00,28.8,67,9.2,106,1003.1,0.0
2025-05-19T02:00,29.8,64,9.8,110,1003.7,0.0
2025-05-19T03:00,31.3,59,9.9,112,1004.0,0.0
2025-05-19T04:00,33.6,51,8.2,113,1004.1,0.0
2025-05-19T05:00,35.6,45,5.4,105,1004.0,0.0
2025-05-19T06:00,37.4,39,5.0,55,1003.7,0.0
2025-05-19T07:00,38.8,35,5.7,37,1002.6,0.0
2025-05-19T08:00,39.7,33,3.4,43,1001.3,0.0
2025-05-19T09:00,40.5,29,7.0,357,1000.2,0.0
2025-05-19T10:00,40.3,26,8.2,351,999.0,0.0
2025-05-19T11:00,40.2,27,8.9,9,998.2,0.0
2025-05-19T12:00,37.5,39,11.9,39,998.3,0.0
2025-05-19T13:00,36.3,42,10.6,69,998.7,0.0
2025-05-19T14:00,34.8,47,11.8,67,999.6,0.0
2025-05-19T15:00,33.9,50,8.0,99,1000.1,0.0
2025-05-19T16:00,33.2,53,7.7,149,1000.2,0.0
2025-05-19T17:00,32.5,55,5.2,139,1000.7,0.0
2025-05-19T18:00,31.7,57,7.8,136,1001.0,0.0
2025-05-19T19:00,31.3,59,6.8,148,1000.9,0.0
2025-05-19T20:00,30.7,61,4.8,112,1000.8,0.0
2025-05-19T21:00,30.0,63,6.9,131,1000.5,0.0
2025-05-19T22:00,29.2,67,6.8,108,1000.5,0.0
2025-05-19T23:00,28.3,71,8.6,106,1001.1,0.0
2025-05-20T00:00,27.7,73,8.5,118,1001.3,0.0
2025-05-20T01:00,29.2,68,9.7,125,1001.7,0.0
2025-05-20T02:00,30.2,63,9.0,127,1002.0,0.0
2025-05-20T03:00,31.9,57,7.8,122,1002.1,0.0
2025-05-20T04:00,34.0,50,8.0,118,1001.9,0.0
2025-05-20T05:00,36.0,43,5.8,124,1001.4,0.0
2025-05-20T06:00,38.1,37,2.7,122,1000.7,0.0
2025-05-20T07:00,40.2,30,0.4,63,999.6,0.0
2025-05-20T08:00,42.0,22,6.0,316,998.5,0.0
2025-05-20T09:00,42.4,21,10.5,319,997.2,0.0
2025-05-20T10:00,41.9,21,12.7,337,996.9,0.0
2025-05-20T11:00,37.5,31,16.2,19,998.3,0.0
2025-05-20T12:00,38.9,24,12.1,359,997.0,0.0
2025-05-20T13:00,37.0,44,11.7,86,996.6,0.0
2025-05-20T14:00,35.1,50,9.2,93,997.0,0.0
2025-05-20T15:00,34.1,53,6.9,110,997.8,0.0
2025-05-20T16:00,33.6,55,6.5,104,998.6,0.0
2025-05-20T17:00,32.9,57,7.1,153,999.2,0.0
2025-05-20T18:00,32.4,57,8.6,158,999.0,0.0
2025-05-20T19:00,32.3,55,10.0,160,998.8,0.0
2025-05-20T20:00,32.1,55,9.4,172,998.7,0.0
2025-05-20T21:00,31.3,57,6.1,130,998.8,0.0
2025-05-20T22:00,30.5,60,6.5,134,999.2,0.0
2025-05-20T23:00,29.7,63,6.8,127,999.8,0.0
2025-05-21T00:00,28.9,67,6.8,112,1000.6,0.0
2025-05-21T01:00,31.2,64,9.0,84,1001.4,0.0
2025-05-21T02:00,30.3,63,10.3,109,1002.5,0.0
2025-05-21T03:00,31.7,53,10.7,119,1002.6,0.0
2025-05-21T04:00,34.2,45,9.3,137,1002.5,0.0
2025-05-21T05:00,36.5,38,6.6,125,1002.4,0.0
2025-05-21T06:00,38.3,34,6.0,119,1001.8,0.0
2025-05-21T07:00,40.0,30,5.8,124,1001.0,0.0
2025-05-21T08:00,41.1,26,6.4,128,999.9,0.0
2025-05-21T09:00,41.9,24,5.7,114,998.7,0.0
2025-05-21T10:00,41.6,22,10.4,72,998.0,0.0
2025-05-21T11:00,39.3,28,19.7,347,999.3,0.0
2025-05-21T12:00,37.0,34,12.3,23,999.1,0.0
2025-05-21T13:00,35.1,48,11.9,80,997.9,0.0
2025-05-21T14:00,34.0,50,14.3,67,999.4,0.0
2025-05-21T15:00,32.9,55,12.3,86,999.8,0.0
2025-05-21T16:00,32.5,57,10.5,114,1000.4,0.0
2025-05-21T17:00,31.9,59,11.1,133,1000.3,0.0
2025-05-21T18:00,31.3,61,11.2,150,1000.4,0.0
2025-05-21T19:00,30.8,62,9.9,135,1000.3,0.0
2025-05-21T20:00,30.3,63,9.1,131,1000.1,0.0
2025-05-21T21:00,29.9,65,9.3,130,1000.3,0.0
2025-05-21T22:00,29.4,66,8.8,113,1000.6,0.0
2025-05-21T23:00,28.6,69,9.1,97,1001.2,0.0
2025-05-22T00:00,28.0,72,10.8,89,1001.8,0.0
2025-05-22T01:00,24.5,81,7.5,117,1003.2,0.0
2025-05-22T02:00,25.9,74,9.3,114,1003.6,0.0
2025-05-22T03:00,27.8,67,11.5,104,1004.5,0.0
2025-05-22T04:00,29.8,61,13.6,121,1004.7,0.0
2025-05-22T05:00,31.9,55,14.0,120,1004.1,0.0
2025-05-22T06:00,33.5,49,14.0,119,1003.4,0.0
2025-05-22T07:00,34.7,45,12.9,122,1002.3,0.0
2025-05-22T08:00,35.9,41,10.8,127,1001.3,0.0
2025-05-22T09:00,36.6,38,8.9,130,1000.1,0.0
2025-05-22T10:00,36.9,37,8.6,129,999.3,0.0
2025-05-22T11:00,36.6,37,9.1,131,998.9,0.0
2025-05-22T12:00,36.0,39,10.3,126,998.5,0.0
2025-05-22T13:00,32.7,49,10.9,106,999.5,0.0
2025-05-22T14:00,31.6,53,10.5,96,999.7,0.0
2025-05-22T15:00,30.6,57,10.6,104,1000.2,0.0
2025-05-22T16:00,30.0,58,10.9,110,1000.9,0.0
2025-05-22T17:00,29.4,60,10.2,114,1001.4,0.0
2025-05-22T18:00,28.8,62,9.1,117,1001.5,0.0
2025-05-22T19:00,28.2,64,9.9,115,1001.2,0.0
2025-05-22T20:00,27.9,65,10.6,111,1001.0,0.0
2025-05-22T21:00,27.4,67,10.3,109,1000.8,0.0
2025-05-22T22:00,27.0,69,10.1,109,1000.9,0.0
2025-05-22T23:00,26.6,72,10.0,110,1001.3,0.0
2025-05-23T00:00,26.3,75,10.5,106,1001.3,0.0
2025-05-23T01:00,27.2,73,9.1,105,1002.0,0.0
2025-05-23T02:00,28.3,71,10.2,107,1002.3,0.0
2025-05-23T03:00,30.0,65,11.7,107,1002.2,0.0
2025-05-23T04:00,32.0,55,13.3,106,1002.0,0.0
2025-05-23T05:00,33.8,48,12.9,110,1001.4,0.0
2025-05-23T06:00,35.3,43,12.5,115,1000.6,0.0
2025-05-23T07:00,36.5,39,11.7,121,999.6,0.0
2025-05-23T08:00,37.3,37,10.4,124,998.4,0.0
2025-05-23T09:00,37.7,36,9.9,122,997.2,0.0
2025-05-23T10:00,37.8,36,10.6,113,996.5,0.0
2025-05-23T11:00,37.2,37,11.9,101,996.3,0.0
2025-05-23T12:00,36.2,39,12.1,105,996.4,0.0
2025-05-23T13:00,35.3,40,11.7,108,996.7,0.0
2025-05-23T14:00,34.2,43,12.1,97,997.2,0.0
2025-05-23T15:00,33.3,47,11.0,91,997.9,0.0
2025-05-23T16:00,32.5,49,10.0,97,998.8,0.0
2025-05-23T17:00,31.6,51,10.5,96,999.4,0.0
2025-05-23T18:00,31.0,55,9.1,100,999.6,0.0
2025-05-23T19:00,30.4,58,9.3,103,999.8,0.0
2025-05-23T20:00,29.9,59,10.7,107,999.5,0.0
2025-05-23T21:00,29.5,61,10.6,105,999.5,0.0
2025-05-23T22:00,29.1,63,10.3,102,999.8,0.0
2025-05-23T23:00,28.7,64,10.4,99,1000.3,0.0
2025-05-24T00:00,28.3,65,11.1,102,1000.9,0.0
2025-05-24T01:00,30.6,60,12.1,107,1001.1,0.0
2025-05-24T02:00,31.4,59,12.0,116,1001.2,0.0
2025-05-24T03:00,32.7,55,14.6,111,1001.3,0.0
2025-05-24T04:00,34.0,50,15.8,109,1001.4,0.0
2025-05-24T05:00,35.0,48,15.0,109,1001.2,0.0
2025-05-24T06:00,36.0,44,13.6,105,1001.0,0.0
2025-05-24T07:00,36.6,42,13.0,107,1000.4,0.0
2025-05-24T08:00,37.3,40,12.8,110,999.1,0.0
2025-05-24T09:00,37.7,39,11.4,105,998.3,0.0
2025-05-24T10:00,36.6,39,12.7,105,998.2,0.1
2025-05-24T11:00,36.1,41,9.6,113,998.1,0.0
2025-05-24T12:00,35.9,41,10.8,100,998.3,0.0
2025-05-24T13:00,36.3,37,14.8,113,996.9,0.0
2025-05-24T14:00,35.1,40,12.5,102,998.3,0.0
2025-05-24T15:00,34.0,43,13.5,109,999.4,0.0
2025-05-24T16:00,33.5,44,14.1,115,1000.5,0.0
2025-05-24T17:00,32.4,48,13.0,112,1001.7,0.0
2025-05-24T18:00,31.5,51,13.9,107,1002.3,0.0
2025-05-24T19:00,30.9,53,14.6,111,1002.1,0.0
2025-05-24T20:00,30.5,54,12.5,102,1001.9,0.0
2025-05-24T21:00,29.9,57,10.8,89,1002.1,0.0
2025-05-24T22:00,29.2,60,12.5,95,1001.9,0.0
2025-05-24T23:00,28.6,64,10.6,81,1002.8,0.0
2025-05-25T00:00,27.3,68,11.0,65,1003.5,0.0
2025-05-25T01:00,22.7,93,8.6,106,1003.2,0.0
2025-05-25T02:00,23.6,89,5.6,97,1004.5,0.0
2025-05-25T03:00,25.1,82,8.6,79,1005.1,0.0
2025-05-25T04:00,26.6,71,11.7,115,1005.8,0.0
2025-05-25T05:00,27.3,61,9.6,127,1005.8,0.0
2025-05-25T06:00,28.7,59,8.2,123,1005.0,0.0
2025-05-25T07:00,28.9,60,4.3,138,1004.2,0.0
2025-05-25T08:00,30.7,58,2.7,143,1003.1,0.0
2025-05-25T09:00,31.0,58,2.8,125,1002.1,0.0
2025-05-25T10:00,31.4,56,3.8,5,1001.4,0.0
2025-05-25T11:00,31.7,54,4.0,352,1000.7,0.0
2025-05-25T12:00,31.3,55,5.7,9,1000.4,0.0
2025-05-25T13:00,30.0,69,6.2,105,1001.6,0.0
2025-05-25T14:00,28.8,75,6.7,87,1001.8,0.0
2025-05-25T15:00,27.5,77,10.8,11,1002.8,0.3
2025-05-25T16:00,26.1,85,6.1,45,1003.8,0.1
2025-05-25T17:00,26.3,87,6.3,59,1004.4,0.0
2025-05-25T18:00,26.2,85,5.2,61,1004.4,0.1
2025-05-25T19:00,26.1,83,5.6,63,1004.1,0.0
2025-05-25T20:00,25.6,83,4.9,92,1003.9,0.6
2025-05-25T21:00,25.1,85,12.5,70,1003.8,0.3
2025-05-25T22:00,24.3,85,10.4,113,1004.0,0.1
2025-05-25T23:00,24.0,86,10.4,107,1004.3,0.2
2025-05-26T00:00,23.9,87,9.2,149,1004.0,0.5
2025-05-26T01:00,26.9,79,10.9,114,1004.0,2.8
2025-05-26T02:00,27.5,78,10.7,78,1004.5,0.3
2025-05-26T03:00,28.4,73,8.7,95,1004.6,0.0
2025-05-26T04:00,29.7,69,6.9,115,1004.5,0.0
2025-05-26T05:00,31.2,64,6.9,141,1004.0,0.0
2025-05-26T06:00,32.4,57,6.7,161,1003.2,0.0
2025-05-26T07:00,33.7,52,6.0,163,1002.1,0.0
2025-05-26T08:00,34.8,46,3.7,166,1000.7,0.0
2025-05-26T09:00,35.3,43,1.1,198,999.5,0.0
2025-05-26T10:00,35.6,42,0.5,315,998.4,0.0
2025-05-26T11:00,35.5,42,2.2,355,997.8,0.0
2025-05-26T12:00,34.5,48,4.5,34,997.5,0.0
2025-05-26T13:00,32.0,59,5.0,46,998.5,0.0
2025-05-26T14:00,30.3,63,6.3,59,998.7,0.0
2025-05-26T15:00,29.5,67,5.6,63,999.1,0.0
2025-05-26T16:00,28.8,73,4.9,54,999.9,0.0
2025-05-26T17:00,28.3,78,4.2,72,1000.4,0.0
2025-05-26T18:00,27.9,79,4.3,85,1000.6,0.0
2025-05-26T19:00,27.6,79,4.8,68,1000.7,0.0
2025-05-26T20:00,27.3,80,5.0,71,1000.7,0.0
2025-05-26T21:00,26.9,80,6.1,78,1000.5,0.0
2025-05-26T22:00,26.6,80,6.2,80,1000.7,0.0
2025-05-26T23:00,26.3,80,6.3,97,1000.9,0.0
2025-05-27T00:00,26.2,79,7.7,106,1001.0,0.0
2025-05-27T01:00,27.5,81,6.1,90,1001.3,0.0
2025-05-27T02:00,28.7,78,4.5,95,1001.4,0.0
2025-05-27T03:00,30.2,72,5.8,95,1001.5,0.0
2025-05-27T04:00,31.5,64,8.3,103,1001.3,0.0
2025-05-27T05:00,32.7,57,7.0,102,1000.9,0.0
2025-05-27T06:00,33.6,53,4.9,96,1000.4,0.0
2025-05-27T07:00,34.3,50,3.4,93,999.7,0.0
2025-05-27T08:00,35.1,46,2.1,75,998.7,0.0
2025-05-27T09:00,35.4,45,2.4,48,997.5,0.0
2025-05-27T10:00,35.5,46,3.9,53,996.6,0.0
2025-05-27T11:00,35.2,47,4.5,34,996.2,0.0
2025-05-27T12:00,34.5,50,5.5,36,995.7,0.0
2025-05-27T13:00,34.2,51,4.8,63,995.4,0.0
2025-05-27T14:00,31.8,63,5.4,82,995.8,0.0
2025-05-27T15:00,30.8,67,5.1,100,996.7,0.0
2025-05-27T16:00,30.1,70,4.5,95,998.1,0.0
2025-05-27T17:00,29.5,71,5.2,86,999.1,0.0
2025-05-27T18:00,29.0,73,5.3,100,999.3,0.0
2025-05-27T19:00,28.6,75,5.2,131,999.3,0.0
2025-05-27T20:00,28.0,78,5.1,141,998.9,0.0
2025-05-27T21:00,27.7,78,5.5,136,998.9,0.0
2025-05-27T22:00,27.4,79,5.6,138,998.6,0.0
2025-05-27T23:00,27.2,80,6.9,118,998.7,0.0
2025-05-28T00:00,26.9,81,6.6,103,998.8,0.0
2025-05-28T01:00,29.1,77,4.0,120,998.9,0.0
2025-05-28T02:00,30.1,74,3.3,45,999.6,0.0
2025-05-28T03:00,31.3,68,5.9,52,1000.3,0.0
2025-05-28T04:00,32.8,61,3.6,72,1000.3,0.0
2025-05-28T05:00,34.2,54,2.7,143,999.8,0.0
2025-05-28T06:00,35.3,49,1.3,146,999.0,0.0
2025-05-28T07:00,36.2,45,1.0,22,998.3,0.0
2025-05-28T08:00,37.1,42,3.1,45,997.3,0.0
2025-05-28T09:00,37.6,41,5.6,57,996.3,0.0
2025-05-28T10:00,38.0,40,6.7,44,995.3,0.0
2025-05-28T11:00,37.3,41,10.4,23,995.0,0.0
2025-05-28T12:00,36.1,45,7.7,21,994.9,0.0
2025-05-28T13:00,34.6,48,8.1,55,995.0,0.0
2025-05-28T14:00,32.3,58,10.2,60,995.2,0.0
2025-05-28T15:00,30.5,70,3.3,99,995.5,0.0
2025-05-28T16:00,29.7,73,5.0,154,996.3,0.0
2025-05-28T17:00,29.3,76,5.9,130,996.9,0.0
2025-05-28T18:00,28.7,79,6.1,137,997.1,0.0
2025-05-28T19:00,28.0,81,6.8,119,996.9,0.0
2025-05-28T20:00,27.6,84,5.0,131,996.6,0.0
2025-05-28T21:00,27.3,85,4.8,124,996.3,0.0
2025-05-28T22:00,27.1,87,4.0,126,996.3,0.0
2025-05-28T23:00,27.0,88,4.2,115,996.6,0.0
2025-05-29T00:00,26.7,89,4.4,99,997.1,0.0
2025-05-29T01:00,29.5,78,1.0,112,997.6,0.0
2025-05-29T02:00,30.7,73,4.3,135,997.6,0.0
2025-05-29T03:00,32.4,63,5.3,198,998.1,0.0
2025-05-29T04:00,34.7,51,6.4,190,998.0,0.0
2025-05-29T05:00,35.7,45,6.4,196,997.6,0.0
2025-05-29T06:00,37.8,38,3.6,198,996.9,0.0
2025-05-29T07:00,38.7,34,3.8,180,995.9,0.0
2025-05-29T08:00,39.4,32,4.7,176,994.8,0.0
2025-05-29T09:00,39.9,30,4.7,173,993.8,0.0
2025-05-29T10:00,39.0,30,2.2,189,993.0,0.0
2025-05-29T11:00,39.4,28,1.1,18,992.6,0.0
2025-05-29T12:00,38.1,32,3.3,13,992.4,0.0
2025-05-29T13:00,36.2,49,2.4,207,992.5,0.0
2025-05-29T14:00,34.8,46,3.7,203,992.7,0.0
2025-05-29T15:00,34.2,46,5.0,182,993.4,0.0
2025-05-29T16:00,33.2,50,5.1,170,994.2,0.0
2025-05-29T17:00,32.1,52,4.7,178,994.9,0.0
2025-05-29T18:00,31.3,52,5.1,190,994.8,0.0
2025-05-29T19:00,30.6,53,5.6,207,994.4,0.0
2025-05-29T20:00,29.7,56,5.0,193,993.9,0.0
2025-05-29T21:00,29.2,57,5.0,232,993.7,0.0
2025-05-29T22:00,29.1,59,0.4,90,993.8,0.0
2025-05-29T23:00,27.7,63,4.9,98,994.1,0.0
2025-05-30T00:00,26.8,71,3.1,126,994.4,0.0
2025-05-30T01:00,27.9,67,3.3,84,995.5,0.0
2025-05-30T02:00,29.2,63,1.8,37,996.1,0.0
2025-05-30T03:00,31.9,55,3.2,313,996.7,0.0
2025-05-30T04:00,34.4,40,7.0,339,996.8,0.0
2025-05-30T05:00,34.7,36,12.7,353,997.1,0.0
2025-05-30T06:00,33.9,37,9.2,359,996.7,0.0
2025-05-30T07:00,33.9,42,7.6,22,996.1,0.0
2025-05-30T08:00,34.4,44,6.9,70,995.3,0.0
2025-05-30T09:00,33.8,46,5.8,97,994.7,0.0
2025-05-30T10:00,34.5,42,2.9,97,993.9,0.0
2025-05-30T11:00,35.4,38,1.4,180,993.2,0.0
2025-05-30T12:00,35.4,36,2.7,203,992.9,0.0
2025-05-30T13:00,33.2,48,4.6,191,993.8,0.0
2025-05-30T14:00,31.5,58,3.9,193,994.1,0.0
2025-05-30T15:00,31.0,56,4.5,223,994.7,0.0
2025-05-30T16:00,30.2,53,5.5,224,995.4,0.0
2025-05-30T17:00,29.9,56,5.0,224,996.1,0.0
2025-05-30T18:00,29.5,59,2.4,222,996.5,0.0
2025-05-30T19:00,28.4,62,1.4,157,996.2,0.0
2025-05-30T20:00,27.2,67,1.9,158,995.8,0.0
2025-05-30T21:00,26.7,70,2.5,159,995.7,0.0
2025-05-30T22:00,26.2,71,3.6,153,995.7,0.0
2025-05-30T23:00,26.0,68,4.2,185,996.0,0.0
2025-05-31T00:00,26.1,67,5.2,207,996.7,0.0
2025-05-31T01:00,28.7,64,4.0,219,997.7,0.0
2025-05-31T02:00,30.4,60,0.9,79,998.0,0.0
2025-05-31T03:00,32.6,52,1.7,162,998.5,0.0
2025-05-31T04:00,34.8,42,3.2,207,998.5,0.0
2025-05-31T05:00,36.7,34,1.2,219,998.1,0.0
2025-05-31T06:00,38.2,29,0.5,135,997.5,0.0
2025-05-31T07:00,39.4,25,2.6,115,996.9,0.0
2025-05-31T08:00,40.1,23,4.5,106,996.0,0.0
2025-05-31T09:00,40.0,22,4.0,188,995.7,0.0
2025-05-31T10:00,37.7,28,11.9,4,995.8,0.0
2025-05-31T11:00,37.6,31,4.3,22,995.6,0.0
2025-05-31T12:00,37.0,23,9.4,234,995.5,0.0
2025-05-31T13:00,29.9,55,11.4,244,997.3,1.8
2025-05-31T14:00,30.5,55,1.5,30,997.5,0.0
2025-05-31T15:00,29.4,61,6.5,71,997.6,0.0
2025-05-31T16:00,29.1,56,6.5,76,998.1,0.0
2025-05-31T17:00,28.8,62,4.3,88,998.3,0.0
2025-05-31T18:00,28.6,61,4.4,168,998.2,0.0
2025-05-31T19:00,27.8,62,7.6,62,998.4,0.0
2025-05-31T20:00,27.0,67,5.1,190,998.1,0.0
2025-05-31T21:00,27.0,64,6.7,180,997.5,0.0
2025-05-31T22:00,27.6,56,9.9,171,997.0,0.0
2025-05-31T23:00,27.8,51,9.8,204,997.3,0.0
2025-06-01T00:00,27.2,54,11.5,197,997.8,0.0
2025-06-01T01:00,29.7,51,7.5,210,998.6,0.0
2025-06-01T02:00,31.4,47,7.1,227,998.8,0.0
2025-06-01T03:00,33.8,42,8.9,256,999.2,0.0
2025-06-01T04:00,35.2,40,13.7,275,999.3,0.0
2025-06-01T05:00,34.9,37,13.7,305,999.3,0.0
2025-06-01T06:00,34.8,37,7.5,318,999.3,0.0
2025-06-01T07:00,35.4,36,2.2,5,998.9,0.0
2025-06-01T08:00,37.3,31,4.0,302,998.1,0.0
2025-06-01T09:00,35.6,30,7.5,278,998.0,0.0
2025-06-01T10:00,36.9,27,7.9,267,997.1,0.0
2025-06-01T11:00,35.8,31,7.7,246,996.8,0.0
2025-06-01T12:00,35.9,30,4.5,256,996.4,0.0
2025-06-01T13:00,27.5,64,13.4,219,998.6,2.2
2025-06-01T14:00,27.1,71,12.1,203,998.3,0.9
2025-06-01T15:00,27.6,69,14.7,174,997.7,0.0
2025-06-01T16:00,27.8,59,9.2,186,998.2,0.0
2025-06-01T17:00,28.0,58,7.2,174,998.0,0.0
2025-06-01T18:00,27.5,64,4.6,219,997.6,0.0
2025-06-01T19:00,27.5,61,5.7,233,997.1,0.0
2025-06-01T20:00,27.5,58,7.2,233,996.6,0.0
2025-06-01T21:00,26.8,58,6.9,221,996.5,0.0
2025-06-01T22:00,26.2,59,7.9,237,996.6,0.0
2025-06-01T23:00,25.4,62,9.3,32,997.8,0.0
2025-06-02T00:00,24.7,72,3.1,159,998.1,0.0
2025-06-02T01:00,28.1,60,4.6,13,999.2,0.0
2025-06-02T02:00,29.1,56,5.6,33,999.9,0.0
2025-06-02T03:00,30.6,51,3.9,74,999.8,0.0
2025-06-02T04:00,32.2,48,3.5,111,999.7,0.0
2025-06-02T05:00,33.9,43,1.6,153,999.6,0.0
2025-06-02T06:00,35.6,37,2.3,209,999.0,0.0
2025-06-02T07:00,36.8,31,4.4,261,998.0,0.0
2025-06-02T08:00,37.6,26,8.9,276,997.0,0.0
2025-06-02T09:00,37.8,22,12.7,291,996.8,0.0
2025-06-02T10:00,36.3,26,11.5,293,996.8,0.1
2025-06-02T11:00,35.6,32,4.3,24,996.7,0.2
2025-06-02T12:00,34.0,35,9.0,70,996.7,0.0
2025-06-02T13:00,33.3,37,6.3,275,997.5,0.0
2025-06-02T14:00,32.4,41,7.8,247,998.2,0.0
2025-06-02T15:00,31.7,43,6.0,277,998.9,0.0
2025-06-02T16:00,30.6,43,7.1,243,1000.0,0.0
2025-06-02T17:00,29.7,48,2.8,255,1000.1,0.0
2025-06-02T18:00,29.3,49,2.7,203,999.8,0.0
2025-06-02T19:00,28.6,52,2.9,248,999.8,0.0
2025-06-02T20:00,28.0,60,1.8,259,999.0,0.0
2025-06-02T21:00,27.5,60,2.2,194,998.3,0.0
2025-06-02T22:00,27.0,52,5.4,214,998.2,0.0
2025-06-02T23:00,26.6,51,6.0,185,998.8,0.0
2025-06-03T00:00,25.6,60,4.2,187,999.8,0.0
2025-06-03T01:00,25.9,64,5.4,30,1001.3,0.0
2025-06-03T02:00,27.1,59,4.1,2,1001.5,0.0
2025-06-03T03:00,29.1,51,4.6,59,1001.4,0.0
2025-06-03T04:00,31.2,42,2.0,85,1001.5,0.0
2025-06-03T05:00,32.6,38,3.2,142,1001.3,0.0
2025-06-03T06:00,34.5,32,3.9,214,1001.0,0.0
2025-06-03T07:00,34.8,29,7.9,258,1000.5,0.0
2025-06-03T08:00,34.2,31,10.8,281,1000.1,0.0
2025-06-03T09:00,34.7,32,10.6,288,999.5,0.0
2025-06-03T10:00,33.6,35,8.5,299,999.2,0.0
2025-06-03T11:00,33.5,35,7.3,344,999.1,0.0
2025-06-03T12:00,33.5,34,7.0,29,998.9,0.0
2025-06-03T13:00,30.8,44,6.1,337,1000.0,0.0
2025-06-03T14:00,29.6,53,4.5,358,1000.7,0.0
2025-06-03T15:00,29.1,62,2.7,23,1001.5,0.0
2025-06-03T16:00,28.3,66,2.9,43,1002.3,0.0
2025-06-03T17:00,27.7,65,4.4,128,1003.0,0.0
2025-06-03T18:00,26.2,68,7.3,138,1003.3,0.0
2025-06-03T19:00,25.4,71,6.8,138,1002.8,0.0
2025-06-03T20:00,25.1,74,6.8,143,1001.9,0.0
2025-06-03T21:00,24.9,75,4.9,141,1001.5,0.0
2025-06-03T22:00,24.4,81,2.5,150,1001.8,0.0
2025-06-03T23:00,24.5,78,3.3,221,1001.8,0.0
2025-06-04T00:00,24.7,75,4.7,313,1002.9,0.0
2025-06-04T01:00,25.2,77,5.8,54,1003.6,0.0
2025-06-04T02:00,25.5,76,5.7,66,1004.3,0.0
2025-06-04T03:00,26.7,70,5.9,76,1004.6,0.0
2025-06-04T04:00,27.1,68,5.1,100,1005.1,0.0
2025-06-04T05:00,30.2,57,4.6,101,1004.8,0.0
2025-06-04T06:00,32.2,49,5.5,101,1004.0,0.0
2025-06-04T07:00,33.4,45,3.8,93,1003.4,0.0
2025-06-04T08:00,35.1,37,5.2,49,1002.4,0.0
2025-06-04T09:00,28.0,60,8.1,78,1004.0,2.6
2025-06-04T10:00,29.9,56,3.3,126,1002.7,0.0
2025-06-04T11:00,31.5,49,3.6,225,1002.8,0.0
2025-06-04T12:00,31.4,48,3.4,198,1002.0,0.0
2025-06-04T13:00,32.0,35,6.6,319,1002.9,0.0
2025-06-04T14:00,30.1,43,6.7,3,1003.5,0.0
2025-06-04T15:00,28.7,51,8.3,24,1004.6,0.0
2025-06-04T16:00,27.1,63,3.8,19,1005.6,0.0
2025-06-04T17:00,26.5,69,2.6,51,1005.9,0.0
2025-06-04T18:00,26.1,73,2.5,98,1005.7,0.0
2025-06-04T19:00,25.9,69,3.7,113,1005.1,0.0
2025-06-04T20:00,25.4,72,3.1,69,1005.1,0.0
2025-06-04T21:00,24.9,74,4.5,127,1004.3,0.0
2025-06-04T22:00,24.7,74,5.2,158,1004.8,0.0
2025-06-04T23:00,24.0,78,4.1,139,1005.3,0.0
2025-06-05T00:00,23.9,78,4.4,238,1006.5,0.0
2025-06-05T01:00,25.5,79,0.8,153,1007.3,0.0
2025-06-05T02:00,27.3,68,2.3,212,1007.9,0.0
2025-06-05T03:00,29.3,54,3.8,265,1008.5,0.0
2025-06-05T04:00,31.0,45,2.9,317,1008.6,0.0
2025-06-05T05:00,32.4,41,2.3,39,1008.2,0.0
2025-06-05T06:00,33.6,37,3.7,79,1007.6,0.0
2025-06-05T07:00,34.6,35,4.6,81,1006.8,0.0
2025-06-05T08:00,35.5,32,4.4,83,1005.9,0.0
2025-06-05T09:00,36.2,29,4.0,72,1004.9,0.0
2025-06-05T10:00,36.5,28,5.8,51,1004.2,0.0
2025-06-05T11:00,35.7,30,7.3,50,1004.0,0.0
2025-06-05T12:00,34.0,37,9.9,37,1004.2,0.2
2025-06-05T13:00,33.8,45,1.3,326,1004.3,0.0
2025-06-05T14:00,31.6,50,2.0,45,1005.0,0.0
2025-06-05T15:00,30.6,56,3.1,93,1005.8,0.0
2025-06-05T16:00,30.1,62,2.6,102,1006.4,0.0
2025-06-05T17:00,29.8,60,1.2,141,1006.8,0.0
2025-06-05T18:00,28.9,62,3.1,180,1006.7,0.0
2025-06-05T19:00,28.0,60,3.7,166,1006.1,0.0
2025-06-05T20:00,27.3,63,3.5,159,1005.6,0.0
2025-06-05T21:00,27.0,63,3.8,169,1005.5,0.0
2025-06-05T22:00,26.9,60,4.2,175,1005.5,0.0
2025-06-05T23:00,26.4,65,3.5,195,1005.8,0.0
2025-06-06T00:00,25.9,65,3.6,207,1006.0,0.0
2025-06-06T01:00,28.2,63,3.3,324,1006.8,0.0
2025-06-06T02:00,29.8,55,2.7,4,1007.0,0.0
2025-06-06T03:00,32.0,42,3.9,34,1007.1,0.0
2025-06-06T04:00,33.5,38,2.7,67,1007.1,0.0
2025-06-06T05:00,35.2,32,1.6,63,1006.9,0.0
2025-06-06T06:00,36.4,28,1.9,163,1006.1,0.0
2025-06-06T07:00,37.5,27,3.7,191,1005.2,0.0
2025-06-06T08:00,38.2,26,3.5,195,1004.4,0.0
2025-06-06T09:00,38.7,25,2.2,222,1003.6,0.0
2025-06-06T10:00,38.5,25,2.4,351,1002.8,0.0
2025-06-06T11:00,37.9,26,5.7,13,1002.4,0.0
2025-06-06T12:00,37.1,27,8.4,34,1002.4,0.0
2025-06-06T13:00,35.0,35,12.0,62,1002.9,0.0
2025-06-06T14:00,33.9,38,9.3,62,1003.4,0.0
2025-06-06T15:00,32.9,41,6.2,52,1003.7,0.0
2025-06-06T16:00,32.1,44,4.0,90,1004.4,0.0
2025-06-06T17:00,31.0,50,2.8,105,1004.5,0.0
2025-06-06T18:00,30.4,53,3.3,139,1004.1,0.0
2025-06-06T19:00,30.0,52,4.5,173,1003.6,0.0
2025-06-06T20:00,29.5,53,5.1,172,1003.6,0.0
2025-06-06T21:00,29.1,53,5.8,182,1003.4,0.0
2025-06-06T22:00,28.8,53,6.0,183,1003.3,0.0
2025-06-06T23:00,28.4,53,5.8,185,1003.6,0.0
2025-06-07T00:00,27.7,57,4.3,185,1004.2,0.0
2025-06-07T01:00,30.4,51,5.8,185,1004.9,0.0
2025-06-07T02:00,32.0,47,4.1,182,1005.4,0.0
2025-06-07T03:00,34.3,41,4.5,196,1005.6,0.0
2025-06-07T04:00,36.8,30,5.2,214,1005.4,0.0
2025-06-07T05:00,38.3,26,0.9,169,1004.8,0.0
2025-06-07T06:00,39.5,24,3.6,45,1004.3,0.0
2025-06-07T07:00,41.2,20,7.7,28,1003.2,0.0
2025-06-07T08:00,39.4,27,16.3,25,1003.0,0.1
2025-06-07T09:00,38.1,31,15.2,44,1002.4,0.1
2025-06-07T10:00,38.9,29,11.7,27,1001.4,0.0
2025-06-07T11:00,37.9,32,13.2,38,1001.1,0.0
2025-06-07T12:00,36.8,34,12.3,55,1000.9,0.0
2025-06-07T13:00,35.9,34,10.0,67,1001.4,0.0
2025-06-07T14:00,34.9,37,4.7,113,1001.6,0.0
2025-06-07T15:00,34.3,40,4.8,101,1001.6,0.0
2025-06-07T16:00,33.5,44,3.5,114,1002.0,0.0
2025-06-07T17:00,32.7,47,3.5,156,1002.3,0.0
2025-06-07T18:00,32.2,49,4.1,178,1002.1,0.0
2025-06-07T19:00,31.8,50,4.0,183,1001.7,0.0
2025-06-07T20:00,31.5,50,4.7,196,1001.5,0.0
2025-06-07T21:00,30.8,51,4.8,200,1001.4,0.0
2025-06-07T22:00,30.4,52,5.3,208,1001.6,0.0
2025-06-07T23:00,29.9,53,5.4,210,1002.0,0.0
2025-06-08T00:00,29.3,56,4.3,182,1002.3,0.0
2025-06-08T01:00,31.8,48,5.7,204,1003.5,0.0
2025-06-08T02:00,33.0,45,2.6,155,1004.1,0.0
2025-06-08T03:00,34.6,42,3.7,104,1004.3,0.0
2025-06-08T04:00,36.6,37,3.4,133,1004.1,0.0
2025-06-08T05:00,38.8,31,2.4,167,1003.6,0.0
2025-06-08T06:00,40.8,25,1.8,315,1002.8,0.0
2025-06-08T07:00,42.0,22,6.9,343,1001.7,0.0
2025-06-08T08:00,42.3,23,11.1,351,1000.7,0.0
2025-06-08T09:00,42.1,24,11.8,354,999.9,0.0
2025-06-08T10:00,42.5,21,10.6,346,999.1,0.0
2025-06-08T11:00,42.0,22,11.4,331,998.7,0.0
2025-06-08T12:00,41.2,24,10.9,308,998.5,0.0
2025-06-08T13:00,41.8,19,10.7,314,998.5,0.0
2025-06-08T14:00,39.0,31,7.5,20,998.8,0.0
2025-06-08T15:00,37.1,45,3.3,77,999.5,0.0
2025-06-08T16:00,36.4,46,4.8,151,999.8,0.0
2025-06-08T17:00,35.5,47,4.3,175,999.7,0.0
2025-06-08T18:00,35.0,46,4.1,218,999.4,0.0
2025-06-08T19:00,34.5,50,3.2,251,999.2,0.0
2025-06-08T20:00,34.1,43,4.9,260,999.1,0.0
2025-06-08T21:00,33.2,41,6.0,253,999.4,0.0
2025-06-08T22:00,31.4,48,3.7,281,999.6,0.0
2025-06-08T23:00,31.0,52,1.0,225,999.8,0.0
2025-06-09T00:00,30.2,56,1.5,300,1000.4,0.0
2025-06-09T01:00,32.8,44,3.9,304,1001.4,0.0
2025-06-09T02:00,34.2,41,4.7,293,1001.8,0.0
2025-06-09T03:00,36.5,35,3.9,283,1002.0,0.0
2025-06-09T04:00,38.6,30,7.6,282,1002.2,0.0
2025-06-09T05:00,40.4,24,9.7,292,1002.0,0.0
2025-06-09T06:00,41.8,20,10.4,302,1001.5,0.0
2025-06-09T07:00,42.8,19,10.6,317,1000.7,0.0
2025-06-09T08:00,43.4,18,11.6,330,999.6,0.0
2025-06-09T09:00,43.6,17,12.6,331,998.5,0.0
2025-06-09T10:00,43.6,16,13.8,318,997.6,0.0
2025-06-09T11:00,42.8,18,15.5,308,997.0,0.0
2025-06-09T12:00,42.0,20,14.4,306,996.9,0.0
2025-06-09T13:00,42.2,18,17.9,289,996.7,0.0
2025-06-09T14:00,41.3,17,16.1,288,996.8,0.0
2025-06-09T15:00,39.9,17,12.1,303,997.3,0.0
2025-06-09T16:00,38.0,20,7.3,306,997.6,0.0
2025-06-09T17:00,36.9,22,6.7,297,997.6,0.0
2025-06-09T18:00,36.3,22,6.8,297,997.6,0.0
2025-06-09T19:00,35.4,24,6.3,285,997.5,0.0
2025-06-09T20:00,34.0,27,5.6,263,997.4,0.0
2025-06-09T21:00,32.7,29,5.1,266,997.5,0.0
2025-06-09T22:00,31.8,30,5.1,266,998.1,0.0
2025-06-09T23:00,30.9,31,4.7,268,998.7,0.0
2025-06-10T00:00,30.6,29,6.2,277,999.5,0.0
2025-06-10T01:00,32.7,31,7.3,287,1000.6,0.0
2025-06-10T02:00,34.2,27,7.0,291,1001.0,0.0
2025-06-10T03:00,36.3,22,8.9,298,1001.2,0.0
2025-06-10T04:00,38.3,19,12.0,302,1001.2,0.0
2025-06-10T05:00,40.1,18,13.6,313,1001.1,0.0
2025-06-10T06:00,41.2,18,13.8,319,1000.7,0.0
2025-06-10T07:00,42.1,17,13.0,323,1000.0,0.0
2025-06-10T08:00,42.8,16,13.8,323,999.0,0.0
2025-06-10T09:00,43.1,16,13.6,323,998.0,0.0
2025-06-10T10:00,42.9,16,13.6,319,997.1,0.0
2025-06-10T11:00,42.6,16,13.0,312,996.6,0.0
2025-06-10T12:00,41.8,17,11.6,314,996.7,0.0
2025-06-10T13:00,42.0,17,11.1,302,996.5,0.0
2025-06-10T14:00,40.5,19,5.6,315,997.0,0.0
2025-06-10T15:00,38.7,29,2.3,342,997.4,0.0
2025-06-10T16:00,37.1,30,3.5,69,998.1,0.0
2025-06-10T17:00,35.7,40,3.4,137,998.6,0.0
2025-06-10T18:00,34.8,41,3.7,151,998.7,0.0
2025-06-10T19:00,34.0,43,4.1,139,998.8,0.0
2025-06-10T20:00,33.3,42,5.0,165,998.5,0.0
2025-06-10T21:00,32.4,43,4.5,187,998.2,0.0
2025-06-10T22:00,31.3,52,2.2,104,998.5,0.0
2025-06-10T23:00,30.9,57,0.4,207,999.5,0.0
2025-06-11T00:00,30.1,54,2.6,168,1000.2,0.0
2025-06-11T01:00,33.5,30,8.0,278,1000.2,0.0
2025-06-11T02:00,34.5,27,6.7,290,1000.9,0.0
2025-06-11T03:00,36.2,25,7.6,313,1001.1,0.0
2025-06-11T04:00,37.8,24,8.9,339,1001.5,0.0
2025-06-11T05:00,38.9,24,8.5,354,1001.2,0.0
2025-06-11T06:00,40.3,23,7.9,349,1000.8,0.0
2025-06-11T07:00,41.4,22,7.7,357,1000.2,0.0
2025-06-11T08:00,42.4,21,7.2,354,999.2,0.0
2025-06-11T09:00,42.8,21,8.5,359,998.2,0.0
2025-06-11T10:00,42.3,23,9.9,4,997.3,0.0
2025-06-11T11:00,41.3,27,10.9,9,997.1,0.0
2025-06-11T12:00,40.0,31,11.1,16,997.2,0.0
2025-06-11T13:00,39.0,35,10.2,56,997.9,0.0
2025-06-11T14:00,37.4,42,9.3,82,998.4,0.0
2025-06-11T15:00,36.4,48,8.9,108,998.7,0.0
2025-06-11T16:00,35.3,54,9.2,87,999.3,0.0
2025-06-11T17:00,34.4,59,7.8,99,999.7,0.0
2025-06-11T18:00,33.8,61,6.0,123,999.6,0.0
2025-06-11T19:00,33.4,61,6.5,141,999.6,0.0
2025-06-11T20:00,32.9,61,6.2,134,999.3,0.0
2025-06-11T21:00,32.4,63,5.9,128,999.5,0.0
2025-06-11T22:00,31.8,64,6.9,110,999.7,0.0
2025-06-11T23:00,31.2,66,6.7,110,1000.1,0.0
2025-06-12T00:00,30.7,68,6.7,109,1000.6,0.0
2025-06-12T01:00,32.2,64,5.6,121,1000.4,0.0
2025-06-12T02:00,33.6,58,5.9,135,1000.7,0.0
2025-06-12T03:00,35.5,50,5.1,129,1001.0,0.0
2025-06-12T04:00,37.1,47,7.1,97,1001.1,0.0
2025-06-12T05:00,38.8,42,8.3,112,1000.9,0.0
2025-06-12T06:00,39.6,42,10.3,103,1000.6,0.0
2025-06-12T07:00,40.0,42,10.3,106,999.8,0.0
2025-06-12T08:00,41.1,38,7.8,112,998.8,0.0
2025-06-12T09:00,41.8,36,6.1,113,997.6,0.0
2025-06-12T10:00,42.1,34,7.1,84,996.7,0.0
2025-06-12T11:00,40.6,38,7.7,91,996.9,0.0
2025-06-12T12:00,39.5,40,6.8,153,997.3,0.0
2025-06-12T13:00,39.2,36,10.1,79,997.8,0.0
2025-06-12T14:00,37.8,41,9.7,92,998.4,0.0
2025-06-12T15:00,37.0,45,8.6,90,998.8,0.0
2025-06-12T16:00,36.2,49,9.6,93,999.3,0.0
2025-06-12T17:00,35.2,53,8.9,96,999.6,0.0
2025-06-12T18:00,34.3,54,7.3,110,999.7,0.0
2025-06-12T19:00,33.5,55,8.8,107,999.8,0.0
2025-06-12T20:00,32.9,56,8.4,110,999.9,0.0
2025-06-12T21:00,32.4,56,8.1,118,1000.1,0.0
2025-06-12T22:00,31.9,58,7.6,118,1000.3,0.0
2025-06-12T23:00,31.3,61,6.9,113,1000.7,0.0
2025-06-13T00:00,31.0,63,7.8,109,1001.3,0.0
2025-06-13T01:00,33.1,62,6.4,119,1000.8,0.0
2025-06-13T02:00,34.3,58,7.9,135,1000.9,0.0
2025-06-13T03:00,36.1,49,9.1,146,1001.0,0.0
2025-06-13T04:00,38.0,42,7.9,120,1001.6,0.0
2025-06-13T05:00,39.2,39,9.3,103,1001.9,0.0
2025-06-13T06:00,39.7,40,11.1,102,1001.4,0.0
2025-06-13T07:00,39.0,45,12.5,97,1000.7,0.0
2025-06-13T08:00,38.8,47,12.8,119,1000.1,0.0
2025-06-13T09:00,39.8,43,8.7,137,999.1,0.0
2025-06-13T10:00,39.8,42,9.7,124,997.9,0.0
2025-06-13T11:00,39.4,43,10.3,101,997.9,0.0
2025-06-13T12:00,38.3,47,11.9,87,997.9,0.0
2025-06-13T13:00,35.6,49,12.1,105,999.4,0.0
2025-06-13T14:00,34.6,54,11.3,108,999.5,0.0
2025-06-13T15:00,34.0,57,9.2,94,999.9,0.0
2025-06-13T16:00,33.4,60,6.7,88,1000.3,0.0
2025-06-13T17:00,32.9,62,6.7,93,1000.3,0.0
2025-06-13T18:00,32.4,64,7.1,105,1000.0,0.0
2025-06-13T19:00,32.0,64,7.3,113,999.7,0.0
2025-06-13T20:00,31.7,65,7.8,116,999.4,0.0
2025-06-13T21:00,31.4,65,5.7,114,999.4,0.0
2025-06-13T22:00,31.0,67,5.1,113,999.5,0.0
2025-06-13T23:00,30.7,68,5.4,116,999.8,0.0
2025-06-14T00:00,30.3,70,5.5,101,1000.2,0.0
2025-06-14T01:00,30.7,69,6.0,81,1000.8,0.0
2025-06-14T02:00,32.1,64,6.0,83,1000.9,0.0
2025-06-14T03:00,34.0,58,6.0,81,1001.1,0.0
2025-06-14T04:00,35.9,52,5.9,88,1001.0,0.0
2025-06-14T05:00,37.7,46,5.5,101,1000.3,0.0
2025-06-14T06:00,39.4,39,4.8,110,999.4,0.0
2025-06-14T07:00,40.8,34,3.0,104,998.3,0.0
2025-06-14T08:00,42.0,31,1.7,72,997.2,0.0
2025-06-14T09:00,42.6,28,1.7,72,996.2,0.0
2025-06-14T10:00,42.6,28,6.5,24,995.0,0.0
2025-06-14T11:00,40.1,40,13.8,26,994.9,0.0
2025-06-14T12:00,38.6,42,5.6,68,995.0,0.0
2025-06-14T13:00,38.4,35,9.6,76,994.6,0.0
2025-06-14T14:00,37.3,38,7.8,95,995.3,0.0
2025-06-14T15:00,37.0,38,5.9,113,996.1,0.0
2025-06-14T16:00,36.3,39,7.6,137,996.8,0.0
2025-06-14T17:00,35.3,45,8.8,145,997.4,0.0
2025-06-14T18:00,34.8,47,8.1,155,997.4,0.0
2025-06-14T19:00,34.3,48,6.7,146,997.3,0.0
2025-06-14T20:00,33.6,49,6.2,134,997.2,0.0
2025-06-14T21:00,32.8,52,5.9,117,997.1,0.0
2025-06-14T22:00,32.1,54,5.3,147,997.4,0.0
2025-06-14T23:00,31.6,55,4.4,111,997.5,0.0
2025-06-15T00:00,31.2,57,4.0,117,997.9,0.0
2025-06-15T01:00,30.5,65,13.0,175,998.0,0.0
2025-06-15T02:00,32.0,60,13.5,193,998.1,0.0
2025-06-15T03:00,32.4,50,7.3,208,998.8,0.0
2025-06-15T04:00,35.2,41,2.6,141,998.7,0.0
2025-06-15T05:00,34.7,51,14.7,54,999.3,0.0
2025-06-15T06:00,32.3,61,13.7,69,998.9,0.0
2025-06-15T07:00,35.4,49,10.8,85,997.6,0.0
2025-06-15T08:00,37.5,42,11.2,92,996.6,0.0
2025-06-15T09:00,38.4,40,9.7,108,995.8,0.0
2025-06-15T10:00,37.6,41,7.6,115,995.4,0.0
2025-06-15T11:00,37.8,41,6.0,136,994.5,0.0
2025-06-15T12:00,37.8,41,4.6,129,994.3,0.0
2025-06-15T13:00,33.8,60,5.9,160,995.2,0.0
2025-06-15T14:00,33.4,61,5.5,169,996.2,0.0
2025-06-15T15:00,33.2,62,4.0,162,996.9,0.0
2025-06-15T16:00,32.8,67,2.4,117,998.2,0.0
2025-06-15T17:00,32.3,68,4.2,97,998.6,0.0
2025-06-15T18:00,31.7,72,4.7,99,998.6,0.0
2025-06-15T19:00,30.9,75,4.8,75,998.5,0.0
2025-06-15T20:00,30.2,80,5.2,56,997.9,0.0
2025-06-15T21:00,29.6,82,5.3,35,997.2,0.0
2025-06-15T22:00,29.4,83,5.4,82,997.6,0.0
2025-06-15T23:00,28.5,85,14.7,108,998.8,1.4
2025-06-16T00:00,25.4,92,13.5,128,999.4,4.2
2025-06-16T01:00,25.4,93,6.9,189,1000.4,8.7
2025-06-16T02:00,25.7,95,6.1,71,1000.0,1.7
2025-06-16T03:00,27.3,88,1.9,131,999.9,0.4
2025-06-16T04:00,27.5,88,2.0,117,1000.3,0.1
2025-06-16T05:00,27.6,88,4.1,52,1000.0,0.1
2025-06-16T06:00,30.6,75,8.4,100,999.6,0.0
2025-06-16T07:00,31.3,73,5.4,76,998.9,0.0
2025-06-16T08:00,31.5,72,6.2,73,998.1,0.0
2025-06-16T09:00,32.2,69,5.8,85,997.4,0.0
2025-06-16T10:00,32.4,67,3.4,72,996.7,0.0
2025-06-16T11:00,32.5,67,3.6,63,995.8,0.0
2025-06-16T12:00,32.2,69,5.2,56,995.4,0.0
2025-06-16T13:00,31.6,71,5.0,26,996.5,0.0
2025-06-16T14:00,30.4,76,6.3,35,997.2,0.0
2025-06-16T15:00,29.9,79,4.2,54,997.9,0.0
2025-06-16T16:00,29.7,80,5.8,36,998.7,0.0
2025-06-16T17:00,29.3,79,0.6,214,999.4,1.7
2025-06-16T18:00,27.0,95,7.0,13,999.8,6.2
2025-06-16T19:00,27.2,94,5.6,237,999.7,0.8
2025-06-16T20:00,26.8,93,10.1,123,999.0,0.3
2025-06-16T21:00,26.7,93,3.4,72,998.6,1.3
2025-06-16T22:00,26.6,94,4.8,79,998.6,0.9
2025-06-16T23:00,26.1,94,5.2,354,999.1,3.9
2025-06-17T00:00,25.5,93,9.8,97,1000.1,1.8
2025-06-17T01:00,26.5,93,5.2,34,999.9,0.7
2025-06-17T02:00,27.2,90,1.6,360,999.9,0.0
2025-06-17T03:00,28.1,85,5.0,26,1000.4,0.2
2025-06-17T04:00,29.6,79,5.0,21,1000.1,0.0
2025-06-17T05:00,31.2,74,5.1,51,1000.1,0.0
2025-06-17T06:00,32.4,68,5.5,77,999.7,0.0
2025-06-17T07:00,33.2,65,4.4,81,999.0,0.0
2025-06-17T08:00,33.7,64,3.9,74,998.3,0.0
2025-06-17T09:00,34.0,63,3.7,55,997.3,0.0
2025-06-17T10:00,33.8,64,5.9,47,996.3,0.0
2025-06-17T11:00,33.4,64,6.1,60,995.9,0.1
2025-06-17T12:00,33.2,66,4.6,64,996.0,0.0
2025-06-17T13:00,31.1,78,0.6,236,997.5,0.0
2025-06-17T14:00,30.4,82,1.9,214,998.0,0.0
2025-06-17T15:00,29.7,79,8.0,218,999.1,0.2
2025-06-17T16:00,28.2,84,9.3,224,1000.3,0.4
2025-06-17T17:00,27.3,84,6.6,227,1000.5,0.3
2025-06-17T18:00,27.0,81,5.0,224,1000.5,0.5
2025-06-17T19:00,26.3,84,2.3,219,1000.0,0.9
2025-06-17T20:00,25.6,88,4.6,149,999.5,0.6
2025-06-17T21:00,25.4,88,5.6,151,999.6,1.3
2025-06-17T22:00,24.9,86,5.5,58,999.2,0.5
2025-06-17T23:00,24.5,89,8.2,36,999.4,0.9
2025-06-18T00:00,24.4,91,5.1,67,999.3,0.7
2025-06-18T01:00,26.2,88,2.8,55,998.7,0.0
2025-06-18T02:00,26.9,86,6.1,148,999.0,0.0
2025-06-18T03:00,27.9,83,4.3,163,999.1,0.0
2025-06-18T04:00,29.1,79,3.8,172,999.4,0.0
2025-06-18T05:00,30.3,74,2.8,162,998.7,0.0
2025-06-18T06:00,31.4,69,3.4,162,998.3,0.0
2025-06-18T07:00,32.2,66,3.2,180,997.4,0.0
2025-06-18T08:00,32.8,63,2.5,176,996.6,0.0
2025-06-18T09:00,33.3,61,1.3,135,995.8,0.0
2025-06-18T10:00,33.5,59,2.3,157,994.9,0.0
2025-06-18T11:00,33.6,56,2.5,150,994.3,0.0
2025-06-18T12:00,33.6,55,1.9,124,994.2,0.0
2025-06-18T13:00,32.0,69,4.2,187,995.5,0.0
2025-06-18T14:00,30.8,74,5.5,191,996.0,0.0
2025-06-18T15:00,30.0,77,5.6,178,996.6,0.0
2025-06-18T16:00,29.4,80,4.9,163,997.1,0.0
2025-06-18T17:00,29.1,83,3.9,143,997.4,0.0
2025-06-18T18:00,28.8,84,3.9,127,996.9,0.0
2025-06-18T19:00,28.5,86,3.5,105,996.4,0.0
2025-06-18T20:00,28.1,88,4.4,128,996.0,0.0
2025-06-18T21:00,27.9,89,3.7,101,995.7,0.0
2025-06-18T22:00,27.7,89,4.4,97,995.4,0.0
2025-06-18T23:00,27.6,87,5.3,125,995.6,0.0
2025-06-19T00:00,27.5,84,6.7,153,996.1,0.0
2025-06-19T01:00,27.2,87,4.9,176,996.3,0.0
2025-06-19T02:00,28.3,83,2.2,145,996.8,0.0
2025-06-19T03:00,29.7,76,3.0,115,997.1,0.0
2025-06-19T04:00,30.8,73,5.3,100,997.5,0.0
2025-06-19T05:00,31.5,70,7.2,103,997.2,0.0
2025-06-19T06:00,31.6,68,7.1,105,996.8,0.1
2025-06-19T07:00,32.4,66,8.5,117,996.5,0.0
2025-06-19T08:00,32.5,63,9.7,132,996.1,0.0
2025-06-19T09:00,32.9,61,8.7,128,995.5,0.0
2025-06-19T10:00,32.7,61,8.4,118,994.8,0.0
2025-06-19T11:00,32.8,61,8.5,115,994.1,0.0
2025-06-19T12:00,32.0,65,9.1,122,994.5,0.0
2025-06-19T13:00,31.6,68,4.3,112,995.0,0.0
2025-06-19T14:00,30.4,75,5.5,113,995.8,0.0
2025-06-19T15:00,29.8,79,5.0,103,995.9,0.0
2025-06-19T16:00,29.4,82,5.4,105,996.9,0.0
2025-06-19T17:00,28.9,85,5.7,125,997.7,0.0
2025-06-19T18:00,28.3,87,3.7,129,997.8,0.0
2025-06-19T19:00,27.9,87,4.9,126,997.9,0.0
2025-06-19T20:00,27.6,87,4.6,108,998.1,0.1
2025-06-19T21:00,27.4,89,3.9,103,997.2,0.0
2025-06-19T22:00,26.4,93,10.3,133,998.4,1.1
2025-06-19T23:00,26.0,95,7.1,135,998.2,0.2
2025-06-20T00:00,26.0,94,6.9,110,998.5,0.0
2025-06-20T01:00,27.5,92,5.7,114,998.4,0.0
2025-06-20T02:00,28.2,89,5.3,98,999.1,0.0
2025-06-20T03:00,29.1,83,7.2,109,999.6,0.0
2025-06-20T04:00,30.0,79,9.5,112,999.8,0.2
2025-06-20T05:00,30.4,77,9.5,111,999.6,0.1
2025-06-20T06:00,31.4,74,8.2,99,999.3,0.1
2025-06-20T07:00,31.4,73,10.1,102,999.0,0.1
2025-06-20T08:00,30.0,77,10.0,98,998.6,0.7
2025-06-20T09:00,30.6,74,9.2,91,998.0,0.0
2025-06-20T10:00,31.0,72,8.4,106,997.3,0.0
2025-06-20T11:00,30.8,73,7.9,106,997.4,0.0
2025-06-20T12:00,30.6,75,9.0,87,997.3,0.0
2025-06-20T13:00,30.3,78,6.5,124,998.1,0.0
2025-06-20T14:00,29.3,83,6.4,117,998.9,0.0
2025-06-20T15:00,28.6,86,6.1,113,999.3,0.0
2025-06-20T16:00,28.2,88,6.6,116,1000.2,0.0
2025-06-20T17:00,27.8,90,6.3,121,1000.4,0.0
2025-06-20T18:00,27.6,91,6.6,116,1000.6,0.0
2025-06-20T19:00,27.4,93,6.4,115,1000.4,0.0
2025-06-20T20:00,27.0,94,6.7,114,999.9,0.0
2025-06-20T21:00,26.8,93,6.8,119,999.7,0.0
2025-06-20T22:00,26.6,93,4.8,112,999.5,0.0
2025-06-20T23:00,26.4,93,3.8,109,999.8,0.0
2025-06-21T00:00,26.2,94,2.5,94,1000.2,0.0
2025-06-21T01:00,27.3,92,5.3,152,1001.2,0.9
2025-06-21T02:00,28.1,90,1.8,96,1001.3,0.2
2025-06-21T03:00,29.4,84,3.6,117,1001.2,0.0
2025-06-21T04:00,31.0,73,5.9,128,1001.2,0.0
2025-06-21T05:00,32.4,65,6.9,131,1000.7,0.0
2025-06-21T06:00,33.4,61,7.3,132,1000.1,0.0
2025-06-21T07:00,34.1,57,6.6,139,999.2,0.1
2025-06-21T08:00,34.6,55,5.3,142,998.4,0.1
2025-06-21T09:00,35.1,54,4.6,149,997.4,0.2
2025-06-21T10:00,35.0,55,3.7,151,997.0,0.2
2025-06-21T11:00,34.9,56,2.9,137,996.5,0.0
2025-06-21T12:00,34.5,59,2.3,135,996.5,0.0
2025-06-21T13:00,32.6,69,2.5,120,997.4,0.0
2025-06-21T14:00,31.4,77,3.7,113,998.0,0.0
2025-06-21T15:00,31.0,80,4.0,120,998.4,0.0
2025-06-21T16:00,30.5,82,3.6,108,999.0,0.0
2025-06-21T17:00,30.0,85,3.8,85,999.5,0.0
2025-06-21T18:00,29.6,87,5.1,107,999.4,0.0
2025-06-21T19:00,29.2,88,5.2,117,999.3,0.0
2025-06-21T20:00,29.0,88,4.7,148,998.8,0.0
2025-06-21T21:00,28.7,87,4.5,164,998.0,0.0
2025-06-21T22:00,28.5,87,5.2,168,998.1,0.0
2025-06-21T23:00,28.3,88,3.7,169,998.6,0.0
2025-06-22T00:00,28.2,88,4.0,175,999.0,0.0
2025-06-22T01:00,29.8,81,4.7,178,999.3,0.0
2025-06-22T02:00,30.6,79,4.4,161,999.7,0.0
2025-06-22T03:00,31.7,71,2.2,189,1000.2,0.0
2025-06-22T04:00,32.9,64,3.9,196,1000.2,0.0
2025-06-22T05:00,33.8,60,3.8,175,1000.2,0.0
2025-06-22T06:00,34.3,59,3.1,173,999.8,0.0
2025-06-22T07:00,31.8,69,12.8,106,999.5,1.2
2025-06-22T08:00,32.2,68,3.5,69,998.5,0.2
2025-06-22T09:00,33.2,65,2.9,68,997.3,0.1
2025-06-22T10:00,33.8,63,3.6,63,996.5,0.0
2025-06-22T11:00,33.8,63,5.0,88,996.0,0.0
2025-06-22T12:00,33.5,64,4.8,105,995.8,0.0
2025-06-22T13:00,32.2,68,7.3,101,996.6,0.0
2025-06-22T14:00,31.1,74,4.9,114,997.1,0.0
2025-06-22T15:00,30.6,78,4.5,127,997.6,0.0
2025-06-22T16:00,30.1,80,5.3,142,998.3,0.0
2025-06-22T17:00,29.6,82,3.6,147,998.5,0.0
2025-06-22T18:00,29.3,84,4.1,146,998.6,0.0
2025-06-22T19:00,29.1,85,5.0,136,998.3,0.0
2025-06-22T20:00,28.8,86,5.2,136,997.9,0.0
2025-06-22T21:00,28.4,88,3.5,129,997.5,0.0
2025-06-22T22:00,28.2,89,3.3,135,997.5,0.0
2025-06-22T23:00,27.9,92,1.9,158,998.0,0.0
2025-06-23T00:00,27.9,92,2.0,117,997.9,0.0
2025-06-23T01:00,29.4,89,0.4,297,997.3,0.0
2025-06-23T02:00,30.4,81,6.2,134,997.6,0.0
2025-06-23T03:00,31.2,78,3.9,146,997.9,0.0
2025-06-23T04:00,32.4,72,1.5,135,998.2,0.0
2025-06-23T05:00,33.6,64,4.9,80,998.2,0.0
2025-06-23T06:00,34.5,59,7.7,60,997.4,0.0
2025-06-23T07:00,35.0,57,6.8,73,996.4,0.0
2025-06-23T08:00,35.6,54,6.1,58,995.2,0.0
2025-06-23T09:00,35.7,53,6.4,45,994.4,0.0
2025-06-23T10:00,35.7,53,7.7,49,993.3,0.0
2025-06-23T11:00,35.3,54,8.6,54,992.6,0.0
2025-06-23T12:00,34.3,59,8.9,76,992.4,0.0
2025-06-23T13:00,33.0,65,8.5,148,994.5,0.0
2025-06-23T14:00,32.0,70,6.8,138,994.9,0.0
2025-06-23T15:00,31.2,75,5.3,114,995.5,0.0
2025-06-23T16:00,30.6,79,5.3,114,996.5,0.0
2025-06-23T17:00,29.8,83,6.2,126,996.8,0.0
2025-06-23T18:00,29.4,84,5.7,125,996.8,0.0
2025-06-23T19:00,28.9,85,5.4,116,997.0,0.0
2025-06-23T20:00,28.5,87,5.5,117,996.3,0.0
2025-06-23T21:00,28.2,88,6.3,121,995.9,0.0
2025-06-23T22:00,27.9,90,7.1,120,995.5,0.0
2025-06-23T23:00,27.6,91,5.1,126,995.7,0.0
2025-06-24T00:00,27.4,92,5.1,135,996.6,0.0
2025-06-24T01:00,27.8,86,5.2,76,996.5,0.0
2025-06-24T02:00,28.3,84,4.2,121,997.0,0.0
2025-06-24T03:00,30.2,76,3.7,104,997.1,0.0
2025-06-24T04:00,31.8,70,4.2,137,997.4,0.0
2025-06-24T05:00,33.1,65,4.2,155,997.1,0.0
2025-06-24T06:00,34.4,59,3.2,161,996.7,0.0
2025-06-24T07:00,35.9,53,3.5,156,995.9,0.0
2025-06-24T08:00,36.6,50,3.7,141,994.9,0.0
2025-06-24T09:00,36.8,48,1.5,135,994.0,0.1
2025-06-24T10:00,36.5,48,2.5,82,993.4,0.3
2025-06-24T11:00,36.0,50,6.7,85,992.7,0.1
2025-06-24T12:00,35.2,54,7.9,90,992.7,0.0
2025-06-24T13:00,32.0,77,3.8,93,994.3,0.0
2025-06-24T14:00,31.7,78,3.5,105,994.9,0.0
2025-06-24T15:00,31.3,81,4.1,124,995.4,0.0
2025-06-24T16:00,31.2,82,3.3,126,996.3,0.0
2025-06-24T17:00,30.8,83,6.0,117,996.9,0.0
2025-06-24T18:00,30.4,83,6.2,102,997.1,0.0
2025-06-24T19:00,30.0,83,7.3,107,997.2,0.0
2025-06-24T20:00,29.7,81,8.1,114,997.2,0.2
2025-06-24T21:00,29.1,82,9.1,128,996.7,0.0
2025-06-24T22:00,28.4,84,9.2,206,997.5,0.6
2025-06-24T23:00,27.0,93,9.4,35,998.1,3.7
2025-06-25T00:00,26.7,94,4.2,83,998.1,1.1
2025-06-25T01:00,27.4,94,5.2,86,998.4,0.1
2025-06-25T02:00,27.9,92,9.0,85,998.9,0.0
2025-06-25T03:00,28.3,89,10.5,96,1000.3,0.1
2025-06-25T04:00,28.4,87,10.6,92,1000.6,0.1
2025-06-25T05:00,28.2,88,10.6,92,1000.8,0.2
2025-06-25T06:00,28.5,86,12.0,97,1000.8,0.4
2025-06-25T07:00,28.5,86,11.4,93,1000.4,0.7
2025-06-25T08:00,30.1,79,8.7,94,999.6,0.1
2025-06-25T09:00,31.3,72,9.2,94,998.6,0.0
2025-06-25T10:00,31.7,71,9.7,93,997.5,0.0
2025-06-25T11:00,32.0,70,8.7,96,996.8,0.0
2025-06-25T12:00,32.0,69,7.3,97,996.3,0.0
2025-06-25T13:00,30.9,79,5.8,76,997.6,0.0
2025-06-25T14:00,29.8,84,6.3,77,998.2,0.0
2025-06-25T15:00,29.2,87,5.8,85,999.1,0.0
2025-06-25T16:00,28.8,89,8.3,88,1000.0,0.0
2025-06-25T17:00,28.5,89,8.8,94,1000.6,0.0
2025-06-25T18:00,28.4,89,8.5,89,1001.3,0.0
2025-06-25T19:00,28.2,90,9.5,91,1000.4,0.0
2025-06-25T20:00,28.1,91,6.1,88,1000.6,0.0
2025-06-25T21:00,26.8,94,6.4,164,1000.9,6.3
2025-06-25T22:00,25.9,95,4.4,102,1000.4,6.4
2025-06-25T23:00,26.2,94,7.1,135,1001.1,0.9
2025-06-26T00:00,26.2,95,8.0,95,1001.7,6.2
2025-06-26T01:00,28.4,88,6.7,117,1001.4,0.0
2025-06-26T02:00,29.2,85,6.4,100,1002.1,0.0
2025-06-26T03:00,30.4,81,6.3,105,1002.4,0.0
2025-06-26T04:00,31.6,73,8.6,119,1002.6,0.1
2025-06-26T05:00,32.5,68,8.2,98,1002.6,0.0
2025-06-26T06:00,33.3,64,9.1,97,1002.0,0.0
2025-06-26T07:00,33.8,62,10.7,102,1001.2,0.0
2025-06-26T08:00,34.3,60,10.2,97,1000.2,0.0
2025-06-26T09:00,34.5,58,9.4,90,999.1,0.0
2025-06-26T10:00,34.4,58,9.0,84,998.0,0.0
2025-06-26T11:00,34.0,60,9.0,80,997.4,0.0
2025-06-26T12:00,33.5,64,8.6,91,997.2,0.0
2025-06-26T13:00,32.5,71,6.1,76,998.2,0.0
2025-06-26T14:00,31.4,77,4.7,81,998.8,0.0
2025-06-26T15:00,30.9,78,7.6,93,999.1,0.0
2025-06-26T16:00,30.5,79,8.9,97,999.6,0.0
2025-06-26T17:00,30.1,79,8.7,108,1000.4,0.0
2025-06-26T18:00,29.6,80,8.0,106,1000.4,0.0
2025-06-26T19:00,29.2,81,7.7,99,1000.5,0.0
2025-06-26T20:00,28.8,83,6.2,97,1000.3,0.0
2025-06-26T21:00,28.5,85,6.3,83,1000.3,0.0
2025-06-26T22:00,28.2,86,7.7,79,1000.0,0.0
2025-06-26T23:00,27.9,86,8.1,86,999.9,0.0
2025-06-27T00:00,27.7,86,7.9,93,999.7,0.0
2025-06-27T01:00,29.2,83,6.8,112,1000.6,0.0
2025-06-27T02:00,29.9,80,6.5,104,1001.3,0.0
2025-06-27T03:00,30.4,77,7.5,100,1001.0,0.4
2025-06-27T04:00,30.7,75,8.1,103,1001.4,1.5
2025-06-27T05:00,31.4,74,6.3,127,1001.7,0.1
2025-06-27T06:00,32.1,71,5.2,119,1001.1,0.1
2025-06-27T07:00,32.6,69,4.5,104,1000.1,0.1
2025-06-27T08:00,33.4,67,5.7,101,999.0,0.1
2025-06-27T09:00,33.7,65,7.9,106,998.2,0.2
2025-06-27T10:00,33.7,63,7.6,91,996.9,0.0
2025-06-27T11:00,33.5,63,7.1,83,996.4,0.0
2025-06-27T12:00,33.0,66,6.9,83,996.4,0.0
2025-06-27T13:00,32.7,69,5.9,76,997.4,0.0
2025-06-27T14:00,31.6,74,5.5,103,997.7,0.0
2025-06-27T15:00,30.9,76,6.5,124,998.5,0.0
2025-06-27T16:00,30.2,79,5.0,128,999.6,0.0
2025-06-27T17:00,29.8,82,4.2,130,1000.1,0.0
2025-06-27T18:00,29.4,85,3.7,104,1000.6,0.0
2025-06-27T19:00,28.7,86,9.3,82,1000.6,0.1
2025-06-27T20:00,27.2,91,2.4,167,1000.7,1.3
2025-06-27T21:00,26.7,93,5.9,149,1000.7,4.6
2025-06-27T22:00,26.0,95,8.4,124,1000.3,1.5
2025-06-27T23:00,25.7,95,6.2,123,999.8,0.0
2025-06-28T00:00,25.6,94,4.8,153,1000.3,0.0
2025-06-28T01:00,28.3,90,2.5,240,999.9,0.0
2025-06-28T02:00,29.5,82,1.8,37,999.9,0.0
2025-06-28T03:00,30.5,79,3.4,87,1000.1,0.0
2025-06-28T04:00,31.8,71,4.0,95,999.7,0.0
2025-06-28T05:00,32.9,63,4.0,108,999.4,0.0
2025-06-28T06:00,33.9,59,4.4,111,999.0,0.0
2025-06-28T07:00,34.8,55,3.4,115,998.2,0.0
2025-06-28T08:00,35.5,54,1.7,122,997.1,0.0
2025-06-28T09:00,36.0,53,2.0,153,995.8,0.0
2025-06-28T10:00,36.2,52,3.1,187,994.9,0.0
2025-06-28T11:00,35.8,52,5.2,229,994.4,0.0
2025-06-28T12:00,35.0,54,3.4,295,994.5,0.0
2025-06-28T13:00,31.4,75,2.7,138,996.1,0.0
2025-06-28T14:00,31.0,80,2.6,102,996.7,0.0
2025-06-28T15:00,30.7,81,3.9,124,996.9,0.0
2025-06-28T16:00,30.5,83,3.7,141,997.8,0.0
2025-06-28T17:00,30.0,84,5.3,118,998.0,0.0
2025-06-28T18:00,29.3,88,5.3,98,998.0,0.0
2025-06-28T19:00,27.5,93,8.4,135,997.7,9.4
2025-06-28T20:00,26.9,95,10.1,130,997.8,5.7
2025-06-28T21:00,26.5,97,6.2,100,997.0,0.1
2025-06-28T22:00,26.3,96,4.7,92,996.6,0.2
2025-06-28T23:00,26.2,96,7.1,97,996.8,0.2
2025-06-29T00:00,26.1,97,6.3,117,996.8,0.1
2025-06-29T01:00,28.3,95,4.6,162,996.5,0.0
2025-06-29T02:00,29.0,90,1.0,112,996.5,0.0
2025-06-29T03:00,29.8,83,3.3,103,996.9,0.0
2025-06-29T04:00,30.0,81,4.6,111,996.9,0.0
2025-06-29T05:00,30.8,77,6.7,121,996.6,0.0
2025-06-29T06:00,31.9,70,6.1,140,996.6,0.0
2025-06-29T07:00,33.2,62,5.3,147,995.9,0.0
2025-06-29T08:00,33.3,62,2.3,135,995.5,0.2
2025-06-29T09:00,32.0,68,3.7,235,994.9,0.4
2025-06-29T10:00,32.0,67,5.9,232,994.1,0.0
2025-06-29T11:00,31.6,70,3.9,227,993.5,0.1
2025-06-29T12:00,31.5,71,2.3,231,993.1,0.0
2025-06-29T13:00,30.6,74,6.3,195,995.1,0.0
2025-06-29T14:00,30.0,78,5.1,190,995.6,0.0
2025-06-29T15:00,29.5,81,3.8,177,996.2,0.0
2025-06-29T16:00,29.1,83,5.7,134,996.6,0.0
2025-06-29T17:00,28.8,85,5.5,131,997.0,0.0
2025-06-29T18:00,28.5,86,5.2,146,996.8,0.0
2025-06-29T19:00,28.2,88,3.9,146,996.4,0.0
2025-06-29T20:00,27.5,88,6.4,36,996.5,1.3
2025-06-29T21:00,25.5,96,8.3,114,996.4,3.0
2025-06-29T22:00,25.2,98,7.9,94,996.9,1.7
2025-06-29T23:00,25.3,96,3.8,115,996.9,0.1
2025-06-30T00:00,25.3,96,4.9,94,997.2,0.2
2025-06-30T01:00,26.1,95,6.6,49,997.6,0.7
2025-06-30T02:00,26.0,94,8.5,136,998.0,0.3
2025-06-30T03:00,26.7,86,6.3,153,998.5,0.1
2025-06-30T04:00,28.2,79,7.4,184,998.8,0.1
2025-06-30T05:00,29.6,76,5.0,251,998.7,0.0
2025-06-30T06:00,30.4,74,4.7,288,998.7,0.1
2025-06-30T07:00,31.1,73,0.0,270,998.0,0.3
2025-06-30T08:00,31.6,73,1.1,342,997.2,0.3
2025-06-30T09:00,32.0,71,1.5,7,996.0,0.2
2025-06-30T10:00,29.7,79,6.8,138,995.9,7.3
2025-06-30T11:00,26.7,93,0.5,315,996.1,4.1
2025-06-30T12:00,27.0,92,3.1,121,995.5,0.3
2025-06-30T13:00,28.7,85,2.0,170,996.5,0.0
2025-06-30T14:00,28.2,88,5.6,21,997.4,0.1
2025-06-30T15:00,27.5,92,6.5,71,997.7,0.6
2025-06-30T16:00,26.7,96,2.1,200,999.1,0.6
2025-06-30T17:00,26.7,97,3.7,67,999.1,0.8
2025-06-30T18:00,26.5,97,2.5,98,999.3,0.0
2025-06-30T19:00,26.3,98,2.0,135,998.8,0.0
2025-06-30T20:00,26.2,98,1.1,9,998.4,0.0
2025-06-30T21:00,25.9,96,5.2,61,998.0,0.0
2025-06-30T22:00,25.4,95,6.6,47,998.2,0.0
2025-06-30T23:00,24.8,97,4.7,58,998.4,0.0
2025-07-01T00:00,25.0,96,5.0,69,998.9,0.0
2025-07-01T01:00,26.0,98,6.7,99,998.8,0.6
2025-07-01T02:00,26.4,97,4.8,59,999.7,1.6
2025-07-01T03:00,26.8,97,4.6,45,1000.8,2.3
2025-07-01T04:00,26.7,95,4.9,33,1001.1,1.4
2025-07-01T05:00,28.2,87,4.9,57,1000.4,0.2
2025-07-01T06:00,30.9,71,7.1,84,999.9,0.0
2025-07-01T07:00,32.0,65,7.4,94,998.9,0.0
2025-07-01T08:00,32.8,61,8.1,90,997.7,0.0
2025-07-01T09:00,33.0,59,7.1,99,996.2,0.0
2025-07-01T10:00,33.2,60,6.0,99,995.7,0.0
2025-07-01T11:00,32.9,61,5.1,86,995.3,0.0
2025-07-01T12:00,32.4,64,4.8,68,995.1,0.0
2025-07-01T13:00,30.9,74,4.4,125,996.5,0.0
2025-07-01T14:00,29.8,81,2.9,133,997.1,0.0
2025-07-01T15:00,29.7,84,1.2,129,997.7,0.0
2025-07-01T16:00,29.3,85,2.6,102,998.4,0.0
2025-07-01T17:00,28.8,86,3.5,102,998.9,0.0
2025-07-01T18:00,28.4,89,3.1,103,998.9,0.0
2025-07-01T19:00,28.0,91,2.8,101,999.1,0.0
2025-07-01T20:00,27.8,92,3.1,87,998.6,0.0
2025-07-01T21:00,27.6,92,4.2,102,998.5,0.0
2025-07-01T22:00,27.3,93,3.4,115,998.3,0.0
2025-07-01T23:00,27.1,94,3.8,93,998.5,0.0
2025-07-02T00:00,27.0,94,3.6,90,998.9,0.0
2025-07-02T01:00,27.5,91,5.2,92,998.9,0.1
2025-07-02T02:00,28.4,88,3.9,74,999.4,0.0
2025-07-02T03:00,29.8,81,5.2,86,999.5,0.0
2025-07-02T04:00,31.1,73,8.3,89,999.5,0.1
2025-07-02T05:00,31.7,73,9.0,93,999.3,0.1
2025-07-02T06:00,32.6,69,9.6,102,998.9,0.0
2025-07-02T07:00,32.3,67,11.4,103,998.5,1.1
2025-07-02T08:00,31.9,70,6.9,70,997.6,0.9
2025-07-02T09:00,32.8,70,6.4,74,996.5,0.0
2025-07-02T10:00,33.1,69,6.8,87,995.6,0.0
2025-07-02T11:00,32.8,70,6.2,102,995.3,0.1
2025-07-02T12:00,31.9,71,6.1,95,995.6,1.3
2025-07-02T13:00,31.6,73,7.9,103,996.3,0.0
2025-07-02T14:00,30.5,79,6.2,112,997.0,0.0
2025-07-02T15:00,30.0,83,5.2,119,998.0,0.0
2025-07-02T16:00,29.6,84,7.0,111,998.7,0.0
2025-07-02T17:00,29.2,85,6.5,113,999.1,0.0
2025-07-02T18:00,28.7,87,6.4,100,999.1,0.0
2025-07-02T19:00,28.2,87,7.6,97,999.1,0.0
2025-07-02T20:00,27.8,88,8.4,97,999.0,0.0
2025-07-02T21:00,27.5,90,6.2,111,998.7,0.0
2025-07-02T22:00,27.2,92,7.2,109,998.6,0.0
2025-07-02T23:00,27.0,93,7.0,116,999.0,0.0
2025-07-03T00:00,26.8,93,8.5,107,999.6,0.0
2025-07-03T01:00,27.4,89,7.0,93,999.4,0.0
2025-07-03T02:00,28.0,87,5.8,92,999.8,0.0
2025-07-03T03:00,29.3,81,6.3,90,1000.4,0.0
2025-07-03T04:00,30.8,72,10.6,109,1000.2,0.0
2025-07-03T05:00,31.8,68,9.6,110,1000.1,0.1
2025-07-03T06:00,32.5,64,9.9,119,999.6,0.1
2025-07-03T07:00,33.0,64,8.4,127,999.0,0.1
2025-07-03T08:00,33.4,62,6.8,127,997.9,0.1
2025-07-03T09:00,33.5,62,6.0,117,997.2,0.1
2025-07-03T10:00,33.3,62,5.4,111,996.4,0.1
2025-07-03T11:00,33.4,63,5.3,100,995.7,0.0
2025-07-03T12:00,32.8,65,5.6,73,995.9,0.2
2025-07-03T13:00,32.0,71,4.6,101,997.1,0.0
2025-07-03T14:00,31.1,78,3.2,93,997.9,0.0
2025-07-03T15:00,30.5,81,4.0,95,998.6,0.0
2025-07-03T16:00,29.9,84,4.7,81,999.4,0.0
2025-07-03T17:00,29.5,85,6.0,80,999.8,0.0
2025-07-03T18:00,29.1,85,7.4,96,999.8,0.0
2025-07-03T19:00,28.7,85,7.6,105,999.6,0.0
2025-07-03T20:00,28.1,87,8.0,106,999.4,0.0
2025-07-03T21:00,27.7,88,6.9,113,999.3,0.0
2025-07-03T22:00,27.4,90,6.4,126,999.3,0.0
2025-07-03T23:00,27.1,91,6.3,129,999.7,0.0
2025-07-04T00:00,26.8,93,3.7,119,999.9,0.0
2025-07-04T01:00,28.2,91,6.2,120,1000.0,0.0
2025-07-04T02:00,28.9,86,5.0,109,1000.3,0.0
2025-07-04T03:00,29.9,80,3.9,112,1000.3,0.0
2025-07-04T04:00,31.2,74,4.2,108,1000.3,0.0
2025-07-04T05:00,32.3,68,4.2,115,1000.2,0.0
2025-07-04T06:00,33.3,62,4.8,112,999.9,0.0
2025-07-04T07:00,34.1,60,5.1,113,999.1,0.0
2025-07-04T08:00,34.3,60,4.4,117,998.3,0.0
2025-07-04T09:00,34.2,61,2.8,50,997.6,0.2
2025-07-04T10:00,34.1,62,2.6,34,996.7,0.1
2025-07-04T11:00,34.1,61,3.3,29,995.7,0.0
2025-07-04T12:00,33.8,63,5.8,39,995.6,0.0
2025-07-04T13:00,30.0,78,4.1,41,997.4,0.2
2025-07-04T14:00,29.5,81,4.3,75,997.1,0.0
2025-07-04T15:00,29.5,83,3.2,164,998.3,0.0
2025-07-04T16:00,29.4,85,4.1,131,998.9,0.0
2025-07-04T17:00,29.1,87,4.0,87,999.4,0.1
2025-07-04T18:00,28.8,88,6.7,95,999.3,0.0
2025-07-04T19:00,28.6,87,6.5,98,999.0,0.0
2025-07-04T20:00,28.4,88,6.4,140,999.2,0.0
2025-07-04T21:00,27.1,92,6.1,34,999.4,2.1
2025-07-04T22:00,26.8,94,2.0,170,999.1,0.6
2025-07-04T23:00,26.7,94,4.9,73,998.6,0.2
2025-07-05T00:00,26.5,95,1.7,58,999.0,0.0
2025-07-05T01:00,29.3,84,3.3,171,998.7,0.0
2025-07-05T02:00,30.1,80,3.1,208,998.6,0.0
2025-07-05T03:00,31.2,74,1.2,219,998.6,0.0
2025-07-05T04:00,32.7,66,1.3,254,998.7,0.0
2025-07-05T05:00,33.8,62,2.1,232,998.3,0.0
2025-07-05T06:00,34.9,57,1.0,329,997.9,0.0
2025-07-05T07:00,35.4,55,1.6,360,997.2,0.2
2025-07-05T08:00,35.5,55,1.3,352,996.5,0.1
2025-07-05T09:00,35.9,54,1.0,112,995.5,0.0
2025-07-05T10:00,35.6,54,6.0,131,994.6,0.0
2025-07-05T11:00,34.8,58,6.2,105,994.2,0.2
2025-07-05T12:00,34.3,60,6.3,93,994.0,0.0
2025-07-05T13:00,33.1,62,6.8,88,995.5,0.3
2025-07-05T14:00,31.7,70,5.4,111,996.3,0.1
2025-07-05T15:00,30.7,77,8.9,119,997.1,0.0
2025-07-05T16:00,29.8,80,7.9,123,998.2,0.0
2025-07-05T17:00,29.4,82,4.2,144,998.7,0.0
2025-07-05T18:00,29.2,83,4.2,144,999.0,0.0
2025-07-05T19:00,28.7,85,3.8,109,998.6,0.0
2025-07-05T20:00,28.4,86,5.2,153,998.1,0.0
2025-07-05T21:00,28.2,87,5.8,194,998.0,0.0
2025-07-05T22:00,27.6,89,4.7,230,997.9,0.1
2025-07-05T23:00,27.4,91,4.0,210,997.8,0.0
2025-07-06T00:00,27.4,92,2.9,330,997.7,0.0
2025-07-06T01:00,27.8,85,5.6,312,997.8,0.6
2025-07-06T02:00,28.9,79,3.8,360,998.1,0.1
2025-07-06T03:00,30.3,74,5.2,346,999.1,0.0
2025-07-06T04:00,31.4,71,5.2,333,999.5,0.0
2025-07-06T05:00,33.0,64,5.2,326,999.1,0.0
2025-07-06T06:00,34.4,58,3.3,36,998.2,0.1
2025-07-06T07:00,34.7,57,2.2,55,997.6,0.5
2025-07-06T08:00,35.6,55,1.0,68,996.6,0.0
2025-07-06T09:00,35.6,55,2.0,90,995.8,0.1
2025-07-06T10:00,35.4,55,3.5,118,994.9,0.0
2025-07-06T11:00,35.3,55,2.1,165,994.3,0.0
2025-07-06T12:00,35.1,56,2.8,162,994.4,0.0
2025-07-06T13:00,33.1,66,2.3,122,994.7,0.0
2025-07-06T14:00,32.8,69,2.5,150,995.4,0.0
2025-07-06T15:00,32.1,72,2.3,148,996.5,0.0
2025-07-06T16:00,31.1,77,6.0,131,997.4,0.0
2025-07-06T17:00,30.2,79,7.7,150,997.4,0.0
2025-07-06T18:00,27.6,87,5.9,305,999.7,6.5
2025-07-06T19:00,26.5,94,4.1,285,999.4,5.1
2025-07-06T20:00,26.5,94,0.4,117,999.3,0.0
2025-07-06T21:00,26.5,94,1.6,243,998.4,0.0
2025-07-06T22:00,26.4,94,3.0,107,998.3,0.0
2025-07-06T23:00,26.2,96,4.9,98,998.4,0.0
2025-07-07T00:00,26.0,97,5.2,65,999.1,0.0
2025-07-07T01:00,26.1,97,3.3,135,999.7,1.2
2025-07-07T02:00,26.3,95,3.7,305,999.8,2.3
2025-07-07T03:00,26.4,97,6.8,360,998.9,3.3
2025-07-07T04:00,27.4,93,1.5,201,999.8,1.0
2025-07-07T05:00,28.5,86,2.8,225,1000.1,0.0
2025-07-07T06:00,30.1,79,1.8,360,999.8,0.0
2025-07-07T07:00,31.8,71,3.4,106,999.1,0.0
2025-07-07T08:00,32.8,66,2.4,153,997.9,0.0
2025-07-07T09:00,33.4,65,3.2,223,996.9,0.0
2025-07-07T10:00,33.5,65,4.8,239,996.0,0.0
2025-07-07T11:00,33.3,65,4.7,242,995.3,0.0
2025-07-07T12:00,33.1,66,3.8,265,995.5,0.0
2025-07-07T13:00,31.2,75,4.5,307,996.4,0.0
2025-07-07T14:00,30.2,78,5.8,279,996.9,0.0
2025-07-07T15:00,29.7,82,3.7,256,997.6,0.0
2025-07-07T16:00,29.6,83,2.1,250,998.7,0.0
2025-07-07T17:00,29.5,82,0.0,270,999.3,0.0
2025-07-07T18:00,28.7,87,2.4,73,999.5,0.0
2025-07-07T19:00,28.3,89,2.3,122,999.3,0.0
2025-07-07T20:00,28.0,90,2.9,120,998.9,0.0
2025-07-07T21:00,27.7,92,2.6,124,998.5,0.0
2025-07-07T22:00,27.4,92,4.0,144,998.0,0.0
2025-07-07T23:00,27.1,94,2.6,129,998.3,0.0
2025-07-08T00:00,27.0,94,3.5,111,999.0,0.0
2025-07-08T01:00,28.9,89,3.7,247,998.9,0.0
2025-07-08T02:00,29.9,85,3.6,300,999.5,0.0
2025-07-08T03:00,30.6,77,6.5,294,999.6,0.0
2025-07-08T04:00,31.4,73,4.0,302,999.9,0.0
2025-07-08T05:00,32.2,71,5.1,288,999.7,0.0
2025-07-08T06:00,33.1,66,7.8,308,999.4,0.0
2025-07-08T07:00,33.8,63,7.8,296,998.8,0.0
2025-07-08T08:00,34.1,62,7.6,285,997.9,0.0
2025-07-08T09:00,34.4,59,7.9,273,996.8,0.0
2025-07-08T10:00,34.2,60,8.3,272,995.5,0.0
2025-07-08T11:00,34.2,62,7.5,291,995.3,0.0
2025-07-08T12:00,33.9,63,4.5,317,995.9,0.0
2025-07-08T13:00,33.7,63,1.9,241,996.4,0.0
2025-07-08T14:00,31.9,78,1.9,248,996.8,0.0
2025-07-08T15:00,31.3,80,1.8,217,997.8,0.0
2025-07-08T16:00,30.8,83,0.5,90,998.8,0.0
2025-07-08T17:00,30.0,86,3.6,18,999.4,0.0
2025-07-08T18:00,29.5,87,2.8,11,999.4,0.0
2025-07-08T19:00,29.0,87,3.0,14,999.0,0.0
2025-07-08T20:00,28.9,87,2.6,168,999.0,0.0
2025-07-08T21:00,28.6,88,4.3,185,998.5,0.0
2025-07-08T22:00,28.1,89,2.0,117,998.2,0.0
2025-07-08T23:00,27.0,90,11.1,46,999.2,0.4
2025-07-09T00:00,26.7,92,7.2,19,999.3,0.1
2025-07-09T01:00,27.7,85,2.3,238,999.1,0.0
2025-07-09T02:00,28.4,83,2.5,262,999.5,0.0
2025-07-09T03:00,29.7,79,3.2,236,1000.1,0.0
2025-07-09T04:00,31.0,74,4.6,228,1000.5,0.0
2025-07-09T05:00,32.2,68,4.2,252,1000.9,0.0
2025-07-09T06:00,28.8,80,11.9,293,1001.6,11.7
2025-07-09T07:00,28.1,82,4.2,265,1000.6,0.6
2025-07-09T08:00,29.5,80,1.7,238,999.3,0.2
2025-07-09T09:00,30.7,76,0.9,323,998.5,0.0
2025-07-09T10:00,31.1,75,3.1,121,998.3,0.0
2025-07-09T11:00,30.8,77,4.1,113,997.4,0.0
2025-07-09T12:00,30.6,78,3.2,146,997.3,0.0
2025-07-09T13:00,30.3,79,5.6,68,999.0,0.0
2025-07-09T14:00,29.4,87,1.8,53,999.7,0.0
2025-07-09T15:00,29.0,89,2.8,63,1000.2,0.0
2025-07-09T16:00,28.6,91,3.8,85,1001.7,0.0
2025-07-09T17:00,27.9,93,1.1,9,1002.4,0.5
2025-07-09T18:00,27.1,88,5.1,94,1002.5,3.5
2025-07-09T19:00,26.7,92,5.2,110,1002.2,0.1
2025-07-09T20:00,26.5,94,4.5,119,1001.7,0.1
2025-07-09T21:00,26.4,95,3.6,139,1001.4,0.2
2025-07-09T22:00,26.3,96,1.5,97,1001.1,0.2
2025-07-09T23:00,26.1,97,3.1,100,1001.4,0.2
2025-07-10T00:00,25.7,96,4.7,130,1001.6,0.3
2025-07-10T01:00,26.3,92,5.9,169,1001.7,0.3
2025-07-10T02:00,26.7,87,3.5,165,1002.1,0.0
2025-07-10T03:00,27.3,82,4.2,162,1002.6,0.0
2025-07-10T04:00,27.7,79,1.0,149,1003.3,0.0
2025-07-10T05:00,27.9,78,2.3,122,1003.7,0.0
2025-07-10T06:00,28.1,77,3.2,128,1003.5,0.0
2025-07-10T07:00,29.2,74,6.6,137,1002.9,0.0
2025-07-10T08:00,29.4,72,7.9,150,1002.1,0.0
2025-07-10T09:00,29.1,75,6.8,153,1001.1,0.0
2025-07-10T10:00,28.8,78,8.0,149,999.9,0.0
2025-07-10T11:00,29.6,76,4.9,144,998.9,0.0
2025-07-10T12:00,29.4,76,3.3,139,998.9,0.0
2025-07-10T13:00,28.4,81,3.6,200,1000.6,0.0
2025-07-10T14:00,27.7,86,3.6,237,1001.5,0.1
2025-07-10T15:00,27.3,89,1.8,281,1002.2,0.1
2025-07-10T16:00,27.0,89,2.3,247,1002.8,0.6
2025-07-10T17:00,26.9,91,1.5,216,1003.1,0.0
2025-07-10T18:00,26.6,93,3.1,149,1003.0,0.0
2025-07-10T19:00,26.0,96,2.7,152,1002.4,0.0
2025-07-10T20:00,26.0,96,0.5,225,1001.9,0.0
2025-07-10T21:00,25.9,97,0.9,307,1001.5,0.0
2025-07-10T22:00,25.7,98,1.1,171,1001.0,0.0
2025-07-10T23:00,25.7,98,1.2,141,1001.3,0.0
2025-07-11T00:00,25.8,97,0.4,117,1001.9,0.0
2025-07-11T01:00,27.2,95,3.6,180,1001.9,0.0
2025-07-11T02:00,27.1,90,4.8,200,1002.2,0.5
2025-07-11T03:00,27.4,89,2.2,204,1002.2,0.0
2025-07-11T04:00,28.0,88,2.8,243,1002.7,0.0
2025-07-11T05:00,29.1,80,3.4,223,1002.9,0.0
2025-07-11T06:00,29.7,74,4.0,188,1002.8,0.0
2025-07-11T07:00,30.4,70,3.3,193,1002.0,0.0
2025-07-11T08:00,30.8,69,2.8,215,1000.9,0.0
2025-07-11T09:00,31.0,68,1.5,201,1000.0,0.0
2025-07-11T10:00,31.6,66,0.4,27,998.7,0.0
2025-07-11T11:00,31.6,66,2.1,31,997.9,0.0
2025-07-11T12:00,31.3,67,1.7,18,997.9,0.0
2025-07-11T13:00,30.2,76,1.8,360,999.5,0.0
2025-07-11T14:00,29.1,83,2.1,345,999.9,0.0
2025-07-11T15:00,28.7,84,3.3,41,1000.6,0.0
2025-07-11T16:00,28.6,85,2.2,104,1001.6,0.0
2025-07-11T17:00,28.4,85,1.0,22,1002.2,0.0
2025-07-11T18:00,27.8,89,2.3,86,1002.3,0.0
2025-07-11T19:00,27.4,91,2.7,82,1001.9,0.0
2025-07-11T20:00,27.0,93,1.9,49,1001.3,0.0
2025-07-11T21:00,26.7,95,2.2,76,1000.9,0.0
2025-07-11T22:00,26.6,96,2.1,105,1000.5,0.0
2025-07-11T23:00,26.6,96,0.6,214,1000.7,0.0
2025-07-12T00:00,26.3,97,2.5,291,1000.9,0.0
2025-07-12T01:00,26.8,92,2.4,36,1001.3,0.0
2025-07-12T02:00,27.9,86,0.3,45,1001.5,0.0
2025-07-12T03:00,29.3,79,0.5,270,1001.5,0.0
2025-07-12T04:00,30.4,75,1.5,263,1001.6,0.0
2025-07-12T05:00,31.5,70,1.7,229,1001.9,0.0
2025-07-12T06:00,32.4,65,1.2,207,1001.7,0.0
2025-07-12T07:00,33.1,64,1.1,171,1001.4,0.0
2025-07-12T08:00,33.6,63,0.4,180,1000.5,0.0
2025-07-12T09:00,33.7,61,1.3,56,999.6,0.0
2025-07-12T10:00,34.0,61,1.5,21,998.8,0.0
2025-07-12T11:00,33.2,61,2.8,63,998.5,0.2
2025-07-12T12:00,30.1,78,7.1,124,998.8,0.8
2025-07-12T13:00,28.8,84,10.0,82,1000.7,0.1
2025-07-12T14:00,27.9,88,4.4,71,1000.6,0.0
2025-07-12T15:00,27.6,90,2.6,78,1000.9,0.0
2025-07-12T16:00,27.5,91,1.9,139,1001.6,0.0
2025-07-12T17:00,27.3,93,1.4,203,1001.6,0.0
2025-07-12T18:00,27.2,94,1.3,196,1001.6,0.0
2025-07-12T19:00,27.1,94,1.5,173,1001.4,0.0
2025-07-12T20:00,26.8,95,1.4,140,1001.3,0.0
2025-07-12T21:00,26.7,95,0.4,27,1001.0,0.0
2025-07-12T22:00,26.4,97,1.2,117,1000.9,0.0
2025-07-12T23:00,26.4,97,2.7,352,1000.8,0.0
2025-07-13T00:00,26.3,97,3.9,47,1001.7,0.0
2025-07-13T01:00,27.8,94,4.8,45,1001.5,0.0
2025-07-13T02:00,28.9,90,2.2,24,1002.0,0.0
2025-07-13T03:00,29.0,74,9.1,98,1003.1,5.1
2025-07-13T04:00,28.9,80,3.3,99,1003.0,0.1
2025-07-13T05:00,30.1,78,4.7,32,1003.0,0.0
2025-07-13T06:00,31.5,74,5.6,63,1002.4,0.1
2025-07-13T07:00,32.0,71,7.1,83,1001.6,0.2
2025-07-13T08:00,32.4,70,7.4,89,1000.4,0.1
2025-07-13T09:00,32.5,70,6.8,88,999.1,0.1
2025-07-13T10:00,27.6,86,5.7,46,999.7,12.4
2025-07-13T11:00,27.4,88,4.3,48,998.5,0.4
2025-07-13T12:00,27.7,88,3.0,14,998.4,0.0
2025-07-13T13:00,27.9,87,6.3,193,999.0,0.7
2025-07-13T14:00,27.4,92,3.5,201,999.8,0.1
2025-07-13T15:00,27.4,93,0.9,259,1000.3,0.3
2025-07-13T16:00,27.8,92,5.4,76,1000.7,0.0
2025-07-13T17:00,28.2,89,6.7,74,1001.0,0.0
2025-07-13T18:00,28.2,88,8.8,71,1000.6,0.0
2025-07-13T19:00,28.2,87,9.1,73,1000.1,0.0
2025-07-13T20:00,28.1,87,7.9,78,999.8,0.0
2025-07-13T21:00,27.8,88,6.8,88,999.4,0.0
2025-07-13T22:00,27.5,90,6.6,77,999.0,0.0
2025-07-13T23:00,27.2,91,6.9,81,999.0,0.0
2025-07-14T00:00,27.1,90,8.1,86,999.3,0.0
2025-07-14T01:00,26.2,94,11.9,92,1000.0,0.1
2025-07-14T02:00,26.8,91,15.1,99,1000.2,0.1
2025-07-14T03:00,27.7,87,15.7,103,1000.2,0.2
2025-07-14T04:00,29.0,79,17.3,104,1000.2,0.1
2025-07-14T05:00,29.9,74,17.2,103,1000.1,0.1
2025-07-14T06:00,30.3,72,18.2,108,999.7,0.2
2025-07-14T07:00,30.5,74,15.6,105,999.1,0.2
2025-07-14T08:00,31.1,72,14.2,102,998.1,0.0
2025-07-14T09:00,30.5,73,12.4,99,997.2,0.3
2025-07-14T10:00,30.8,74,11.6,86,996.3,0.2
2025-07-14T11:00,30.7,77,13.8,103,996.1,0.6
2025-07-14T12:00,27.6,87,11.4,113,996.9,5.4
2025-07-14T13:00,28.4,87,10.8,111,997.5,0.7
2025-07-14T14:00,28.4,87,12.0,97,998.2,0.0
2025-07-14T15:00,28.1,88,12.5,102,998.7,0.0
2025-07-14T16:00,27.6,88,12.0,120,999.7,0.7
2025-07-14T17:00,27.5,88,15.1,112,999.9,0.0
2025-07-14T18:00,27.0,87,14.4,119,999.5,0.4
2025-07-14T19:00,26.1,91,14.7,123,999.4,2.1
2025-07-14T20:00,26.3,91,14.2,123,998.9,0.1
2025-07-14T21:00,26.2,92,13.6,126,998.5,0.0
2025-07-14T22:00,26.1,92,12.8,124,998.3,0.0
2025-07-14T23:00,25.9,93,12.9,125,998.7,0.0
2025-07-15T00:00,25.8,93,11.7,121,998.7,0.0
2025-07-15T01:00,26.2,93,16.8,120,998.5,0.0
2025-07-15T02:00,26.8,89,16.0,124,999.2,0.2
2025-07-15T03:00,27.6,86,15.7,123,999.1,0.0
2025-07-15T04:00,27.8,85,12.7,122,999.5,0.0
2025-07-15T05:00,29.1,78,14.9,133,999.3,0.0
2025-07-15T06:00,30.1,74,16.7,132,999.1,0.1
2025-07-15T07:00,30.7,70,15.8,133,998.4,0.0
2025-07-15T08:00,31.8,65,15.3,138,997.4,0.0
2025-07-15T09:00,32.6,62,15.2,138,996.5,0.0
2025-07-15T10:00,32.4,62,14.7,139,995.6,0.0
2025-07-15T11:00,31.7,64,13.7,148,995.3,0.1
2025-07-15T12:00,30.9,70,9.7,153,995.6,0.1
2025-07-15T13:00,29.9,76,7.6,158,997.4,0.0
2025-07-15T14:00,28.9,81,8.6,160,998.2,0.7
2025-07-15T15:00,27.7,89,8.7,138,999.1,2.5
2025-07-15T16:00,27.6,90,9.2,129,1000.0,2.4
2025-07-15T17:00,27.3,92,9.7,129,1000.4,0.2
2025-07-15T18:00,27.0,92,8.3,120,1000.5,0.1
2025-07-15T19:00,26.7,93,9.0,127,1000.4,0.2
2025-07-15T20:00,26.4,95,9.0,120,1000.0,1.3
2025-07-15T21:00,26.2,97,9.1,129,999.8,1.2
2025-07-15T22:00,26.1,96,9.8,130,999.9,1.0
2025-07-15T23:00,25.3,98,11.0,125,1000.0,1.3
2025-07-16T00:00,25.2,97,10.9,119,999.9,0.5
2025-07-16T01:00,26.7,91,6.9,110,1000.3,0.0
2025-07-16T02:00,27.5,88,7.0,130,1000.4,0.0
2025-07-16T03:00,28.8,83,7.4,139,1000.7,0.0
2025-07-16T04:00,30.4,76,8.9,153,1001.0,0.0
2025-07-16T05:00,31.7,68,8.4,164,1000.8,0.0
2025-07-16T06:00,32.3,65,7.8,161,1000.5,0.1
2025-07-16T07:00,32.6,64,6.9,149,999.7,0.1
2025-07-16T08:00,32.3,65,7.1,142,999.0,0.1
2025-07-16T09:00,30.9,69,7.4,119,998.6,0.0
2025-07-16T10:00,31.0,71,9.6,140,997.9,0.1
2025-07-16T11:00,30.7,73,10.9,141,997.8,0.1
2025-07-16T12:00,30.1,77,8.9,137,997.9,0.0
2025-07-16T13:00,30.0,78,3.9,158,999.3,0.0
2025-07-16T14:00,29.3,84,2.2,114,1000.1,0.0
2025-07-16T15:00,28.8,87,3.8,107,1000.6,0.0
2025-07-16T16:00,28.4,88,5.0,103,1001.2,0.0
2025-07-16T17:00,28.1,89,4.4,117,1001.5,0.0
2025-07-16T18:00,27.9,90,5.1,108,1001.6,0.0
2025-07-16T19:00,27.6,91,5.2,110,1001.1,0.0
2025-07-16T20:00,27.4,92,6.2,116,1001.0,0.0
2025-07-16T21:00,27.3,93,5.2,112,1000.8,0.0
2025-07-16T22:00,27.1,93,6.4,115,1000.9,0.0
2025-07-16T23:00,27.0,93,6.4,112,1001.1,0.0
2025-07-17T00:00,27.0,93,8.1,141,1001.7,0.0
2025-07-17T01:00,26.8,85,9.2,118,1002.8,0.0
2025-07-17T02:00,27.4,84,7.2,117,1003.3,0.0
2025-07-17T03:00,28.0,80,9.3,124,1003.5,0.0
2025-07-17T04:00,29.0,75,9.2,135,1003.8,0.0
2025-07-17T05:00,29.8,72,8.7,133,1003.7,0.0
2025-07-17T06:00,30.3,69,12.5,131,1003.5,0.0
2025-07-17T07:00,30.1,70,12.3,129,1003.1,0.0
2025-07-17T08:00,29.9,72,11.4,123,1002.5,0.1
2025-07-17T09:00,30.2,72,9.7,124,1001.5,0.1
2025-07-17T10:00,31.0,68,7.4,122,1000.6,0.0
2025-07-17T11:00,31.3,67,7.9,110,1000.0,0.0
2025-07-17T12:00,30.9,69,6.1,93,999.7,0.0
2025-07-17T13:00,29.6,81,4.1,29,1000.8,0.0
2025-07-17T14:00,28.9,87,2.5,120,1001.5,0.0
2025-07-17T15:00,28.3,88,7.8,124,1002.4,0.0
2025-07-17T16:00,27.5,91,5.5,128,1003.1,0.3
2025-07-17T17:00,27.4,92,2.2,145,1003.2,0.1
2025-07-17T18:00,27.0,94,1.5,36,1002.9,0.3
2025-07-17T19:00,26.6,95,2.8,50,1002.5,0.0
2025-07-17T20:00,26.7,94,5.9,43,1002.0,0.0
2025-07-17T21:00,26.8,91,7.1,41,1001.5,0.0
2025-07-17T22:00,26.8,90,7.5,50,1001.0,0.0
2025-07-17T23:00,26.7,91,7.6,45,1001.2,0.0
2025-07-18T00:00,26.6,91,7.8,61,1001.7,0.0
2025-07-18T01:00,27.2,85,9.6,74,1002.4,0.0
2025-07-18T02:00,27.8,82,8.0,63,1002.6,0.0
2025-07-18T03:00,28.9,77,11.1,70,1002.2,0.0
2025-07-18T04:00,30.1,70,14.2,68,1002.0,0.0
2025-07-18T05:00,31.1,68,15.7,77,1002.0,0.0
2025-07-18T06:00,31.4,68,15.9,75,1001.6,0.0
2025-07-18T07:00,31.8,67,15.4,73,1000.4,0.0
2025-07-18T08:00,32.4,65,15.9,72,999.6,0.2
2025-07-18T09:00,32.0,67,15.7,81,998.7,0.1
2025-07-18T10:00,29.3,80,9.2,74,998.6,3.5
2025-07-18T11:00,29.4,78,14.8,64,997.9,0.5
2025-07-18T12:00,29.4,79,10.6,42,997.4,0.0
2025-07-18T13:00,29.5,76,15.7,91,998.3,0.1
2025-07-18T14:00,28.6,80,14.1,88,998.7,0.0
2025-07-18T15:00,28.1,81,13.8,97,999.6,0.0
2025-07-18T16:00,27.9,82,14.1,96,1000.0,0.0
2025-07-18T17:00,27.5,83,12.9,98,999.8,0.0
2025-07-18T18:00,27.2,85,12.1,96,999.9,0.0
2025-07-18T19:00,26.8,87,12.6,99,999.5,0.0
2025-07-18T20:00,26.6,89,12.4,98,999.0,0.0
2025-07-18T21:00,26.3,90,11.9,101,998.6,0.0
2025-07-18T22:00,26.2,90,11.6,102,998.3,0.0
2025-07-18T23:00,26.0,91,11.2,106,998.4,0.0
2025-07-19T00:00,25.9,91,11.2,108,998.7,0.0
2025-07-19T01:00,26.4,91,11.6,120,999.4,0.0
2025-07-19T02:00,27.1,87,15.7,133,999.7,0.1
2025-07-19T03:00,28.1,82,14.4,142,1000.1,0.1
2025-07-19T04:00,29.2,76,12.5,139,1000.1,0.0
2025-07-19T05:00,30.4,70,13.0,138,999.6,0.0
2025-07-19T06:00,31.5,65,12.8,140,999.2,0.0
2025-07-19T07:00,32.3,61,11.9,146,998.7,0.0
2025-07-19T08:00,32.6,59,11.4,157,997.9,0.0
2025-07-19T09:00,32.9,57,11.2,159,997.0,0.0
2025-07-19T10:00,32.8,57,11.5,166,996.4,0.0
2025-07-19T11:00,32.6,58,10.1,164,995.8,0.0
2025-07-19T12:00,32.2,61,7.8,158,995.6,0.0
2025-07-19T13:00,31.5,71,2.2,138,996.3,0.0
2025-07-19T14:00,30.2,76,3.4,115,996.8,0.0
2025-07-19T15:00,29.5,79,3.5,141,997.1,0.0
2025-07-19T16:00,29.1,80,4.9,156,998.2,0.0
2025-07-19T17:00,28.7,81,5.5,169,998.8,0.0
2025-07-19T18:00,28.4,81,5.3,168,998.8,0.0
2025-07-19T19:00,28.0,83,5.1,170,999.0,0.0
2025-07-19T20:00,27.5,85,4.3,178,998.9,0.0
2025-07-19T21:00,27.1,87,3.5,195,998.5,0.0
2025-07-19T22:00,26.8,88,3.6,213,998.1,0.0
2025-07-19T23:00,26.6,89,3.6,225,998.4,0.0
2025-07-20T00:00,26.5,88,3.7,227,998.5,0.0
2025-07-20T01:00,27.8,85,4.8,214,998.6,0.0
2025-07-20T02:00,28.7,82,4.8,217,998.8,0.0
2025-07-20T03:00,29.9,75,6.1,236,998.9,0.0
2025-07-20T04:00,30.9,69,6.0,231,999.1,0.0
2025-07-20T05:00,31.9,65,6.4,225,999.1,0.0
2025-07-20T06:00,33.0,60,6.9,217,998.6,0.0
2025-07-20T07:00,33.9,56,7.2,215,998.0,0.0
2025-07-20T08:00,34.6,53,8.1,217,997.0,0.0
2025-07-20T09:00,34.9,51,8.4,220,996.3,0.0
2025-07-20T10:00,34.8,51,8.7,220,995.9,0.0
2025-07-20T11:00,34.6,50,7.6,225,995.6,0.0
2025-07-20T12:00,34.2,52,5.7,229,995.7,0.0
2025-07-20T13:00,32.7,62,6.1,178,997.2,0.0
2025-07-20T14:00,31.5,68,5.2,184,997.7,0.0
2025-07-20T15:00,30.8,73,4.5,180,998.3,0.0
2025-07-20T16:00,30.1,77,5.2,176,999.1,0.0
2025-07-20T17:00,29.5,80,5.0,178,999.9,0.0
2025-07-20T18:00,29.0,82,5.1,186,1000.0,0.0
2025-07-20T19:00,28.8,81,5.8,196,999.9,0.0
2025-07-20T20:00,28.4,80,6.0,213,999.6,0.0
2025-07-20T21:00,27.9,82,4.7,212,999.6,0.0
2025-07-20T22:00,27.6,82,5.4,228,999.2,0.0
2025-07-20T23:00,27.2,84,4.2,239,999.4,0.0
2025-07-21T00:00,26.9,85,3.6,240,1000.1,0.0
2025-07-21T01:00,28.4,83,3.1,234,1000.8,0.0
2025-07-21T02:00,28.8,82,2.3,176,1001.7,0.0
2025-07-21T03:00,29.5,77,4.9,180,1002.4,0.1
2025-07-21T04:00,30.6,70,5.3,162,1002.5,0.0
2025-07-21T05:00,30.1,73,6.3,167,1002.7,0.0
2025-07-21T06:00,29.9,74,3.5,152,1002.7,0.0
2025-07-21T07:00,29.9,74,3.5,141,1002.2,0.3
2025-07-21T08:00,30.6,71,3.4,93,1001.3,0.1
2025-07-21T09:00,31.4,68,3.3,81,1000.3,0.0
2025-07-21T10:00,31.4,67,3.6,81,999.5,0.1
2025-07-21T11:00,31.2,67,5.2,70,999.0,0.0
2025-07-21T12:00,30.7,70,5.8,60,998.6,0.0
2025-07-21T13:00,29.6,76,4.8,48,1000.2,0.0
2025-07-21T14:00,29.0,80,4.0,98,1000.3,0.0
2025-07-21T15:00,28.4,85,2.9,94,1000.3,0.0
2025-07-21T16:00,28.0,87,2.9,90,1000.9,0.0
2025-07-21T17:00,27.6,91,1.6,84,1001.2,0.0
2025-07-21T18:00,27.3,91,1.6,153,1001.6,0.0
2025-07-21T19:00,27.0,92,2.3,157,1001.3,0.0
2025-07-21T20:00,26.8,92,2.3,157,1000.9,0.0
2025-07-21T21:00,26.6,92,1.5,144,1000.7,0.0
2025-07-21T22:00,26.4,91,2.5,135,1000.6,0.0
2025-07-21T23:00,26.2,92,2.8,145,1000.8,0.0
2025-07-22T00:00,26.0,93,2.6,129,1000.9,0.0
2025-07-22T01:00,28.1,91,1.7,212,1001.1,0.0
2025-07-22T02:00,28.5,81,6.2,221,1001.3,0.2
2025-07-22T03:00,29.1,80,2.9,338,1001.4,0.0
2025-07-22T04:00,30.5,74,3.9,317,1001.3,0.0
2025-07-22T05:00,31.9,68,3.6,327,1000.8,0.0
2025-07-22T06:00,32.9,62,2.7,20,1000.0,0.0
2025-07-22T07:00,33.8,59,1.3,8,999.3,0.0
2025-07-22T08:00,34.1,57,1.6,297,998.4,0.0
2025-07-22T09:00,34.5,55,3.1,315,997.2,0.0
2025-07-22T10:00,34.7,53,4.5,304,996.2,0.0
2025-07-22T11:00,34.6,52,4.7,288,995.4,0.0
2025-07-22T12:00,34.2,53,4.7,288,994.9,0.0
2025-07-22T13:00,31.7,67,4.0,10,996.9,0.0
2025-07-22T14:00,30.7,77,2.1,59,997.1,0.0
2025-07-22T15:00,30.3,81,1.9,146,997.6,0.0
2025-07-22T16:00,29.8,83,3.6,162,998.2,0.0
2025-07-22T17:00,29.4,85,3.0,166,998.2,0.0
2025-07-22T18:00,29.0,88,2.0,175,998.2,0.0
2025-07-22T19:00,28.9,86,3.2,161,998.1,0.0
2025-07-22T20:00,28.4,89,2.0,135,997.9,0.1
2025-07-22T21:00,28.2,89,3.1,140,997.2,0.0
2025-07-22T22:00,27.9,89,4.9,144,997.1,0.0
2025-07-22T23:00,27.6,89,4.2,144,996.9,0.0
2025-07-23T00:00,27.4,89,3.9,167,997.2,0.0
2025-07-23T01:00,28.6,84,4.3,15,997.2,0.0
2025-07-23T02:00,29.3,81,0.9,323,997.7,0.0
2025-07-23T03:00,30.2,76,6.0,286,998.1,0.0
2025-07-23T04:00,29.8,73,9.4,299,998.7,2.3
2025-07-23T05:00,30.3,74,3.6,315,998.0,0.3
2025-07-23T06:00,31.5,71,1.7,283,997.3,0.0
2025-07-23T07:00,32.5,68,2.2,265,996.4,0.1
2025-07-23T08:00,33.1,66,5.0,283,995.3,0.0
2025-07-23T09:00,33.6,62,7.1,286,994.0,0.0
2025-07-23T10:00,32.9,63,9.8,294,993.3,0.3
2025-07-23T11:00,32.7,65,8.9,302,992.8,0.0
2025-07-23T12:00,32.4,69,8.7,312,992.6,0.0
2025-07-23T13:00,30.5,75,5.5,238,994.7,0.0
2025-07-23T14:00,29.6,84,4.6,211,995.2,0.0
2025-07-23T15:00,29.1,86,6.1,214,995.6,0.0
2025-07-23T16:00,28.8,88,5.4,222,996.2,0.0
2025-07-23T17:00,28.6,89,4.4,218,996.7,0.0
2025-07-23T18:00,28.3,90,4.2,198,996.8,0.0
2025-07-23T19:00,28.0,92,2.7,200,996.5,0.0
2025-07-23T20:00,27.8,92,1.9,158,996.2,0.0
2025-07-23T21:00,27.5,94,0.4,63,996.0,0.0
2025-07-23T22:00,27.1,96,1.5,111,995.6,0.0
2025-07-23T23:00,26.9,95,7.7,208,995.9,0.1
2025-07-24T00:00,26.4,90,4.8,191,996.3,0.4
2025-07-24T01:00,28.1,81,8.7,292,995.9,0.0
2025-07-24T02:00,28.7,81,6.1,282,996.3,0.0
2025-07-24T03:00,29.7,78,6.6,283,996.6,0.0
2025-07-24T04:00,31.6,70,7.6,282,997.0,0.0
2025-07-24T05:00,33.0,63,8.2,292,997.1,0.0
2025-07-24T06:00,34.0,57,8.0,304,996.7,0.0
2025-07-24T07:00,34.9,53,8.0,314,995.7,0.0
2025-07-24T08:00,35.4,52,8.0,318,994.4,0.0
2025-07-24T09:00,35.5,52,7.6,329,993.2,0.0
2025-07-24T10:00,35.8,51,8.9,328,992.3,0.0
2025-07-24T11:00,35.3,52,9.4,325,991.6,0.0
2025-07-24T12:00,34.6,54,9.0,317,991.5,0.0
2025-07-24T13:00,32.9,62,5.2,311,993.3,0.0
2025-07-24T14:00,31.6,72,3.8,287,993.7,0.0
2025-07-24T15:00,31.3,71,4.2,265,994.4,0.0
2025-07-24T16:00,30.7,73,8.2,278,995.2,0.0
2025-07-24T17:00,29.8,76,7.0,293,995.8,0.0
2025-07-24T18:00,29.0,79,4.6,291,996.1,0.0
2025-07-24T19:00,28.5,81,4.6,291,995.8,0.0
2025-07-24T20:00,28.1,83,5.2,286,995.5,0.0
2025-07-24T21:00,27.7,84,5.4,285,994.8,0.0
2025-07-24T22:00,27.4,85,5.8,290,994.3,0.0
2025-07-24T23:00,27.1,86,5.3,288,994.7,0.0
2025-07-25T00:00,26.9,88,4.7,288,995.2,0.0
2025-07-25T01:00,28.8,84,5.9,282,995.1,0.0
2025-07-25T02:00,29.4,82,3.8,265,995.5,0.0
2025-07-25T03:00,31.2,74,5.7,281,995.8,0.0
2025-07-25T04:00,33.3,62,8.0,280,996.1,0.0
2025-07-25T05:00,34.8,52,9.9,297,996.0,0.0
2025-07-25T06:00,35.6,48,10.7,316,995.5,0.0
2025-07-25T07:00,35.9,47,10.2,328,995.0,0.0
2025-07-25T08:00,36.1,47,9.8,324,994.1,0.0
2025-07-25T09:00,36.5,47,9.4,328,993.2,0.0
2025-07-25T10:00,36.3,47,10.0,332,992.6,0.0
2025-07-25T11:00,35.8,48,10.1,333,991.9,0.0
2025-07-25T12:00,35.2,52,8.0,344,992.2,0.0
2025-07-25T13:00,34.7,54,5.4,334,992.8,0.0
2025-07-25T14:00,33.8,65,1.4,337,993.7,0.0
2025-07-25T15:00,33.3,67,0.5,135,994.7,0.0
2025-07-25T16:00,32.0,74,2.6,164,996.0,0.0
2025-07-25T17:00,31.6,77,1.2,153,996.1,0.0
2025-07-25T18:00,30.8,82,2.5,159,996.6,0.0
2025-07-25T19:00,29.8,81,10.8,101,996.6,0.3
2025-07-25T20:00,28.2,86,7.6,90,996.3,0.0
2025-07-25T21:00,27.9,88,3.2,117,996.3,0.0
2025-07-25T22:00,27.6,89,4.9,88,996.1,0.0
2025-07-25T23:00,27.2,90,4.9,88,995.9,0.0
2025-07-26T00:00,27.0,92,2.3,94,996.1,0.0
2025-07-26T01:00,28.1,87,5.0,136,997.2,0.4
2025-07-26T02:00,28.4,86,5.2,196,997.2,0.1
2025-07-26T03:00,29.5,80,4.6,198,997.4,0.0
2025-07-26T04:00,30.9,73,4.0,183,997.8,0.1
2025-07-26T05:00,32.2,68,2.0,170,997.5,0.0
2025-07-26T06:00,33.3,63,1.5,187,997.0,0.0
2025-07-26T07:00,34.4,59,2.2,156,996.4,0.0
2025-07-26T08:00,35.2,56,3.6,160,995.5,0.0
2025-07-26T09:00,35.8,53,3.5,159,994.4,0.0
2025-07-26T10:00,36.1,51,2.1,149,993.3,0.0
2025-07-26T11:00,36.1,51,3.8,121,993.1,0.0
2025-07-26T12:00,35.1,53,5.9,140,993.5,0.0
2025-07-26T13:00,33.9,59,5.9,160,994.5,0.0
2025-07-26T14:00,33.2,63,7.0,181,995.5,0.0
2025-07-26T15:00,32.6,68,6.5,199,996.2,0.0
2025-07-26T16:00,32.0,73,5.6,195,996.9,0.0
2025-07-26T17:00,31.4,77,4.2,170,997.1,0.0
2025-07-26T18:00,30.7,83,1.7,131,997.1,0.0
2025-07-26T19:00,30.4,84,1.6,84,996.8,0.0
2025-07-26T20:00,29.9,85,4.0,108,996.8,0.0
2025-07-26T21:00,29.4,86,5.1,117,996.4,0.0
2025-07-26T22:00,29.1,85,4.0,120,996.3,0.0
2025-07-26T23:00,29.1,84,3.4,84,996.5,0.0
2025-07-27T00:00,28.9,83,4.5,124,996.9,0.0
2025-07-27T01:00,29.0,80,2.2,66,997.3,0.0
2025-07-27T02:00,30.2,74,3.1,59,997.7,0.0
2025-07-27T03:00,31.6,68,7.1,80,998.0,0.0
2025-07-27T04:00,32.5,63,11.3,103,997.6,0.1
2025-07-27T05:00,33.4,60,11.1,99,997.0,0.2
2025-07-27T06:00,34.3,57,10.3,102,996.4,0.2
2025-07-27T07:00,35.5,52,9.1,100,996.0,0.0
2025-07-27T08:00,35.8,50,7.9,93,995.3,0.0
2025-07-27T09:00,36.4,49,8.1,84,994.1,0.0
2025-07-27T10:00,36.4,49,7.6,78,993.3,0.0
2025-07-27T11:00,36.1,49,7.6,76,992.8,0.0
2025-07-27T12:00,35.3,52,8.1,77,992.9,0.0
2025-07-27T13:00,33.3,61,7.6,87,994.7,0.0
2025-07-27T14:00,32.6,64,6.5,90,995.0,0.0
2025-07-27T15:00,32.1,68,4.6,99,995.9,0.0
2025-07-27T16:00,31.5,72,4.0,80,996.8,0.0
2025-07-27T17:00,30.9,77,4.5,97,997.0,0.0
2025-07-27T18:00,30.4,80,4.7,94,996.9,0.0
2025-07-27T19:00,29.9,83,4.2,83,996.6,0.0
2025-07-27T20:00,29.6,84,3.8,79,996.3,0.0
2025-07-27T21:00,29.2,85,3.8,90,996.0,0.0
2025-07-27T22:00,28.9,86,3.3,96,995.7,0.0
2025-07-27T23:00,28.7,87,4.0,85,995.5,0.0
2025-07-28T00:00,28.4,87,3.5,118,995.9,0.0
2025-07-28T01:00,29.5,81,3.1,135,996.7,0.0
2025-07-28T02:00,30.6,75,4.8,146,997.1,0.0
2025-07-28T03:00,32.2,64,5.7,143,997.3,0.0
2025-07-28T04:00,33.5,58,4.6,141,997.4,0.0
2025-07-28T05:00,35.0,52,4.3,132,997.3,0.0
2025-07-28T06:00,36.0,48,4.0,95,996.6,0.0
2025-07-28T07:00,36.3,47,3.4,84,996.3,0.3
2025-07-28T08:00,36.6,46,2.3,86,995.6,0.5
2025-07-28T09:00,36.6,47,2.9,83,994.6,0.4
2025-07-28T10:00,36.9,47,3.7,55,993.6,0.0
2025-07-28T11:00,36.4,49,5.0,49,993.1,0.0
2025-07-28T12:00,35.2,53,5.8,30,993.4,0.3
2025-07-28T13:00,33.1,62,6.2,75,995.3,0.1
2025-07-28T14:00,32.5,65,5.5,113,996.1,0.1
2025-07-28T15:00,31.5,71,7.7,118,996.8,0.0
2025-07-28T16:00,30.4,78,9.2,118,997.7,0.0
2025-07-28T17:00,29.6,81,8.4,118,998.3,0.0
2025-07-28T18:00,29.1,83,8.3,120,998.0,0.0
2025-07-28T19:00,28.7,86,5.5,128,997.9,0.0
2025-07-28T20:00,28.4,88,5.0,134,997.4,0.0
2025-07-28T21:00,28.1,89,5.0,145,996.8,0.0
2025-07-28T22:00,27.8,91,4.3,135,996.7,0.0
2025-07-28T23:00,27.0,93,10.1,112,996.9,0.0
2025-07-29T00:00,26.9,93,5.9,145,997.0,0.0
2025-07-29T01:00,26.8,92,3.3,61,997.5,1.2
2025-07-29T02:00,27.1,91,3.4,93,998.2,0.1
2025-07-29T03:00,28.2,85,5.4,130,998.3,0.2
2025-07-29T04:00,30.1,77,3.8,135,998.4,0.0
2025-07-29T05:00,31.5,72,3.4,186,998.1,0.0
2025-07-29T06:00,32.5,66,4.9,188,997.4,0.0
2025-07-29T07:00,30.7,71,4.8,153,997.4,0.7
2025-07-29T08:00,31.6,70,2.9,4,996.6,0.3
2025-07-29T09:00,32.8,67,2.6,51,995.6,0.2
2025-07-29T10:00,30.7,75,9.9,102,994.9,0.8
2025-07-29T11:00,30.0,80,4.5,95,994.6,0.2
2025-07-29T12:00,30.5,79,4.6,45,994.7,0.0
2025-07-29T13:00,29.9,77,6.3,90,996.5,0.0
2025-07-29T14:00,29.2,81,5.8,85,997.1,0.0
2025-07-29T15:00,28.7,84,6.7,96,997.8,0.0
2025-07-29T16:00,28.4,85,5.6,96,998.7,0.0
2025-07-29T17:00,28.0,88,4.9,98,999.0,0.0
2025-07-29T18:00,27.7,90,4.0,90,999.1,0.0
2025-07-29T19:00,27.4,91,5.0,90,999.0,0.0
2025-07-29T20:00,27.1,92,6.3,93,998.4,0.0
2025-07-29T21:00,26.8,93,6.7,93,998.1,0.0
2025-07-29T22:00,26.6,93,7.1,96,997.9,0.0
2025-07-29T23:00,26.4,94,7.0,90,998.0,0.0
2025-07-30T00:00,26.3,94,6.0,95,998.1,0.0
2025-07-30T01:00,25.9,97,8.1,95,998.3,1.2
2025-07-30T02:00,26.4,96,7.6,104,998.4,1.9
2025-07-30T03:00,27.5,91,7.7,101,998.9,0.1
2025-07-30T04:00,29.1,85,10.0,107,999.3,0.2
2025-07-30T05:00,29.9,80,9.6,111,999.2,0.1
2025-07-30T06:00,31.3,74,9.8,107,998.5,0.1
2025-07-30T07:00,32.0,70,9.8,108,997.8,0.1
2025-07-30T08:00,30.4,76,11.0,118,997.3,4.6
2025-07-30T09:00,29.0,85,5.8,92,996.5,4.4
2025-07-30T10:00,30.1,80,5.8,97,995.9,0.3
2025-07-30T11:00,30.7,78,5.0,105,995.3,0.1
2025-07-30T12:00,30.2,78,5.7,148,995.8,2.5
2025-07-30T13:00,28.4,86,8.7,127,997.5,0.2
2025-07-30T14:00,27.4,91,6.7,128,998.1,0.2
2025-07-30T15:00,27.3,93,5.7,101,998.6,0.1
2025-07-30T16:00,27.1,93,7.7,115,999.3,0.9
2025-07-30T17:00,26.7,96,7.6,105,999.8,0.2
2025-07-30T18:00,26.7,94,9.9,127,999.7,0.5
2025-07-30T19:00,26.5,95,7.9,125,999.5,0.1
2025-07-30T20:00,26.2,95,8.3,139,999.0,1.8
2025-07-30T21:00,26.1,95,7.0,145,998.8,1.8
2025-07-30T22:00,25.7,97,7.1,128,998.3,1.8
2025-07-30T23:00,25.6,98,8.2,131,998.6,2.7
2025-07-31T00:00,25.5,98,6.2,134,998.8,1.3
2025-07-31T01:00,25.6,96,7.5,123,999.0,3.5
2025-07-31T02:00,25.6,97,6.9,155,999.6,4.2
2025-07-31T03:00,26.1,94,9.2,141,999.9,0.9
2025-07-31T04:00,27.0,89,10.0,150,1000.2,0.2
2025-07-31T05:00,28.9,82,8.6,141,1000.0,0.1
2025-07-31T06:00,29.8,78,8.3,160,999.4,0.1
2025-07-31T07:00,29.9,77,8.1,148,998.6,0.5
2025-07-31T08:00,30.2,75,6.6,154,997.7,0.0
2025-07-31T09:00,30.8,75,5.5,161,997.1,0.1
2025-07-31T10:00,31.1,74,4.8,158,996.5,0.0
2025-07-31T11:00,31.4,72,3.8,197,996.0,0.0
2025-07-31T12:00,30.7,73,5.9,63,996.2,0.0
2025-07-31T13:00,28.5,87,3.5,102,998.8,0.1
2025-07-31T14:00,28.0,91,1.8,37,998.9,0.2
2025-07-31T15:00,27.5,93,1.8,66,999.6,0.1
2025-07-31T16:00,27.3,94,2.2,85,1000.6,0.1
2025-07-31T17:00,27.0,95,5.5,113,1000.7,0.0
2025-07-31T18:00,26.6,95,5.3,125,1000.5,0.0
2025-07-31T19:00,26.4,95,4.1,131,1000.4,0.0
2025-07-31T20:00,26.1,95,7.2,145,1000.1,1.1
2025-07-31T21:00,25.9,96,6.8,127,999.4,0.1
2025-07-31T22:00,25.6,97,5.2,164,999.3,0.0
2025-07-31T23:00,25.4,98,4.5,178,999.7,0.0
2025-08-01T00:00,25.3,98,2.6,155,999.9,0.0
2025-08-01T01:00,26.1,94,5.1,225,1000.2,0.0
2025-08-01T02:00,26.5,93,4.0,212,1000.2,0.0
2025-08-01T03:00,27.9,86,3.9,242,1000.7,0.0
2025-08-01T04:00,29.2,79,6.0,254,1001.0,0.0
2025-08-01T05:00,30.1,76,3.8,251,1000.6,0.1
2025-08-01T06:00,30.9,73,2.5,225,1000.2,0.1
2025-08-01T07:00,31.5,72,2.7,180,999.6,0.2
2025-08-01T08:00,32.0,71,3.0,197,998.7,0.2
2025-08-01T09:00,32.1,70,3.9,236,997.6,0.2
2025-08-01T10:00,31.1,76,5.4,266,997.4,3.0
2025-08-01T11:00,29.1,82,4.0,280,997.7,8.5
2025-08-01T12:00,29.3,82,3.2,317,997.9,0.0
2025-08-01T13:00,29.0,86,0.0,270,999.3,0.0
2025-08-01T14:00,28.7,88,1.7,162,999.9,0.0
2025-08-01T15:00,28.3,92,1.6,153,1000.3,0.0
2025-08-01T16:00,28.2,93,2.2,175,1000.9,0.0
2025-08-01T17:00,28.1,91,4.8,214,1000.9,0.0
2025-08-01T18:00,27.9,88,4.1,241,1000.7,0.0
2025-08-01T19:00,27.5,88,4.0,219,1000.2,0.0
2025-08-01T20:00,27.1,87,4.6,234,999.5,0.0
2025-08-01T21:00,26.8,88,4.5,247,999.0,0.0
2025-08-01T22:00,26.6,89,3.5,246,999.3,0.0
2025-08-01T23:00,26.5,89,3.5,246,999.7,0.0
2025-08-02T00:00,26.3,90,4.3,237,1000.2,0.0
2025-08-02T01:00,27.6,86,4.9,253,1000.2,0.0
2025-08-02T02:00,28.2,84,4.7,242,1000.9,0.0
2025-08-02T03:00,29.0,80,4.8,243,1001.3,0.0
2025-08-02T04:00,29.3,77,6.8,253,1001.8,0.0
2025-08-02T05:00,30.4,72,8.0,256,1001.8,0.0
2025-08-02T06:00,31.3,69,7.9,243,1001.3,0.0
2025-08-02T07:00,31.8,68,8.5,245,1000.4,0.2
2025-08-02T08:00,32.2,67,9.5,251,999.0,0.3
2025-08-02T09:00,32.5,65,10.2,257,998.0,0.2
2025-08-02T10:00,32.9,63,10.8,260,997.6,0.0
2025-08-02T11:00,31.8,67,9.6,282,997.3,0.1
2025-08-02T12:00,31.3,72,5.3,258,997.4,0.0
2025-08-02T13:00,30.8,75,4.2,282,999.1,0.0
2025-08-02T14:00,29.9,77,6.2,262,999.8,0.0
2025-08-02T15:00,29.3,77,6.9,242,1000.6,0.0
2025-08-02T16:00,28.8,80,5.9,247,1001.0,0.0
2025-08-02T17:00,28.5,83,4.0,231,1000.9,0.0
2025-08-02T18:00,28.4,84,4.1,214,1000.9,0.0
2025-08-02T19:00,28.2,84,4.8,195,1001.0,0.0
2025-08-02T20:00,28.0,84,6.1,214,1000.5,0.0
2025-08-02T21:00,27.6,84,6.1,230,999.9,0.0
2025-08-02T22:00,27.4,84,5.7,217,1000.1,0.0
2025-08-02T23:00,27.2,86,6.8,222,1000.3,0.0
2025-08-03T00:00,27.0,88,5.9,223,1000.6,0.0
2025-08-03T01:00,26.9,92,9.4,238,1000.9,0.2
2025-08-03T02:00,27.8,88,6.4,238,1001.4,0.0
2025-08-03T03:00,29.4,79,5.8,261,1001.9,0.0
2025-08-03T04:00,30.4,71,9.0,271,1002.1,0.0
2025-08-03T05:00,31.4,67,10.4,278,1002.3,0.0
2025-08-03T06:00,32.5,65,9.9,280,1001.8,0.0
2025-08-03T07:00,32.9,65,9.9,286,1001.5,0.0
2025-08-03T08:00,33.1,65,8.2,280,1000.8,0.0
2025-08-03T09:00,33.3,65,8.6,272,1000.2,0.0
2025-08-03T10:00,32.8,67,7.5,281,999.4,0.0
2025-08-03T11:00,31.2,73,9.8,277,999.4,0.5
2025-08-03T12:00,31.3,74,5.8,274,999.2,0.0
2025-08-03T13:00,31.5,71,5.8,274,1000.4,0.0
2025-08-03T14:00,30.7,76,4.5,270,1000.7,0.0
2025-08-03T15:00,30.1,79,4.1,229,1001.3,0.0
2025-08-03T16:00,29.4,84,3.3,209,1002.3,0.0
2025-08-03T17:00,29.2,84,1.3,254,1002.6,0.0
2025-08-03T18:00,28.7,85,1.1,198,1002.6,0.0
2025-08-03T19:00,28.1,89,1.6,117,1002.4,0.0
2025-08-03T20:00,27.4,90,6.7,52,1002.4,0.2
2025-08-03T21:00,26.1,93,6.4,122,1002.3,0.2
2025-08-03T22:00,25.8,95,4.4,128,1002.0,0.0
2025-08-03T23:00,25.9,96,2.8,117,1002.2,0.0
2025-08-04T00:00,25.9,96,2.8,108,1002.4,0.0
2025-08-04T01:00,28.5,76,9.4,269,1002.3,0.0
2025-08-04T02:00,28.6,75,10.6,266,1002.9,0.0
2025-08-04T03:00,29.0,74,10.9,262,1003.3,0.0
2025-08-04T04:00,29.4,74,10.5,257,1003.7,0.0
2025-08-04T05:00,29.7,74,10.3,269,1003.9,0.0
2025-08-04T06:00,29.9,75,7.0,266,1003.9,0.0
2025-08-04T07:00,29.9,75,8.4,250,1003.2,0.0
2025-08-04T08:00,30.2,75,8.7,240,1002.6,0.0
2025-08-04T09:00,30.5,74,8.6,247,1001.9,0.0
2025-08-04T10:00,30.6,75,7.1,251,1001.1,0.0
2025-08-04T11:00,31.1,75,7.3,250,1000.6,0.0
2025-08-04T12:00,31.1,76,5.8,244,1000.6,0.0
2025-08-04T13:00,28.8,86,5.0,165,1001.6,0.0
2025-08-04T14:00,28.6,87,4.7,171,1002.0,0.0
2025-08-04T15:00,28.5,87,4.2,173,1002.5,0.0
2025-08-04T16:00,28.4,87,4.4,189,1003.3,0.0
2025-08-04T17:00,28.3,88,5.6,195,1003.3,0.0
2025-08-04T18:00,28.1,88,5.8,202,1003.0,0.0
2025-08-04T19:00,28.0,88,6.0,207,1002.6,0.0
2025-08-04T20:00,27.7,88,5.6,197,1002.0,0.0
2025-08-04T21:00,27.3,89,3.5,201,1001.5,0.0
2025-08-04T22:00,27.1,89,4.1,209,1001.4,0.0
2025-08-04T23:00,27.2,87,5.4,240,1001.5,0.0
2025-08-05T00:00,27.3,84,7.9,274,1001.8,0.0
2025-08-05T01:00,27.8,80,9.2,264,1001.8,0.0
2025-08-05T02:00,28.1,78,9.5,269,1002.4,0.0
2025-08-05T03:00,28.7,76,6.4,299,1002.9,0.0
2025-08-05T04:00,29.4,75,2.9,266,1003.3,0.0
2025-08-05T05:00,29.7,75,4.4,279,1004.0,0.1
2025-08-05T06:00,28.9,76,12.1,293,1004.3,0.7
2025-08-05T07:00,27.7,85,5.0,249,1003.9,4.5
2025-08-05T08:00,26.0,93,7.5,150,1003.3,5.8
2025-08-05T09:00,27.4,90,5.6,173,1002.4,0.3
2025-08-05T10:00,28.5,86,4.4,192,1002.0,0.1
2025-08-05T11:00,29.0,85,4.1,182,1002.0,0.0
2025-08-05T12:00,28.7,86,2.1,195,1002.0,0.0
2025-08-05T13:00,28.6,86,4.7,148,1002.7,0.4
2025-08-05T14:00,27.9,90,6.0,143,1003.0,0.0
2025-08-05T15:00,27.6,89,5.9,145,1003.5,0.0
2025-08-05T16:00,27.6,87,6.5,152,1004.1,0.0
2025-08-05T17:00,27.5,87,6.8,151,1004.3,0.0
2025-08-05T18:00,27.3,87,6.6,158,1003.8,0.0
2025-08-05T19:00,27.2,88,6.4,164,1003.6,0.0
2025-08-05T20:00,27.1,89,8.1,162,1003.0,0.0
2025-08-05T21:00,26.7,91,6.9,166,1002.4,0.0
2025-08-05T22:00,26.5,92,4.5,180,1002.6,0.0
2025-08-05T23:00,26.5,91,4.8,225,1003.3,0.0
2025-08-06T00:00,26.4,91,3.8,301,1003.8,0.0
2025-08-06T01:00,27.3,82,8.2,255,1004.1,0.3
2025-08-06T02:00,27.2,82,8.0,250,1004.2,0.4
2025-08-06T03:00,27.9,80,7.3,250,1004.8,0.1
2025-08-06T04:00,28.8,76,5.2,250,1005.1,0.0
2025-08-06T05:00,29.5,75,5.0,255,1005.0,0.0
2025-08-06T06:00,30.6,71,4.7,254,1004.9,0.0
2025-08-06T07:00,31.5,69,4.7,261,1004.4,0.0
2025-08-06T08:00,31.2,69,4.9,268,1003.6,0.1
2025-08-06T09:00,31.3,70,4.3,253,1002.6,0.0
2025-08-06T10:00,32.0,68,4.8,245,1001.6,0.0
2025-08-06T11:00,31.8,69,3.2,254,1000.8,0.0
2025-08-06T12:00,30.9,71,8.9,249,1000.7,0.8
2025-08-06T13:00,29.6,79,3.1,310,1001.6,0.0
2025-08-06T14:00,28.9,83,2.9,292,1002.1,0.0
2025-08-06T15:00,28.5,87,2.3,266,1002.5,0.0
2025-08-06T16:00,28.3,88,2.3,274,1003.2,0.0
2025-08-06T17:00,28.1,88,1.0,202,1003.3,0.0
2025-08-06T18:00,27.7,90,3.1,230,1003.2,0.0
2025-08-06T19:00,27.5,89,3.8,211,1002.9,0.0
2025-08-06T20:00,27.3,88,4.4,210,1002.3,0.0
2025-08-06T21:00,27.1,88,4.6,228,1002.0,0.0
2025-08-06T22:00,27.0,86,6.0,263,1002.2,0.0
2025-08-06T23:00,26.8,83,7.2,273,1002.5,0.0
2025-08-07T00:00,26.5,81,7.6,269,1002.7,0.0
2025-08-07T01:00,27.7,77,10.0,279,1002.6,0.0
2025-08-07T02:00,28.3,76,9.9,275,1003.0,0.0
2025-08-07T03:00,29.5,73,8.6,285,1003.6,0.0
2025-08-07T04:00,30.7,70,8.4,285,1003.7,0.0
2025-08-07T05:00,32.1,65,9.8,284,1003.5,0.0
2025-08-07T06:00,33.3,56,11.0,295,1003.1,0.0
2025-08-07T07:00,33.9,54,10.7,293,1002.5,0.0
2025-08-07T08:00,34.3,53,10.8,281,1001.2,0.0
2025-08-07T09:00,34.4,53,11.2,275,1000.2,0.0
2025-08-07T10:00,34.2,54,12.1,274,999.2,0.0
2025-08-07T11:00,34.0,54,12.7,277,998.7,0.0
2025-08-07T12:00,33.3,58,9.7,280,998.7,0.0
2025-08-07T13:00,31.9,66,5.6,295,999.7,0.0
2025-08-07T14:00,30.8,72,5.5,281,999.8,0.0
2025-08-07T15:00,30.2,74,5.1,280,1000.6,0.0
2025-08-07T16:00,29.7,76,4.6,261,1001.4,0.0
2025-08-07T17:00,29.0,79,4.7,263,1001.8,0.0
2025-08-07T18:00,28.6,79,5.4,262,1001.7,0.0
2025-08-07T19:00,28.3,78,7.1,254,1001.5,0.0
2025-08-07T20:00,28.0,77,7.5,260,1001.2,0.0
2025-08-07T21:00,27.8,77,7.1,254,1001.2,0.0
2025-08-07T22:00,27.6,77,9.1,262,1001.1,0.0
2025-08-07T23:00,27.3,76,9.5,270,1001.5,0.0
2025-08-08T00:00,26.9,76,8.6,268,1001.9,0.0
2025-08-08T01:00,28.2,71,11.5,271,1001.8,0.0
2025-08-08T02:00,28.9,68,11.9,268,1002.3,0.0
2025-08-08T03:00,29.7,68,8.3,276,1002.8,0.0
2025-08-08T04:00,31.0,63,10.3,282,1003.1,0.0
2025-08-08T05:00,32.4,59,10.4,279,1003.4,0.0
2025-08-08T06:00,33.0,57,9.6,278,1003.4,0.0
2025-08-08T07:00,32.7,60,8.0,265,1003.3,0.0
2025-08-08T08:00,33.4,58,8.7,265,1003.0,0.0
2025-08-08T09:00,33.7,55,7.9,274,1002.3,0.0
2025-08-08T10:00,33.7,54,7.1,280,1002.0,0.0
2025-08-08T11:00,33.3,55,5.7,279,1001.8,0.0
2025-08-08T12:00,32.9,60,3.3,283,1002.1,0.0
2025-08-08T13:00,32.4,62,4.2,7,1003.0,0.0
2025-08-08T14:00,30.9,71,4.9,33,1003.6,0.0
2025-08-08T15:00,30.2,75,4.8,53,1004.3,0.0
2025-08-08T16:00,29.6,79,3.4,90,1004.8,0.0
2025-08-08T17:00,29.1,80,6.1,113,1005.4,0.0
2025-08-08T18:00,28.3,86,7.7,131,1005.8,0.0
2025-08-08T19:00,28.0,87,5.9,142,1005.4,0.0
2025-08-08T20:00,27.9,87,5.2,131,1005.0,0.0
2025-08-08T21:00,27.8,88,5.6,147,1004.7,0.0
2025-08-08T22:00,27.7,89,3.1,149,1004.4,0.0
2025-08-08T23:00,27.4,89,5.0,116,1004.9,0.0
2025-08-09T00:00,27.2,91,7.1,135,1005.6,0.0
2025-08-09T01:00,27.7,83,5.6,277,1005.6,0.0
2025-08-09T02:00,28.0,82,0.4,90,1006.2,0.0
2025-08-09T03:00,27.8,84,4.9,94,1006.9,0.4
2025-08-09T04:00,27.0,90,1.0,202,1007.2,7.4
2025-08-09T05:00,26.5,90,7.7,303,1006.8,4.6
2025-08-09T06:00,27.6,84,3.5,291,1007.0,0.3
2025-08-09T07:00,28.4,80,4.2,282,1006.3,0.0
2025-08-09T08:00,29.4,77,2.7,270,1005.5,0.2
2025-08-09T09:00,30.4,73,2.8,259,1004.8,0.0
2025-08-09T10:00,30.2,73,4.0,297,1003.7,0.0
2025-08-09T11:00,30.3,72,4.4,322,1002.9,0.0
2025-08-09T12:00,30.1,74,4.0,339,1003.0,0.0
2025-08-09T13:00,27.7,83,3.7,325,1004.3,0.0
2025-08-09T14:00,27.1,87,3.1,310,1004.5,0.0
2025-08-09T15:00,26.9,88,3.7,305,1004.7,0.0
2025-08-09T16:00,26.8,89,3.9,292,1005.2,0.0
2025-08-09T17:00,26.6,91,2.6,295,1005.1,0.0
2025-08-09T18:00,26.5,91,0.9,270,1005.1,0.0
2025-08-09T19:00,26.2,92,0.7,256,1004.9,0.0
2025-08-09T20:00,26.3,93,1.7,302,1004.6,0.0
2025-08-09T21:00,26.4,92,2.3,309,1004.4,0.0
2025-08-09T22:00,26.2,93,1.9,22,1004.5,0.0
2025-08-09T23:00,26.0,93,1.6,6,1005.0,0.9
2025-08-10T00:00,25.9,93,2.4,333,1005.1,0.1
2025-08-10T01:00,26.5,93,1.5,187,1005.0,0.2
2025-08-10T02:00,27.1,92,1.7,342,1005.1,0.1
2025-08-10T03:00,28.2,87,2.1,31,1005.5,0.0
2025-08-10T04:00,28.9,83,2.6,25,1005.7,0.1
2025-08-10T05:00,29.8,79,1.6,354,1005.5,0.0
2025-08-10T06:00,31.0,74,2.3,328,1005.1,0.1
2025-08-10T07:00,31.7,72,3.1,332,1004.2,0.1
2025-08-10T08:00,32.1,72,3.1,280,1003.4,0.1
2025-08-10T09:00,32.4,71,4.0,300,1002.4,0.1
2025-08-10T10:00,32.3,71,5.0,314,1001.1,0.1
2025-08-10T11:00,32.3,69,4.7,320,1000.4,0.0
2025-08-10T12:00,32.0,71,5.4,340,1000.2,0.0
2025-08-10T13:00,31.1,75,3.5,294,1001.7,0.0
2025-08-10T14:00,30.4,81,2.4,283,1002.0,0.0
2025-08-10T15:00,30.0,82,2.2,228,1002.7,0.0
2025-08-10T16:00,29.5,84,2.7,203,1003.3,0.0
2025-08-10T17:00,29.0,86,2.6,192,1003.3,0.0
2025-08-10T18:00,28.5,88,2.9,158,1003.4,0.0
2025-08-10T19:00,28.2,89,3.3,189,1002.9,0.0
2025-08-10T20:00,28.0,87,4.4,212,1002.5,0.0
2025-08-10T21:00,27.7,86,2.6,205,1002.3,0.0
2025-08-10T22:00,27.5,84,4.4,215,1002.3,0.0
2025-08-10T23:00,27.1,86,3.6,225,1002.5,0.0
2025-08-11T00:00,27.0,86,1.8,225,1003.0,0.0
2025-08-11T01:00,28.4,80,9.9,270,1002.2,0.0
2025-08-11T02:00,28.8,78,10.5,273,1003.0,0.0
2025-08-11T03:00,29.7,77,8.6,250,1003.3,0.0
2025-08-11T04:00,30.9,71,10.1,271,1003.6,0.0
2025-08-11T05:00,31.6,68,10.2,277,1003.5,0.0
2025-08-11T06:00,32.6,66,9.3,280,1003.1,0.0
2025-08-11T07:00,33.4,63,8.5,291,1002.5,0.0
2025-08-11T08:00,33.9,61,9.7,299,1001.4,0.0
2025-08-11T09:00,33.9,60,9.6,313,1000.5,0.0
2025-08-11T10:00,32.7,64,7.3,318,1000.0,0.4
2025-08-11T11:00,32.6,66,3.6,342,999.9,0.0
2025-08-11T12:00,31.9,70,2.4,333,999.9,0.0
2025-08-11T13:00,30.8,77,1.8,156,1001.4,0.0
2025-08-11T14:00,29.9,83,4.9,144,1001.8,0.0
2025-08-11T15:00,28.4,90,2.3,299,1002.8,1.0
2025-08-11T16:00,27.7,94,7.5,172,1003.1,0.6
2025-08-11T17:00,27.7,93,6.7,160,1003.0,0.1
2025-08-11T18:00,27.7,94,6.0,171,1002.9,0.0
2025-08-11T19:00,27.6,93,6.7,178,1002.5,0.0
2025-08-11T20:00,27.4,91,6.9,187,1002.1,0.0
2025-08-11T21:00,27.3,88,3.8,177,1001.8,0.2
2025-08-11T22:00,27.2,89,5.0,201,1001.7,0.3
2025-08-11T23:00,26.8,92,0.9,11,1002.2,0.0
2025-08-12T00:00,26.6,94,1.3,135,1002.2,0.0
2025-08-12T01:00,27.5,88,5.6,255,1003.1,0.0
2025-08-12T02:00,27.8,84,5.1,262,1003.6,0.0
2025-08-12T03:00,27.7,83,6.1,223,1004.0,0.0
2025-08-12T04:00,27.7,82,7.0,228,1004.3,0.0
2025-08-12T05:00,28.7,79,6.9,256,1004.1,0.0
2025-08-12T06:00,29.4,76,5.4,291,1003.4,0.0
2025-08-12T07:00,31.3,70,5.2,282,1002.6,0.0
2025-08-12T08:00,32.5,65,6.4,281,1001.4,0.0
2025-08-12T09:00,33.2,63,6.2,291,1000.4,0.0
2025-08-12T10:00,33.4,62,6.9,295,999.3,0.0
2025-08-12T11:00,33.1,63,8.2,296,998.5,0.0
2025-08-12T12:00,32.5,65,7.3,290,998.1,0.0
2025-08-12T13:00,31.4,73,3.0,322,999.6,0.0
2025-08-12T14:00,30.6,78,2.4,312,1000.1,0.0
2025-08-12T15:00,30.1,81,2.8,285,1000.5,0.0
2025-08-12T16:00,29.6,83,3.1,249,1001.0,0.0
2025-08-12T17:00,29.4,84,2.7,222,1000.9,0.0
2025-08-12T18:00,28.9,86,2.6,205,1001.0,0.0
2025-08-12T19:00,28.5,86,4.4,207,1000.9,0.0
2025-08-12T20:00,28.1,87,4.1,236,1000.4,0.0
2025-08-12T21:00,27.9,87,4.4,251,999.9,0.0
2025-08-12T22:00,27.6,87,4.7,272,999.9,0.0
2025-08-12T23:00,27.4,87,4.6,259,1000.2,0.0
2025-08-13T00:00,27.2,86,5.8,250,1000.4,0.0
2025-08-13T01:00,28.3,87,6.7,265,1001.0,0.0
2025-08-13T02:00,28.9,84,5.9,259,1001.5,0.0
2025-08-13T03:00,29.6,79,6.7,268,1001.6,0.0
2025-08-13T04:00,30.7,71,7.6,270,1001.9,0.0
2025-08-13T05:00,31.9,66,8.2,280,1001.7,0.0
2025-08-13T06:00,32.7,62,8.5,287,1001.4,0.0
2025-08-13T07:00,32.8,62,8.6,280,1000.7,0.0
2025-08-13T08:00,33.2,59,7.8,266,1000.2,0.0
2025-08-13T09:00,33.9,57,7.7,269,999.2,0.0
2025-08-13T10:00,33.8,58,7.7,269,998.5,0.0
2025-08-13T11:00,33.4,58,6.5,275,998.2,0.0
2025-08-13T12:00,33.1,61,3.8,251,998.8,0.0
2025-08-13T13:00,32.1,68,5.0,289,999.9,0.0
2025-08-13T14:00,30.9,76,3.4,317,1000.3,0.0
2025-08-13T15:00,30.5,79,2.4,42,1001.3,0.0
2025-08-13T16:00,30.4,81,1.5,76,1002.0,0.0
2025-08-13T17:00,29.9,83,1.9,112,1002.1,0.0
2025-08-13T18:00,29.2,84,3.9,152,1002.4,0.0
2025-08-13T19:00,28.9,84,4.3,147,1002.2,0.0
2025-08-13T20:00,28.6,86,4.7,152,1002.1,0.0
2025-08-13T21:00,28.1,88,4.9,114,1002.2,0.0
2025-08-13T22:00,27.8,89,6.6,116,1002.5,0.0
2025-08-13T23:00,27.4,89,5.8,129,1002.7,0.0
2025-08-14T00:00,26.9,91,5.0,120,1003.0,0.0
2025-08-14T01:00,26.8,98,5.5,171,1004.2,1.6
2025-08-14T02:00,26.9,96,4.9,170,1004.6,1.1
2025-08-14T03:00,27.1,93,2.6,129,1004.9,1.2
2025-08-14T04:00,27.8,91,6.1,122,1005.8,0.2
2025-08-14T05:00,28.7,85,6.2,111,1005.7,0.1
2025-08-14T06:00,28.7,83,4.9,123,1005.4,0.1
2025-08-14T07:00,29.5,81,5.4,120,1004.7,0.1
2025-08-14T08:00,28.1,84,7.9,123,1004.4,0.7
2025-08-14T09:00,27.8,86,5.1,100,1003.7,1.3
2025-08-14T10:00,27.9,88,2.7,67,1002.6,0.5
2025-08-14T11:00,28.6,84,5.1,48,1001.6,0.1
2025-08-14T12:00,28.3,85,5.6,45,1001.5,0.0
2025-08-14T13:00,28.3,85,5.0,30,1002.9,0.0
2025-08-14T14:00,27.4,90,5.2,31,1003.2,0.0
2025-08-14T15:00,27.0,92,3.9,62,1003.8,0.0
2025-08-14T16:00,26.7,94,2.7,70,1004.4,0.0
2025-08-14T17:00,26.6,95,2.8,108,1004.5,0.0
2025-08-14T18:00,26.3,96,2.6,129,1004.4,0.0
2025-08-14T19:00,26.2,96,3.9,133,1004.0,0.0
2025-08-14T20:00,26.2,95,4.2,115,1003.7,0.0
2025-08-14T21:00,26.0,95,4.0,100,1003.4,0.0
2025-08-14T22:00,25.7,96,5.5,67,1003.2,0.0
2025-08-14T23:00,25.4,97,5.2,59,1003.2,0.0
2025-08-15T00:00,25.3,98,4.2,70,1003.5,0.0
2025-08-15T01:00,26.1,95,7.1,97,1004.0,0.6
2025-08-15T02:00,26.7,95,3.2,137,1004.2,0.1
2025-08-15T03:00,27.9,88,1.9,124,1004.2,0.0
2025-08-15T04:00,29.3,82,3.6,135,1004.5,0.1
2025-08-15T05:00,30.1,79,3.2,153,1004.2,0.2
2025-08-15T06:00,30.8,76,3.1,193,1003.8,0.2
2025-08-15T07:00,31.5,73,2.4,207,1003.2,0.2
2025-08-15T08:00,31.7,73,0.8,207,1002.1,0.2
2025-08-15T09:00,31.5,74,0.8,153,1001.0,0.1
2025-08-15T10:00,30.4,77,4.2,95,1000.0,1.3
2025-08-15T11:00,30.6,78,3.0,65,999.3,0.2
2025-08-15T12:00,30.3,80,4.1,90,999.1,0.0
2025-08-15T13:00,29.8,81,3.0,57,1000.0,0.0
2025-08-15T14:00,29.0,85,3.1,69,1000.5,0.0
2025-08-15T15:00,28.6,88,2.5,111,1001.4,0.0
2025-08-15T16:00,28.4,88,4.3,138,1002.2,0.0
2025-08-15T17:00,28.0,89,4.5,143,1002.1,0.0
2025-08-15T18:00,27.6,92,4.8,151,1002.2,0.0
2025-08-15T19:00,27.3,94,4.5,137,1002.3,0.0
2025-08-15T20:00,27.1,95,4.5,113,1002.0,0.0
2025-08-15T21:00,26.8,97,4.7,94,1001.7,0.0
2025-08-15T22:00,26.7,97,4.9,86,1001.6,0.0
2025-08-15T23:00,26.5,98,3.1,77,1001.7,0.0
2025-08-16T00:00,26.3,98,2.9,101,1001.9,0.0
2025-08-16T01:00,27.4,97,4.8,121,1001.7,0.0
2025-08-16T02:00,28.2,93,3.9,118,1002.3,0.0
2025-08-16T03:00,29.2,88,3.7,119,1002.7,0.0
2025-08-16T04:00,29.8,81,6.6,116,1003.1,0.2
2025-08-16T05:00,30.1,80,5.6,155,1002.9,0.1
2025-08-16T06:00,28.9,80,7.0,136,1003.0,2.0
2025-08-16T07:00,29.0,82,1.7,131,1002.2,0.5
2025-08-16T08:00,30.2,80,1.2,153,1001.1,0.0
2025-08-16T09:00,30.9,75,1.3,172,1000.0,0.1
2025-08-16T10:00,31.2,74,0.9,127,998.7,0.0
2025-08-16T11:00,31.1,75,3.5,28,998.1,0.0
2025-08-16T12:00,30.9,76,4.1,45,998.2,0.0
2025-08-16T13:00,28.8,88,4.8,27,999.3,0.0
2025-08-16T14:00,28.3,90,5.6,68,999.9,0.0
2025-08-16T15:00,28.3,91,4.5,67,1000.8,0.0
2025-08-16T16:00,28.2,92,5.5,71,1001.6,0.0
2025-08-16T17:00,28.1,92,5.2,84,1002.0,0.0
2025-08-16T18:00,27.8,92,5.6,84,1002.4,0.0
2025-08-16T19:00,27.6,92,5.6,94,1002.4,0.0
2025-08-16T20:00,27.5,92,5.0,88,1002.1,0.0
2025-08-16T21:00,27.4,92,5.1,96,1002.1,0.0
2025-08-16T22:00,27.3,92,5.2,102,1001.9,0.0
2025-08-16T23:00,27.3,93,4.7,106,1002.1,0.0
2025-08-17T00:00,27.4,93,3.9,103,1002.6,0.0
2025-08-17T01:00,27.6,93,5.9,55,1002.8,0.0
2025-08-17T02:00,27.5,93,6.8,48,1003.3,0.0
2025-08-17T03:00,27.8,91,5.8,74,1003.2,0.2
2025-08-17T04:00,29.6,85,4.8,59,1003.6,0.0
2025-08-17T05:00,31.3,78,6.6,101,1003.7,0.1
2025-08-17T06:00,31.4,75,10.6,90,1003.7,2.3
2025-08-17T07:00,27.8,89,8.8,90,1003.2,2.5
2025-08-17T08:00,29.1,85,3.2,87,1002.1,0.3
2025-08-17T09:00,30.7,80,3.5,75,1000.9,0.0
2025-08-17T10:00,31.6,75,4.4,60,1000.1,0.0
2025-08-17T11:00,31.8,73,4.9,73,999.6,0.0
2025-08-17T12:00,31.4,74,6.7,87,999.8,0.0
2025-08-17T13:00,30.2,81,7.4,86,1001.0,0.0
2025-08-17T14:00,29.1,88,6.1,76,1001.3,0.0
2025-08-17T15:00,28.7,90,4.5,67,1001.9,0.0
2025-08-17T16:00,28.5,90,4.5,53,1003.1,0.0
2025-08-17T17:00,28.3,91,5.3,66,1003.8,0.0
2025-08-17T18:00,28.2,90,6.3,72,1004.4,0.0
2025-08-17T19:00,28.0,90,6.4,80,1004.3,0.0
2025-08-17T20:00,27.7,91,5.9,90,1004.3,0.0
2025-08-17T21:00,27.6,92,6.3,105,1003.9,0.0
2025-08-17T22:00,27.5,93,7.5,107,1003.6,0.0
2025-08-17T23:00,27.3,94,6.6,99,1003.7,0.0
2025-08-18T00:00,27.2,94,7.4,103,1004.4,0.0
2025-08-18T01:00,28.0,91,8.5,107,1004.3,0.0
2025-08-18T02:00,28.4,90,7.6,87,1005.0,0.0
2025-08-18T03:00,27.9,88,13.3,103,1005.9,4.9
2025-08-18T04:00,28.4,87,9.4,98,1006.5,0.2
2025-08-18T05:00,30.0,81,9.0,95,1006.1,0.1
2025-08-18T06:00,31.0,76,10.1,96,1005.4,0.1
2025-08-18T07:00,31.4,73,9.6,94,1004.9,0.2
2025-08-18T08:00,31.7,71,8.7,83,1003.9,0.0
2025-08-18T09:00,32.1,66,8.9,81,1002.6,0.0
2025-08-18T10:00,32.0,68,9.3,80,1001.6,0.0
2025-08-18T11:00,31.6,71,8.6,79,1000.8,0.0
2025-08-18T12:00,30.8,75,8.5,63,1000.6,0.0
2025-08-18T13:00,30.7,75,6.6,77,1001.9,0.0
2025-08-18T14:00,29.4,80,6.5,87,1002.3,0.0
2025-08-18T15:00,28.9,83,6.5,84,1003.0,0.0
2025-08-18T16:00,28.6,85,5.9,90,1003.9,0.0
2025-08-18T17:00,28.4,87,6.2,83,1004.2,0.0
2025-08-18T18:00,28.1,89,7.0,93,1004.1,0.0
2025-08-18T19:00,27.7,89,7.5,105,1003.8,0.0
2025-08-18T20:00,27.4,89,6.8,101,1003.4,0.0
2025-08-18T21:00,27.2,89,6.2,98,1003.0,0.0
2025-08-18T22:00,27.1,90,4.7,83,1002.9,0.0
2025-08-18T23:00,27.0,91,5.4,82,1002.7,0.0
2025-08-19T00:00,26.7,92,6.5,92,1002.7,0.0
2025-08-19T01:00,27.9,91,5.2,86,1003.6,0.0
2025-08-19T02:00,28.7,90,5.4,94,1003.8,0.0
2025-08-19T03:00,29.8,85,6.8,88,1003.8,0.1
2025-08-19T04:00,30.8,80,7.7,102,1004.1,0.2
2025-08-19T05:00,32.1,72,7.2,104,1003.8,0.1
2025-08-19T06:00,30.8,75,9.4,150,1003.9,4.2
2025-08-19T07:00,31.9,68,7.2,141,1003.0,0.1
2025-08-19T08:00,30.5,74,11.0,116,1002.5,0.6
2025-08-19T09:00,31.0,75,2.9,101,1001.3,0.1
2025-08-19T10:00,31.6,71,4.2,50,999.9,0.0
2025-08-19T11:00,31.6,68,5.7,55,999.2,0.0
2025-08-19T12:00,31.5,68,5.9,63,998.8,0.0
2025-08-19T13:00,29.6,81,7.2,28,1000.7,0.0
2025-08-19T14:00,29.1,85,7.6,38,1000.9,0.0
2025-08-19T15:00,28.8,86,7.2,53,1001.6,0.0
2025-08-19T16:00,28.7,87,7.0,69,1002.4,0.0
2025-08-19T17:00,28.5,87,7.2,87,1002.7,0.0
2025-08-19T18:00,28.3,86,8.3,104,1003.0,0.0
2025-08-19T19:00,27.9,86,8.0,108,1002.7,0.0
2025-08-19T20:00,27.5,87,7.6,104,1002.5,0.0
2025-08-19T21:00,27.3,88,7.3,99,1002.3,0.0
2025-08-19T22:00,27.0,89,6.1,95,1002.6,0.0
2025-08-19T23:00,26.8,90,5.8,85,1002.7,0.0
2025-08-20T00:00,26.6,91,6.7,63,1003.0,0.0
2025-08-20T01:00,27.9,90,8.7,95,1003.0,1.1
2025-08-20T02:00,27.9,90,11.3,121,1003.2,1.8
2025-08-20T03:00,28.4,87,8.6,110,1003.7,1.1
2025-08-20T04:00,29.0,81,8.3,110,1003.8,0.1
2025-08-20T05:00,30.3,73,10.2,97,1003.8,0.1
2025-08-20T06:00,30.6,71,11.6,98,1003.2,0.3
2025-08-20T07:00,31.6,68,10.6,101,1002.1,0.3
2025-08-20T08:00,32.2,64,10.4,99,1000.8,0.1
2025-08-20T09:00,32.7,62,10.5,96,999.5,0.1
2025-08-20T10:00,32.3,64,10.7,82,998.5,0.1
2025-08-20T11:00,31.4,70,8.8,95,998.3,0.1
2025-08-20T12:00,30.7,73,9.2,87,998.4,0.1
2025-08-20T13:00,31.0,71,8.5,85,999.9,0.0
2025-08-20T14:00,30.1,76,8.2,100,1000.3,0.0
2025-08-20T15:00,29.7,78,9.2,107,1001.1,0.0
2025-08-20T16:00,29.3,81,8.4,101,1002.0,0.0
2025-08-20T17:00,28.8,84,7.4,94,1002.3,0.0
2025-08-20T18:00,28.4,87,6.9,96,1003.2,0.0
2025-08-20T19:00,28.0,89,6.3,95,1003.3,0.0
2025-08-20T20:00,27.8,90,6.7,74,1003.2,0.0
2025-08-20T21:00,27.6,90,7.3,67,1002.7,0.0
2025-08-20T22:00,26.6,90,2.4,171,1003.2,9.7
2025-08-20T23:00,25.1,98,5.0,334,1003.2,9.0
2025-08-21T00:00,25.2,98,3.2,43,1003.5,0.4
2025-08-21T01:00,26.6,90,5.9,59,1003.7,0.1
2025-08-21T02:00,27.4,86,5.6,50,1003.8,0.0
2025-08-21T03:00,29.0,81,7.4,86,1003.8,0.0
2025-08-21T04:00,30.6,72,9.2,96,1003.5,0.0
2025-08-21T05:00,31.9,64,12.3,97,1003.3,0.1
2025-08-21T06:00,32.4,62,11.4,105,1002.8,0.0
2025-08-21T07:00,33.2,59,10.4,110,1002.0,0.1
2025-08-21T08:00,33.5,59,9.0,112,1001.0,0.1
2025-08-21T09:00,33.6,57,8.0,104,999.9,0.0
2025-08-21T10:00,33.9,57,7.3,106,998.9,0.0
2025-08-21T11:00,32.2,63,8.1,115,998.8,0.6
2025-08-21T12:00,31.9,64,3.2,109,998.0,0.0
2025-08-21T13:00,31.6,69,2.9,101,999.4,0.0
2025-08-21T14:00,31.2,72,2.5,94,1000.2,0.0
2025-08-21T15:00,30.7,77,3.1,126,1001.1,0.0
2025-08-21T16:00,30.2,82,2.3,141,1001.6,0.0
2025-08-21T17:00,29.7,86,1.3,124,1001.7,0.0
2025-08-21T18:00,29.3,88,1.2,51,1001.7,0.0
2025-08-21T19:00,28.9,88,2.8,72,1002.0,0.0
2025-08-21T20:00,28.4,88,5.6,61,1001.3,0.0
2025-08-21T21:00,27.7,88,6.3,85,1000.7,0.0
2025-08-21T22:00,27.2,90,4.7,108,1001.0,0.0
2025-08-21T23:00,25.9,94,6.2,102,1001.0,2.1
2025-08-22T00:00,25.6,94,4.2,160,1001.1,0.1
2025-08-22T01:00,28.0,92,3.0,25,1000.4,0.0
2025-08-22T02:00,28.7,86,3.7,35,1000.7,0.0
2025-08-22T03:00,30.0,78,1.1,72,1000.7,0.1
2025-08-22T04:00,31.3,71,2.1,110,1000.8,0.0
2025-08-22T05:00,32.6,64,4.0,120,1000.8,0.1
2025-08-22T06:00,33.7,58,4.8,110,1000.1,0.1
2025-08-22T07:00,34.5,54,5.1,96,999.5,0.1
2025-08-22T08:00,34.2,55,5.6,88,998.6,0.2
2025-08-22T09:00,33.9,55,4.3,62,997.4,0.1
2025-08-22T10:00,34.5,53,4.6,42,996.0,0.0
2025-08-22T11:00,34.3,52,6.9,49,995.7,0.0
2025-08-22T12:00,33.7,55,6.1,60,995.9,0.0
2025-08-22T13:00,32.4,65,7.2,152,997.2,0.0
2025-08-22T14:00,31.6,69,5.1,163,998.3,0.0
2025-08-22T15:00,30.9,73,2.9,150,999.1,0.0
2025-08-22T16:00,30.1,76,4.6,132,1000.4,0.4
2025-08-22T17:00,29.5,82,7.5,130,1000.6,0.0
2025-08-22T18:00,28.9,85,5.6,121,1000.5,0.0
2025-08-22T19:00,28.3,88,6.8,117,1000.1,0.0
2025-08-22T20:00,27.8,88,5.2,112,999.6,0.0
2025-08-22T21:00,27.5,90,4.3,92,999.3,0.3
2025-08-22T22:00,26.5,93,1.5,45,999.5,1.9
2025-08-22T23:00,25.9,98,1.8,294,999.7,0.4
2025-08-23T00:00,25.8,97,2.3,18,1000.1,0.2
2025-08-23T01:00,26.5,93,2.5,60,999.8,0.0
2025-08-23T02:00,27.4,89,2.5,69,1000.1,0.0
2025-08-23T03:00,28.9,82,4.2,100,1000.7,0.0
2025-08-23T04:00,30.2,74,7.0,100,1000.9,0.1
2025-08-23T05:00,31.5,69,7.1,105,1001.2,0.1
2025-08-23T06:00,32.1,65,6.3,85,1000.5,0.0
2025-08-23T07:00,33.0,61,6.5,82,999.7,0.0
2025-08-23T08:00,30.0,73,8.0,98,999.1,1.6
2025-08-23T09:00,31.8,69,1.9,49,997.5,0.4
2025-08-23T10:00,30.2,73,11.1,78,997.5,0.7
2025-08-23T11:00,29.6,77,2.2,104,997.2,0.2
2025-08-23T12:00,29.1,80,0.2,90,997.5,0.1
2025-08-23T13:00,28.1,86,2.6,65,998.8,0.3
2025-08-23T14:00,27.6,89,4.7,32,999.5,0.4
2025-08-23T15:00,27.2,92,6.3,59,1000.3,0.0
2025-08-23T16:00,26.7,93,7.1,69,1001.0,0.2
2025-08-23T17:00,26.6,93,6.4,74,1001.3,0.1
2025-08-23T18:00,26.4,94,6.1,78,1000.8,0.0
2025-08-23T19:00,26.3,95,4.5,97,1000.9,0.0
2025-08-23T20:00,26.2,95,3.4,74,1000.2,0.0
2025-08-23T21:00,26.1,95,5.8,86,999.8,0.0
2025-08-23T22:00,26.0,95,3.5,105,1000.0,0.0
2025-08-23T23:00,26.0,95,6.7,90,1000.1,0.0
2025-08-24T00:00,25.9,95,5.5,101,1000.2,0.0
2025-08-24T01:00,26.3,92,6.6,123,1000.8,0.0
2025-08-24T02:00,27.0,89,5.1,132,1001.2,0.0
2025-08-24T03:00,28.3,85,9.2,123,1001.4,0.0
2025-08-24T04:00,29.5,79,9.8,122,1002.0,0.1
2025-08-24T05:00,30.5,75,9.9,112,1002.2,0.1
2025-08-24T06:00,31.6,70,11.2,109,1001.9,0.2
2025-08-24T07:00,29.5,78,6.9,120,1001.4,3.6
2025-08-24T08:00,31.2,73,6.8,48,1000.2,0.0
2025-08-24T09:00,28.6,82,8.8,85,999.4,2.9
2025-08-24T10:00,29.6,79,9.1,27,998.6,0.1
2025-08-24T11:00,29.3,82,7.2,89,998.4,0.3
2025-08-24T12:00,26.5,91,11.7,80,999.4,8.1
2025-08-24T13:00,28.7,82,9.0,125,999.7,0.0
2025-08-24T14:00,28.0,84,7.7,121,1000.3,0.1
2025-08-24T15:00,27.5,88,4.3,75,1000.8,0.0
2025-08-24T16:00,27.3,89,4.9,73,1001.1,0.0
2025-08-24T17:00,26.7,88,7.0,64,1001.6,0.8
2025-08-24T18:00,26.0,91,12.9,75,1001.8,0.2
2025-08-24T19:00,25.3,93,9.5,80,1001.7,0.3
2025-08-24T20:00,25.3,93,9.3,99,1000.8,0.3
2025-08-24T21:00,25.3,93,9.0,102,1000.6,0.8
2025-08-24T22:00,24.9,95,9.7,121,1000.6,2.8
2025-08-24T23:00,24.9,95,9.5,129,1000.5,0.2
2025-08-25T00:00,24.8,95,12.3,104,1000.8,1.5
2025-08-25T01:00,25.4,95,11.4,121,1000.1,1.2
2025-08-25T02:00,25.9,93,10.9,117,1000.5,0.7
2025-08-25T03:00,26.7,91,16.3,112,1000.8,0.3
2025-08-25T04:00,27.5,87,13.4,114,1001.4,0.1
2025-08-25T05:00,28.8,79,15.6,111,1001.0,0.2
2025-08-25T06:00,29.5,76,17.1,112,1000.6,0.2
2025-08-25T07:00,29.6,78,13.3,113,999.9,0.6
2025-08-25T08:00,29.3,77,14.5,107,998.5,0.3
2025-08-25T09:00,28.7,80,14.1,100,998.1,0.2
2025-08-25T10:00,29.4,77,12.5,115,997.1,0.3
2025-08-25T11:00,27.3,86,9.7,135,997.2,8.0
2025-08-25T12:00,26.9,90,5.2,92,997.5,0.4
2025-08-25T13:00,27.7,86,9.2,107,998.4,0.0
2025-08-25T14:00,27.4,87,10.1,112,999.0,0.1
2025-08-25T15:00,27.1,88,10.7,115,999.8,0.1
2025-08-25T16:00,26.8,89,10.2,113,1000.8,0.0
2025-08-25T17:00,26.3,91,13.2,124,1001.2,0.3
2025-08-25T18:00,26.2,93,11.2,125,1001.4,0.2
2025-08-25T19:00,26.0,94,10.9,130,1001.5,0.0
2025-08-25T20:00,25.7,95,14.2,131,1001.4,0.6
2025-08-25T21:00,25.2,94,13.0,118,1001.3,0.3
2025-08-25T22:00,25.5,94,16.6,124,1001.4,0.1
2025-08-25T23:00,25.5,94,16.0,125,1001.6,0.3
2025-08-26T00:00,25.4,95,13.5,128,1002.1,0.1
2025-08-26T01:00,26.1,93,11.8,118,1002.3,0.1
2025-08-26T02:00,26.0,87,15.6,126,1003.5,2.7
2025-08-26T03:00,26.5,91,18.6,127,1003.5,0.6
2025-08-26T04:00,27.7,88,13.5,128,1004.3,0.3
2025-08-26T05:00,29.2,80,15.0,133,1004.4,0.1
2025-08-26T06:00,29.5,77,13.0,127,1004.2,0.2
2025-08-26T07:00,29.7,75,12.5,130,1003.0,0.0
2025-08-26T08:00,30.3,75,12.2,137,1002.5,0.3
2025-08-26T09:00,28.6,81,11.6,129,1002.1,1.5
2025-08-26T10:00,29.2,81,7.7,129,1000.9,0.1
2025-08-26T11:00,29.7,80,7.6,117,1000.2,0.0
2025-08-26T12:00,29.7,79,7.4,122,1000.7,0.0
2025-08-26T13:00,27.9,89,3.1,135,1001.7,0.0
2025-08-26T14:00,27.3,90,6.7,110,1002.5,0.0
2025-08-26T15:00,26.8,92,8.0,126,1002.8,0.3
2025-08-26T16:00,26.5,93,5.1,117,1003.6,0.0
2025-08-26T17:00,26.5,94,7.7,115,1003.7,0.0
2025-08-26T18:00,26.3,95,7.3,118,1003.8,0.0
2025-08-26T19:00,26.1,95,7.5,110,1003.8,0.0
2025-08-26T20:00,25.9,96,7.3,106,1003.2,0.0
2025-08-26T21:00,25.7,96,6.2,112,1002.9,0.0
2025-08-26T22:00,25.5,98,6.7,117,1002.8,0.0
2025-08-26T23:00,25.4,98,3.6,108,1003.0,0.1
2025-08-27T00:00,25.3,97,5.6,105,1003.2,0.0
2025-08-27T01:00,26.3,96,6.1,114,1003.2,0.1
2025-08-27T02:00,27.1,93,2.3,135,1003.8,0.6
2025-08-27T03:00,27.5,85,6.0,151,1004.1,1.1
2025-08-27T04:00,28.5,84,8.1,119,1004.4,0.1
2025-08-27T05:00,29.8,80,6.5,132,1004.2,0.0
2025-08-27T06:00,30.9,77,6.1,146,1003.6,0.0
2025-08-27T07:00,31.4,75,6.7,142,1002.7,0.2
2025-08-27T08:00,32.0,71,5.5,139,1001.8,0.0
2025-08-27T09:00,32.6,69,4.9,144,1000.7,0.0
2025-08-27T10:00,32.6,69,4.1,151,999.6,0.0
2025-08-27T11:00,32.5,68,3.3,135,998.7,0.0
2025-08-27T12:00,31.7,71,3.8,115,998.6,0.0
2025-08-27T13:00,29.0,84,1.0,68,1000.4,0.0
2025-08-27T14:00,28.5,89,1.9,29,1001.0,0.0
2025-08-27T15:00,28.4,91,1.3,146,1001.9,0.0
2025-08-27T16:00,28.2,92,2.1,75,1002.7,0.0
2025-08-27T17:00,27.7,93,8.3,101,1003.0,0.0
2025-08-27T18:00,27.2,92,5.9,153,1003.2,0.2
2025-08-27T19:00,27.0,94,5.2,119,1002.8,0.1
2025-08-27T20:00,26.3,96,6.5,62,1002.6,0.3
2025-08-27T21:00,26.1,95,5.9,130,1002.7,1.1
2025-08-27T22:00,26.1,96,5.1,98,1002.5,0.2
2025-08-27T23:00,25.7,98,2.2,76,1002.4,0.0
2025-08-28T00:00,25.8,96,4.5,146,1002.6,0.0
2025-08-28T01:00,26.9,93,6.7,90,1003.0,0.0
2025-08-28T02:00,27.3,93,4.0,90,1003.5,0.0
2025-08-28T03:00,28.3,89,4.4,97,1003.7,0.0
2025-08-28T04:00,29.7,81,6.6,111,1003.5,0.0
2025-08-28T05:00,30.9,77,6.1,122,1003.4,0.0
2025-08-28T06:00,31.6,75,6.0,131,1002.6,0.1
2025-08-28T07:00,32.1,73,5.8,144,1001.6,0.1
2025-08-28T08:00,32.2,73,5.5,153,1000.6,0.1
2025-08-28T09:00,32.5,71,4.8,155,999.3,0.0
2025-08-28T10:00,32.7,70,4.1,167,998.3,0.0
2025-08-28T11:00,32.1,71,4.0,190,997.8,0.0
2025-08-28T12:00,30.2,76,4.5,265,998.3,0.8
2025-08-28T13:00,29.0,86,7.9,120,1000.0,0.7
2025-08-28T14:00,28.9,90,8.6,129,1000.5,0.0
2025-08-28T15:00,28.6,90,6.5,166,1001.8,0.0
2025-08-28T16:00,28.3,91,4.5,173,1002.7,0.0
2025-08-28T17:00,26.8,93,6.0,53,1003.4,8.6
2025-08-28T18:00,25.5,97,7.0,90,1003.5,9.4
2025-08-28T19:00,25.9,96,6.1,118,1003.2,0.2
2025-08-28T20:00,26.1,96,7.7,102,1002.4,0.1
2025-08-28T21:00,26.1,95,8.1,114,1002.2,1.2
2025-08-28T22:00,25.8,96,1.9,41,1002.1,0.8
2025-08-28T23:00,25.0,99,1.3,16,1002.7,5.8
2025-08-29T00:00,25.2,97,3.6,70,1003.0,1.2
2025-08-29T01:00,27.4,95,7.6,118,1003.1,0.0
2025-08-29T02:00,27.1,89,12.1,131,1003.9,1.9
2025-08-29T03:00,27.6,91,10.3,136,1003.9,0.1
2025-08-29T04:00,28.5,86,9.9,143,1004.2,0.0
2025-08-29T05:00,29.1,87,7.8,124,1003.8,0.1
2025-08-29T06:00,30.1,83,7.3,140,1003.7,0.1
2025-08-29T07:00,31.1,78,9.0,134,1003.1,0.2
2025-08-29T08:00,31.5,72,7.1,131,1002.1,0.1
2025-08-29T09:00,29.7,79,12.5,105,1001.4,0.6
2025-08-29T10:00,29.3,82,7.4,96,1000.8,0.1
2025-08-29T11:00,29.3,81,8.6,120,1001.1,0.0
2025-08-29T12:00,29.1,82,8.5,97,1001.1,0.0
2025-08-29T13:00,28.5,84,7.5,101,1002.1,0.0
2025-08-29T14:00,28.0,86,7.0,90,1003.3,0.0
2025-08-29T15:00,27.6,88,7.4,89,1004.2,0.0
2025-08-29T16:00,27.2,89,7.8,97,1004.7,0.0
2025-08-29T17:00,27.0,90,7.5,98,1005.5,0.0
2025-08-29T18:00,26.9,91,7.4,93,1005.9,0.0
2025-08-29T19:00,26.6,92,7.9,94,1005.6,0.0
2025-08-29T20:00,26.5,93,8.5,92,1005.2,0.0
2025-08-29T21:00,26.4,93,7.6,108,1005.2,0.0
2025-08-29T22:00,26.3,93,8.7,95,1004.8,0.0
2025-08-29T23:00,26.2,93,7.5,107,1005.0,0.0
2025-08-30T00:00,26.1,94,8.4,97,1005.2,0.0
2025-08-30T01:00,26.6,93,11.3,99,1005.7,0.1
2025-08-30T02:00,26.7,89,10.0,104,1006.4,0.1
2025-08-30T03:00,27.2,89,12.4,121,1006.1,0.0
2025-08-30T04:00,28.2,85,10.2,120,1006.2,0.0
2025-08-30T05:00,29.3,80,10.2,122,1006.4,0.1
2025-08-30T06:00,30.3,74,8.5,118,1005.9,0.1
2025-08-30T07:00,31.1,70,6.9,113,1005.1,0.1
2025-08-30T08:00,31.5,68,6.9,110,1003.9,0.0
2025-08-30T09:00,31.8,67,6.3,117,1002.8,0.0
2025-08-30T10:00,32.0,65,6.2,116,1002.1,0.0
2025-08-30T11:00,31.6,67,6.7,98,1001.7,0.0
2025-08-30T12:00,30.5,73,5.9,101,1001.4,0.0
2025-08-30T13:00,29.7,79,5.6,94,1003.0,0.0
2025-08-30T14:00,29.0,83,5.1,84,1003.3,0.0
2025-08-30T15:00,28.6,85,5.6,86,1004.5,0.0
2025-08-30T16:00,28.2,87,6.3,97,1005.1,0.0
2025-08-30T17:00,27.9,88,6.4,100,1005.0,0.0
2025-08-30T18:00,27.6,89,5.9,101,1004.9,0.0
2025-08-30T19:00,27.2,91,5.5,101,1004.5,0.0
2025-08-30T20:00,27.0,92,5.8,104,1004.3,0.0
2025-08-30T21:00,26.7,93,8.8,105,1003.4,0.0
2025-08-30T22:00,25.9,94,8.6,123,1002.4,0.1
2025-08-30T23:00,24.9,96,7.3,115,1003.7,3.6
2025-08-31T00:00,24.5,97,14.3,118,1004.4,0.4
2025-08-31T01:00,25.7,95,8.9,122,1003.2,0.1
2025-08-31T02:00,25.9,93,7.4,133,1004.5,0.0
2025-08-31T03:00,25.6,94,8.0,138,1004.7,1.2
2025-08-31T04:00,26.8,90,9.2,137,1004.9,1.3
2025-08-31T05:00,28.1,86,9.6,133,1005.0,0.2
2025-08-31T06:00,28.6,83,8.5,126,1004.6,0.2
2025-08-31T07:00,29.2,81,6.1,133,1003.0,0.1
2025-08-31T08:00,29.7,80,5.7,125,1001.9,0.1
2025-08-31T09:00,30.1,79,6.2,123,1000.6,0.2
2025-08-31T10:00,26.7,88,9.8,116,1000.6,10.2
2025-08-31T11:00,26.9,86,8.1,119,1000.0,0.5
2025-08-31T12:00,27.3,87,7.1,137,1000.3,0.1
2025-08-31T13:00,26.0,91,4.2,85,1001.3,0.0
2025-08-31T14:00,26.0,93,5.1,84,1001.5,0.0
2025-08-31T15:00,26.0,93,5.9,102,1001.8,0.0
2025-08-31T16:00,25.9,94,6.6,103,1002.4,0.2
2025-08-31T17:00,25.9,95,7.8,109,1002.4,0.3
2025-08-31T18:00,25.8,95,9.7,112,1002.0,0.5
2025-08-31T19:00,25.7,95,11.8,116,1001.3,1.2
2025-08-31T20:00,25.2,96,8.5,138,1000.8,3.3
2025-08-31T21:00,24.9,97,9.8,133,1000.1,1.1
2025-08-31T22:00,24.5,98,10.5,119,1000.0,2.2
2025-08-31T23:00,24.4,98,9.3,118,999.7,2.5
2025-09-01T00:00,24.3,97,10.0,116,1000.1,1.3
2025-09-01T01:00,24.8,96,5.6,92,999.8,1.7
2025-09-01T02:00,24.6,97,7.2,115,1000.1,3.7
2025-09-01T03:00,24.8,96,6.9,121,999.9,2.6
2025-09-01T04:00,25.0,94,7.5,130,1000.4,1.1
2025-09-01T05:00,25.6,92,9.0,128,1000.4,0.6
2025-09-01T06:00,26.8,88,6.9,121,1000.3,0.1
2025-09-01T07:00,28.7,81,7.0,125,999.6,0.3
2025-09-01T08:00,28.5,79,9.7,137,998.5,0.6
2025-09-01T09:00,27.5,84,13.3,111,997.6,2.9
2025-09-01T10:00,27.7,82,15.5,112,996.8,0.2
2025-09-01T11:00,27.0,84,13.6,139,997.4,3.9
2025-09-01T12:00,26.0,90,11.9,117,997.4,0.5
2025-09-01T13:00,25.2,91,16.4,105,998.7,0.4
2025-09-01T14:00,24.9,93,14.4,106,999.0,1.4
2025-09-01T15:00,24.6,96,14.2,114,1000.0,1.6
2025-09-01T16:00,24.5,96,13.5,113,1000.6,1.0
2025-09-01T17:00,24.6,96,14.0,110,1000.7,1.6
2025-09-01T18:00,24.7,95,14.3,114,1000.4,1.9
2025-09-01T19:00,24.4,96,13.6,119,999.9,7.7
2025-09-01T20:00,24.2,98,9.7,145,999.4,5.1
2025-09-01T21:00,24.0,98,12.8,158,999.0,3.1
2025-09-01T22:00,24.2,98,13.7,142,998.6,2.6
2025-09-01T23:00,24.0,98,10.8,132,998.8,3.0
2025-09-02T00:00,24.0,98,12.8,119,999.2,1.4
2025-09-02T01:00,24.5,95,15.7,112,1000.4,0.6
2025-09-02T02:00,24.5,94,12.9,126,1001.0,0.2
2025-09-02T03:00,24.8,92,10.6,111,1001.4,0.2
2025-09-02T04:00,25.8,86,15.3,118,1002.1,0.0
2025-09-02T05:00,26.7,84,13.1,126,1002.2,0.1
2025-09-02T06:00,27.1,81,15.4,131,1002.2,0.1
2025-09-02T07:00,26.9,83,10.5,121,1001.9,0.2
2025-09-02T08:00,26.0,88,14.4,113,1001.2,0.3
2025-09-02T09:00,27.5,81,11.8,117,1000.2,0.6
2025-09-02T10:00,26.2,87,10.7,103,1000.0,5.3
2025-09-02T11:00,26.2,87,13.5,103,999.8,0.4
2025-09-02T12:00,26.3,88,12.3,100,999.9,0.4
2025-09-02T13:00,24.7,96,12.7,122,1001.0,3.6
2025-09-02T14:00,24.8,96,13.8,122,1001.6,2.1
2025-09-02T15:00,25.0,95,13.0,124,1002.4,0.2
2025-09-02T16:00,25.1,96,11.3,126,1002.8,0.0
2025-09-02T17:00,25.1,96,9.9,111,1003.4,0.0
2025-09-02T18:00,25.1,96,9.4,121,1003.8,0.0
2025-09-02T19:00,24.9,96,9.8,131,1003.7,0.0
2025-09-02T20:00,24.7,96,8.9,132,1003.2,0.0
2025-09-02T21:00,24.5,96,7.1,133,1003.1,0.0
2025-09-02T22:00,24.3,97,8.6,113,1003.1,0.0
2025-09-02T23:00,24.3,97,8.6,120,1003.1,0.0
2025-09-03T00:00,24.2,98,5.8,112,1003.3,0.0
2025-09-03T01:00,24.5,95,5.6,151,1004.1,7.3
2025-09-03T02:00,25.1,94,3.6,180,1005.1,0.2
2025-09-03T03:00,25.8,92,2.2,215,1004.9,0.0
2025-09-03T04:00,26.7,89,4.8,115,1005.3,0.2
2025-09-03T05:00,27.8,85,1.3,8,1005.3,0.0
2025-09-03T06:00,29.5,80,6.3,31,1005.0,0.2
2025-09-03T07:00,27.7,82,9.5,68,1004.9,4.1
2025-09-03T08:00,28.3,79,10.0,72,1004.0,0.1
2025-09-03T09:00,28.6,78,9.5,75,1002.7,0.1
2025-09-03T10:00,28.9,77,8.6,78,1001.7,0.4
2025-09-03T11:00,28.5,79,8.5,77,1001.5,0.2
2025-09-03T12:00,28.3,80,7.9,78,1001.3,0.0
2025-09-03T13:00,26.2,87,8.2,76,1003.0,0.0
2025-09-03T14:00,26.0,88,7.3,79,1003.4,0.1
2025-09-03T15:00,25.8,90,6.5,71,1004.1,0.3
2025-09-03T16:00,25.7,90,6.3,75,1004.7,0.5
2025-09-03T17:00,25.5,92,6.2,57,1004.7,1.0
2025-09-03T18:00,25.4,94,4.8,29,1005.1,0.3
2025-09-03T19:00,25.2,96,5.1,8,1005.1,0.3
2025-09-03T20:00,25.1,96,7.4,13,1004.7,0.9
2025-09-03T21:00,24.9,96,7.1,19,1004.3,0.5
2025-09-03T22:00,24.8,97,8.4,25,1003.7,0.3
2025-09-03T23:00,25.0,96,9.4,30,1003.8,0.1
2025-09-04T00:00,24.6,96,8.0,27,1004.1,1.4
2025-09-04T01:00,24.0,96,12.0,19,1005.4,9.6
2025-09-04T02:00,24.5,92,7.1,38,1005.4,0.0
2025-09-04T03:00,25.5,92,2.7,42,1005.7,0.0
2025-09-04T04:00,27.1,87,3.8,25,1005.9,0.0
2025-09-04T05:00,28.9,82,3.1,28,1006.0,0.0
2025-09-04T06:00,30.2,77,3.6,53,1005.6,0.0
2025-09-04T07:00,31.2,72,3.1,50,1004.9,0.0
2025-09-04T08:00,31.6,69,3.6,30,1003.5,0.0
2025-09-04T09:00,31.8,66,6.9,59,1002.8,0.0
2025-09-04T10:00,29.9,75,9.7,90,1002.1,0.1
2025-09-04T11:00,29.1,80,5.8,39,1001.8,0.0
2025-09-04T12:00,28.7,82,4.5,40,1001.7,0.0
2025-09-04T13:00,28.1,86,4.3,24,1002.7,0.0
2025-09-04T14:00,27.5,88,4.6,31,1003.2,0.0
2025-09-04T15:00,27.1,89,4.7,40,1003.8,0.0
2025-09-04T16:00,26.8,90,4.7,40,1004.1,0.0
2025-09-04T17:00,26.5,91,4.3,42,1004.1,0.0
2025-09-04T18:00,26.2,92,3.9,37,1004.6,0.0
2025-09-04T19:00,26.0,92,4.7,18,1004.1,0.0
2025-09-04T20:00,25.8,93,5.0,69,1004.1,0.0
2025-09-04T21:00,25.6,94,4.7,18,1003.9,0.0
2025-09-04T22:00,25.5,92,5.5,46,1004.1,0.6
2025-09-04T23:00,25.4,93,6.0,27,1004.1,0.4
2025-09-05T00:00,25.4,93,5.5,36,1004.4,0.0
2025-09-05T01:00,26.8,86,9.3,77,1004.6,0.0
2025-09-05T02:00,27.3,83,9.7,90,1005.1,0.0
2025-09-05T03:00,28.2,79,10.3,89,1005.6,0.0
2025-09-05T04:00,29.2,73,15.9,99,1005.8,0.0
2025-09-05T05:00,30.1,73,12.2,88,1005.5,0.0
2025-09-05T06:00,30.8,72,12.6,88,1005.0,0.1
2025-09-05T07:00,31.3,71,13.1,82,1004.0,0.1
2025-09-05T08:00,30.9,73,13.5,100,1003.0,0.1
2025-09-05T09:00,30.8,73,10.5,63,1001.7,0.1
2025-09-05T10:00,29.7,75,10.8,95,1001.3,2.1
2025-09-05T11:00,28.7,82,12.9,97,1001.6,1.2
2025-09-05T12:00,27.2,88,7.7,118,1001.6,0.2
2025-09-05T13:00,27.3,89,7.0,89,1003.0,0.0
2025-09-05T14:00,27.1,91,5.4,76,1004.1,0.0
2025-09-05T15:00,26.9,92,7.0,78,1004.6,0.0
2025-09-05T16:00,26.8,91,8.3,86,1005.3,0.0
2025-09-05T17:00,26.7,91,7.8,81,1005.4,0.0
2025-09-05T18:00,26.6,92,8.1,84,1005.5,0.0
2025-09-05T19:00,26.0,92,8.1,122,1005.3,1.6
2025-09-05T20:00,25.0,95,11.2,108,1005.1,3.5
2025-09-05T21:00,24.5,94,13.6,101,1004.8,0.2
2025-09-05T22:00,24.6,95,10.5,106,1004.8,0.5
2025-09-05T23:00,24.8,96,8.6,105,1004.8,0.1
2025-09-06T00:00,24.7,96,6.5,93,1005.2,0.0
2025-09-06T01:00,26.3,91,6.3,97,1005.0,0.0
2025-09-06T02:00,26.9,91,6.0,93,1005.7,0.0
2025-09-06T03:00,28.1,86,9.3,108,1006.0,0.0
2025-09-06T04:00,29.5,77,12.3,119,1006.3,0.0
2025-09-06T05:00,30.5,73,12.5,117,1006.3,0.2
2025-09-06T06:00,31.0,71,11.0,114,1006.0,0.1
2025-09-06T07:00,31.5,71,11.1,115,1005.2,0.1
2025-09-06T08:00,31.4,72,11.2,111,1003.8,0.2
2025-09-06T09:00,31.8,72,9.6,110,1002.3,0.3
2025-09-06T10:00,29.8,78,5.6,119,1001.6,3.0
2025-09-06T11:00,29.1,81,6.6,116,1001.7,0.7
2025-09-06T12:00,28.6,84,6.9,84,1002.2,0.1
2025-09-06T13:00,29.0,83,6.9,81,1003.3,0.0
2025-09-06T14:00,28.3,86,8.9,62,1004.1,0.0
2025-09-06T15:00,27.6,88,9.4,86,1004.5,0.0
2025-09-06T16:00,26.9,88,7.9,102,1005.3,0.0
2025-09-06T17:00,26.6,89,8.4,100,1005.5,0.0
2025-09-06T18:00,26.4,89,8.7,111,1005.6,0.0
2025-09-06T19:00,26.4,90,9.8,121,1005.0,0.0
2025-09-06T20:00,25.5,93,9.4,135,1005.1,1.0
2025-09-06T21:00,25.5,94,8.8,123,1004.3,0.0
2025-09-06T22:00,25.3,95,6.1,150,1004.8,0.0
2025-09-06T23:00,25.1,96,5.9,140,1004.4,0.0
2025-09-07T00:00,24.9,96,5.4,104,1005.0,0.0
2025-09-07T01:00,25.9,95,7.7,102,1004.4,0.0
2025-09-07T02:00,26.7,94,7.0,87,1005.1,0.0
2025-09-07T03:00,28.0,88,8.0,100,1005.3,0.0
2025-09-07T04:00,29.4,82,8.0,117,1005.6,0.0
2025-09-07T05:00,30.8,74,8.8,129,1005.9,0.0
2025-09-07T06:00,31.5,72,8.4,140,1005.5,0.0
2025-09-07T07:00,32.0,69,8.3,141,1004.7,0.0
2025-09-07T08:00,32.1,69,7.8,136,1003.5,0.0
2025-09-07T09:00,32.2,70,6.7,136,1001.9,0.1
2025-09-07T10:00,30.5,77,9.2,113,1001.1,0.6
2025-09-07T11:00,30.7,77,5.6,86,1000.8,0.0
2025-09-07T12:00,30.0,78,4.3,132,1001.2,0.4
2025-09-07T13:00,27.7,88,6.4,98,1002.9,0.0
2025-09-07T14:00,27.2,89,4.6,111,1003.8,0.0
2025-09-07T15:00,27.0,90,4.7,108,1004.7,0.0
2025-09-07T16:00,26.7,91,4.5,106,1005.5,0.0
2025-09-07T17:00,26.4,92,5.4,110,1005.8,0.0
2025-09-07T18:00,26.2,93,4.7,94,1005.5,0.0
2025-09-07T19:00,25.9,94,4.7,118,1004.9,0.0
2025-09-07T20:00,25.6,95,3.9,124,1004.2,0.0
2025-09-07T21:00,25.4,96,2.8,105,1003.9,0.0
2025-09-07T22:00,25.2,97,2.4,99,1003.9,0.0
2025-09-07T23:00,25.1,98,2.6,102,1004.3,0.0
2025-09-08T00:00,25.0,98,3.3,135,1004.6,0.0
2025-09-08T01:00,25.5,96,5.1,126,1005.4,0.0
2025-09-08T02:00,26.6,92,5.0,139,1005.7,0.0
2025-09-08T03:00,28.0,88,4.8,146,1005.8,0.0
2025-09-08T04:00,29.4,81,5.5,161,1006.6,0.1
2025-09-08T05:00,30.4,75,4.4,171,1006.7,0.1
2025-09-08T06:00,31.2,72,3.5,168,1006.4,0.1
2025-09-08T07:00,31.7,69,3.1,170,1005.9,0.1
2025-09-08T08:00,31.8,70,3.5,195,1004.9,0.1
2025-09-08T09:00,31.8,70,4.2,223,1003.8,0.1
2025-09-08T10:00,32.0,67,4.2,227,1003.2,0.1
2025-09-08T11:00,31.4,67,0.3,135,1002.6,0.0
2025-09-08T12:00,30.3,75,5.3,45,1003.4,0.0
2025-09-08T13:00,30.2,79,1.8,79,1004.6,0.0
2025-09-08T14:00,29.1,85,2.6,56,1005.5,0.0
2025-09-08T15:00,28.3,91,3.4,74,1006.2,0.0
2025-09-08T16:00,27.9,93,3.8,95,1006.9,0.0
2025-09-08T17:00,27.5,94,3.3,96,1006.9,0.0
2025-09-08T18:00,27.1,95,3.2,128,1006.6,0.0
2025-09-08T19:00,26.8,95,4.0,144,1006.5,0.0
2025-09-08T20:00,26.6,93,4.3,165,1006.2,0.0
2025-09-08T21:00,26.4,90,4.2,211,1005.9,0.0
2025-09-08T22:00,26.2,88,4.6,244,1005.6,0.0
2025-09-08T23:00,26.2,86,7.0,269,1005.9,0.0
2025-09-09T00:00,26.1,87,7.6,274,1006.3,0.0
2025-09-09T01:00,27.1,85,7.2,276,1006.7,0.0
2025-09-09T02:00,27.8,84,6.3,277,1007.4,0.0
2025-09-09T03:00,28.9,80,7.3,287,1007.7,0.0
2025-09-09T04:00,30.2,74,7.6,288,1008.1,0.0
2025-09-09T05:00,30.8,70,8.5,295,1008.3,0.3
2025-09-09T06:00,31.6,65,8.3,294,1008.2,0.1
2025-09-09T07:00,32.2,63,8.1,288,1007.5,0.1
2025-09-09T08:00,32.5,63,8.5,288,1006.6,0.0
2025-09-09T09:00,32.6,64,9.7,286,1005.4,0.0
2025-09-09T10:00,32.5,62,10.1,289,1004.7,0.0
2025-09-09T11:00,32.1,62,10.4,296,1004.3,0.0
2025-09-09T12:00,31.3,67,8.4,298,1004.1,0.0
2025-09-09T13:00,30.5,72,6.0,291,1005.3,0.0
2025-09-09T14:00,29.7,77,7.2,288,1005.6,0.0
2025-09-09T15:00,29.3,78,8.2,285,1005.9,0.0
2025-09-09T16:00,28.9,77,7.8,285,1006.6,0.0
2025-09-09T17:00,28.4,78,6.9,285,1006.7,0.0
2025-09-09T18:00,27.9,79,6.8,282,1006.7,0.0
2025-09-09T19:00,27.4,81,7.1,285,1006.3,0.0
2025-09-09T20:00,27.0,81,7.3,287,1006.1,0.0
2025-09-09T21:00,26.6,82,7.2,282,1005.9,0.0
2025-09-09T22:00,26.2,82,7.1,276,1005.9,0.0
2025-09-09T23:00,26.0,83,8.0,279,1006.0,0.0
2025-09-10T00:00,25.8,84,9.1,279,1006.2,0.0
2025-09-10T01:00,27.3,88,10.4,287,1006.1,0.0
2025-09-10T02:00,28.0,86,8.0,279,1007.0,0.0
2025-09-10T03:00,29.2,82,9.1,279,1007.1,0.0
2025-09-10T04:00,30.4,75,13.4,288,1007.5,0.1
2025-09-10T05:00,31.3,69,13.7,291,1007.5,0.0
2025-09-10T06:00,32.2,63,14.1,297,1007.3,0.0
2025-09-10T07:00,32.6,61,14.4,300,1006.4,0.1
2025-09-10T08:00,33.3,57,14.4,298,1005.3,0.0
2025-09-10T09:00,33.4,54,15.5,296,1004.2,0.0
2025-09-10T10:00,33.1,55,15.2,296,1003.2,0.0
2025-09-10T11:00,32.6,58,15.1,293,1002.7,0.0
2025-09-10T12:00,31.6,62,13.6,296,1002.3,0.0
2025-09-10T13:00,30.5,65,12.1,291,1003.1,0.0
2025-09-10T14:00,29.6,69,11.3,290,1003.3,0.0
2025-09-10T15:00,29.0,72,10.1,294,1003.9,0.0
2025-09-10T16:00,28.4,74,9.0,283,1004.7,0.0
2025-09-10T17:00,27.8,77,8.3,283,1004.7,0.0
2025-09-10T18:00,27.3,79,7.6,285,1004.9,0.0
2025-09-10T19:00,26.8,80,7.8,279,1004.8,0.0
2025-09-10T20:00,26.4,82,7.6,274,1004.8,0.0
2025-09-10T21:00,26.0,82,8.0,275,1004.4,0.0
2025-09-10T22:00,25.8,81,8.4,281,1004.4,0.0
2025-09-10T23:00,25.5,80,8.5,271,1004.7,0.0
2025-09-11T00:00,25.2,79,9.6,266,1005.2,0.0
2025-09-11T01:00,26.6,77,11.6,278,1005.3,0.0
2025-09-11T02:00,27.4,75,11.2,280,1005.8,0.0
2025-09-11T03:00,28.7,71,10.8,280,1006.0,0.0
2025-09-11T04:00,30.1,66,12.7,286,1006.3,0.0
2025-09-11T05:00,31.4,61,15.1,295,1006.4,0.0
2025-09-11T06:00,32.3,56,14.9,298,1006.1,0.0
2025-09-11T07:00,33.0,52,13.5,293,1005.3,0.0
2025-09-11T08:00,33.3,49,13.4,284,1004.7,0.0
2025-09-11T09:00,33.5,48,13.9,281,1003.7,0.0
2025-09-11T10:00,33.5,48,14.3,280,1003.1,0.0
2025-09-11T11:00,32.9,49,14.7,281,1002.7,0.0
2025-09-11T12:00,32.1,52,11.7,284,1003.0,0.0
2025-09-11T13:00,30.6,63,8.2,310,1004.0,0.0
2025-09-11T14:00,29.8,66,6.5,294,1004.4,0.0
2025-09-11T15:00,29.2,69,5.9,293,1005.2,0.0
2025-09-11T16:00,28.5,73,4.0,267,1006.1,0.0
2025-09-11T17:00,28.1,74,4.5,265,1006.3,0.0
2025-09-11T18:00,27.7,76,4.0,297,1006.2,0.0
2025-09-11T19:00,27.0,81,3.3,276,1006.2,0.0
2025-09-11T20:00,26.6,82,4.2,239,1005.9,0.0
2025-09-11T21:00,26.3,83,4.4,251,1005.6,0.0
2025-09-11T22:00,26.0,82,5.4,264,1005.4,0.0
2025-09-11T23:00,25.6,78,7.6,263,1005.7,0.0
2025-09-12T00:00,25.3,76,7.5,262,1005.9,0.0
2025-09-12T01:00,26.4,78,10.1,271,1006.9,0.0
2025-09-12T02:00,27.3,74,8.3,270,1007.5,0.0
2025-09-12T03:00,28.8,68,9.4,272,1008.0,0.0
2025-09-12T04:00,30.6,61,10.3,275,1008.4,0.0
2025-09-12T05:00,31.9,56,11.0,293,1008.3,0.0
2025-09-12T06:00,32.9,51,10.5,297,1007.9,0.0
2025-09-12T07:00,33.8,48,9.6,296,1007.0,0.0
2025-09-12T08:00,34.3,45,9.4,290,1006.1,0.0
2025-09-12T09:00,34.4,44,10.0,288,1005.1,0.0
2025-09-12T10:00,34.3,45,11.2,285,1004.3,0.0
2025-09-12T11:00,33.8,46,11.4,288,1003.7,0.0
2025-09-12T12:00,32.7,51,11.4,297,1003.7,0.0
2025-09-12T13:00,31.8,55,7.0,331,1005.1,0.0
2025-09-12T14:00,31.2,58,5.1,343,1005.2,0.0
2025-09-12T15:00,30.9,60,2.4,333,1006.1,0.0
2025-09-12T16:00,30.5,68,0.2,270,1007.0,0.0
2025-09-12T17:00,30.0,65,0.7,194,1007.3,0.0
2025-09-12T18:00,29.6,66,2.0,170,1007.3,0.0
2025-09-12T19:00,29.2,68,2.6,192,1007.3,0.0
2025-09-12T20:00,29.0,70,3.8,239,1007.1,0.0
2025-09-12T21:00,28.7,72,4.8,255,1006.8,0.0
2025-09-12T22:00,28.3,73,3.4,270,1006.4,0.0
2025-09-12T23:00,28.0,74,3.2,267,1006.3,0.0
2025-09-13T00:00,27.5,76,3.6,276,1006.6,0.0
2025-09-13T01:00,28.5,70,5.0,268,1007.4,0.0
2025-09-13T02:00,29.2,66,5.6,277,1008.1,0.0
2025-09-13T03:00,29.7,63,6.3,283,1008.4,0.0
2025-09-13T04:00,31.7,55,5.7,281,1008.8,0.0
2025-09-13T05:00,33.8,45,6.6,305,1008.4,0.0
2025-09-13T06:00,34.9,42,7.0,316,1007.9,0.0
2025-09-13T07:00,35.7,40,7.3,316,1007.0,0.0
2025-09-13T08:00,35.9,40,8.1,307,1005.9,0.1
2025-09-13T09:00,35.8,39,9.5,292,1004.7,0.2
2025-09-13T10:00,35.3,40,10.5,292,1004.0,0.3
2025-09-13T11:00,34.4,44,11.5,302,1003.7,0.2
2025-09-13T12:00,33.2,50,9.5,306,1003.9,0.1
2025-09-13T13:00,33.0,48,7.0,312,1004.6,0.0
2025-09-13T14:00,32.5,51,3.6,315,1004.9,0.0
2025-09-13T15:00,31.9,54,0.9,11,1005.7,0.0
2025-09-13T16:00,31.3,56,1.8,114,1006.3,0.0
2025-09-13T17:00,30.7,61,3.8,135,1006.5,0.0
2025-09-13T18:00,30.1,65,5.1,148,1006.5,0.0
2025-09-13T19:00,29.4,69,5.6,149,1006.4,0.0
2025-09-13T20:00,29.1,69,5.3,172,1006.3,0.0
2025-09-13T21:00,28.9,68,5.0,199,1006.1,0.0
2025-09-13T22:00,28.6,69,3.6,213,1006.1,0.0
2025-09-13T23:00,28.2,72,2.3,203,1006.4,0.0
2025-09-14T00:00,27.8,74,2.2,228,1006.6,0.0
2025-09-14T01:00,28.6,73,6.2,232,1007.0,0.0
2025-09-14T02:00,29.7,68,4.3,248,1007.6,0.0
2025-09-14T03:00,31.7,58,3.2,317,1007.9,0.0
2025-09-14T04:00,33.3,51,4.6,334,1008.0,0.0
2025-09-14T05:00,34.7,45,6.9,337,1007.9,0.0
2025-09-14T06:00,35.5,42,8.9,332,1007.2,0.0
2025-09-14T07:00,36.1,40,8.9,331,1006.4,0.1
2025-09-14T08:00,36.3,39,8.6,327,1005.2,0.1
2025-09-14T09:00,36.6,39,8.7,323,1004.1,0.0
2025-09-14T10:00,36.5,39,10.5,311,1003.1,0.0
2025-09-14T11:00,35.6,41,10.6,314,1002.7,0.0
2025-09-14T12:00,34.5,45,10.8,314,1002.8,0.0
2025-09-14T13:00,33.3,51,8.2,319,1004.0,0.0
2025-09-14T14:00,32.9,52,4.6,329,1004.7,0.0
2025-09-14T15:00,32.8,54,1.3,286,1005.3,0.0
2025-09-14T16:00,32.2,54,1.8,169,1005.8,0.0
2025-09-14T17:00,31.7,55,3.8,161,1005.8,0.0
2025-09-14T18:00,31.0,60,4.4,153,1005.9,0.0
2025-09-14T19:00,30.5,64,3.9,164,1005.5,0.0
2025-09-14T20:00,30.1,65,2.7,176,1005.3,0.0
2025-09-14T21:00,29.6,67,3.5,219,1004.8,0.0
2025-09-14T22:00,29.3,68,4.8,233,1004.7,0.0
2025-09-14T23:00,28.9,69,3.2,243,1004.8,0.0
2025-09-15T00:00,28.6,70,4.5,254,1005.0,0.0
2025-09-15T01:00,29.5,70,5.6,248,1005.0,0.0
2025-09-15T02:00,30.2,63,5.6,270,1005.3,0.0
2025-09-15T03:00,32.1,52,5.8,279,1005.4,0.0
2025-09-15T04:00,34.3,40,8.6,290,1005.6,0.0
2025-09-15T05:00,35.5,37,9.7,297,1005.4,0.0
2025-09-15T06:00,36.4,36,9.3,289,1004.8,0.0
2025-09-15T07:00,37.1,35,10.5,286,1003.9,0.0
2025-09-15T08:00,37.3,35,11.3,284,1002.8,0.0
2025-09-15T09:00,37.2,35,12.2,284,1001.5,0.0
2025-09-15T10:00,36.6,37,13.0,284,1000.8,0.0
2025-09-15T11:00,35.7,40,13.5,286,1000.6,0.0
2025-09-15T12:00,34.7,44,11.3,288,1000.9,0.0
2025-09-15T13:00,34.0,46,6.6,279,1001.8,0.0
2025-09-15T14:00,33.6,47,4.0,306,1002.6,0.0
2025-09-15T15:00,33.3,49,2.5,339,1003.8,0.0
2025-09-15T16:00,32.9,51,2.7,86,1004.6,0.0
2025-09-15T17:00,32.3,54,5.1,135,1004.7,0.0
2025-09-15T18:00,31.4,60,6.0,139,1005.0,0.0
2025-09-15T19:00,30.6,64,5.7,145,1004.6,0.0
2025-09-15T20:00,29.8,67,5.2,149,1004.1,0.0
2025-09-15T21:00,29.1,70,5.9,145,1003.9,0.0
2025-09-15T22:00,28.5,72,4.6,129,1003.9,0.0
2025-09-15T23:00,27.6,76,6.7,104,1004.5,0.0
2025-09-16T00:00,26.7,83,6.5,98,1004.9,0.0
2025-09-16T01:00,29.6,62,2.2,305,1005.0,0.0
2025-09-16T02:00,29.8,61,3.5,325,1005.6,0.0
2025-09-16T03:00,31.2,56,2.0,315,1005.9,0.0
2025-09-16T04:00,33.1,47,2.7,312,1006.0,0.0
2025-09-16T05:00,34.8,42,4.5,317,1006.1,0.0
2025-09-16T06:00,36.1,38,4.2,317,1005.3,0.0
2025-09-16T07:00,36.8,37,4.7,332,1004.3,0.0
2025-09-16T08:00,36.7,38,5.7,347,1003.1,0.0
2025-09-16T09:00,36.4,39,5.8,346,1001.9,0.0
2025-09-16T10:00,36.2,39,4.1,308,1001.1,0.0
2025-09-16T11:00,35.2,42,2.8,342,1001.2,0.1
2025-09-16T12:00,34.0,45,3.9,13,1001.8,0.4
2025-09-16T13:00,32.6,56,2.3,51,1003.0,0.5
2025-09-16T14:00,32.0,58,5.4,75,1004.2,0.0
2025-09-16T15:00,30.4,68,6.4,128,1005.1,0.0
2025-09-16T16:00,29.4,73,7.4,112,1005.8,0.0
2025-09-16T17:00,28.6,75,7.2,104,1006.1,0.0
2025-09-16T18:00,27.9,77,7.0,130,1006.2,0.0
2025-09-16T19:00,27.5,77,5.9,137,1006.0,0.0
2025-09-16T20:00,27.2,78,5.4,146,1005.5,0.0
2025-09-16T21:00,27.1,78,4.8,169,1005.1,0.0
2025-09-16T22:00,27.1,79,2.3,151,1005.1,0.0
2025-09-16T23:00,26.8,81,4.0,60,1005.6,0.0
2025-09-17T00:00,25.9,85,6.2,69,1006.1,0.0
2025-09-17T01:00,26.5,82,0.4,90,1005.9,0.0
2025-09-17T02:00,27.8,76,4.2,36,1006.5,0.0
2025-09-17T03:00,29.8,67,1.8,53,1006.9,0.0
2025-09-17T04:00,32.2,58,1.3,360,1007.1,0.0
2025-09-17T05:00,33.8,50,5.4,345,1006.8,0.1
2025-09-17T06:00,34.9,45,6.1,360,1006.2,0.0
2025-09-17T07:00,35.8,42,7.9,3,1005.5,0.0
2025-09-17T08:00,35.8,42,8.6,358,1004.5,0.0
2025-09-17T09:00,35.7,42,8.6,352,1003.1,0.0
2025-09-17T10:00,35.3,43,9.6,347,1002.0,0.0
2025-09-17T11:00,34.8,45,9.6,347,1001.9,0.0
2025-09-17T12:00,34.0,48,8.2,345,1001.9,0.0
2025-09-17T13:00,31.7,63,1.8,354,1003.4,0.0
2025-09-17T14:00,31.7,64,2.2,42,1004.0,0.0
2025-09-17T15:00,31.1,66,3.1,83,1004.9,0.0
2025-09-17T16:00,29.8,74,7.6,94,1006.1,0.0
2025-09-17T17:00,28.6,80,7.1,114,1006.2,0.0
2025-09-17T18:00,27.8,84,5.8,126,1006.3,0.0
2025-09-17T19:00,27.2,86,5.6,119,1005.9,0.0
2025-09-17T20:00,26.4,88,9.0,93,1005.9,0.0
2025-09-17T21:00,25.7,88,6.2,105,1005.4,0.0
2025-09-17T22:00,25.6,87,5.5,122,1005.4,0.0
2025-09-17T23:00,25.1,90,6.9,95,1005.7,0.0
2025-09-18T00:00,24.9,91,5.1,113,1006.0,0.0
2025-09-18T01:00,26.7,83,4.0,100,1006.1,0.0
2025-09-18T02:00,27.6,78,4.8,124,1006.9,0.0
2025-09-18T03:00,29.4,71,3.5,145,1006.8,0.0
2025-09-18T04:00,31.5,62,2.3,122,1007.1,0.0
2025-09-18T05:00,33.4,52,3.2,16,1006.9,0.0
2025-09-18T06:00,34.6,46,6.6,22,1006.4,0.0
2025-09-18T07:00,33.9,50,7.9,3,1005.4,0.4
2025-09-18T08:00,33.6,52,2.3,356,1004.6,0.8
2025-09-18T09:00,32.8,52,6.2,308,1003.1,0.5
2025-09-18T10:00,32.6,55,5.9,313,1002.4,0.8
2025-09-18T11:00,32.0,59,4.5,337,1002.4,0.0
2025-09-18T12:00,31.3,65,3.8,11,1002.7,0.0
2025-09-18T13:00,31.5,63,6.6,29,1003.9,0.0
2025-09-18T14:00,31.0,66,4.7,32,1004.8,0.0
2025-09-18T15:00,30.9,66,4.5,37,1005.5,0.0
2025-09-18T16:00,30.4,67,4.0,60,1006.2,0.0
2025-09-18T17:00,29.8,70,4.7,86,1006.3,0.0
2025-09-18T18:00,29.2,73,4.9,98,1006.2,0.0
2025-09-18T19:00,28.7,77,3.6,123,1005.8,0.0
2025-09-18T20:00,28.1,81,3.4,115,1005.5,0.0
2025-09-18T21:00,27.6,84,4.8,132,1005.5,0.0
2025-09-18T22:00,27.0,87,4.9,141,1005.5,0.0
2025-09-18T23:00,26.7,89,3.9,158,1005.9,0.0
2025-09-19T00:00,26.6,90,3.1,177,1006.2,0.0
2025-09-19T01:00,28.2,76,5.8,178,1006.4,0.0
2025-09-19T02:00,29.2,71,3.2,199,1007.1,0.0
2025-09-19T03:00,31.1,62,1.9,253,1007.7,0.0
2025-09-19T04:00,32.9,52,3.9,313,1007.8,0.0
2025-09-19T05:00,32.3,55,12.0,323,1008.4,0.5
2025-09-19T06:00,33.4,48,7.2,338,1008.1,0.0
2025-09-19T07:00,34.5,44,8.0,344,1007.0,0.0
2025-09-19T08:00,35.1,42,8.8,337,1006.0,0.0
2025-09-19T09:00,35.3,41,9.4,342,1004.3,0.0
2025-09-19T10:00,35.2,41,10.9,343,1003.4,0.0
2025-09-19T11:00,34.4,45,10.6,341,1002.9,0.0
2025-09-19T12:00,33.5,49,11.2,342,1002.9,0.0
2025-09-19T13:00,32.6,55,9.6,334,1004.2,0.0
2025-09-19T14:00,32.1,58,7.1,344,1004.9,0.0
2025-09-19T15:00,31.4,60,6.4,342,1005.5,0.0
2025-09-19T16:00,30.8,63,3.4,335,1006.2,0.0
2025-09-19T17:00,30.3,68,2.0,315,1006.3,0.0
2025-09-19T18:00,29.8,68,2.5,330,1005.9,0.0
2025-09-19T19:00,29.3,70,2.4,343,1005.4,0.0
2025-09-19T20:00,29.0,73,0.8,297,1005.3,0.0
2025-09-19T21:00,28.3,73,2.4,253,1005.3,0.0
2025-09-19T22:00,28.1,73,3.2,286,1005.5,0.0
2025-09-19T23:00,27.7,73,4.4,289,1005.5,0.0
2025-09-20T00:00,27.3,75,4.0,288,1005.8,0.0
2025-09-20T01:00,28.9,74,7.2,271,1006.4,0.0
2025-09-20T02:00,30.0,69,6.1,273,1006.8,0.0
2025-09-20T03:00,32.1,55,9.6,290,1007.1,0.0
2025-09-20T04:00,33.8,43,11.9,311,1007.5,0.0
2025-09-20T05:00,34.8,39,12.5,319,1007.2,0.0
2025-09-20T06:00,35.5,38,13.2,321,1006.8,0.0
2025-09-20T07:00,35.8,38,13.0,322,1005.9,0.0
2025-09-20T08:00,36.2,38,13.0,325,1004.9,0.0
2025-09-20T09:00,36.2,38,13.6,319,1003.7,0.0
2025-09-20T10:00,35.8,38,14.4,319,1002.8,0.0
2025-09-20T11:00,35.3,39,14.8,316,1002.6,0.0
2025-09-20T12:00,34.3,41,14.7,312,1002.2,0.0
2025-09-20T13:00,33.1,45,9.8,316,1003.3,0.0
2025-09-20T14:00,32.3,50,6.8,328,1003.6,0.0
2025-09-20T15:00,31.6,54,5.9,325,1004.1,0.0
2025-09-20T16:00,31.0,57,4.2,320,1004.7,0.0
2025-09-20T17:00,30.4,58,3.6,270,1004.9,0.0
2025-09-20T18:00,29.8,61,4.1,257,1005.2,0.0
2025-09-20T19:00,29.2,62,4.2,275,1005.0,0.0
2025-09-20T20:00,28.5,64,5.9,268,1004.8,0.0
2025-09-20T21:00,27.8,65,6.1,267,1004.6,0.0
2025-09-20T22:00,27.3,66,5.9,258,1004.4,0.0
2025-09-20T23:00,26.8,68,6.0,254,1004.8,0.0
2025-09-21T00:00,26.4,68,5.5,259,1005.5,0.0
2025-09-21T01:00,27.8,71,4.8,285,1006.0,0.0
2025-09-21T02:00,28.8,66,4.9,294,1006.2,0.0
2025-09-21T03:00,30.9,59,6.0,299,1006.6,0.0
2025-09-21T04:00,33.1,50,10.7,307,1006.4,0.0
2025-09-21T05:00,34.5,43,13.3,306,1006.0,0.0
2025-09-21T06:00,35.5,39,14.4,307,1005.3,0.0
2025-09-21T07:00,36.0,37,14.4,308,1004.4,0.0
2025-09-21T08:00,36.6,34,14.1,309,1003.3,0.0
2025-09-21T09:00,36.5,34,13.9,312,1002.3,0.0
2025-09-21T10:00,36.2,35,13.5,314,1001.8,0.0
2025-09-21T11:00,35.5,37,13.9,311,1001.6,0.0
2025-09-21T12:00,34.4,43,13.5,311,1001.5,0.0
2025-09-21T13:00,33.6,43,10.9,299,1002.4,0.0
2025-09-21T14:00,33.2,44,8.9,295,1002.7,0.0
2025-09-21T15:00,32.4,47,7.1,304,1003.2,0.0
2025-09-21T16:00,31.6,52,5.9,284,1004.0,0.0
2025-09-21T17:00,30.9,54,5.1,280,1004.3,0.0
2025-09-21T18:00,30.3,57,4.4,322,1004.5,0.0
2025-09-21T19:00,29.4,60,3.0,256,1004.7,0.0
2025-09-21T20:00,28.9,61,4.1,255,1004.9,0.0
2025-09-21T21:00,28.3,63,3.2,251,1004.7,0.0
2025-09-21T22:00,27.7,66,3.0,245,1004.8,0.0
2025-09-21T23:00,27.4,66,3.4,264,1005.0,0.0
2025-09-22T00:00,27.1,66,3.6,276,1005.4,0.0
2025-09-22T01:00,28.3,69,5.4,262,1005.8,0.0
2025-09-22T02:00,29.4,64,4.9,272,1006.5,0.0
2025-09-22T03:00,31.6,55,6.7,270,1006.6,0.0
2025-09-22T04:00,33.9,45,9.4,282,1006.7,0.0
2025-09-22T05:00,35.4,37,12.3,292,1006.2,0.0
2025-09-22T06:00,36.3,33,12.7,297,1005.5,0.0
2025-09-22T07:00,37.1,30,14.2,305,1004.7,0.0
2025-09-22T08:00,37.3,29,15.2,309,1003.7,0.0
2025-09-22T09:00,37.3,30,15.4,311,1002.8,0.0
2025-09-22T10:00,36.8,31,15.2,312,1002.7,0.0
2025-09-22T11:00,35.7,37,15.6,309,1002.5,0.0
2025-09-22T12:00,35.0,39,15.0,304,1002.3,0.0
2025-09-22T13:00,34.5,39,12.5,311,1003.1,0.0
2025-09-22T14:00,33.5,44,10.5,305,1003.5,0.0
2025-09-22T15:00,32.8,46,10.7,300,1003.9,0.0
2025-09-22T16:00,31.9,48,9.9,291,1004.7,0.0
2025-09-22T17:00,31.2,50,9.6,296,1005.0,0.0
2025-09-22T18:00,30.8,51,8.7,297,1005.0,0.0
2025-09-22T19:00,30.2,51,7.0,314,1005.0,0.0
2025-09-22T20:00,29.7,53,6.1,304,1004.7,0.0
2025-09-22T21:00,28.9,55,5.4,268,1004.8,0.0
2025-09-22T22:00,28.3,57,5.2,268,1004.8,0.0
2025-09-22T23:00,27.8,59,6.0,261,1004.9,0.0
2025-09-23T00:00,27.3,60,6.7,264,1005.3,0.0
2025-09-23T01:00,28.0,65,6.3,288,1005.9,0.0
2025-09-23T02:00,28.7,64,7.2,283,1006.3,0.0
2025-09-23T03:00,30.7,55,7.9,281,1006.5,0.0
2025-09-23T04:00,33.0,46,11.1,286,1006.5,0.0
2025-09-23T05:00,34.7,41,13.3,298,1006.4,0.0
2025-09-23T06:00,36.1,36,15.0,313,1005.7,0.0
2025-09-23T07:00,36.9,32,15.2,317,1004.9,0.0
2025-09-23T08:00,37.1,31,16.1,319,1003.8,0.0
2025-09-23T09:00,37.0,31,16.4,315,1002.6,0.0
2025-09-23T10:00,36.3,33,15.8,313,1002.0,0.0
2025-09-23T11:00,35.6,35,16.1,310,1001.6,0.0
2025-09-23T12:00,34.7,36,14.7,305,1001.5,0.0
2025-09-23T13:00,33.8,36,13.0,298,1002.5,0.0
2025-09-23T14:00,33.1,38,11.5,300,1002.8,0.0
2025-09-23T15:00,32.6,39,10.1,309,1003.3,0.0
2025-09-23T16:00,32.1,40,7.8,299,1004.0,0.0
2025-09-23T17:00,31.6,42,7.4,296,1004.0,0.0
2025-09-23T18:00,31.2,43,7.1,291,1003.9,0.0
2025-09-23T19:00,30.1,47,7.2,264,1003.7,0.0
2025-09-23T20:00,29.1,52,7.0,271,1003.5,0.0
2025-09-23T21:00,28.5,55,6.3,272,1003.2,0.0
2025-09-23T22:00,27.9,58,6.5,272,1003.3,0.0
2025-09-23T23:00,27.4,59,6.7,276,1003.5,0.0
2025-09-24T00:00,26.9,60,6.4,278,1003.5,0.0
2025-09-24T01:00,27.4,65,9.6,278,1004.1,0.0
2025-09-24T02:00,28.0,61,7.6,278,1004.7,0.0
2025-09-24T03:00,29.8,54,9.3,285,1005.1,0.0
2025-09-24T04:00,31.9,48,11.5,292,1005.3,0.0
2025-09-24T05:00,33.8,43,14.5,300,1004.9,0.0
2025-09-24T06:00,35.3,36,15.9,305,1004.2,0.0
2025-09-24T07:00,36.2,32,15.0,309,1003.2,0.0
2025-09-24T08:00,36.6,31,14.7,309,1002.0,0.0
2025-09-24T09:00,36.6,29,14.6,305,1000.5,0.0
2025-09-24T10:00,36.3,30,14.0,301,1000.0,0.0
2025-09-24T11:00,35.4,33,13.8,301,999.8,0.0
2025-09-24T12:00,34.3,38,13.2,301,999.9,0.0
2025-09-24T13:00,33.6,43,10.7,301,1001.0,0.0
2025-09-24T14:00,33.1,45,7.7,306,1001.5,0.0
2025-09-24T15:00,32.6,47,6.6,327,1002.2,0.0
2025-09-24T16:00,31.8,50,6.2,339,1002.8,0.0
2025-09-24T17:00,30.9,55,5.1,342,1003.0,0.0
2025-09-24T18:00,30.1,57,3.9,286,1003.1,0.0
2025-09-24T19:00,29.4,60,6.3,268,1003.4,0.0
2025-09-24T20:00,28.8,62,5.0,291,1003.1,0.0
2025-09-24T21:00,28.3,64,3.7,293,1003.0,0.0
2025-09-24T22:00,27.6,67,2.9,281,1003.2,0.0
2025-09-24T23:00,27.3,67,4.4,277,1003.4,0.0
2025-09-25T00:00,26.9,69,5.7,283,1003.8,0.0
2025-09-25T01:00,27.1,71,8.2,279,1004.5,0.0
2025-09-25T02:00,27.8,67,7.1,280,1005.1,0.0
2025-09-25T03:00,29.9,57,6.9,284,1005.6,0.0
2025-09-25T04:00,32.5,46,9.5,292,1005.8,0.0
2025-09-25T05:00,34.5,37,12.1,302,1005.5,0.0
2025-09-25T06:00,35.7,33,12.1,311,1004.9,0.0
2025-09-25T07:00,36.3,31,12.0,315,1004.1,0.0
2025-09-25T08:00,36.6,32,12.5,315,1003.0,0.0
2025-09-25T09:00,36.5,32,13.0,316,1001.9,0.0
2025-09-25T10:00,36.2,33,13.1,316,1001.5,0.0
2025-09-25T11:00,35.4,36,13.2,314,1001.5,0.0
2025-09-25T12:00,34.2,40,12.7,309,1001.7,0.0
2025-09-25T13:00,33.4,43,9.6,313,1002.9,0.0
2025-09-25T14:00,33.1,44,6.9,301,1003.8,0.0
2025-09-25T15:00,32.5,46,6.1,294,1004.4,0.0
2025-09-25T16:00,31.8,48,5.4,300,1005.0,0.0
2025-09-25T17:00,31.1,50,6.2,308,1004.8,0.0
2025-09-25T18:00,30.4,52,6.8,310,1004.8,0.0
2025-09-25T19:00,29.7,53,6.0,311,1004.6,0.0
2025-09-25T20:00,29.2,55,5.2,319,1004.4,0.0
2025-09-25T21:00,28.4,58,4.0,306,1004.5,0.0
2025-09-25T22:00,27.7,61,5.0,289,1004.4,0.0
2025-09-25T23:00,27.1,64,5.1,293,1004.8,0.0
2025-09-26T00:00,26.6,67,4.7,293,1005.4,0.0
2025-09-26T01:00,27.0,75,6.8,310,1006.0,0.0
2025-09-26T02:00,28.0,70,5.4,304,1006.7,0.0
2025-09-26T03:00,30.2,61,6.8,310,1006.8,0.0
2025-09-26T04:00,32.8,49,9.8,322,1007.0,0.0
2025-09-26T05:00,34.5,40,14.1,328,1006.6,0.0
2025-09-26T06:00,35.7,36,14.0,327,1005.9,0.0
2025-09-26T07:00,36.7,32,13.0,326,1005.0,0.0
2025-09-26T08:00,37.0,31,13.0,326,1003.9,0.0
2025-09-26T09:00,37.2,30,13.1,324,1002.8,0.0
2025-09-26T10:00,36.6,33,13.5,326,1002.4,0.0
2025-09-26T11:00,35.4,41,13.5,324,1002.3,0.0
2025-09-26T12:00,34.3,44,12.2,324,1002.4,0.0
2025-09-26T13:00,33.8,48,10.8,322,1003.5,0.0
2025-09-26T14:00,33.4,50,8.1,329,1004.4,0.0
2025-09-26T15:00,32.7,53,7.0,328,1005.3,0.0
2025-09-26T16:00,32.0,55,6.7,314,1006.3,0.0
2025-09-26T17:00,31.3,56,6.4,315,1006.6,0.0
2025-09-26T18:00,30.7,57,6.0,321,1006.9,0.0
2025-09-26T19:00,30.1,58,5.0,339,1006.9,0.0
2025-09-26T20:00,29.4,60,4.7,356,1006.9,0.0
2025-09-26T21:00,28.7,63,4.1,358,1006.6,0.0
2025-09-26T22:00,28.0,67,4.5,355,1006.5,0.0
2025-09-26T23:00,27.5,69,5.8,340,1006.7,0.0
2025-09-27T00:00,27.0,72,5.4,345,1007.2,0.0
2025-09-27T01:00,27.7,75,5.0,358,1007.9,0.0
2025-09-27T02:00,28.6,71,3.2,357,1008.4,0.0
2025-09-27T03:00,31.1,61,3.1,3,1008.8,0.0
2025-09-27T04:00,33.4,51,3.2,34,1009.1,0.0
2025-09-27T05:00,35.0,45,3.9,53,1008.9,0.0
2025-09-27T06:00,36.4,40,4.7,40,1008.0,0.0
2025-09-27T07:00,37.4,37,5.7,53,1007.1,0.0
2025-09-27T08:00,38.1,35,7.2,53,1005.8,0.0
2025-09-27T09:00,37.9,36,8.8,49,1004.8,0.0
2025-09-27T10:00,37.4,36,7.6,76,1004.5,0.0
2025-09-27T11:00,36.3,40,6.3,88,1004.6,0.0
2025-09-27T12:00,35.2,44,5.8,81,1004.3,0.0
2025-09-27T13:00,34.4,48,8.3,41,1005.5,0.0
2025-09-27T14:00,33.8,52,7.9,24,1006.3,0.0
2025-09-27T15:00,33.0,56,6.1,30,1006.8,0.0
2025-09-27T16:00,32.6,59,4.0,87,1007.3,0.0
2025-09-27T17:00,32.2,61,4.4,109,1007.3,0.0
2025-09-27T18:00,31.6,64,5.0,103,1007.3,0.0
2025-09-27T19:00,31.0,65,4.3,92,1007.0,0.0
2025-09-27T20:00,30.5,67,5.1,100,1006.8,0.0
2025-09-27T21:00,29.9,69,5.4,96,1006.8,0.0
2025-09-27T22:00,29.3,72,6.3,95,1006.6,0.0
2025-09-27T23:00,28.9,75,7.3,110,1007.3,0.0
2025-09-28T00:00,28.7,76,6.5,120,1007.6,0.0
2025-09-28T01:00,29.5,75,7.3,136,1008.2,0.0
2025-09-28T02:00,30.1,71,7.0,111,1008.4,0.0
2025-09-28T03:00,31.3,66,10.0,108,1008.7,0.0
2025-09-28T04:00,32.8,59,10.0,107,1008.7,0.0
2025-09-28T05:00,34.5,49,11.9,100,1008.4,0.0
2025-09-28T06:00,35.6,44,12.7,98,1007.7,0.0
2025-09-28T07:00,36.1,42,12.0,99,1006.7,0.0
2025-09-28T08:00,36.3,42,10.9,97,1005.5,0.0
2025-09-28T09:00,36.6,42,9.7,91,1004.1,0.0
2025-09-28T10:00,36.3,42,9.4,87,1003.1,0.0
2025-09-28T11:00,35.8,44,8.7,85,1003.1,0.0
2025-09-28T12:00,34.8,48,9.0,84,1003.2,0.0
2025-09-28T13:00,33.7,55,8.2,113,1004.1,0.0
2025-09-28T14:00,33.3,57,7.3,118,1004.7,0.0
2025-09-28T15:00,32.8,59,7.0,111,1005.2,0.0
2025-09-28T16:00,32.0,63,6.6,106,1005.6,0.0
2025-09-28T17:00,31.3,66,6.9,107,1005.9,0.0
2025-09-28T18:00,30.5,69,6.9,118,1005.7,0.0
2025-09-28T19:00,29.9,72,6.0,119,1005.7,0.0
2025-09-28T20:00,29.3,74,6.1,113,1005.6,0.0
2025-09-28T21:00,28.8,76,6.0,107,1005.6,0.0
2025-09-28T22:00,28.4,78,6.0,119,1005.5,0.0
2025-09-28T23:00,28.0,80,5.8,106,1005.8,0.0
2025-09-29T00:00,27.6,82,6.3,92,1006.3,0.0
2025-09-29T01:00,28.0,77,4.3,85,1006.2,0.0
2025-09-29T02:00,28.7,75,5.2,94,1006.6,0.0
2025-09-29T03:00,30.6,68,6.5,124,1007.1,0.0
2025-09-29T04:00,32.6,58,7.4,131,1007.1,0.0
2025-09-29T05:00,34.1,49,8.3,120,1006.9,0.0
2025-09-29T06:00,35.1,44,8.3,110,1005.8,0.0
2025-09-29T07:00,35.9,41,7.9,107,1005.0,0.0
2025-09-29T08:00,36.3,40,6.4,106,1003.9,0.1
2025-09-29T09:00,36.4,40,6.1,95,1002.6,0.0
2025-09-29T10:00,36.3,40,6.5,87,1001.6,0.0
2025-09-29T11:00,35.7,40,6.8,90,1001.2,0.1
2025-09-29T12:00,34.7,44,5.7,108,1001.4,0.0
2025-09-29T13:00,34.0,49,5.2,104,1002.6,0.0
2025-09-29T14:00,33.4,51,5.6,117,1003.0,0.0
2025-09-29T15:00,32.8,52,4.3,132,1003.5,0.0
2025-09-29T16:00,32.1,56,2.7,118,1003.7,0.0
2025-09-29T17:00,31.6,58,3.1,130,1003.8,0.0
2025-09-29T18:00,31.1,60,4.7,173,1004.0,0.0
2025-09-29T19:00,30.3,67,1.4,180,1003.7,0.0
2025-09-29T20:00,29.5,69,1.5,291,1003.0,0.0
2025-09-29T21:00,29.3,71,1.5,284,1002.1,0.0
2025-09-29T22:00,26.9,80,11.4,147,1003.1,5.4
2025-09-29T23:00,24.8,91,7.1,240,1003.1,5.6
2025-09-30T00:00,24.9,92,5.3,172,1003.9,0.1
2025-09-30T01:00,26.4,86,2.0,260,1004.9,0.0
2025-09-30T02:00,27.2,85,2.7,4,1004.8,0.0
2025-09-30T03:00,28.8,80,1.6,90,1005.1,0.0
2025-09-30T04:00,30.7,72,3.2,93,1005.1,0.0
2025-09-30T05:00,32.1,64,3.5,55,1004.6,0.0
2025-09-30T06:00,33.1,57,3.9,47,1003.9,0.0
2025-09-30T07:00,33.5,54,4.9,84,1003.1,0.0
2025-09-30T08:00,33.4,54,4.6,72,1002.3,0.0
2025-09-30T09:00,33.7,52,4.4,69,1001.4,0.0
2025-09-30T10:00,33.0,54,3.1,28,1000.5,0.0
2025-09-30T11:00,32.7,56,2.2,346,1000.1,0.0
2025-09-30T12:00,32.2,67,0.5,270,1000.4,0.0
2025-09-30T13:00,31.7,67,0.7,284,1001.1,0.0
2025-09-30T14:00,31.1,72,0.5,315,1001.8,0.0
2025-09-30T15:00,30.5,74,0.6,146,1002.5,0.0
2025-09-30T16:00,29.8,77,2.7,180,1002.9,0.0
2025-09-30T17:00,29.4,76,3.2,199,1003.1,0.0
2025-09-30T18:00,29.0,74,4.9,197,1003.2,0.0
2025-09-30T19:00,28.5,76,4.7,212,1002.9,0.0
2025-09-30T20:00,28.2,77,3.8,239,1002.3,0.0
2025-09-30T21:00,27.8,78,3.6,270,1001.6,0.0
2025-09-30T22:00,27.4,79,4.4,249,1001.5,0.0
2025-09-30T23:00,26.9,83,3.1,270,1001.5,0.0
2025-10-01T00:00,23.8,96,6.0,10,1003.5,0.0
2025-10-01T01:00,24.0,96,1.0,121,1003.5,0.0
2025-10-01T02:00,24.8,95,1.0,149,1004.1,0.0
2025-10-01T03:00,26.5,89,1.4,23,1004.9,0.0
2025-10-01T04:00,28.1,78,3.0,343,1005.1,0.0
2025-10-01T05:00,29.3,73,2.4,347,1004.8,0.0
2025-10-01T06:00,30.8,70,4.1,345,1004.2,0.0
2025-10-01T07:00,31.4,66,2.4,347,1003.6,0.2
2025-10-01T08:00,31.9,60,1.4,23,1002.8,0.2
2025-10-01T09:00,32.3,58,2.4,36,1001.5,0.0
2025-10-01T10:00,29.4,73,11.2,159,1001.7,4.1
2025-10-01T11:00,27.7,80,3.6,200,1001.9,0.8
2025-10-01T12:00,28.3,77,4.8,248,1001.8,0.0
2025-10-01T13:00,28.0,83,1.1,189,1002.1,0.0
2025-10-01T14:00,27.7,85,3.5,156,1002.9,0.0
2025-10-01T15:00,27.5,87,2.0,225,1004.2,0.0
2025-10-01T16:00,27.4,87,1.0,211,1004.9,0.0
2025-10-01T17:00,27.2,85,4.6,154,1005.1,0.0
2025-10-01T18:00,26.4,88,7.9,192,1005.3,0.0
2025-10-01T19:00,26.5,84,6.1,199,1004.8,0.0
2025-10-01T20:00,26.2,85,4.5,217,1004.4,0.0
2025-10-01T21:00,26.0,87,3.5,208,1004.4,0.0
2025-10-01T22:00,25.8,87,5.4,124,1004.8,0.0
2025-10-01T23:00,24.9,90,6.9,137,1005.7,0.0
2025-10-02T00:00,23.9,93,4.0,58,1005.7,2.0
2025-10-02T01:00,24.4,93,1.2,207,1006.2,0.0
2025-10-02T02:00,25.4,89,1.7,167,1007.3,0.0
2025-10-02T03:00,27.2,82,4.0,21,1008.2,0.0
2025-10-02T04:00,29.0,73,4.0,32,1008.2,0.0
2025-10-02T05:00,30.4,66,5.8,74,1008.1,0.0
2025-10-02T06:00,31.1,64,4.6,101,1008.1,0.0
2025-10-02T07:00,30.3,65,7.8,81,1008.1,2.0
2025-10-02T08:00,30.3,60,7.2,96,1007.7,0.9
2025-10-02T09:00,30.4,63,4.1,105,1006.8,0.2
2025-10-02T10:00,30.8,62,4.0,117,1006.2,0.0
2025-10-02T11:00,30.9,62,6.2,111,1006.2,0.0
2025-10-02T12:00,29.0,73,5.1,170,1006.4,0.0
2025-10-02T13:00,28.2,75,7.5,169,1007.3,0.0
2025-10-02T14:00,27.7,81,1.3,106,1008.2,0.0
2025-10-02T15:00,27.6,80,2.5,82,1009.0,0.0
2025-10-02T16:00,27.2,82,4.6,99,1010.0,0.0
2025-10-02T17:00,26.9,84,5.8,110,1010.2,0.0
2025-10-02T18:00,26.8,90,5.6,96,1010.5,0.0
2025-10-02T19:00,25.9,94,2.5,86,1010.6,0.6
2025-10-02T20:00,25.4,94,4.9,54,1010.0,0.0
2025-10-02T21:00,24.9,95,4.8,53,1009.8,0.0
2025-10-02T22:00,24.6,96,6.3,66,1009.9,0.0
2025-10-02T23:00,24.3,97,4.6,69,1009.7,0.0
2025-10-03T00:00,24.6,97,5.2,90,1009.9,0.0
2025-10-03T01:00,24.7,97,3.5,75,1010.2,0.0
2025-10-03T02:00,25.4,93,2.9,83,1010.9,0.0
2025-10-03T03:00,26.8,85,3.8,85,1011.5,0.0
2025-10-03T04:00,28.5,74,4.6,77,1011.7,0.0
2025-10-03T05:00,29.8,65,5.4,76,1011.7,0.0
2025-10-03T06:00,30.6,63,5.8,90,1011.8,0.0
2025-10-03T07:00,32.0,57,5.0,92,1011.0,0.0
2025-10-03T08:00,32.5,55,5.3,72,1010.0,0.0
2025-10-03T09:00,32.7,53,6.3,53,1008.9,0.0
2025-10-03T10:00,32.4,53,6.7,54,1008.1,0.0
2025-10-03T11:00,31.5,56,6.5,58,1007.8,0.1
2025-10-03T12:00,30.9,61,6.0,39,1007.6,0.0
2025-10-03T13:00,30.0,73,1.8,53,1008.4,0.0
2025-10-03T14:00,29.5,73,3.1,28,1008.9,0.0
2025-10-03T15:00,28.8,76,3.3,36,1009.8,0.0
2025-10-03T16:00,28.0,80,3.1,45,1010.2,0.0
2025-10-03T17:00,27.5,84,2.7,42,1010.3,0.0
2025-10-03T18:00,27.7,85,3.2,38,1009.6,0.0
2025-10-03T19:00,27.3,87,2.4,54,1009.6,0.0
2025-10-03T20:00,26.9,86,6.2,120,1009.6,0.0
2025-10-03T21:00,26.4,89,3.4,164,1009.3,0.0
2025-10-03T22:00,26.1,90,3.1,183,1009.2,0.0
2025-10-03T23:00,25.8,91,1.9,287,1009.2,0.0
2025-10-04T00:00,26.0,90,3.6,360,1009.3,0.0
2025-10-04T01:00,25.9,90,2.6,326,1009.7,0.0
2025-10-04T02:00,26.9,83,3.0,295,1009.9,0.0
2025-10-04T03:00,29.0,68,3.0,308,1010.3,0.0
2025-10-04T04:00,31.0,56,5.4,304,1010.0,0.0
2025-10-04T05:00,32.5,48,7.9,303,1009.2,0.0
2025-10-04T06:00,33.5,45,9.2,301,1008.9,0.0
2025-10-04T07:00,34.0,42,10.7,310,1007.6,0.0
2025-10-04T08:00,34.5,40,12.0,315,1006.6,0.0
2025-10-04T09:00,34.4,39,12.4,319,1005.6,0.0
2025-10-04T10:00,34.1,40,11.8,317,1004.7,0.0
2025-10-04T11:00,33.4,43,11.6,314,1004.5,0.0
2025-10-04T12:00,32.2,48,9.8,298,1004.3,0.0
2025-10-04T13:00,31.0,54,6.6,279,1004.6,0.0
2025-10-04T14:00,30.5,57,6.5,256,1005.2,0.0
2025-10-04T15:00,29.9,60,5.8,250,1006.3,0.0
2025-10-04T16:00,29.4,62,5.4,290,1006.8,0.0
2025-10-04T17:00,28.9,64,6.2,306,1007.0,0.0
2025-10-04T18:00,27.9,67,5.3,280,1006.9,0.0
2025-10-04T19:00,27.3,68,6.2,278,1006.5,0.0
2025-10-04T20:00,26.8,68,6.6,292,1005.9,0.0
2025-10-04T21:00,26.3,69,6.2,287,1005.4,0.0
2025-10-04T22:00,25.7,71,5.2,270,1005.0,0.0
2025-10-04T23:00,25.2,74,4.5,265,1005.5,0.0
2025-10-05T00:00,25.8,86,7.2,270,1005.9,0.0
2025-10-05T01:00,25.9,84,8.0,275,1006.9,0.0
2025-10-05T02:00,26.8,79,6.4,260,1007.9,0.0
2025-10-05T03:00,28.5,67,7.6,265,1008.3,0.0
2025-10-05T04:00,30.6,57,10.4,279,1008.5,0.0
2025-10-05T05:00,31.9,51,11.6,305,1008.6,0.0
2025-10-05T06:00,30.9,58,7.5,339,1008.9,0.0
2025-10-05T07:00,32.3,51,3.9,323,1008.1,0.0
2025-10-05T08:00,33.3,43,4.2,313,1007.1,0.0
2025-10-05T09:00,34.1,36,4.7,298,1005.8,0.0
2025-10-05T10:00,34.1,35,5.8,275,1004.9,0.0
2025-10-05T11:00,33.6,37,7.6,267,1004.3,0.0
2025-10-05T12:00,32.7,42,6.0,297,1004.1,0.0
2025-10-05T13:00,31.1,51,3.5,282,1004.8,0.0
2025-10-05T14:00,30.3,60,2.3,270,1005.6,0.0
2025-10-05T15:00,30.1,61,1.0,248,1006.4,0.0
2025-10-05T16:00,29.4,63,1.4,220,1006.9,0.0
2025-10-05T17:00,28.9,65,1.1,171,1007.5,0.0
2025-10-05T18:00,25.9,71,13.6,211,1009.1,0.0
2025-10-05T19:00,22.6,92,13.1,330,1009.5,8.9
2025-10-05T20:00,23.5,86,4.3,292,1009.3,0.1
2025-10-05T21:00,23.3,87,1.7,131,1009.2,0.0
2025-10-05T22:00,22.9,91,2.0,170,1008.6,0.0
2025-10-05T23:00,22.7,92,1.0,31,1008.4,0.1
2025-10-06T00:00,24.1,81,4.7,92,1007.9,0.0
2025-10-06T01:00,24.1,82,2.5,45,1008.9,0.0
2025-10-06T02:00,24.9,78,1.8,90,1008.9,0.0
2025-10-06T03:00,26.2,70,3.8,177,1009.4,0.0
2025-10-06T04:00,26.4,69,3.3,193,1009.8,0.0
2025-10-06T05:00,27.1,65,4.5,223,1010.1,0.0
2025-10-06T06:00,29.7,46,9.0,196,1010.2,0.0
2025-10-06T07:00,24.8,80,7.7,18,1010.1,2.3
2025-10-06T08:00,24.9,82,7.6,289,1010.2,1.4
2025-10-06T09:00,23.8,91,6.5,293,1009.3,2.6
2025-10-06T10:00,24.4,86,4.5,337,1008.8,0.8
2025-10-06T11:00,24.0,88,6.1,66,1008.2,0.8
2025-10-06T12:00,23.4,92,9.8,60,1008.0,0.2
2025-10-06T13:00,22.7,94,7.5,60,1008.7,0.0
2025-10-06T14:00,22.6,94,8.8,78,1009.1,0.0
2025-10-06T15:00,22.6,94,7.2,102,1009.5,0.0
2025-10-06T16:00,22.4,95,7.2,122,1009.8,0.0
2025-10-06T17:00,22.3,96,7.8,132,1010.0,0.0
2025-10-06T18:00,22.7,95,6.7,88,1010.0,0.0
2025-10-06T19:00,22.7,95,5.7,127,1009.7,0.0
2025-10-06T20:00,22.3,96,0.7,90,1009.4,0.0
2025-10-06T21:00,21.8,98,0.4,333,1009.3,0.0
2025-10-06T22:00,22.1,98,3.1,90,1009.0,0.0
2025-10-06T23:00,22.4,97,5.9,140,1008.3,0.0
2025-10-07T00:00,22.3,96,6.1,157,1008.4,0.0
2025-10-07T01:00,22.2,97,6.9,137,1009.0,0.1
2025-10-07T02:00,22.7,94,5.7,191,1010.1,0.1
2025-10-07T03:00,23.2,91,6.4,153,1010.5,0.3
2025-10-07T04:00,24.6,85,7.0,148,1010.7,0.1
2025-10-07T05:00,25.8,80,8.0,155,1011.0,0.1
2025-10-07T06:00,27.0,67,6.2,163,1010.6,0.1
2025-10-07T07:00,27.7,66,4.9,172,1009.8,0.0
2025-10-07T08:00,28.3,65,4.0,159,1009.1,0.0
2025-10-07T09:00,28.7,63,4.3,165,1008.3,0.0
2025-10-07T10:00,25.5,75,8.6,143,1008.2,0.5
2025-10-07T11:00,26.0,73,6.1,120,1007.7,0.0
2025-10-07T12:00,21.3,93,13.0,315,1009.6,5.1
2025-10-07T13:00,21.5,88,5.0,52,1009.1,1.7
2025-10-07T14:00,21.3,92,7.5,101,1010.2,0.2
2025-10-07T15:00,21.0,96,5.0,103,1010.9,0.0
2025-10-07T16:00,21.0,96,5.4,82,1011.4,0.0
2025-10-07T17:00,20.8,96,2.0,170,1011.3,0.0
2025-10-07T18:00,21.1,98,2.2,125,1011.4,0.0
2025-10-07T19:00,20.8,98,0.7,194,1011.2,0.0
2025-10-07T20:00,20.4,98,1.8,294,1010.9,0.0
2025-10-07T21:00,20.8,98,5.5,259,1010.3,0.0
2025-10-07T22:00,20.7,98,5.8,270,1010.1,0.0
2025-10-07T23:00,20.0,99,2.9,349,1010.3,0.0
2025-10-08T00:00,20.7,99,3.2,3,1010.9,0.1
2025-10-08T01:00,20.9,97,3.8,341,1011.5,0.0
2025-10-08T02:00,21.4,94,5.9,317,1011.6,0.0
2025-10-08T03:00,22.4,87,4.0,324,1012.4,0.0
2025-10-08T04:00,23.4,82,4.5,323,1013.1,0.1
2025-10-08T05:00,24.4,79,1.8,354,1013.3,0.0
2025-10-08T06:00,25.1,76,0.9,11,1013.0,0.0
2025-10-08T07:00,26.0,71,0.6,252,1012.0,0.0
2025-10-08T08:00,26.2,67,2.7,242,1010.8,0.0
2025-10-08T09:00,24.3,71,10.4,296,1010.5,0.3
2025-10-08T10:00,23.0,79,6.0,319,1010.0,0.4
2025-10-08T11:00,24.1,76,4.7,310,1009.7,0.0
2025-10-08T12:00,22.6,87,5.2,286,1010.0,0.0
2025-10-08T13:00,22.8,90,6.4,297,1010.3,0.0
2025-10-08T14:00,22.8,87,4.6,315,1011.1,0.0
2025-10-08T15:00,22.5,86,5.2,338,1011.7,0.0
2025-10-08T16:00,21.8,88,3.8,352,1012.1,0.0
2025-10-08T17:00,21.2,90,2.8,325,1012.5,0.0
2025-10-08T18:00,21.9,92,4.6,296,1013.0,0.0
2025-10-08T19:00,22.1,92,5.1,288,1013.3,0.0
2025-10-08T20:00,21.8,92,4.7,298,1012.8,0.0
2025-10-08T21:00,21.5,93,4.8,301,1012.8,0.0
2025-10-08T22:00,21.1,94,4.3,318,1013.0,0.0
2025-10-08T23:00,20.8,95,3.9,313,1013.2,0.0
2025-10-09T00:00,20.8,95,4.5,304,1013.6,0.0
2025-10-09T01:00,20.9,95,5.3,315,1014.2,0.0
2025-10-09T02:00,21.5,93,6.3,323,1014.4,0.0
2025-10-09T03:00,22.8,89,5.6,327,1015.0,0.0
2025-10-09T04:00,24.2,83,8.5,348,1015.4,0.0
2025-10-09T05:00,25.1,77,7.0,348,1015.1,0.1
2025-10-09T06:00,26.9,66,7.5,316,1014.5,0.0
2025-10-09T07:00,27.7,56,8.0,318,1013.7,0.0
2025-10-09T08:00,28.4,49,7.6,322,1012.9,0.0
2025-10-09T09:00,28.4,48,8.2,311,1011.8,0.0
2025-10-09T10:00,28.1,48,8.4,310,1011.2,0.0
2025-10-09T11:00,27.4,53,6.9,319,1011.1,0.0
2025-10-09T12:00,26.6,61,5.6,295,1010.8,0.0
2025-10-09T13:00,24.9,66,6.3,290,1011.3,0.0
2025-10-09T14:00,24.0,70,6.8,287,1012.0,0.0
2025-10-09T15:00,23.3,72,8.3,283,1012.4,0.0
2025-10-09T16:00,22.6,73,7.9,287,1012.4,0.0
2025-10-09T17:00,22.0,74,7.2,298,1012.6,0.0
2025-10-09T18:00,22.0,78,7.4,299,1012.7,0.0
2025-10-09T19:00,21.6,80,6.7,290,1012.7,0.0
2025-10-09T20:00,21.2,81,6.5,284,1012.5,0.0
2025-10-09T21:00,20.7,83,6.4,281,1012.0,0.0
2025-10-09T22:00,20.3,84,5.9,284,1011.9,0.0
2025-10-09T23:00,19.9,84,5.2,284,1011.8,0.0
2025-10-10T00:00,19.9,88,4.8,283,1012.2,0.0
2025-10-10T01:00,20.0,87,4.8,290,1012.5,0.0
2025-10-10T02:00,20.8,86,6.0,287,1012.9,0.0
2025-10-10T03:00,22.3,81,4.0,288,1013.4,0.0
2025-10-10T04:00,24.1,74,4.1,283,1013.6,0.0
2025-10-10T05:00,25.8,66,4.8,290,1013.3,0.0
2025-10-10T06:00,27.1,57,5.2,292,1013.3,0.0
2025-10-10T07:00,27.9,52,4.7,279,1012.7,0.0
2025-10-10T08:00,28.4,48,4.9,272,1011.8,0.0
2025-10-10T09:00,28.6,44,5.1,274,1010.9,0.0
2025-10-10T10:00,28.5,44,4.9,278,1010.4,0.0
2025-10-10T11:00,27.9,49,3.8,287,1010.2,0.0
2025-10-10T12:00,26.3,60,3.9,298,1010.4,0.0
2025-10-10T13:00,24.6,65,4.8,312,1010.6,0.0
2025-10-10T14:00,23.4,74,4.1,315,1011.1,0.0
2025-10-10T15:00,22.8,75,1.9,319,1011.2,0.0
2025-10-10T16:00,22.3,77,1.0,329,1011.3,0.0
2025-10-10T17:00,22.0,77,0.4,207,1011.4,0.0
2025-10-10T18:00,21.7,81,1.1,288,1011.5,0.0
2025-10-10T19:00,21.3,83,1.5,263,1011.4,0.0
2025-10-10T20:00,20.7,85,2.9,266,1011.2,0.0
2025-10-10T21:00,20.3,86,3.6,273,1011.1,0.0
2025-10-10T22:00,19.9,86,3.8,267,1011.1,0.0
2025-10-10T23:00,19.6,86,4.0,273,1011.2,0.0
2025-10-11T00:00,19.9,89,4.5,268,1011.7,0.0
2025-10-11T01:00,20.3,87,5.1,278,1012.2,0.0
2025-10-11T02:00,21.1,85,6.4,281,1012.7,0.0
2025-10-11T03:00,22.8,80,4.0,288,1013.4,0.0
2025-10-11T04:00,24.9,70,4.0,291,1013.6,0.0
2025-10-11T05:00,26.6,60,5.4,296,1013.4,0.0
2025-10-11T06:00,27.4,54,6.1,298,1013.1,0.0
2025-10-11T07:00,28.2,50,5.8,309,1012.5,0.0
2025-10-11T08:00,28.8,47,6.5,316,1011.7,0.0
2025-10-11T09:00,28.9,47,7.4,317,1010.9,0.0
2025-10-11T10:00,28.8,45,8.5,322,1010.3,0.0
2025-10-11T11:00,28.0,49,7.4,319,1010.2,0.0
2025-10-11T12:00,27.2,61,3.8,265,1010.1,0.0
2025-10-11T13:00,25.5,65,4.7,261,1010.2,0.0
2025-10-11T14:00,24.9,67,5.4,266,1010.7,0.0
2025-10-11T15:00,24.3,69,6.3,265,1011.2,0.0
2025-10-11T16:00,23.6,70,6.3,265,1011.2,0.0
2025-10-11T17:00,22.9,73,6.2,280,1011.2,0.0
2025-10-11T18:00,23.2,74,7.9,309,1011.5,0.0
2025-10-11T19:00,22.9,75,6.4,308,1011.4,0.0
2025-10-11T20:00,22.0,79,4.5,299,1010.8,0.0
2025-10-11T21:00,21.6,79,4.8,297,1010.6,0.0
2025-10-11T22:00,21.0,79,5.2,295,1010.4,0.0
2025-10-11T23:00,20.6,79,5.6,299,1010.4,0.0
2025-10-12T00:00,20.8,86,5.0,314,1011.1,0.0
2025-10-12T01:00,21.2,84,5.5,311,1011.8,0.0
2025-10-12T02:00,22.0,82,6.5,309,1012.3,0.0
2025-10-12T03:00,23.7,76,4.1,311,1012.8,0.0
2025-10-12T04:00,25.7,68,3.6,311,1012.9,0.0
2025-10-12T05:00,27.7,59,5.2,314,1012.5,0.0
2025-10-12T06:00,29.2,48,6.5,309,1012.2,0.0
2025-10-12T07:00,30.2,43,7.0,312,1011.4,0.0
2025-10-12T08:00,30.7,39,8.5,318,1010.5,0.0
2025-10-12T09:00,30.7,40,9.4,318,1009.9,0.0
2025-10-12T10:00,30.4,41,9.6,317,1009.6,0.0
2025-10-12T11:00,29.7,44,8.4,315,1009.6,0.0
2025-10-12T12:00,28.4,48,6.7,297,1009.6,0.0
2025-10-12T13:00,26.7,55,5.5,287,1010.1,0.0
2025-10-12T14:00,26.0,58,5.5,279,1010.6,0.0
2025-10-12T15:00,25.3,61,6.0,277,1011.1,0.0
2025-10-12T16:00,24.3,67,5.2,286,1011.5,0.0
2025-10-12T17:00,23.4,71,5.0,300,1011.6,0.0
2025-10-12T18:00,23.2,73,5.1,306,1012.0,0.0
2025-10-12T19:00,22.9,73,5.0,314,1011.6,0.0
2025-10-12T20:00,22.3,75,5.0,319,1011.3,0.0
2025-10-12T21:00,21.6,77,4.6,321,1011.2,0.0
2025-10-12T22:00,21.3,78,4.4,325,1011.0,0.0
2025-10-12T23:00,21.0,78,4.5,326,1011.0,0.0
2025-10-13T00:00,20.6,86,2.8,297,1011.6,0.0
2025-10-13T01:00,20.6,86,2.8,297,1012.3,0.0
2025-10-13T02:00,21.9,81,3.3,292,1013.1,0.0
2025-10-13T03:00,23.9,73,1.9,299,1013.7,0.0
2025-10-13T04:00,26.2,62,2.2,318,1014.1,0.0
2025-10-13T05:00,28.3,51,3.0,346,1013.8,0.0
2025-10-13T06:00,29.8,41,3.8,352,1013.4,0.0
2025-10-13T07:00,31.1,35,4.0,357,1012.6,0.0
2025-10-13T08:00,31.7,33,4.7,9,1012.1,0.0
2025-10-13T09:00,31.7,33,6.0,17,1011.1,0.0
2025-10-13T10:00,31.4,34,7.7,21,1010.6,0.0
2025-10-13T11:00,30.6,36,8.8,23,1010.4,0.0
2025-10-13T12:00,29.4,38,6.6,33,1010.9,0.0
2025-10-13T13:00,27.6,46,3.9,43,1011.3,0.0
2025-10-13T14:00,27.1,54,0.4,117,1011.9,0.0
2025-10-13T15:00,25.7,57,2.7,208,1012.2,0.0
2025-10-13T16:00,25.0,60,4.0,210,1012.5,0.0
2025-10-13T17:00,24.6,62,3.6,189,1012.3,0.0
2025-10-13T18:00,24.5,69,3.9,208,1012.3,0.0
2025-10-13T19:00,23.6,71,3.6,297,1012.1,0.0
2025-10-13T20:00,23.3,72,2.2,318,1011.6,0.0
2025-10-13T21:00,22.5,72,4.1,311,1011.0,0.0
2025-10-13T22:00,22.0,72,4.5,307,1010.5,0.0
2025-10-13T23:00,21.3,75,4.3,315,1010.2,0.0
2025-10-14T00:00,21.3,80,4.4,305,1010.4,0.0
2025-10-14T01:00,21.4,81,3.5,309,1010.9,0.0
2025-10-14T02:00,22.8,75,3.9,304,1011.4,0.0
2025-10-14T03:00,25.2,66,1.5,263,1012.2,0.0
2025-10-14T04:00,27.9,51,1.7,283,1012.4,0.0
2025-10-14T05:00,29.9,36,3.5,325,1012.5,0.0
2025-10-14T06:00,30.6,33,4.4,330,1012.3,0.0
2025-10-14T07:00,31.4,31,5.0,347,1011.7,0.0
2025-10-14T08:00,31.8,30,6.7,2,1010.9,0.0
2025-10-14T09:00,31.7,31,7.9,11,1010.0,0.0
2025-10-14T10:00,31.3,31,8.3,18,1009.6,0.0
2025-10-14T11:00,30.6,32,8.5,27,1009.7,0.0
2025-10-14T12:00,29.4,32,6.8,32,1010.2,0.0
2025-10-14T13:00,27.7,46,2.8,40,1010.4,0.0
2025-10-14T14:00,27.5,49,0.3,135,1011.0,0.0
2025-10-14T15:00,26.6,51,0.6,252,1011.3,0.0
2025-10-14T16:00,25.9,52,0.6,288,1011.5,0.0
2025-10-14T17:00,25.2,53,0.9,259,1011.4,0.0
2025-10-14T18:00,25.0,59,1.4,270,1011.4,0.0
2025-10-14T19:00,24.3,61,0.9,281,1011.1,0.0
2025-10-14T20:00,23.5,64,0.3,45,1010.7,0.0
2025-10-14T21:00,22.3,68,0.6,56,1010.4,0.0
2025-10-14T22:00,21.2,73,1.7,32,1010.1,0.0
2025-10-14T23:00,20.6,75,1.9,17,1010.0,0.0
2025-10-15T00:00,20.8,81,2.3,4,1010.5,0.0
2025-10-15T01:00,20.9,80,1.3,304,1011.3,0.0
2025-10-15T02:00,22.2,74,3.3,234,1012.2,0.0
2025-10-15T03:00,24.5,63,2.0,280,1013.0,0.0
2025-10-15T04:00,27.0,53,1.8,323,1013.4,0.0
2025-10-15T05:00,29.1,43,1.6,333,1013.1,0.0
2025-10-15T06:00,30.6,30,4.4,322,1012.6,0.0
2025-10-15T07:00,31.6,29,4.5,337,1011.9,0.0
2025-10-15T08:00,31.9,28,5.3,352,1011.1,0.0
2025-10-15T09:00,31.9,28,6.7,3,1010.1,0.0
2025-10-15T10:00,31.6,28,8.0,6,1010.0,0.0
2025-10-15T11:00,30.7,28,9.2,7,1009.9,0.0
2025-10-15T12:00,29.4,31,8.0,18,1010.0,0.0
2025-10-15T13:00,27.6,41,3.8,11,1010.5,0.0
2025-10-15T14:00,26.7,50,2.9,11,1010.9,0.0
2025-10-15T15:00,26.1,51,1.7,18,1011.2,0.0
2025-10-15T16:00,25.7,52,1.2,321,1011.2,0.0
2025-10-15T17:00,25.4,53,0.6,108,1011.1,0.0
2025-10-15T18:00,24.8,56,0.3,135,1010.9,0.0
2025-10-15T19:00,23.4,60,0.5,180,1010.7,0.0
2025-10-15T20:00,22.6,64,1.7,198,1010.6,0.0
2025-10-15T21:00,22.0,67,3.3,279,1010.2,0.0
2025-10-15T22:00,21.4,67,4.3,287,1010.1,0.0
2025-10-15T23:00,20.9,68,4.8,281,1010.1,0.0
2025-10-16T00:00,20.6,76,4.5,293,1010.7,0.0
2025-10-16T01:00,20.8,74,4.0,278,1011.3,0.0
2025-10-16T02:00,22.3,66,5.2,274,1011.9,0.0
2025-10-16T03:00,24.6,60,3.4,302,1012.4,0.0
2025-10-16T04:00,27.2,49,3.6,315,1012.9,0.0
2025-10-16T05:00,29.2,41,3.6,311,1012.8,0.0
2025-10-16T06:00,30.3,36,5.3,327,1012.2,0.0
2025-10-16T07:00,30.9,35,5.5,333,1011.4,0.0
2025-10-16T08:00,31.3,35,5.6,338,1010.5,0.0
2025-10-16T09:00,31.3,36,6.1,348,1009.7,0.0
2025-10-16T10:00,31.0,37,6.3,353,1009.5,0.0
2025-10-16T11:00,30.4,38,6.9,354,1009.4,0.0
2025-10-16T12:00,29.4,39,6.3,2,1009.8,0.0
2025-10-16T13:00,27.6,52,3.2,344,1010.2,0.0
2025-10-16T14:00,26.9,58,2.8,320,1011.0,0.0
2025-10-16T15:00,26.3,57,2.2,346,1011.6,0.0
2025-10-16T16:00,25.9,58,1.4,337,1012.1,0.0
2025-10-16T17:00,25.4,59,0.8,243,1012.1,0.0
2025-10-16T18:00,24.9,62,0.8,207,1011.9,0.0
2025-10-16T19:00,24.1,64,0.9,259,1011.9,0.0
2025-10-16T20:00,23.5,65,1.1,279,1011.6,0.0
2025-10-16T21:00,22.5,69,2.2,270,1011.5,0.0
2025-10-16T22:00,21.6,72,3.1,273,1011.6,0.0
2025-10-16T23:00,20.9,75,4.2,277,1011.6,0.0
2025-10-17T00:00,21.3,72,5.3,282,1012.3,0.0
2025-10-17T01:00,21.2,72,4.6,288,1013.1,0.0
2025-10-17T02:00,22.4,66,5.3,298,1013.9,0.0
2025-10-17T03:00,24.6,58,3.1,298,1014.4,0.0
2025-10-17T04:00,27.1,52,3.1,320,1014.6,0.0
2025-10-17T05:00,29.5,47,3.9,344,1014.3,0.0
2025-10-17T06:00,30.6,42,5.5,347,1013.9,0.0
2025-10-17T07:00,31.3,40,5.6,353,1012.9,0.0
2025-10-17T08:00,31.8,39,6.5,2,1012.0,0.0
2025-10-17T09:00,31.9,37,7.3,11,1011.0,0.0
2025-10-17T10:00,31.7,36,7.4,18,1010.6,0.0
2025-10-17T11:00,31.1,37,7.4,18,1010.4,0.0
2025-10-17T12:00,30.6,36,7.2,18,1010.6,0.0
2025-10-17T13:00,29.1,43,3.4,3,1011.1,0.0
2025-10-17T14:00,28.1,53,1.5,306,1011.6,0.0
2025-10-17T15:00,27.2,55,2.6,254,1012.0,0.0
2025-10-17T16:00,26.5,56,2.8,255,1012.1,0.0
2025-10-17T17:00,25.9,59,2.9,259,1012.3,0.0
2025-10-17T18:00,25.5,62,3.8,245,1012.2,0.0
2025-10-17T19:00,24.6,64,3.5,291,1011.9,0.0
2025-10-17T20:00,23.9,67,3.6,311,1011.9,0.0
2025-10-17T21:00,23.4,70,3.4,313,1011.5,0.0
2025-10-17T22:00,22.9,71,3.4,317,1011.5,0.0
2025-10-17T23:00,22.3,74,3.6,300,1011.8,0.0
2025-10-18T00:00,22.3,79,3.1,280,1012.1,0.0
2025-10-18T01:00,22.3,77,3.9,283,1012.7,0.0
2025-10-18T02:00,23.1,73,4.3,272,1013.3,0.0
2025-10-18T03:00,25.0,64,2.9,270,1013.9,0.0
2025-10-18T04:00,27.6,53,2.6,282,1014.1,0.0
2025-10-18T05:00,29.9,44,2.6,286,1013.8,0.0
2025-10-18T06:00,31.1,38,2.6,335,1013.4,0.0
2025-10-18T07:00,32.6,33,2.8,11,1012.3,0.0
2025-10-18T08:00,33.1,31,3.6,41,1010.9,0.0
2025-10-18T09:00,33.1,30,5.4,50,1009.9,0.0
2025-10-18T10:00,32.9,31,7.3,52,1009.4,0.0
2025-10-18T11:00,32.1,34,7.8,52,1009.4,0.0
2025-10-18T12:00,30.7,37,7.7,33,1009.7,0.0
2025-10-18T13:00,29.3,49,2.6,34,1010.1,0.0
2025-10-18T14:00,28.8,53,0.4,243,1010.7,0.0
2025-10-18T15:00,27.8,55,2.4,253,1011.2,0.0
2025-10-18T16:00,27.1,54,2.8,243,1011.3,0.0
2025-10-18T17:00,26.8,56,1.1,261,1011.5,0.0
2025-10-18T18:00,26.0,63,1.1,18,1011.3,0.0
2025-10-18T19:00,25.4,65,1.1,360,1011.1,0.0
2025-10-18T20:00,24.8,68,1.4,310,1010.8,0.0
2025-10-18T21:00,24.4,69,0.6,288,1010.6,0.0
2025-10-18T22:00,23.4,73,0.3,45,1010.7,0.0
2025-10-18T23:00,22.5,76,1.1,360,1010.8,0.0
2025-10-19T00:00,22.5,82,0.2,360,1011.1,0.0
2025-10-19T01:00,22.1,84,1.2,27,1011.9,0.0
2025-10-19T02:00,23.3,78,1.3,82,1012.5,0.0
2025-10-19T03:00,26.2,61,1.2,153,1013.1,0.0
2025-10-19T04:00,28.9,49,0.9,169,1013.6,0.0
2025-10-19T05:00,30.9,40,0.4,153,1013.4,0.0
2025-10-19T06:00,31.5,37,0.9,53,1012.6,0.0
2025-10-19T07:00,33.1,32,3.0,65,1011.9,0.0
2025-10-19T08:00,33.6,31,5.0,64,1011.0,0.0
2025-10-19T09:00,33.6,30,7.3,67,1009.9,0.0
2025-10-19T10:00,33.2,30,8.9,71,1009.2,0.0
2025-10-19T11:00,31.9,36,9.3,75,1008.9,0.0
2025-10-19T12:00,30.5,35,7.0,23,1009.1,0.0
2025-10-19T13:00,29.2,48,2.0,355,1009.7,0.0
2025-10-19T14:00,28.5,51,2.1,329,1010.2,0.0
2025-10-19T15:00,27.6,51,2.6,344,1010.4,0.0
2025-10-19T16:00,27.0,53,2.9,338,1010.6,0.0
2025-10-19T17:00,26.6,57,3.0,322,1010.8,0.0
2025-10-19T18:00,26.6,58,1.5,284,1010.5,0.0
2025-10-19T19:00,26.1,60,0.6,326,1010.5,0.0
2025-10-19T20:00,25.1,63,0.3,45,1010.3,0.0
2025-10-19T21:00,23.9,66,1.3,45,1010.2,0.0
2025-10-19T22:00,23.5,70,0.0,270,1010.4,0.0
2025-10-19T23:00,22.8,71,1.8,323,1010.5,0.0
2025-10-20T00:00,22.7,79,0.6,288,1011.3,0.0
2025-10-20T01:00,22.4,80,2.3,209,1011.9,0.0
2025-10-20T02:00,23.6,72,2.1,110,1012.7,0.0
2025-10-20T03:00,25.6,64,2.0,95,1013.3,0.0
2025-10-20T04:00,28.0,53,2.3,90,1013.9,0.0
2025-10-20T05:00,30.1,43,3.6,90,1013.5,0.0
2025-10-20T06:00,31.6,36,6.1,93,1012.8,0.0
2025-10-20T07:00,32.7,32,6.7,88,1012.1,0.0
2025-10-20T08:00,33.1,30,7.1,80,1011.2,0.0
2025-10-20T09:00,32.9,29,6.9,75,1010.2,0.0
2025-10-20T10:00,32.5,30,6.6,81,1009.7,0.0
2025-10-20T11:00,31.9,31,6.5,84,1009.7,0.0
2025-10-20T12:00,30.7,37,7.7,51,1009.8,0.0
2025-10-20T13:00,29.7,42,5.6,33,1010.4,0.0
2025-10-20T14:00,28.8,46,4.5,16,1011.0,0.0
2025-10-20T15:00,27.8,51,3.8,25,1011.3,0.0
2025-10-20T16:00,27.0,54,3.6,49,1011.7,0.0
2025-10-20T17:00,25.9,59,3.1,62,1011.9,0.0
2025-10-20T18:00,25.2,65,3.5,69,1012.0,0.0
2025-10-20T19:00,24.5,69,3.1,69,1012.0,0.0
2025-10-20T20:00,24.0,72,3.3,99,1012.2,0.0
2025-10-20T21:00,23.6,74,3.4,106,1012.2,0.0
2025-10-20T22:00,23.3,75,3.4,122,1012.4,0.0
2025-10-20T23:00,22.9,77,3.5,125,1012.5,0.0
2025-10-21T00:00,23.3,76,5.6,107,1012.8,0.0
2025-10-21T01:00,23.7,75,5.4,124,1013.5,0.0
2025-10-21T02:00,24.2,75,3.9,217,1014.3,0.0
2025-10-21T03:00,25.9,66,1.9,197,1015.1,0.0
2025-10-21T04:00,28.5,53,3.4,177,1015.0,0.0
2025-10-21T05:00,30.2,44,5.4,138,1014.7,0.0
2025-10-21T06:00,29.8,42,8.9,119,1014.4,0.0
2025-10-21T07:00,30.5,39,5.0,131,1013.4,0.1
2025-10-21T08:00,30.8,37,6.0,147,1012.7,0.1
2025-10-21T09:00,30.6,38,7.4,154,1011.8,0.1
2025-10-21T10:00,30.4,38,5.8,160,1011.4,0.1
2025-10-21T11:00,29.9,39,5.3,172,1011.3,0.0
2025-10-21T12:00,29.8,40,0.7,346,1010.8,0.0
2025-10-21T13:00,28.2,51,2.9,349,1011.5,0.0
2025-10-21T14:00,26.9,62,3.5,12,1012.3,0.0
2025-10-21T15:00,25.9,71,3.1,45,1012.9,0.0
2025-10-21T16:00,25.2,78,1.7,18,1012.9,0.0
2025-10-21T17:00,24.4,80,2.4,17,1013.1,0.0
2025-10-21T18:00,25.3,80,0.6,146,1013.1,0.0
2025-10-21T19:00,24.5,83,2.0,45,1012.9,0.0
2025-10-21T20:00,24.0,86,2.9,7,1013.1,0.0
2025-10-21T21:00,23.5,89,2.3,356,1013.2,0.0
2025-10-21T22:00,23.1,90,0.6,34,1013.1,0.0
2025-10-21T23:00,22.5,93,2.1,340,1013.3,0.0
2025-10-22T00:00,22.6,94,1.1,72,1013.1,0.0
2025-10-22T01:00,22.3,96,0.3,225,1013.9,0.0
2025-10-22T02:00,22.9,94,3.5,261,1014.7,0.0
2025-10-22T03:00,25.0,84,3.7,305,1015.3,0.0
2025-10-22T04:00,27.9,66,3.8,311,1015.6,0.0
2025-10-22T05:00,29.9,51,3.8,319,1015.2,0.0
2025-10-22T06:00,30.9,45,5.7,305,1014.6,0.0
2025-10-22T07:00,31.8,39,5.5,322,1013.2,0.0
2025-10-22T08:00,32.4,33,6.5,330,1012.2,0.0
2025-10-22T09:00,32.3,31,6.8,325,1011.3,0.0
2025-10-22T10:00,32.1,30,7.3,320,1010.7,0.0
2025-10-22T11:00,31.3,34,8.9,326,1010.5,0.0
2025-10-22T12:00,30.4,34,9.0,334,1010.5,0.0
2025-10-22T13:00,29.2,37,7.7,323,1011.1,0.0
2025-10-22T14:00,28.3,39,5.4,323,1011.9,0.0
2025-10-22T15:00,27.3,41,4.3,294,1012.3,0.0
2025-10-22T16:00,26.8,41,5.0,285,1012.7,0.0
2025-10-22T17:00,26.0,44,5.9,297,1012.7,0.0
2025-10-22T18:00,25.4,51,5.9,308,1012.8,0.0
2025-10-22T19:00,24.6,51,6.1,310,1012.8,0.0
2025-10-22T20:00,23.9,52,6.0,307,1012.7,0.0
2025-10-22T21:00,23.3,52,5.8,309,1012.2,0.0
2025-10-22T22:00,22.6,54,4.9,306,1012.1,0.0
2025-10-22T23:00,21.8,56,5.1,324,1012.3,0.0
2025-10-23T00:00,21.8,64,4.8,315,1012.5,0.0
2025-10-23T01:00,21.5,64,5.6,320,1013.2,0.0
2025-10-23T02:00,21.9,64,6.5,312,1013.9,0.0
2025-10-23T03:00,23.7,58,4.1,315,1014.4,0.0
2025-10-23T04:00,26.5,50,4.3,332,1014.7,0.0
2025-10-23T05:00,28.9,44,5.8,346,1014.4,0.0
2025-10-23T06:00,30.9,34,7.6,345,1013.8,0.0
2025-10-23T07:00,31.6,29,7.6,342,1013.0,0.0
2025-10-23T08:00,31.9,27,7.2,342,1012.0,0.0
2025-10-23T09:00,32.1,26,7.2,341,1010.9,0.0
2025-10-23T10:00,31.8,26,7.6,333,1010.5,0.0
2025-10-23T11:00,30.9,27,8.9,328,1010.6,0.0
2025-10-23T12:00,29.9,27,8.2,322,1010.7,0.0
2025-10-23T13:00,28.8,30,7.4,313,1011.5,0.0
2025-10-23T14:00,28.0,31,5.3,308,1012.0,0.0
2025-10-23T15:00,26.9,37,3.7,305,1012.4,0.0
2025-10-23T16:00,26.5,40,1.6,297,1012.5,0.0
2025-10-23T17:00,25.8,41,2.0,265,1012.4,0.0
2025-10-23T18:00,24.9,51,3.7,299,1012.5,0.0
2025-10-23T19:00,23.7,55,1.9,299,1012.4,0.0
2025-10-23T20:00,23.1,58,2.2,275,1012.1,0.0
2025-10-23T21:00,22.4,59,4.3,272,1011.9,0.0
2025-10-23T22:00,22.0,59,5.0,270,1011.8,0.0
2025-10-23T23:00,21.3,61,4.5,265,1012.0,0.0
2025-10-24T00:00,21.2,68,5.6,277,1012.5,0.0
2025-10-24T01:00,21.1,68,4.6,281,1013.2,0.0
2025-10-24T02:00,21.6,66,4.2,335,1014.0,0.0
2025-10-24T03:00,23.7,58,1.3,278,1014.6,0.0
2025-10-24T04:00,26.6,46,1.2,309,1014.8,0.0
2025-10-24T05:00,29.2,37,1.8,349,1014.4,0.0
2025-10-24T06:00,30.8,26,2.9,349,1013.7,0.0
2025-10-24T07:00,31.8,24,4.7,356,1012.9,0.0
2025-10-24T08:00,32.0,23,6.9,6,1011.8,0.0
2025-10-24T09:00,31.8,23,8.6,10,1010.9,0.0
2025-10-24T10:00,31.3,24,9.7,10,1010.2,0.0
2025-10-24T11:00,30.6,25,8.9,9,1010.1,0.0
2025-10-24T12:00,29.6,26,5.2,340,1010.2,0.0
2025-10-24T13:00,28.4,36,1.4,320,1010.7,0.0
2025-10-24T14:00,27.2,47,0.0,270,1011.1,0.0
2025-10-24T15:00,25.6,45,2.4,77,1011.4,0.0
2025-10-24T16:00,25.1,49,1.2,63,1011.7,0.0
2025-10-24T17:00,24.8,51,1.1,189,1011.9,0.0
2025-10-24T18:00,24.4,51,1.7,212,1011.6,0.0
2025-10-24T19:00,23.7,50,4.1,209,1011.2,0.0
2025-10-24T20:00,23.2,51,4.5,203,1010.7,0.0
2025-10-24T21:00,22.4,56,3.7,256,1010.4,0.0
2025-10-24T22:00,21.8,58,2.2,294,1010.5,0.0
2025-10-24T23:00,20.8,61,2.7,337,1010.9,0.0
2025-10-25T00:00,20.5,75,2.2,318,1012.0,0.0
2025-10-25T01:00,20.3,77,0.8,297,1012.5,0.0
2025-10-25T02:00,21.2,70,0.8,45,1013.1,0.0
2025-10-25T03:00,23.5,61,1.7,13,1013.6,0.0
2025-10-25T04:00,26.6,47,1.7,32,1013.8,0.0
2025-10-25T05:00,29.0,37,2.9,43,1013.8,0.0
2025-10-25T06:00,30.0,30,1.9,61,1013.2,0.0
2025-10-25T07:00,31.3,27,2.5,60,1012.3,0.0
2025-10-25T08:00,31.8,27,3.7,61,1011.3,0.0
2025-10-25T09:00,31.8,27,5.1,48,1010.4,0.0
2025-10-25T10:00,31.2,29,7.1,38,1009.9,0.0
2025-10-25T11:00,30.1,31,8.9,25,1010.2,0.0
2025-10-25T12:00,28.6,34,7.8,15,1010.0,0.0
2025-10-25T13:00,27.5,36,5.9,14,1010.5,0.0
2025-10-25T14:00,26.3,42,2.7,32,1011.1,0.0
2025-10-25T15:00,25.5,46,1.1,90,1011.7,0.0
2025-10-25T16:00,24.6,50,1.0,68,1012.1,0.0
2025-10-25T17:00,23.4,55,1.8,79,1012.5,0.0
2025-10-25T18:00,23.0,60,1.6,90,1012.7,0.0
2025-10-25T19:00,22.4,61,1.1,9,1012.8,0.0
2025-10-25T20:00,21.6,63,1.3,124,1012.7,0.0
2025-10-25T21:00,20.5,65,3.6,143,1012.6,0.0
2025-10-25T22:00,20.1,65,5.4,132,1012.7,0.0
2025-10-25T23:00,19.2,70,4.1,119,1012.7,0.0
2025-10-26T00:00,18.7,74,3.5,102,1013.0,0.0
2025-10-26T01:00,18.4,76,3.9,112,1013.4,0.0
2025-10-26T02:00,19.7,69,5.0,128,1014.1,0.0
2025-10-26T03:00,22.2,60,2.2,90,1014.8,0.0
2025-10-26T04:00,25.2,49,2.5,94,1014.9,0.0
2025-10-26T05:00,27.8,38,3.5,102,1014.6,0.0
2025-10-26T06:00,29.6,32,3.5,114,1014.0,0.0
2025-10-26T07:00,30.8,26,2.7,94,1013.0,0.0
2025-10-26T08:00,31.4,24,4.2,97,1012.1,0.0
2025-10-26T09:00,31.6,23,5.9,104,1011.2,0.0
2025-10-26T10:00,31.2,23,7.0,102,1010.7,0.0
2025-10-26T11:00,30.3,25,6.8,87,1010.3,0.0
2025-10-26T12:00,28.9,35,6.0,25,1010.7,0.0
2025-10-26T13:00,27.4,42,4.5,5,1011.2,0.0
2025-10-26T14:00,26.1,48,2.9,22,1011.6,0.0
2025-10-26T15:00,25.1,54,2.0,63,1012.3,0.0
2025-10-26T16:00,24.3,57,1.4,130,1012.7,0.0
2025-10-26T17:00,23.7,62,0.7,90,1012.6,0.0
2025-10-26T18:00,23.0,62,1.8,135,1012.8,0.0
2025-10-26T19:00,22.2,64,3.2,124,1012.7,0.0
2025-10-26T20:00,21.4,66,3.7,113,1012.3,0.0
2025-10-26T21:00,21.0,68,3.9,118,1012.1,0.0
2025-10-26T22:00,20.4,72,2.8,72,1011.9,0.0
2025-10-26T23:00,19.7,76,3.1,50,1012.0,0.0
2025-10-27T00:00,19.1,78,2.8,45,1012.1,0.0
2025-10-27T01:00,18.7,80,3.1,40,1012.7,0.0
2025-10-27T02:00,19.8,74,4.4,52,1013.7,0.0
2025-10-27T03:00,22.4,63,2.8,40,1014.3,0.0
2025-10-27T04:00,25.6,50,3.1,50,1014.9,0.0
2025-10-27T05:00,28.2,40,3.8,59,1014.6,0.0
2025-10-27T06:00,29.1,40,6.3,59,1014.2,0.0
2025-10-27T07:00,30.3,35,6.4,74,1013.4,0.0
2025-10-27T08:00,30.2,34,7.5,100,1012.8,0.0
2025-10-27T09:00,29.2,37,8.8,118,1012.0,0.0
2025-10-27T10:00,26.2,49,13.3,148,1012.4,0.0
2025-10-27T11:00,24.8,47,6.8,169,1012.4,0.0
2025-10-27T12:00,26.5,46,9.8,162,1012.7,0.0
2025-10-27T13:00,25.2,51,10.1,156,1013.2,0.0
2025-10-27T14:00,24.1,59,8.8,160,1013.9,0.0
2025-10-27T15:00,23.6,63,6.8,153,1014.3,0.0
2025-10-27T16:00,23.0,67,6.1,150,1014.8,0.0
2025-10-27T17:00,22.7,69,5.2,176,1015.1,0.0
2025-10-27T18:00,22.3,73,5.7,167,1015.1,0.0
2025-10-27T19:00,22.2,74,4.0,150,1015.2,0.0
2025-10-27T20:00,21.9,76,3.2,146,1014.9,0.0
2025-10-27T21:00,21.6,78,2.3,180,1014.7,0.0
2025-10-27T22:00,21.4,81,1.0,315,1014.5,0.0
2025-10-27T23:00,21.4,78,3.1,24,1014.1,0.0
2025-10-28T00:00,21.6,79,2.7,58,1014.7,0.0
2025-10-28T01:00,21.5,80,3.6,37,1015.4,0.0
2025-10-28T02:00,21.6,80,3.4,43,1016.0,0.0
2025-10-28T03:00,22.2,76,3.3,41,1016.3,0.0
2025-10-28T04:00,23.0,72,3.8,41,1016.4,0.0
2025-10-28T05:00,23.8,68,2.7,94,1016.4,0.0
2025-10-28T06:00,25.1,62,0.9,90,1015.8,0.0
2025-10-28T07:00,25.7,56,2.3,61,1015.0,0.0
2025-10-28T08:00,26.6,53,4.5,88,1014.1,0.0
2025-10-28T09:00,26.8,52,4.9,92,1013.5,0.0
2025-10-28T10:00,27.0,51,4.4,78,1013.1,0.0
2025-10-28T11:00,26.7,53,4.3,92,1013.0,0.0
2025-10-28T12:00,25.3,64,5.4,124,1013.2,0.0
2025-10-28T13:00,24.2,71,5.0,145,1013.6,0.0
2025-10-28T14:00,23.6,75,5.7,145,1014.2,0.0
2025-10-28T15:00,22.9,79,5.4,159,1014.4,0.0
2025-10-28T16:00,22.5,82,5.3,168,1015.1,0.0
2025-10-28T17:00,22.0,86,2.2,180,1014.9,0.0
2025-10-28T18:00,21.8,84,4.0,180,1015.1,0.0
2025-10-28T19:00,21.4,86,2.2,194,1015.0,0.0
2025-10-28T20:00,21.2,88,1.2,243,1014.6,0.0
2025-10-28T21:00,21.0,87,1.7,342,1014.3,0.0
2025-10-28T22:00,20.8,88,2.2,346,1014.1,0.0
2025-10-28T23:00,20.5,89,2.9,349,1013.4,0.0
2025-10-29T00:00,20.3,92,4.1,345,1013.5,0.0
2025-10-29T01:00,20.0,92,3.6,351,1013.6,0.0
2025-10-29T02:00,20.3,90,3.4,335,1014.2,0.0
2025-10-29T03:00,22.4,78,3.5,332,1014.3,0.0
2025-10-29T04:00,24.8,66,5.7,342,1014.3,0.0
2025-10-29T05:00,26.8,57,8.6,348,1013.8,0.0
2025-10-29T06:00,27.6,56,8.6,10,1013.4,0.0
2025-10-29T07:00,28.2,54,6.8,3,1012.8,0.0
2025-10-29T08:00,28.9,50,5.8,2,1011.7,0.0
2025-10-29T09:00,28.9,49,5.6,360,1010.7,0.0
2025-10-29T10:00,28.8,49,6.0,9,1010.1,0.0
2025-10-29T11:00,28.2,51,5.8,358,1009.9,0.0
2025-10-29T12:00,27.8,50,5.2,20,1010.4,0.0
2025-10-29T13:00,27.1,53,5.2,25,1010.4,0.0
2025-10-29T14:00,26.6,56,3.9,28,1010.7,0.0
2025-10-29T15:00,25.9,63,2.3,39,1011.2,0.0
2025-10-29T16:00,25.1,66,2.3,18,1011.6,0.0
2025-10-29T17:00,24.6,65,3.5,12,1011.6,0.0
2025-10-29T18:00,24.0,74,2.3,4,1011.9,0.0
2025-10-29T19:00,23.5,72,3.3,9,1011.6,0.0
2025-10-29T20:00,23.1,74,3.6,6,1011.3,0.0
2025-10-29T21:00,22.8,75,4.7,18,1011.2,0.0
2025-10-29T22:00,22.3,77,5.2,31,1011.0,0.0
2025-10-29T23:00,22.2,78,4.1,52,1011.4,0.0
2025-10-30T00:00,22.5,81,4.7,97,1011.6,0.0
2025-10-30T01:00,22.0,88,2.3,162,1012.2,0.0
2025-10-30T02:00,22.7,82,1.2,333,1012.8,0.0
2025-10-30T03:00,23.0,81,1.3,74,1013.3,0.0
2025-10-30T04:00,24.8,74,1.5,339,1013.8,0.0
2025-10-30T05:00,25.9,70,2.0,100,1013.7,0.0
2025-10-30T06:00,27.5,65,4.1,128,1013.1,0.0
2025-10-30T07:00,27.2,65,4.0,144,1012.4,0.0
2025-10-30T08:00,27.0,64,4.4,159,1011.7,0.0
2025-10-30T09:00,26.9,65,3.3,144,1011.0,0.0
2025-10-30T10:00,26.5,66,3.0,128,1010.2,0.0
2025-10-30T11:00,26.1,69,2.2,138,1010.1,0.0
2025-10-30T12:00,25.3,73,2.7,122,1010.5,0.4
2025-10-30T13:00,24.9,77,3.2,128,1010.4,0.0
2025-10-30T14:00,24.0,85,3.2,133,1011.1,0.0
2025-10-30T15:00,23.7,89,5.5,144,1011.8,0.0
2025-10-30T16:00,23.3,92,5.0,139,1012.2,0.0
2025-10-30T17:00,23.0,94,4.3,135,1012.4,0.0
2025-10-30T18:00,22.8,95,5.9,153,1012.7,0.0
2025-10-30T19:00,22.7,95,5.0,154,1012.3,0.0
2025-10-30T20:00,22.6,95,3.7,151,1012.2,0.0
2025-10-30T21:00,22.5,95,3.4,174,1012.0,0.0
2025-10-30T22:00,22.3,96,2.5,176,1011.7,0.0
2025-10-30T23:00,22.2,96,0.9,143,1011.4,0.0
2025-10-31T00:00,21.1,95,2.6,282,1011.1,0.0
2025-10-31T01:00,21.2,98,0.9,233,1011.4,0.0
2025-10-31T02:00,22.1,94,4.0,265,1012.1,0.0
2025-10-31T03:00,23.5,88,5.8,292,1012.3,0.0
2025-10-31T04:00,25.2,77,6.4,317,1012.3,0.0
2025-10-31T05:00,26.9,67,5.1,324,1012.2,0.0
2025-10-31T06:00,27.9,64,3.6,315,1011.5,0.0
2025-10-31T07:00,29.0,58,3.9,338,1010.5,0.0
2025-10-31T08:00,29.9,53,4.0,342,1009.6,0.0
2025-10-31T09:00,30.1,50,4.0,342,1008.9,0.0
2025-10-31T10:00,30.4,48,5.3,342,1008.6,0.0
2025-10-31T11:00,29.6,50,7.3,349,1008.5,0.0
2025-10-31T12:00,28.5,57,2.9,338,1008.8,0.0
2025-10-31T13:00,27.6,68,0.6,252,1009.2,0.0
2025-10-31T14:00,26.5,71,2.7,212,1009.7,0.0
2025-10-31T15:00,26.0,71,4.2,230,1010.3,0.0
2025-10-31T16:00,25.6,70,4.9,234,1010.7,0.0
2025-10-31T17:00,24.9,72,5.2,226,1010.8,0.0
2025-10-31T18:00,24.0,81,4.4,238,1010.9,0.0
2025-10-31T19:00,23.7,80,4.5,233,1010.6,0.0
2025-10-31T20:00,23.0,82,4.2,263,1010.5,0.0
2025-10-31T21:00,22.6,83,4.4,308,1010.5,0.0
2025-10-31T22:00,22.1,85,4.7,277,1010.7,0.0
2025-10-31T23:00,21.6,88,5.5,261,1010.8,0.0
2025-11-01T00:00,21.1,93,4.3,275,1010.7,0.0
2025-11-01T01:00,21.2,93,4.8,290,1011.3,0.0
2025-11-01T02:00,21.7,89,5.9,288,1012.1,0.0
2025-11-01T03:00,23.7,77,3.6,276,1012.8,0.0
2025-11-01T04:00,26.5,60,3.6,276,1013.1,0.0
2025-11-01T05:00,28.8,46,4.9,287,1012.9,0.0
2025-11-01T06:00,30.2,35,7.9,305,1012.2,0.0
2025-11-01T07:00,30.9,31,8.5,312,1011.2,0.0
2025-11-01T08:00,31.2,28,9.5,316,1010.3,0.0
2025-11-01T09:00,31.1,28,10.1,316,1009.7,0.0
2025-11-01T10:00,30.7,28,10.4,312,1009.5,0.0
2025-11-01T11:00,29.9,28,10.1,310,1009.4,0.0
2025-11-01T12:00,27.7,42,6.5,300,1009.8,0.0
2025-11-01T13:00,26.2,48,6.4,292,1010.3,0.0
2025-11-01T14:00,25.1,52,5.9,288,1010.6,0.0
2025-11-01T15:00,24.4,54,6.1,267,1010.9,0.0
2025-11-01T16:00,24.3,53,6.7,261,1011.3,0.0
2025-11-01T17:00,24.1,54,6.8,267,1011.3,0.0
2025-11-01T18:00,23.4,63,6.2,285,1011.2,0.0
2025-11-01T19:00,22.5,63,6.3,270,1011.0,0.0
2025-11-01T20:00,21.7,67,6.3,267,1010.8,0.0
2025-11-01T21:00,21.1,69,6.0,286,1010.7,0.0
2025-11-01T22:00,20.5,71,5.9,281,1010.7,0.0
2025-11-01T23:00,20.1,72,6.1,282,1010.3,0.0
2025-11-02T00:00,20.3,75,5.8,279,1010.9,0.0
2025-11-02T01:00,19.8,78,4.9,280,1011.4,0.0
2025-11-02T02:00,20.4,76,6.0,275,1012.2,0.0
2025-11-02T03:00,21.9,72,5.2,272,1012.9,0.0
2025-11-02T04:00,24.0,64,5.3,278,1013.3,0.0
2025-11-02T05:00,26.2,57,5.7,279,1012.9,0.0
2025-11-02T06:00,28.1,48,9.3,288,1012.3,0.0
2025-11-02T07:00,29.1,38,12.7,297,1011.6,0.0
2025-11-02T08:00,29.6,36,12.8,301,1010.8,0.0
2025-11-02T09:00,29.6,35,12.8,301,1010.1,0.0
2025-11-02T10:00,29.3,36,12.3,299,1009.9,0.0
2025-11-02T11:00,28.3,39,9.5,297,1009.6,0.0
2025-11-02T12:00,27.0,45,8.1,287,1009.7,0.0
2025-11-02T13:00,25.5,50,7.5,280,1010.0,0.0
2025-11-02T14:00,24.7,53,7.4,270,1010.5,0.0
2025-11-02T15:00,23.9,54,7.4,274,1010.8,0.0
2025-11-02T16:00,23.2,54,7.7,282,1011.1,0.0
2025-11-02T17:00,22.6,54,8.1,287,1010.8,0.0
2025-11-02T18:00,22.6,57,8.9,276,1010.7,0.0
2025-11-02T19:00,21.8,59,8.5,272,1010.5,0.0
2025-11-02T20:00,21.4,59,8.5,271,1010.1,0.0
2025-11-02T21:00,20.6,61,8.6,270,1009.7,0.0
2025-11-02T22:00,19.7,64,8.1,274,1009.6,0.0
2025-11-02T23:00,19.0,66,7.7,271,1009.4,0.0
2025-11-03T00:00,18.8,70,8.0,275,1009.4,0.0
2025-11-03T01:00,18.4,72,7.0,270,1009.7,0.0
2025-11-03T02:00,18.9,70,7.4,263,1010.5,0.0
2025-11-03T03:00,20.4,66,6.4,260,1011.0,0.0
2025-11-03T04:00,22.6,58,5.1,262,1011.6,0.0
2025-11-03T05:00,25.1,49,5.3,262,1011.2,0.0
2025-11-03T06:00,27.4,43,6.1,272,1010.4,0.0
2025-11-03T07:00,29.1,38,7.7,273,1009.3,0.0
2025-11-03T08:00,30.1,34,10.2,278,1008.3,0.0
2025-11-03T09:00,30.7,28,13.3,289,1007.2,0.0
2025-11-03T10:00,30.4,27,12.6,290,1007.0,0.0
2025-11-03T11:00,29.2,30,10.2,288,1007.0,0.0
2025-11-03T12:00,27.1,39,6.6,287,1007.1,0.0
2025-11-03T13:00,25.6,45,6.5,304,1007.6,0.0
2025-11-03T14:00,24.5,49,6.1,326,1008.0,0.0
2025-11-03T15:00,23.9,53,3.4,313,1008.6,0.0
2025-11-03T16:00,23.4,53,2.5,240,1009.0,0.0
2025-11-03T17:00,22.3,58,3.2,232,1009.2,0.0
2025-11-03T18:00,22.5,59,1.3,236,1009.3,0.0
2025-11-03T19:00,21.2,62,0.8,243,1009.3,0.0
2025-11-03T20:00,20.4,64,0.2,90,1009.0,0.0
2025-11-03T21:00,19.2,70,1.5,120,1009.3,0.0
2025-11-03T22:00,17.9,77,3.5,105,1009.2,0.0
2025-11-03T23:00,18.6,76,4.4,109,1008.9,0.0
2025-11-04T00:00,18.1,84,3.7,151,1009.5,0.0
2025-11-04T01:00,18.9,79,6.2,150,1009.9,0.0
2025-11-04T02:00,19.6,72,8.3,162,1010.8,0.0
2025-11-04T03:00,21.5,67,5.6,135,1011.2,0.0
2025-11-04T04:00,23.1,62,3.2,124,1011.5,0.0
2025-11-04T05:00,25.4,55,3.6,131,1011.2,0.0
2025-11-04T06:00,27.5,45,3.6,171,1010.5,0.0
2025-11-04T07:00,28.6,42,4.6,154,1009.6,0.0
2025-11-04T08:00,28.6,46,10.3,155,1008.7,0.0
2025-11-04T09:00,28.2,46,10.4,171,1007.9,0.0
2025-11-04T10:00,28.0,41,9.3,171,1007.5,0.0
2025-11-04T11:00,27.1,44,7.0,168,1007.5,0.0
2025-11-04T12:00,26.2,54,5.1,148,1007.1,0.0
2025-11-04T13:00,25.0,57,6.9,141,1007.4,0.0
2025-11-04T14:00,23.8,63,5.2,151,1008.8,0.0
2025-11-04T15:00,22.9,67,6.3,156,1009.4,0.0
2025-11-04T16:00,22.2,73,4.6,169,1009.9,0.0
2025-11-04T17:00,21.6,79,3.5,171,1010.1,0.0
2025-11-04T18:00,22.4,77,4.4,218,1010.0,0.0
2025-11-04T19:00,21.7,82,3.2,218,1009.5,0.0
2025-11-04T20:00,21.3,83,1.1,351,1009.8,0.0
2025-11-04T21:00,20.6,84,8.2,36,1009.9,0.0
2025-11-04T22:00,19.6,88,7.8,40,1009.9,0.0
2025-11-04T23:00,19.1,89,6.7,87,1009.5,0.0
2025-11-05T00:00,19.1,94,3.1,140,1009.4,0.0
2025-11-05T01:00,18.8,95,2.5,176,1009.8,0.0
2025-11-05T02:00,19.8,90,4.7,189,1010.2,0.0
2025-11-05T03:00,22.3,80,3.1,230,1010.6,0.0
2025-11-05T04:00,24.7,69,3.0,232,1011.0,0.0
2025-11-05T05:00,26.5,61,2.0,333,1010.9,0.0
2025-11-05T06:00,28.3,54,4.1,304,1010.3,0.0
2025-11-05T07:00,29.6,41,6.6,307,1009.7,0.0
2025-11-05T08:00,29.6,38,8.0,310,1008.9,0.0
2025-11-05T09:00,29.4,38,9.4,308,1008.3,0.0
2025-11-05T10:00,28.9,38,10.8,317,1008.2,0.0
2025-11-05T11:00,28.1,40,9.4,325,1008.2,0.0
2025-11-05T12:00,27.2,43,7.1,311,1008.1,0.0
2025-11-05T13:00,26.0,46,8.7,313,1008.7,0.0
2025-11-05T14:00,24.9,48,10.6,317,1009.6,0.0
2025-11-05T15:00,23.7,50,9.7,320,1010.3,0.0
2025-11-05T16:00,22.7,52,8.5,318,1010.9,0.0
2025-11-05T17:00,22.0,53,9.6,319,1011.1,0.0
2025-11-05T18:00,21.5,59,9.0,314,1011.5,0.0
2025-11-05T19:00,20.6,60,9.7,309,1011.7,0.0
2025-11-05T20:00,19.7,57,9.9,307,1011.7,0.0
2025-11-05T21:00,18.8,51,9.7,301,1011.6,0.0
2025-11-05T22:00,17.7,49,9.7,294,1011.5,0.0
2025-11-05T23:00,16.9,52,9.6,293,1011.6,0.0
2025-11-06T00:00,16.6,63,10.2,298,1012.0,0.0
2025-11-06T01:00,16.1,65,9.0,303,1012.8,0.0
2025-11-06T02:00,16.4,63,9.1,297,1013.6,0.0
2025-11-06T03:00,17.9,60,7.0,283,1014.4,0.0
2025-11-06T04:00,20.0,53,6.2,285,1014.7,0.0
2025-11-06T05:00,22.5,44,7.3,293,1014.8,0.0
2025-11-06T06:00,24.7,35,9.8,305,1014.3,0.0
2025-11-06T07:00,25.8,29,9.3,306,1013.4,0.0
2025-11-06T08:00,26.4,26,9.1,308,1012.6,0.0
2025-11-06T09:00,26.6,27,9.3,310,1011.9,0.0
2025-11-06T10:00,26.2,28,9.9,312,1011.5,0.0
2025-11-06T11:00,25.4,32,9.4,312,1011.3,0.0
2025-11-06T12:00,23.9,36,7.5,303,1011.7,0.0
2025-11-06T13:00,23.0,41,7.1,291,1012.2,0.0
2025-11-06T14:00,22.1,44,7.4,284,1013.0,0.0
2025-11-06T15:00,21.3,46,8.5,282,1013.4,0.0
2025-11-06T16:00,20.6,47,9.0,286,1013.5,0.0
2025-11-06T17:00,19.8,48,9.1,291,1013.5,0.0
2025-11-06T18:00,19.4,50,9.8,298,1013.8,0.0
2025-11-06T19:00,18.4,52,8.7,297,1013.4,0.0
2025-11-06T20:00,17.6,53,8.5,294,1013.0,0.0
2025-11-06T21:00,17.0,55,8.1,295,1013.0,0.0
2025-11-06T22:00,16.3,57,7.8,293,1013.0,0.0
2025-11-06T23:00,15.8,59,7.5,291,1013.1,0.0
2025-11-07T00:00,15.9,63,8.5,291,1013.6,0.0
2025-11-07T01:00,15.4,63,8.2,285,1014.3,0.0
2025-11-07T02:00,15.7,62,8.9,278,1015.2,0.0
2025-11-07T03:00,17.2,57,7.0,274,1015.6,0.0
2025-11-07T04:00,19.4,49,6.5,283,1016.1,0.0
2025-11-07T05:00,22.0,41,6.9,290,1015.9,0.0
2025-11-07T06:00,25.0,35,7.7,288,1015.3,0.0
2025-11-07T07:00,26.8,28,8.0,290,1014.7,0.0
2025-11-07T08:00,27.8,23,8.4,295,1013.9,0.0
2025-11-07T09:00,28.1,22,8.5,299,1013.3,0.0
2025-11-07T10:00,27.7,22,8.5,306,1013.0,0.0
2025-11-07T11:00,26.7,25,7.8,310,1013.0,0.0
2025-11-07T12:00,25.0,32,7.2,305,1013.3,0.0
2025-11-07T13:00,23.7,36,8.4,295,1013.9,0.0
2025-11-07T14:00,22.5,38,8.3,294,1014.5,0.0
2025-11-07T15:00,21.4,41,7.9,290,1014.9,0.0
2025-11-07T16:00,20.5,43,7.6,288,1014.9,0.0
2025-11-07T17:00,19.5,45,7.1,291,1014.9,0.0
2025-11-07T18:00,19.0,49,8.4,293,1015.0,0.0
2025-11-07T19:00,18.0,51,8.2,292,1014.9,0.0
2025-11-07T20:00,17.4,53,8.3,290,1014.8,0.0
2025-11-07T21:00,16.9,54,8.5,291,1014.6,0.0
2025-11-07T22:00,16.3,55,7.9,290,1014.7,0.0
2025-11-07T23:00,15.8,55,6.9,290,1014.7,0.0
2025-11-08T00:00,15.1,60,6.6,291,1015.1,0.0
2025-11-08T01:00,14.4,63,5.0,289,1015.5,0.0
2025-11-08T02:00,15.2,59,4.9,278,1016.3,0.0
2025-11-08T03:00,17.0,53,5.1,266,1016.7,0.0
2025-11-08T04:00,19.6,44,3.8,273,1017.3,0.0
2025-11-08T05:00,22.5,35,4.8,283,1017.1,0.0
2025-11-08T06:00,25.1,24,7.9,290,1016.5,0.0
2025-11-08T07:00,26.4,22,8.1,295,1015.8,0.0
2025-11-08T08:00,27.1,21,8.5,302,1015.2,0.0
2025-11-08T09:00,27.2,21,8.8,313,1014.2,0.0
2025-11-08T10:00,26.7,22,9.3,317,1014.0,0.0
2025-11-08T11:00,25.7,24,8.8,321,1013.9,0.0
2025-11-08T12:00,24.0,31,6.0,321,1014.1,0.0
2025-11-08T13:00,22.7,36,5.0,308,1014.4,0.0
2025-11-08T14:00,21.8,40,5.2,301,1015.0,0.0
2025-11-08T15:00,20.9,43,5.8,300,1015.3,0.0
2025-11-08T16:00,19.9,46,5.4,296,1015.5,0.0
2025-11-08T17:00,19.3,47,5.7,288,1015.3,0.0
2025-11-08T18:00,18.8,52,5.8,284,1015.2,0.0
2025-11-08T19:00,18.1,51,6.8,297,1014.6,0.0
2025-11-08T20:00,17.5,53,7.3,301,1014.5,0.0
2025-11-08T21:00,16.8,54,6.7,304,1014.2,0.0
2025-11-08T22:00,16.2,56,6.5,304,1013.9,0.0
2025-11-08T23:00,15.6,57,6.1,302,1013.5,0.0
2025-11-09T00:00,14.9,64,5.6,303,1013.8,0.0
2025-11-09T01:00,14.5,65,5.6,295,1014.3,0.0
2025-11-09T02:00,15.0,63,6.5,289,1015.2,0.0
2025-11-09T03:00,16.8,58,5.4,274,1015.8,0.0
2025-11-09T04:00,19.4,50,3.7,281,1016.3,0.0
2025-11-09T05:00,22.2,41,4.3,285,1016.0,0.0
2025-11-09T06:00,25.0,31,8.4,307,1015.0,0.0
2025-11-09T07:00,26.3,27,8.4,312,1014.0,0.0
2025-11-09T08:00,27.1,25,8.3,311,1013.1,0.0
2025-11-09T09:00,27.3,25,8.4,310,1012.3,0.0
2025-11-09T10:00,26.9,26,8.7,308,1011.9,0.0
2025-11-09T11:00,26.0,29,8.2,311,1011.7,0.0
2025-11-09T12:00,24.1,37,4.7,298,1012.0,0.0
2025-11-09T13:00,23.1,39,5.1,278,1012.4,0.0
2025-11-09T14:00,22.3,40,6.3,277,1013.0,0.0
2025-11-09T15:00,21.4,42,7.4,277,1013.5,0.0
2025-11-09T16:00,20.4,43,6.7,278,1013.6,0.0
2025-11-09T17:00,19.6,45,6.5,284,1013.6,0.0
2025-11-09T18:00,19.3,47,6.8,292,1013.8,0.0
2025-11-09T19:00,18.1,51,7.1,306,1013.4,0.0
2025-11-09T20:00,17.2,54,6.3,309,1013.2,0.0
2025-11-09T21:00,16.5,56,5.8,309,1012.9,0.0
2025-11-09T22:00,15.9,58,5.5,308,1012.6,0.0
2025-11-09T23:00,15.3,61,5.1,302,1012.4,0.0
2025-11-10T00:00,14.8,68,4.4,302,1013.0,0.0
2025-11-10T01:00,14.0,71,4.1,293,1013.5,0.0
2025-11-10T02:00,14.8,66,4.3,272,1014.3,0.0
2025-11-10T03:00,16.7,59,4.6,257,1015.0,0.0
2025-11-10T04:00,19.5,49,3.1,273,1015.5,0.0
2025-11-10T05:00,22.3,40,2.9,277,1015.4,0.0
2025-11-10T06:00,24.9,32,5.3,294,1014.9,0.0
2025-11-10T07:00,26.4,26,6.6,299,1014.1,0.0
2025-11-10T08:00,27.2,23,7.5,300,1013.2,0.0
2025-11-10T09:00,27.4,23,7.9,303,1012.6,0.0
2025-11-10T10:00,27.1,21,7.6,304,1012.2,0.0
2025-11-10T11:00,26.1,23,6.5,309,1012.2,0.0
2025-11-10T12:00,23.7,40,2.9,338,1012.6,0.0
2025-11-10T13:00,22.7,41,1.7,319,1013.2,0.0
2025-11-10T14:00,21.7,44,1.9,287,1013.8,0.0
2025-11-10T15:00,20.8,46,2.2,284,1014.1,0.0
2025-11-10T16:00,19.8,49,2.7,298,1014.3,0.0
2025-11-10T17:00,18.9,52,2.8,320,1014.5,0.0
2025-11-10T18:00,18.3,57,3.7,331,1014.6,0.0
2025-11-10T19:00,16.8,60,3.8,315,1014.3,0.0
2025-11-10T20:00,16.1,61,3.4,288,1014.2,0.0
2025-11-10T21:00,15.2,62,4.7,320,1014.1,0.0
2025-11-10T22:00,14.7,63,4.9,303,1013.9,0.0
2025-11-10T23:00,14.5,63,5.1,288,1013.9,0.0
2025-11-11T00:00,14.3,68,5.5,289,1014.2,0.0
2025-11-11T01:00,14.1,69,5.2,282,1014.7,0.0
2025-11-11T02:00,14.7,66,6.0,277,1015.3,0.0
2025-11-11T03:00,16.7,60,6.5,270,1015.9,0.0
2025-11-11T04:00,19.6,50,3.7,284,1016.4,0.0
2025-11-11T05:00,22.6,40,4.3,287,1016.3,0.0
2025-11-11T06:00,25.4,31,6.9,301,1015.7,0.0
2025-11-11T07:00,26.9,26,8.7,307,1015.0,0.0
2025-11-11T08:00,27.6,23,9.2,310,1013.9,0.0
2025-11-11T09:00,27.8,22,9.4,310,1013.1,0.0
2025-11-11T10:00,27.4,23,9.6,307,1012.8,0.0
2025-11-11T11:00,26.5,25,8.3,303,1012.8,0.0
2025-11-11T12:00,24.6,30,6.0,299,1013.2,0.0
2025-11-11T13:00,23.5,34,6.7,289,1013.8,0.0
2025-11-11T14:00,22.6,37,7.5,281,1014.4,0.0
2025-11-11T15:00,21.6,42,7.3,279,1014.9,0.0
2025-11-11T16:00,20.8,46,7.6,278,1015.1,0.0
2025-11-11T17:00,20.1,48,7.9,290,1015.3,0.0
2025-11-11T18:00,19.3,51,8.8,311,1015.6,0.0
2025-11-11T19:00,18.1,54,7.9,317,1015.2,0.0
2025-11-11T20:00,17.3,56,6.6,319,1014.8,0.0
2025-11-11T21:00,16.6,58,6.1,317,1014.6,0.0
2025-11-11T22:00,16.0,60,5.7,311,1014.5,0.0
2025-11-11T23:00,15.4,62,5.4,291,1014.3,0.0
2025-11-12T00:00,15.0,66,5.8,284,1015.0,0.0
2025-11-12T01:00,14.5,68,6.2,282,1015.2,0.0
2025-11-12T02:00,14.9,66,7.2,276,1016.0,0.0
2025-11-12T03:00,16.6,61,6.5,272,1016.5,0.0
2025-11-12T04:00,19.4,52,5.2,274,1017.1,0.0
2025-11-12T05:00,22.4,42,6.0,280,1017.0,0.0
2025-11-12T06:00,25.2,34,8.7,288,1016.5,0.0
2025-11-12T07:00,26.9,28,11.4,298,1015.9,0.0
2025-11-12T08:00,27.5,25,12.4,303,1015.1,0.0
2025-11-12T09:00,27.7,24,12.2,306,1014.4,0.0
2025-11-12T10:00,27.3,24,11.8,304,1014.1,0.0
2025-11-12T11:00,26.4,27,10.0,304,1014.1,0.0
2025-11-12T12:00,24.7,32,7.3,301,1014.4,0.0
2025-11-12T13:00,23.7,35,6.5,302,1014.8,0.0
2025-11-12T14:00,22.6,39,6.2,308,1015.4,0.0
2025-11-12T15:00,21.2,44,5.1,312,1016.0,0.0
2025-11-12T16:00,20.2,50,4.4,300,1016.3,0.0
2025-11-12T17:00,19.8,52,3.2,297,1016.3,0.0
2025-11-12T18:00,19.3,57,3.1,301,1016.7,0.0
2025-11-12T19:00,17.6,58,5.0,283,1016.6,0.0
2025-11-12T20:00,16.8,61,5.2,297,1016.6,0.0
2025-11-12T21:00,16.0,64,5.1,293,1016.2,0.0
2025-11-12T22:00,15.3,68,4.7,288,1016.0,0.0
2025-11-12T23:00,14.7,70,4.7,288,1015.7,0.0
2025-11-13T00:00,14.3,74,5.5,293,1016.4,0.0
2025-11-13T01:00,13.7,76,5.2,295,1017.0,0.0
2025-11-13T02:00,14.2,72,5.9,288,1017.8,0.0
2025-11-13T03:00,15.9,65,5.3,278,1018.6,0.0
2025-11-13T04:00,18.7,54,4.1,283,1019.2,0.0
2025-11-13T05:00,21.6,44,3.8,281,1018.9,0.0
2025-11-13T06:00,24.4,35,7.5,297,1018.6,0.0
2025-11-13T07:00,25.7,30,8.5,297,1017.8,0.0
2025-11-13T08:00,26.4,27,8.4,298,1016.8,0.0
2025-11-13T09:00,26.7,24,8.5,302,1015.9,0.0
2025-11-13T10:00,26.4,24,8.8,303,1015.4,0.0
2025-11-13T11:00,25.5,27,8.0,301,1015.3,0.0
2025-11-13T12:00,23.3,35,4.8,299,1015.8,0.0
2025-11-13T13:00,22.7,35,6.3,288,1016.4,0.0
2025-11-13T14:00,21.8,38,7.5,285,1016.8,0.0
2025-11-13T15:00,21.0,41,7.8,279,1017.3,0.0
2025-11-13T16:00,20.0,45,6.9,276,1017.3,0.0
2025-11-13T17:00,19.3,47,7.4,274,1017.2,0.0
2025-11-13T18:00,18.8,50,7.8,289,1017.4,0.0
2025-11-13T19:00,17.5,55,7.1,306,1017.0,0.0
2025-11-13T20:00,16.5,58,6.0,307,1016.7,0.0
2025-11-13T21:00,15.8,61,5.5,306,1016.4,0.0
2025-11-13T22:00,15.1,63,5.3,298,1016.3,0.0
2025-11-13T23:00,14.6,65,5.4,291,1016.0,0.0
2025-11-14T00:00,14.0,73,5.0,291,1016.8,0.0
2025-11-14T01:00,13.9,72,4.8,283,1017.3,0.0
2025-11-14T02:00,14.4,69,5.6,270,1018.2,0.0
2025-11-14T03:00,16.1,64,5.0,255,1018.8,0.0
2025-11-14T04:00,18.7,54,3.6,264,1019.2,0.0
2025-11-14T05:00,21.5,44,4.0,270,1018.8,0.0
2025-11-14T06:00,24.0,35,6.2,291,1018.4,0.0
2025-11-14T07:00,25.5,26,7.7,295,1017.4,0.0
2025-11-14T08:00,26.2,25,8.6,300,1016.4,0.0
2025-11-14T09:00,26.5,24,8.6,303,1015.7,0.0
2025-11-14T10:00,26.3,23,8.7,307,1015.3,0.0
2025-11-14T11:00,25.4,26,8.2,308,1015.2,0.0
2025-11-14T12:00,23.1,37,4.6,306,1015.5,0.0
2025-11-14T13:00,22.2,38,4.3,287,1015.7,0.0
2025-11-14T14:00,21.6,39,4.9,274,1016.4,0.0
2025-11-14T15:00,21.0,41,5.6,274,1017.0,0.0
2025-11-14T16:00,19.9,45,5.2,272,1017.2,0.0
2025-11-14T17:00,19.0,49,5.2,276,1017.0,0.0
2025-11-14T18:00,18.3,53,5.6,297,1017.2,0.0
2025-11-14T19:00,17.4,54,6.0,314,1016.9,0.0
2025-11-14T20:00,16.5,57,5.6,315,1016.7,0.0
2025-11-14T21:00,15.7,61,5.2,311,1016.6,0.0
2025-11-14T22:00,15.0,63,5.0,311,1016.4,0.0
2025-11-14T23:00,14.4,67,4.4,297,1016.6,0.0
2025-11-15T00:00,13.9,73,4.5,275,1017.3,0.0
2025-11-15T01:00,13.5,73,4.7,272,1018.0,0.0
2025-11-15T02:00,13.9,71,5.8,268,1018.8,0.0
2025-11-15T03:00,15.6,65,6.0,260,1019.5,0.0
2025-11-15T04:00,18.4,55,4.0,270,1019.9,0.0
2025-11-15T05:00,21.4,44,4.4,279,1020.0,0.0
2025-11-15T06:00,24.0,34,5.9,290,1019.6,0.0
2025-11-15T07:00,25.7,27,6.9,301,1018.7,0.0
2025-11-15T08:00,26.6,25,8.5,308,1017.6,0.0
2025-11-15T09:00,27.0,23,9.4,312,1016.9,0.0
2025-11-15T10:00,26.7,25,9.8,316,1016.3,0.0
2025-11-15T11:00,25.9,27,8.7,317,1016.3,0.0
2025-11-15T12:00,23.5,39,4.4,297,1016.3,0.0
2025-11-15T13:00,23.0,36,5.2,286,1016.9,0.0
2025-11-15T14:00,22.2,38,6.0,286,1017.4,0.0
2025-11-15T15:00,20.9,43,5.2,290,1018.0,0.0
2025-11-15T16:00,19.7,48,4.9,294,1018.6,0.0
2025-11-15T17:00,18.7,51,4.8,315,1018.9,0.0
2025-11-15T18:00,18.1,53,5.2,316,1019.1,0.0
2025-11-15T19:00,16.7,58,5.2,316,1019.0,0.0
2025-11-15T20:00,15.8,62,4.9,309,1018.9,0.0
2025-11-15T21:00,15.2,64,4.8,307,1019.1,0.0
2025-11-15T22:00,14.5,67,4.3,303,1019.1,0.0
2025-11-15T23:00,13.9,69,4.2,290,1019.0,0.0
2025-11-16T00:00,13.5,76,4.4,289,1019.9,0.0
2025-11-16T01:00,13.1,76,4.4,282,1020.3,0.0
2025-11-16T02:00,13.7,72,5.9,281,1021.1,0.0
2025-11-16T03:00,15.6,65,6.4,278,1021.5,0.0
2025-11-16T04:00,18.5,53,4.3,292,1021.8,0.0
2025-11-16T05:00,21.5,44,5.7,305,1022.1,0.0
2025-11-16T06:00,24.0,36,7.5,312,1021.1,0.0
2025-11-16T07:00,25.9,29,9.9,322,1020.2,0.0
2025-11-16T08:00,26.7,25,11.0,326,1019.3,0.0
2025-11-16T09:00,27.0,24,10.7,327,1018.4,0.0
2025-11-16T10:00,26.6,25,10.9,326,1017.8,0.0
2025-11-16T11:00,25.8,27,9.2,320,1017.7,0.0
2025-11-16T12:00,23.4,36,4.7,317,1017.8,0.0
2025-11-16T13:00,22.6,36,5.1,302,1018.2,0.0
2025-11-16T14:00,22.0,37,6.2,296,1018.8,0.0
2025-11-16T15:00,21.0,40,6.1,282,1019.0,0.0
2025-11-16T16:00,20.0,43,6.1,275,1019.2,0.0
2025-11-16T17:00,19.5,44,7.1,279,1019.3,0.0
2025-11-16T18:00,18.4,48,6.2,306,1019.4,0.0
2025-11-16T19:00,16.4,55,5.1,315,1019.2,0.0
2025-11-16T20:00,15.5,58,4.7,310,1018.8,0.0
2025-11-16T21:00,14.9,60,4.6,301,1018.6,0.0
2025-11-16T22:00,14.3,62,4.6,288,1018.4,0.0
2025-11-16T23:00,13.8,64,4.5,277,1018.4,0.0
2025-11-17T00:00,13.3,72,4.5,263,1018.7,0.0
2025-11-17T01:00,13.1,71,4.9,262,1019.2,0.0
2025-11-17T02:00,13.4,69,6.0,260,1019.8,0.0
2025-11-17T03:00,15.2,65,6.8,258,1020.3,0.0
2025-11-17T04:00,18.0,54,4.0,275,1020.8,0.0
2025-11-17T05:00,20.9,44,3.5,285,1021.0,0.0
2025-11-17T06:00,23.4,36,3.7,305,1020.1,0.0
2025-11-17T07:00,25.2,30,5.3,327,1019.4,0.0
2025-11-17T08:00,26.0,28,5.8,326,1018.3,0.0
2025-11-17T09:00,26.2,27,5.2,326,1017.6,0.0
2025-11-17T10:00,26.0,28,4.8,331,1017.3,0.0
2025-11-17T11:00,25.2,31,3.9,347,1017.4,0.0
2025-11-17T12:00,22.8,46,2.4,17,1017.6,0.0
2025-11-17T13:00,21.3,52,1.9,49,1018.3,0.0
2025-11-17T14:00,20.3,56,2.0,85,1018.9,0.0
2025-11-17T15:00,19.4,59,1.4,113,1019.2,0.0
2025-11-17T16:00,18.5,63,1.0,135,1019.5,0.0
2025-11-17T17:00,17.9,65,0.8,135,1019.6,0.0
2025-11-17T18:00,17.7,67,1.6,174,1019.5,0.0
2025-11-17T19:00,16.8,69,0.6,198,1019.2,0.0
2025-11-17T20:00,16.1,71,0.6,326,1018.8,0.0
2025-11-17T21:00,15.5,73,0.6,252,1018.6,0.0
2025-11-17T22:00,14.8,75,1.0,292,1018.2,0.0
2025-11-17T23:00,13.9,79,2.1,308,1017.8,0.0
2025-11-18T00:00,14.1,82,1.2,309,1017.9,0.0
2025-11-18T01:00,13.5,83,2.4,287,1018.2,0.0
2025-11-18T02:00,13.8,81,3.2,289,1018.9,0.0
2025-11-18T03:00,15.7,71,4.0,302,1019.2,0.0
2025-11-18T04:00,18.4,58,3.1,298,1019.4,0.0
2025-11-18T05:00,21.2,47,3.7,299,1019.1,0.0
2025-11-18T06:00,23.7,39,4.8,299,1018.1,0.0
2025-11-18T07:00,25.3,33,5.6,303,1017.1,0.0
2025-11-18T08:00,26.0,33,6.2,311,1015.8,0.0
2025-11-18T09:00,26.3,33,6.7,316,1014.9,0.0
2025-11-18T10:00,25.9,36,6.9,327,1014.5,0.0
2025-11-18T11:00,25.0,42,7.0,342,1014.4,0.0
2025-11-18T12:00,23.0,52,4.5,7,1014.4,0.0
2025-11-18T13:00,21.7,61,3.2,16,1014.9,0.0
2025-11-18T14:00,20.7,67,2.4,42,1015.4,0.0
2025-11-18T15:00,20.2,69,1.0,45,1015.5,0.0
2025-11-18T16:00,19.9,70,0.4,90,1015.7,0.0
2025-11-18T17:00,19.2,72,1.3,254,1015.7,0.0
2025-11-18T18:00,18.4,76,2.4,243,1015.7,0.0
2025-11-18T19:00,17.4,78,2.2,275,1015.5,0.0
2025-11-18T20:00,16.7,80,2.0,270,1015.4,0.0
2025-11-18T21:00,15.7,84,3.8,287,1015.2,0.0
2025-11-18T22:00,15.1,86,3.8,289,1015.3,0.0
2025-11-18T23:00,14.7,86,2.3,274,1015.4,0.0
2025-11-19T00:00,14.2,87,2.2,279,1015.8,0.0
2025-11-19T01:00,13.7,87,2.2,284,1016.6,0.0
2025-11-19T02:00,13.9,87,2.5,300,1017.8,0.0
2025-11-19T03:00,15.9,76,1.5,330,1018.7,0.0
2025-11-19T04:00,18.8,62,0.2,360,1019.4,0.0
2025-11-19T05:00,21.6,52,1.1,108,1019.4,0.0
2025-11-19T06:00,23.9,48,4.7,99,1018.8,0.0
2025-11-19T07:00,25.3,41,5.4,110,1018.0,0.0
2025-11-19T08:00,25.9,39,4.8,112,1017.1,0.0
2025-11-19T09:00,26.1,38,4.3,114,1016.1,0.0
2025-11-19T10:00,26.0,38,3.9,112,1015.5,0.0
2025-11-19T11:00,25.3,41,3.9,103,1015.6,0.0
2025-11-19T12:00,23.3,55,2.8,135,1015.6,0.0
2025-11-19T13:00,22.2,61,2.5,111,1016.1,0.0
2025-11-19T14:00,21.2,66,2.6,74,1016.5,0.0
2025-11-19T15:00,20.4,70,2.0,95,1016.9,0.0
2025-11-19T16:00,19.6,73,1.2,129,1017.0,0.0
2025-11-19T17:00,19.0,75,0.5,90,1017.1,0.0
2025-11-19T18:00,18.8,77,0.7,104,1017.0,0.0
2025-11-19T19:00,18.0,80,0.2,90,1016.7,0.0
2025-11-19T20:00,17.4,83,0.4,333,1016.4,0.0
2025-11-19T21:00,16.6,85,1.5,300,1016.3,0.0
2025-11-19T22:00,16.1,86,2.4,279,1016.3,0.0
2025-11-19T23:00,15.4,87,3.1,280,1016.3,0.0
2025-11-20T00:00,15.0,89,2.9,270,1016.6,0.0
2025-11-20T01:00,14.4,88,3.6,279,1017.5,0.0
2025-11-20T02:00,15.1,84,3.8,275,1018.2,0.0
2025-11-20T03:00,16.9,75,3.4,254,1019.1,0.0
2025-11-20T04:00,19.6,63,1.2,243,1019.6,0.0
2025-11-20T05:00,22.4,54,0.4,180,1019.5,0.0
2025-11-20T06:00,24.5,45,4.1,167,1018.8,0.0
2025-11-20T07:00,25.8,40,4.9,156,1018.0,0.0
2025-11-20T08:00,26.3,38,4.6,154,1017.1,0.0
2025-11-20T09:00,26.5,37,4.2,155,1016.5,0.0
2025-11-20T10:00,26.2,38,4.5,157,1015.9,0.0
2025-11-20T11:00,25.5,40,5.5,161,1015.8,0.0
2025-11-20T12:00,24.2,44,6.4,164,1015.9,0.0
2025-11-20T13:00,23.0,50,4.4,187,1016.7,0.0
2025-11-20T14:00,21.9,57,3.6,233,1017.1,0.0
2025-11-20T15:00,21.1,61,1.3,270,1017.7,0.0
2025-11-20T16:00,20.0,66,0.4,63,1017.9,0.0
2025-11-20T17:00,19.2,69,0.9,53,1017.9,0.0
2025-11-20T18:00,19.2,71,0.3,135,1017.7,0.0
2025-11-20T19:00,18.1,74,0.6,214,1017.7,0.0
2025-11-20T20:00,17.3,77,0.5,270,1017.5,0.0
2025-11-20T21:00,16.5,81,0.4,360,1017.6,0.0
2025-11-20T22:00,15.8,83,0.3,135,1017.5,0.0
2025-11-20T23:00,15.5,85,0.6,198,1017.6,0.0
2025-11-21T00:00,15.3,88,0.9,217,1018.1,0.0
2025-11-21T01:00,14.8,88,2.1,195,1019.0,0.0
2025-11-21T02:00,15.1,86,3.5,195,1019.6,0.0
2025-11-21T03:00,17.6,71,4.3,180,1020.5,0.0
2025-11-21T04:00,20.3,61,2.2,156,1020.9,0.0
2025-11-21T05:00,22.8,54,3.2,164,1021.0,0.0
2025-11-21T06:00,24.5,47,5.5,169,1020.4,0.0
2025-11-21T07:00,25.7,40,4.6,169,1019.4,0.0
2025-11-21T08:00,26.2,37,3.4,162,1018.4,0.0
2025-11-21T09:00,26.5,36,2.7,157,1017.6,0.0
2025-11-21T10:00,26.3,36,2.8,169,1017.1,0.0
2025-11-21T11:00,25.7,38,2.3,176,1017.0,0.0
2025-11-21T12:00,23.8,51,1.3,146,1017.1,0.0
2025-11-21T13:00,22.4,56,1.3,8,1017.7,0.0
2025-11-21T14:00,21.6,55,4.1,23,1018.0,0.0
2025-11-21T15:00,20.4,62,4.2,43,1018.3,0.0
2025-11-21T16:00,19.6,67,3.8,79,1018.2,0.0
2025-11-21T17:00,18.6,72,3.5,75,1018.1,0.0
2025-11-21T18:00,18.3,76,1.9,17,1018.1,0.0
2025-11-21T19:00,17.2,79,1.4,23,1017.8,0.0
2025-11-21T20:00,16.6,82,1.2,51,1017.6,0.0
2025-11-21T21:00,16.3,83,0.3,45,1017.4,0.0
2025-11-21T22:00,15.9,84,0.9,323,1017.0,0.0
2025-11-21T23:00,15.8,83,1.3,286,1016.6,0.0
2025-11-22T00:00,15.2,86,2.9,266,1016.7,0.0
2025-11-22T01:00,14.9,87,4.0,243,1017.0,0.0
2025-11-22T02:00,15.4,85,4.3,246,1017.4,0.0
2025-11-22T03:00,17.5,74,5.1,247,1017.9,0.0
2025-11-22T04:00,20.4,62,3.1,263,1018.2,0.0
2025-11-22T05:00,23.2,49,3.5,261,1018.3,0.0
2025-11-22T06:00,24.9,35,5.4,284,1017.8,0.0
2025-11-22T07:00,25.9,30,5.0,305,1017.1,0.0
2025-11-22T08:00,26.4,27,5.4,320,1016.0,0.0
2025-11-22T09:00,26.4,27,6.1,326,1015.2,0.0
2025-11-22T10:00,26.1,27,6.7,324,1014.8,0.0
2025-11-22T11:00,25.3,29,6.6,325,1014.8,0.0
2025-11-22T12:00,23.3,42,3.4,342,1015.1,0.0
2025-11-22T13:00,22.5,44,1.3,344,1015.4,0.0
2025-11-22T14:00,21.7,48,0.6,236,1016.1,0.0
2025-11-22T15:00,20.7,50,0.6,214,1016.7,0.0
2025-11-22T16:00,19.8,52,0.6,18,1016.9,0.0
2025-11-22T17:00,18.5,57,1.3,45,1016.8,0.0
2025-11-22T18:00,17.7,64,2.6,25,1016.7,0.0
2025-11-22T19:00,16.1,70,2.3,360,1016.6,0.0
2025-11-22T20:00,15.3,74,3.6,351,1016.8,0.0
2025-11-22T21:00,15.1,75,1.9,331,1016.5,0.0
2025-11-22T22:00,14.8,76,1.9,287,1016.4,0.0
2025-11-22T23:00,14.2,78,4.0,297,1016.4,0.0
2025-11-23T00:00,13.9,84,3.2,313,1016.7,0.0
2025-11-23T01:00,13.6,84,3.2,297,1017.5,0.0
2025-11-23T02:00,14.1,82,3.1,294,1018.1,0.0
2025-11-23T03:00,16.1,71,3.1,310,1018.6,0.0
2025-11-23T04:00,19.2,59,1.3,315,1019.1,0.0
2025-11-23T05:00,22.1,47,0.9,307,1019.2,0.0
2025-11-23T06:00,23.7,42,1.2,297,1018.5,0.0
2025-11-23T07:00,25.6,32,3.2,270,1017.6,0.0
2025-11-23T08:00,26.2,27,4.9,276,1016.5,0.0
2025-11-23T09:00,26.3,26,5.7,283,1015.7,0.0
2025-11-23T10:00,25.9,27,6.6,291,1015.2,0.0
2025-11-23T11:00,24.9,31,7.1,306,1015.1,0.0
2025-11-23T12:00,22.8,42,4.2,313,1015.1,0.0
2025-11-23T13:00,21.7,45,3.8,315,1015.8,0.0
2025-11-23T14:00,20.5,53,3.3,319,1016.3,0.0
2025-11-23T15:00,19.4,58,3.1,320,1016.9,0.0
2025-11-23T16:00,18.6,60,3.6,327,1017.3,0.0
2025-11-23T17:00,17.7,64,4.0,330,1017.4,0.0
2025-11-23T18:00,17.2,68,4.3,336,1017.2,0.0
2025-11-23T19:00,16.0,72,4.1,331,1017.1,0.0
2025-11-23T20:00,15.7,73,2.6,321,1017.2,0.0
2025-11-23T21:00,14.9,76,4.0,324,1017.2,0.0
2025-11-23T22:00,14.3,78,3.9,313,1017.3,0.0
2025-11-23T23:00,13.8,79,3.8,295,1017.5,0.0
2025-11-24T00:00,13.3,85,4.0,280,1018.1,0.0
2025-11-24T01:00,13.0,86,3.9,292,1018.9,0.0
2025-11-24T02:00,13.3,84,3.9,286,1019.6,0.0
2025-11-24T03:00,15.0,76,3.9,298,1020.2,0.0
2025-11-24T04:00,17.8,63,1.9,287,1020.7,0.0
2025-11-24T05:00,20.7,51,1.3,304,1020.8,0.0
2025-11-24T06:00,22.8,42,3.2,326,1019.9,0.0
2025-11-24T07:00,24.2,35,3.6,327,1019.1,0.0
2025-11-24T08:00,24.9,31,4.3,332,1018.0,0.0
2025-11-24T09:00,25.1,29,4.7,337,1017.1,0.0
2025-11-24T10:00,24.9,29,5.6,335,1016.9,0.0
2025-11-24T11:00,24.0,31,6.2,339,1017.0,0.0
2025-11-24T12:00,21.9,43,4.1,347,1017.0,0.0
2025-11-24T13:00,20.9,49,3.5,336,1017.6,0.0
2025-11-24T14:00,19.9,53,3.1,329,1018.2,0.0
2025-11-24T15:00,18.9,55,3.6,330,1018.8,0.0
2025-11-24T16:00,17.9,58,3.7,331,1019.4,0.0
2025-11-24T17:00,17.1,61,3.8,329,1019.4,0.0
2025-11-24T18:00,16.6,64,3.3,315,1019.6,0.0
2025-11-24T19:00,15.5,66,2.7,290,1019.4,0.0
2025-11-24T20:00,14.5,69,4.4,308,1019.4,0.0
2025-11-24T21:00,13.9,73,2.9,300,1019.2,0.0
2025-11-24T22:00,13.1,75,3.8,295,1019.1,0.0
2025-11-24T23:00,12.6,77,4.1,308,1019.1,0.0
2025-11-25T00:00,12.2,81,4.4,289,1019.2,0.0
2025-11-25T01:00,12.0,81,4.4,289,1019.8,0.0
2025-11-25T02:00,12.3,79,5.9,293,1020.3,0.0
2025-11-25T03:00,14.0,71,5.8,286,1020.9,0.0
2025-11-25T04:00,16.9,59,3.5,285,1021.3,0.0
2025-11-25T05:00,19.8,49,3.8,295,1021.2,0.0
2025-11-25T06:00,22.1,42,6.3,307,1020.0,0.0
2025-11-25T07:00,23.5,36,7.3,310,1019.1,0.0
2025-11-25T08:00,24.1,34,7.4,313,1017.6,0.0
2025-11-25T09:00,24.3,33,7.5,312,1016.6,0.0
2025-11-25T10:00,24.0,32,7.6,308,1016.1,0.0
2025-11-25T11:00,23.2,33,7.6,306,1016.0,0.0
2025-11-25T12:00,21.5,39,4.9,309,1016.0,0.0
2025-11-25T13:00,20.8,42,5.2,299,1016.5,0.0
2025-11-25T14:00,20.1,44,5.5,297,1017.0,0.0
2025-11-25T15:00,19.1,48,5.5,293,1017.2,0.0
2025-11-25T16:00,18.0,53,5.3,294,1017.3,0.0
2025-11-25T17:00,17.0,57,5.2,295,1017.1,0.0
2025-11-25T18:00,16.5,60,5.2,297,1017.0,0.0
2025-11-25T19:00,15.7,63,5.9,297,1016.8,0.0
2025-11-25T20:00,15.0,65,5.5,302,1017.0,0.0
2025-11-25T21:00,14.0,69,4.6,301,1016.8,0.0
2025-11-25T22:00,13.1,74,4.0,297,1016.9,0.0
2025-11-25T23:00,12.5,77,3.5,291,1017.2,0.0
2025-11-26T00:00,12.2,82,3.5,298,1017.7,0.0
2025-11-26T01:00,11.6,84,3.5,291,1018.8,0.0
2025-11-26T02:00,12.0,82,3.8,273,1019.6,0.0
2025-11-26T03:00,13.7,75,4.4,277,1020.4,0.0
2025-11-26T04:00,16.5,62,2.5,291,1020.8,0.0
2025-11-26T05:00,19.4,51,1.8,315,1020.8,0.0
2025-11-26T06:00,21.3,42,3.0,335,1020.1,0.0
2025-11-26T07:00,23.1,34,3.5,336,1019.3,0.0
2025-11-26T08:00,23.8,31,3.6,342,1018.1,0.0
2025-11-26T09:00,24.1,30,3.5,339,1017.4,0.0
2025-11-26T10:00,23.8,30,4.2,342,1017.4,0.0
2025-11-26T11:00,22.9,33,5.8,355,1017.5,0.0
2025-11-26T12:00,21.1,40,6.8,12,1017.6,0.0
2025-11-26T13:00,20.0,45,4.7,18,1018.5,0.0
2025-11-26T14:00,18.5,52,3.9,13,1019.1,0.0
2025-11-26T15:00,17.5,56,3.5,12,1019.4,0.0
2025-11-26T16:00,16.6,63,2.1,15,1019.8,0.0
2025-11-26T17:00,16.0,66,0.7,14,1020.0,0.0
2025-11-26T18:00,16.0,69,0.0,270,1020.2,0.0
2025-11-26T19:00,15.1,70,0.5,225,1020.1,0.0
2025-11-26T20:00,14.5,71,0.3,45,1020.2,0.0
2025-11-26T21:00,13.7,75,0.8,27,1019.7,0.0
2025-11-26T22:00,12.9,79,0.7,14,1019.5,0.0
2025-11-26T23:00,12.2,83,1.3,360,1019.6,0.0
2025-11-27T00:00,11.4,89,1.4,360,1020.0,0.0
2025-11-27T01:00,11.1,90,1.6,6,1020.8,0.0
2025-11-27T02:00,11.1,90,2.6,12,1021.4,0.0
2025-11-27T03:00,13.4,76,2.8,40,1022.0,0.0
2025-11-27T04:00,16.7,60,2.2,55,1022.5,0.0
2025-11-27T05:00,19.4,50,2.5,60,1022.4,0.0
2025-11-27T06:00,21.1,44,2.8,63,1021.3,0.0
2025-11-27T07:00,22.8,39,2.5,69,1020.5,0.0
2025-11-27T08:00,23.6,36,2.3,72,1019.5,0.0
2025-11-27T09:00,23.9,35,2.9,60,1018.6,0.0
2025-11-27T10:00,23.8,35,3.8,59,1018.3,0.0
2025-11-27T11:00,23.0,37,5.1,54,1018.2,0.0
2025-11-27T12:00,21.5,44,5.1,36,1018.1,0.0
2025-11-27T13:00,20.2,51,4.7,16,1018.8,0.0
2025-11-27T14:00,18.8,58,4.0,3,1019.3,0.0
2025-11-27T15:00,17.7,64,3.8,355,1019.6,0.0
2025-11-27T16:00,16.7,69,3.7,346,1019.9,0.0
2025-11-27T17:00,15.9,73,4.0,355,1019.7,0.0
2025-11-27T18:00,15.3,78,3.6,340,1019.7,0.0
2025-11-27T19:00,14.1,80,4.1,331,1019.2,0.0
2025-11-27T20:00,13.5,80,4.2,348,1019.0,0.0
2025-11-27T21:00,13.0,80,3.9,332,1018.7,0.0
2025-11-27T22:00,12.8,82,4.2,313,1018.5,0.0
2025-11-27T23:00,12.5,85,4.7,310,1018.3,0.0
2025-11-28T00:00,12.0,89,4.0,309,1018.5,0.0
2025-11-28T01:00,11.6,89,4.0,302,1019.0,0.0
2025-11-28T02:00,12.0,86,3.9,304,1019.4,0.0
2025-11-28T03:00,14.0,75,5.3,294,1020.3,0.0
2025-11-28T04:00,16.7,62,3.9,298,1020.6,0.0
2025-11-28T05:00,19.6,50,4.2,310,1020.4,0.0
2025-11-28T06:00,21.9,42,4.6,318,1019.7,0.0
2025-11-28T07:00,24.0,34,4.7,332,1018.5,0.0
2025-11-28T08:00,24.8,31,5.7,336,1017.2,0.0
2025-11-28T09:00,25.5,28,6.5,332,1016.3,0.0
2025-11-28T10:00,25.4,28,7.0,334,1015.8,0.0
2025-11-28T11:00,24.5,31,6.9,332,1015.8,0.0
2025-11-28T12:00,21.5,52,2.2,351,1016.0,0.0
2025-11-28T13:00,20.7,54,3.2,304,1016.5,0.0
2025-11-28T14:00,20.2,53,4.4,300,1016.7,0.0
2025-11-28T15:00,19.7,54,5.4,310,1016.9,0.0
2025-11-28T16:00,18.8,57,5.9,317,1017.1,0.0
2025-11-28T17:00,18.0,60,6.0,321,1017.1,0.0
2025-11-28T18:00,17.2,65,5.1,306,1017.0,0.0
2025-11-28T19:00,16.4,67,6.7,314,1016.8,0.0
2025-11-28T20:00,15.9,67,7.4,313,1016.7,0.0
2025-11-28T21:00,15.4,68,7.4,311,1016.2,0.0
2025-11-28T22:00,15.0,68,7.8,310,1016.3,0.0
2025-11-28T23:00,14.6,69,7.8,312,1016.2,0.0
2025-11-29T00:00,14.0,72,7.9,311,1016.2,0.0
2025-11-29T01:00,13.6,73,7.6,317,1016.9,0.0
2025-11-29T02:00,13.6,73,7.8,316,1017.6,0.0
2025-11-29T03:00,14.9,68,7.2,307,1018.3,0.0
2025-11-29T04:00,17.2,59,6.0,319,1018.8,0.0
2025-11-29T05:00,20.0,49,6.1,326,1018.5,0.0
2025-11-29T06:00,23.0,39,6.2,322,1017.8,0.0
2025-11-29T07:00,25.2,32,7.6,329,1016.6,0.0
2025-11-29T08:00,26.0,30,10.6,334,1015.6,0.0
2025-11-29T09:00,25.9,32,11.2,328,1014.7,0.0
2025-11-29T10:00,25.4,33,10.5,327,1014.5,0.0
2025-11-29T11:00,24.6,34,9.0,327,1014.2,0.0
2025-11-29T12:00,23.0,39,4.5,320,1014.5,0.0
2025-11-29T13:00,22.0,42,4.4,302,1014.9,0.0
2025-11-29T14:00,21.1,44,5.2,295,1015.3,0.0
2025-11-29T15:00,20.2,46,5.7,294,1015.4,0.0
2025-11-29T16:00,19.2,47,6.0,297,1015.6,0.0
2025-11-29T17:00,18.1,50,5.6,297,1015.6,0.0
2025-11-29T18:00,17.5,52,5.6,297,1015.7,0.0
2025-11-29T19:00,16.3,54,6.7,314,1015.5,0.0
2025-11-29T20:00,15.3,56,7.1,324,1015.4,0.0
2025-11-29T21:00,14.4,56,5.9,320,1015.1,0.0
2025-11-29T22:00,13.7,57,5.1,312,1015.0,0.0
2025-11-29T23:00,13.1,59,4.8,304,1014.9,0.0
2025-11-30T00:00,12.9,65,5.9,297,1015.4,0.0
2025-11-30T01:00,12.1,68,5.5,283,1016.1,0.0
2025-11-30T02:00,12.2,68,6.5,273,1016.7,0.0
2025-11-30T03:00,13.5,63,6.7,268,1017.3,0.0
2025-11-30T04:00,15.7,55,5.8,270,1017.7,0.0
2025-11-30T05:00,18.5,45,5.6,272,1017.4,0.0
2025-11-30T06:00,21.5,35,7.6,271,1016.8,0.0
2025-11-30T07:00,23.5,28,9.6,284,1015.8,0.0
2025-11-30T08:00,24.2,27,12.7,288,1014.6,0.0
2025-11-30T09:00,23.9,28,13.0,287,1013.8,0.0
2025-11-30T10:00,23.6,28,12.4,289,1013.5,0.0
2025-11-30T11:00,22.8,30,9.9,291,1013.4,0.0
2025-11-30T12:00,21.2,34,7.3,286,1013.5,0.0
2025-11-30T13:00,20.2,38,6.6,286,1014.0,0.0
2025-11-30T14:00,19.2,41,6.0,287,1014.5,0.0
2025-11-30T15:00,18.3,42,5.6,292,1015.0,0.0
2025-11-30T16:00,17.4,42,5.9,297,1015.3,0.0
2025-11-30T17:00,16.6,42,5.5,297,1015.3,0.0
2025-11-30T18:00,15.8,46,5.4,296,1015.7,0.0
2025-11-30T19:00,14.6,46,5.5,322,1015.5,0.0
2025-11-30T20:00,13.6,50,5.2,333,1015.4,0.0
2025-11-30T21:00,12.5,55,5.1,333,1015.2,0.0
2025-11-30T22:00,11.5,61,4.2,335,1015.1,0.0
2025-11-30T23:00,10.8,66,3.6,354,1015.2,0.0
2025-12-01T00:00,10.1,77,2.6,12,1015.6,0.0
2025-12-01T01:00,9.8,78,0.4,270,1016.0,0.0
2025-12-01T02:00,10.0,78,0.7,256,1016.7,0.0
2025-12-01T03:00,11.9,68,1.9,292,1017.3,0.0
2025-12-01T04:00,14.8,56,0.9,270,1017.9,0.0
2025-12-01T05:00,17.7,45,1.1,270,1017.7,0.0
2025-12-01T06:00,20.7,36,1.8,270,1016.9,0.0
2025-12-01T07:00,23.1,28,3.1,283,1015.8,0.0
2025-12-01T08:00,24.2,24,4.3,292,1014.6,0.0
2025-12-01T09:00,24.6,23,5.4,296,1013.6,0.0
2025-12-01T10:00,24.4,24,5.7,311,1012.8,0.0
2025-12-01T11:00,23.3,27,5.2,338,1012.7,0.0
2025-12-01T12:00,20.6,38,4.1,23,1012.7,0.0
2025-12-01T13:00,19.1,48,3.2,34,1013.4,0.0
2025-12-01T14:00,18.2,55,2.2,42,1014.2,0.0
2025-12-01T15:00,17.3,58,2.0,80,1014.8,0.0
2025-12-01T16:00,16.4,61,2.5,94,1015.2,0.0
2025-12-01T17:00,15.7,65,2.6,115,1015.3,0.0
2025-12-01T18:00,15.3,67,1.8,114,1015.5,0.0
2025-12-01T19:00,13.9,73,2.1,59,1015.3,0.0
2025-12-01T20:00,13.4,73,4.1,45,1015.3,0.0
2025-12-01T21:00,13.1,70,4.5,40,1015.2,0.0
2025-12-01T22:00,12.7,71,3.8,41,1015.0,0.0
2025-12-01T23:00,12.5,72,2.3,61,1015.1,0.0
2025-12-02T00:00,12.2,78,2.5,60,1015.1,0.0
2025-12-02T01:00,12.2,76,3.1,97,1015.5,0.0
2025-12-02T02:00,12.3,76,2.3,86,1016.2,0.0
2025-12-02T03:00,14.1,66,1.8,66,1017.0,0.0
2025-12-02T04:00,17.1,54,1.3,98,1017.4,0.0
2025-12-02T05:00,20.2,41,1.7,131,1017.4,0.0
2025-12-02T06:00,22.7,41,3.0,163,1016.4,0.0
2025-12-02T07:00,24.5,41,2.7,172,1015.3,0.0
2025-12-02T08:00,25.3,41,1.7,193,1013.9,0.0
2025-12-02T09:00,25.7,39,1.1,261,1013.0,0.0
2025-12-02T10:00,25.5,37,3.7,337,1012.4,0.0
2025-12-02T11:00,24.3,42,8.3,349,1012.4,0.0
2025-12-02T12:00,21.7,52,9.0,1,1012.9,0.0
2025-12-02T13:00,20.7,55,6.7,346,1013.8,0.0
2025-12-02T14:00,19.6,56,5.3,348,1014.6,0.0
2025-12-02T15:00,18.6,57,4.4,341,1015.3,0.0
2025-12-02T16:00,17.7,59,3.8,329,1015.7,0.0
2025-12-02T17:00,17.2,58,4.2,313,1016.2,0.0
2025-12-02T18:00,16.4,61,4.5,317,1016.4,0.0
2025-12-02T19:00,15.1,63,5.0,314,1016.2,0.0
2025-12-02T20:00,14.3,63,6.0,323,1016.4,0.0
2025-12-02T21:00,13.3,63,4.9,321,1016.7,0.0
2025-12-02T22:00,12.4,65,4.5,326,1016.7,0.0
2025-12-02T23:00,11.7,68,4.7,332,1016.7,0.0
2025-12-03T00:00,11.1,76,4.5,331,1017.4,0.0
2025-12-03T01:00,10.6,78,4.4,325,1018.2,0.0
2025-12-03T02:00,10.8,77,4.8,315,1019.1,0.0
2025-12-03T03:00,12.4,69,5.6,301,1019.9,0.0
2025-12-03T04:00,15.1,58,3.5,305,1020.6,0.0
2025-12-03T05:00,18.0,48,4.6,309,1020.7,0.0
2025-12-03T06:00,20.5,38,7.5,316,1020.1,0.0
2025-12-03T07:00,22.0,32,7.8,322,1019.2,0.0
2025-12-03T08:00,22.8,28,8.5,322,1018.3,0.0
2025-12-03T09:00,23.0,27,9.1,321,1017.8,0.0
2025-12-03T10:00,22.7,29,9.2,313,1017.5,0.0
2025-12-03T11:00,21.8,32,8.7,308,1017.3,0.0
2025-12-03T12:00,20.2,37,5.7,302,1017.5,0.0
2025-12-03T13:00,19.5,41,6.0,299,1018.2,0.0
2025-12-03T14:00,18.8,44,6.2,300,1018.6,0.0
2025-12-03T15:00,17.8,47,6.4,299,1019.2,0.0
2025-12-03T16:00,16.8,49,6.4,299,1019.4,0.0
2025-12-03T17:00,16.0,51,6.1,294,1019.5,0.0
2025-12-03T18:00,15.1,56,6.5,300,1019.7,0.0
2025-12-03T19:00,13.6,62,6.4,306,1019.6,0.0
2025-12-03T20:00,12.7,65,6.2,308,1019.4,0.0
2025-12-03T21:00,12.1,67,6.6,307,1019.3,0.0
2025-12-03T22:00,11.7,69,6.7,301,1019.3,0.0
2025-12-03T23:00,11.2,70,6.6,299,1018.9,0.0
2025-12-04T00:00,10.9,71,6.7,297,1019.2,0.0
2025-12-04T01:00,10.3,73,7.0,296,1019.8,0.0
2025-12-04T02:00,10.2,73,7.9,294,1020.4,0.0
2025-12-04T03:00,11.6,67,8.6,286,1020.7,0.0
2025-12-04T04:00,14.0,58,5.4,285,1021.3,0.0
2025-12-04T05:00,16.8,49,6.2,292,1021.0,0.0
2025-12-04T06:00,19.5,42,8.6,299,1020.3,0.0
2025-12-04T07:00,21.1,36,8.9,295,1019.4,0.0
2025-12-04T08:00,22.1,31,9.9,295,1018.5,0.0
2025-12-04T09:00,22.4,29,10.2,294,1017.8,0.0
2025-12-04T10:00,22.0,29,9.9,295,1017.3,0.0
2025-12-04T11:00,21.0,33,9.8,290,1017.1,0.0
2025-12-04T12:00,19.4,36,5.2,292,1017.8,0.0
2025-12-04T13:00,18.2,43,4.0,278,1018.1,0.0
2025-12-04T14:00,17.4,46,4.2,275,1018.7,0.0
2025-12-04T15:00,16.7,48,5.0,270,1019.3,0.0
2025-12-04T16:00,15.9,50,5.0,268,1019.9,0.0
2025-12-04T17:00,15.1,52,5.0,283,1020.0,0.0
2025-12-04T18:00,14.4,58,4.6,306,1020.3,0.0
2025-12-04T19:00,12.8,61,4.9,309,1020.3,0.0
2025-12-04T20:00,12.3,61,5.0,308,1020.3,0.0
2025-12-04T21:00,11.5,63,4.7,310,1020.1,0.0
2025-12-04T22:00,10.7,66,4.1,304,1020.1,0.0
2025-12-04T23:00,10.0,69,4.0,297,1020.1,0.0
2025-12-05T00:00,9.6,75,4.2,288,1020.5,0.0
2025-12-05T01:00,9.1,77,4.0,280,1021.1,0.0
2025-12-05T02:00,9.3,76,4.3,272,1021.8,0.0
2025-12-05T03:00,10.9,69,4.9,264,1022.4,0.0
2025-12-05T04:00,13.7,57,2.9,270,1023.1,0.0
2025-12-05T05:00,16.8,46,3.1,283,1023.2,0.0
2025-12-05T06:00,19.6,36,4.1,299,1022.7,0.0
2025-12-05T07:00,21.2,30,4.4,302,1021.9,0.0
2025-12-05T08:00,22.0,29,4.4,302,1020.8,0.0
2025-12-05T09:00,22.4,30,4.6,309,1020.1,0.0
2025-12-05T10:00,22.2,32,5.6,310,1019.7,0.0
2025-12-05T11:00,21.4,36,6.8,310,1019.5,0.0
2025-12-05T12:00,19.8,41,5.7,298,1019.7,0.0
2025-12-05T13:00,18.7,46,4.4,289,1019.8,0.0
2025-12-05T14:00,18.0,49,4.9,294,1020.3,0.0
2025-12-05T15:00,17.2,53,5.5,297,1020.6,0.0
2025-12-05T16:00,16.3,55,5.5,289,1020.8,0.0
2025-12-05T17:00,15.6,57,5.8,284,1020.8,0.0
2025-12-05T18:00,15.0,59,6.0,286,1020.9,0.0
2025-12-05T19:00,13.9,62,6.4,295,1020.8,0.0
2025-12-05T20:00,13.1,63,6.2,287,1020.5,0.0
2025-12-05T21:00,12.5,64,6.4,281,1020.4,0.0
2025-12-05T22:00,12.0,66,7.2,288,1020.4,0.0
2025-12-05T23:00,11.5,68,8.1,298,1019.9,0.0
2025-12-06T00:00,11.0,73,8.5,305,1019.8,0.0
2025-12-06T01:00,10.5,75,8.8,298,1020.0,0.0
2025-12-06T02:00,10.7,73,9.7,295,1020.3,0.0
2025-12-06T03:00,12.2,66,10.4,288,1020.8,0.0
2025-12-06T04:00,14.5,56,7.9,286,1021.2,0.0
2025-12-06T05:00,17.1,47,8.2,293,1020.8,0.0
2025-12-06T06:00,20.1,39,9.0,285,1020.2,0.0
2025-12-06T07:00,22.4,33,9.3,283,1019.2,0.0
2025-12-06T08:00,23.7,29,11.0,285,1018.2,0.0
2025-12-06T09:00,24.2,27,11.6,282,1017.5,0.0
2025-12-06T10:00,23.7,30,12.3,276,1017.7,0.0
2025-12-06T11:00,22.7,34,10.7,279,1017.4,0.0
2025-12-06T12:00,21.1,39,9.6,275,1017.4,0.0
2025-12-06T13:00,20.3,40,10.1,281,1017.9,0.0
2025-12-06T14:00,19.2,41,9.4,282,1018.7,0.0
2025-12-06T15:00,18.5,43,9.1,280,1019.0,0.0
2025-12-06T16:00,17.5,46,9.0,280,1019.3,0.0
2025-12-06T17:00,16.7,48,8.9,283,1019.4,0.0
2025-12-06T18:00,16.0,52,8.5,287,1019.4,0.0
2025-12-06T19:00,15.1,55,7.5,290,1019.3,0.0
2025-12-06T20:00,14.3,58,7.1,294,1019.2,0.0
2025-12-06T21:00,13.7,61,7.9,294,1019.1,0.0
2025-12-06T22:00,13.2,63,8.7,291,1019.1,0.0
2025-12-06T23:00,12.8,65,9.1,287,1018.7,0.0
2025-12-07T00:00,12.2,69,9.1,287,1018.8,0.0
2025-12-07T01:00,11.4,73,8.1,283,1019.3,0.0
2025-12-07T02:00,11.2,74,8.7,284,1020.2,0.0
2025-12-07T03:00,12.6,68,9.8,276,1020.8,0.0
2025-12-07T04:00,14.8,59,6.7,278,1021.1,0.0
2025-12-07T05:00,17.6,49,7.2,283,1021.1,0.0
2025-12-07T06:00,20.7,41,8.0,284,1020.3,0.0
2025-12-07T07:00,22.9,35,8.5,288,1019.0,0.0
2025-12-07T08:00,24.3,32,8.9,289,1017.8,0.0
2025-12-07T09:00,24.8,30,9.2,287,1016.8,0.0
2025-12-07T10:00,24.5,32,9.7,285,1016.5,0.0
2025-12-07T11:00,23.2,38,9.2,286,1016.5,0.0
2025-12-07T12:00,21.7,43,7.3,280,1016.6,0.0
2025-12-07T13:00,21.0,48,7.9,287,1017.1,0.0
2025-12-07T14:00,20.1,51,8.1,287,1017.8,0.0
2025-12-07T15:00,19.1,54,7.7,282,1018.3,0.0
2025-12-07T16:00,18.3,56,7.4,277,1018.7,0.0
2025-12-07T17:00,17.6,57,7.4,276,1018.8,0.0
2025-12-07T18:00,16.8,59,8.2,279,1018.7,0.0
2025-12-07T19:00,15.7,61,8.7,287,1018.4,0.0
2025-12-07T20:00,15.3,60,8.8,293,1018.0,0.0
2025-12-07T21:00,14.9,60,8.6,293,1017.9,0.0
2025-12-07T22:00,14.5,61,8.7,294,1017.7,0.0
2025-12-07T23:00,14.1,62,8.6,292,1017.5,0.0
2025-12-08T00:00,13.3,67,8.5,291,1017.9,0.0
2025-12-08T01:00,12.6,70,8.3,292,1018.8,0.0
2025-12-08T02:00,12.4,72,8.9,291,1019.5,0.0
2025-12-08T03:00,13.7,66,10.1,287,1020.2,0.0
2025-12-08T04:00,16.1,57,7.3,286,1020.7,0.0
2025-12-08T05:00,18.9,47,7.8,293,1021.0,0.0
2025-12-08T06:00,22.0,39,8.3,290,1020.2,0.0
2025-12-08T07:00,24.3,32,9.0,293,1019.0,0.0
2025-12-08T08:00,25.6,27,10.0,296,1017.9,0.0
2025-12-08T09:00,25.9,26,11.4,298,1017.2,0.0
2025-12-08T10:00,25.3,28,12.7,300,1017.0,0.0
2025-12-08T11:00,24.2,32,11.3,297,1017.0,0.0
2025-12-08T12:00,22.7,36,9.0,296,1017.2,0.0
2025-12-08T13:00,21.6,41,9.4,290,1017.9,0.0
2025-12-08T14:00,20.5,46,8.7,283,1018.1,0.0
2025-12-08T15:00,19.5,48,8.9,276,1018.1,0.0
2025-12-08T16:00,18.6,49,10.1,281,1018.3,0.0
2025-12-08T17:00,17.6,49,10.0,288,1018.4,0.0
2025-12-08T18:00,16.9,51,10.1,287,1018.6,0.0
2025-12-08T19:00,15.9,53,10.1,282,1018.3,0.0
2025-12-08T20:00,15.2,55,10.1,280,1018.1,0.0
2025-12-08T21:00,14.5,58,10.0,279,1017.9,0.0
2025-12-08T22:00,13.9,61,10.2,278,1017.7,0.0
2025-12-08T23:00,13.5,64,10.4,278,1017.2,0.0
2025-12-09T00:00,13.1,66,10.1,280,1017.4,0.0
2025-12-09T01:00,12.5,68,9.8,275,1017.9,0.0
2025-12-09T02:00,12.4,68,10.6,274,1018.5,0.0
2025-12-09T03:00,13.6,63,11.4,275,1019.3,0.0
2025-12-09T04:00,15.6,57,8.0,286,1020.1,0.0
2025-12-09T05:00,18.2,48,7.7,288,1020.2,0.0
2025-12-09T06:00,21.2,41,8.7,291,1019.5,0.0
2025-12-09T07:00,23.4,34,9.8,293,1018.5,0.0
2025-12-09T08:00,24.6,29,10.9,297,1017.6,0.0
2025-12-09T09:00,25.1,28,11.3,297,1016.6,0.0
2025-12-09T10:00,24.7,30,11.8,296,1016.6,0.0
2025-12-09T11:00,23.7,34,11.0,293,1016.7,0.0
2025-12-09T12:00,22.1,39,8.4,281,1016.8,0.0
2025-12-09T13:00,21.4,43,8.3,281,1017.5,0.0
2025-12-09T14:00,20.4,47,7.8,277,1017.7,0.0
2025-12-09T15:00,19.6,49,8.2,278,1017.9,0.0
2025-12-09T16:00,19.0,51,8.6,282,1017.9,0.0
2025-12-09T17:00,18.2,52,8.8,287,1017.8,0.0
2025-12-09T18:00,17.3,55,9.5,291,1018.2,0.0
2025-12-09T19:00,15.9,60,9.6,293,1018.0,0.0
2025-12-09T20:00,15.2,62,9.6,298,1017.8,0.0
2025-12-09T21:00,14.6,64,9.3,299,1017.5,0.0
2025-12-09T22:00,14.1,66,9.2,296,1017.3,0.0
2025-12-09T23:00,13.7,67,9.1,291,1016.9,0.0
2025-12-10T00:00,13.4,67,9.1,280,1017.0,0.0
2025-12-10T01:00,12.9,69,9.0,275,1017.5,0.0
2025-12-10T02:00,12.5,70,9.3,280,1018.5,0.0
2025-12-10T03:00,13.7,66,9.4,282,1019.3,0.0
2025-12-10T04:00,15.7,58,5.8,286,1020.0,0.0
2025-12-10T05:00,18.4,49,5.1,280,1019.7,0.0
2025-12-10T06:00,21.1,41,4.8,285,1019.1,0.0
2025-12-10T07:00,23.2,34,6.5,293,1018.3,0.0
2025-12-10T08:00,24.3,31,7.1,291,1017.3,0.0
2025-12-10T09:00,24.8,30,8.3,292,1016.8,0.0
2025-12-10T10:00,24.4,31,9.5,291,1016.8,0.0
2025-12-10T11:00,23.3,38,8.8,285,1016.7,0.0
2025-12-10T12:00,21.9,45,6.0,277,1016.5,0.0
2025-12-10T13:00,21.2,48,5.5,279,1017.2,0.0
2025-12-10T14:00,20.1,52,4.8,285,1017.6,0.0
2025-12-10T15:00,19.2,55,4.8,299,1018.1,0.0
2025-12-10T16:00,18.4,57,4.9,306,1018.3,0.0
2025-12-10T17:00,17.8,57,5.0,311,1018.3,0.0
2025-12-10T18:00,17.1,58,5.2,319,1018.5,0.0
2025-12-10T19:00,15.9,61,5.7,325,1018.2,0.0
2025-12-10T20:00,14.5,68,4.9,343,1017.7,0.0
2025-12-10T21:00,13.7,73,4.8,323,1017.7,0.0
2025-12-10T22:00,13.0,76,4.5,307,1017.2,0.0
2025-12-10T23:00,12.7,76,4.9,274,1016.8,0.0
2025-12-11T00:00,12.3,80,5.4,256,1017.0,0.0
2025-12-11T01:00,11.8,81,5.6,264,1017.4,0.0
2025-12-11T02:00,11.5,82,5.6,274,1017.9,0.0
2025-12-11T03:00,12.9,75,6.2,296,1018.6,0.0
2025-12-11T04:00,15.5,63,2.7,290,1019.1,0.0
2025-12-11T05:00,18.5,52,3.3,283,1018.9,0.0
2025-12-11T06:00,21.5,43,4.1,283,1017.9,0.0
2025-12-11T07:00,23.7,36,6.1,284,1016.9,0.0
2025-12-11T08:00,24.8,32,8.2,289,1015.9,0.0
2025-12-11T09:00,25.1,31,9.7,289,1015.1,0.0
2025-12-11T10:00,24.8,32,9.8,293,1014.7,0.0
2025-12-11T11:00,23.8,36,8.2,293,1014.7,0.0
2025-12-11T12:00,21.6,47,4.4,282,1014.9,0.0
2025-12-11T13:00,20.8,50,3.8,270,1015.5,0.0
2025-12-11T14:00,20.0,54,3.7,284,1015.9,0.0
2025-12-11T15:00,19.1,57,3.8,301,1016.3,0.0
2025-12-11T16:00,18.3,61,2.4,312,1016.4,0.0
2025-12-11T17:00,17.3,65,2.2,336,1016.2,0.0
2025-12-11T18:00,16.6,70,0.7,14,1016.3,0.0
2025-12-11T19:00,15.5,73,1.2,309,1015.9,0.0
2025-12-11T20:00,14.6,77,3.0,295,1015.8,0.0
2025-12-11T21:00,13.9,78,4.9,306,1015.9,0.0
2025-12-11T22:00,13.1,80,4.4,302,1015.5,0.0
2025-12-11T23:00,12.3,83,3.9,294,1015.2,0.0
2025-12-12T00:00,11.7,88,4.5,275,1015.5,0.0
2025-12-12T01:00,11.1,89,4.1,272,1016.0,0.0
2025-12-12T02:00,11.0,89,3.5,258,1016.4,0.0
2025-12-12T03:00,12.8,79,4.5,268,1017.0,0.0
2025-12-12T04:00,15.7,66,2.5,274,1017.8,0.0
2025-12-12T05:00,18.8,53,2.3,270,1017.9,0.0
2025-12-12T06:00,21.2,45,2.3,274,1017.2,0.0
2025-12-12T07:00,23.2,36,2.7,307,1016.3,0.0
2025-12-12T08:00,24.1,32,2.5,339,1015.5,0.0
2025-12-12T09:00,24.6,30,3.0,346,1014.8,0.0
2025-12-12T10:00,24.5,31,3.4,344,1014.7,0.0
2025-12-12T11:00,23.8,33,3.1,357,1014.7,0.0
2025-12-12T12:00,21.3,47,3.6,9,1014.9,0.0
2025-12-12T13:00,20.2,51,4.0,360,1015.7,0.0
2025-12-12T14:00,19.0,59,3.2,357,1016.2,0.0
2025-12-12T15:00,18.2,64,2.3,342,1016.8,0.0
2025-12-12T16:00,16.9,70,2.8,18,1017.1,0.0
2025-12-12T17:00,15.8,76,3.0,38,1016.9,0.0
2025-12-12T18:00,15.3,80,1.8,53,1017.0,0.0
2025-12-12T19:00,13.8,87,2.4,27,1016.7,0.0
2025-12-12T20:00,13.2,89,2.7,62,1016.1,0.0
2025-12-12T21:00,12.8,89,0.9,11,1015.9,0.0
2025-12-12T22:00,12.3,91,1.3,8,1015.8,0.0
2025-12-12T23:00,11.8,92,1.1,18,1015.6,0.0
2025-12-13T00:00,11.7,91,0.3,45,1016.3,0.0
2025-12-13T01:00,11.2,92,0.5,90,1016.8,0.0
2025-12-13T02:00,11.1,93,0.5,90,1017.6,0.0
2025-12-13T03:00,12.7,86,3.4,108,1018.3,0.0
2025-12-13T04:00,15.6,71,2.2,104,1019.1,0.0
2025-12-13T05:00,18.6,59,2.4,107,1019.5,0.0
2025-12-13T06:00,20.9,53,3.4,115,1018.7,0.0
2025-12-13T07:00,22.8,44,2.7,122,1017.9,0.0
2025-12-13T08:00,23.8,39,1.6,84,1017.1,0.0
2025-12-13T09:00,24.3,37,2.2,66,1016.2,0.0
2025-12-13T10:00,24.0,38,3.3,68,1016.0,0.0
2025-12-13T11:00,23.2,42,5.6,61,1016.2,0.0
2025-12-13T12:00,20.9,54,4.0,82,1016.3,0.0
2025-12-13T13:00,20.0,58,4.0,85,1017.2,0.0
2025-12-13T14:00,18.7,68,3.5,78,1017.7,0.0
2025-12-13T15:00,17.6,75,3.2,93,1018.2,0.0
2025-12-13T16:00,16.8,80,2.7,122,1018.4,0.0
2025-12-13T17:00,15.9,83,3.1,121,1018.3,0.0
2025-12-13T18:00,15.4,86,2.6,102,1018.5,0.0
2025-12-13T19:00,14.2,90,2.6,78,1018.2,0.0
2025-12-13T20:00,13.6,93,1.8,79,1017.9,0.0
2025-12-13T21:00,12.9,95,1.2,63,1017.9,0.0
2025-12-13T22:00,12.3,97,1.5,60,1017.8,0.0
2025-12-13T23:00,11.9,98,0.9,79,1017.5,0.0
2025-12-14T00:00,11.5,96,3.0,147,1018.0,0.0
2025-12-14T01:00,10.8,97,3.4,133,1018.6,0.0
2025-12-14T02:00,10.8,97,2.7,132,1019.2,0.0
2025-12-14T03:00,12.7,90,2.8,130,1020.0,0.0
2025-12-14T04:00,16.2,73,1.3,90,1020.7,0.0
2025-12-14T05:00,19.3,61,1.0,135,1021.0,0.0
2025-12-14T06:00,20.9,54,1.9,124,1020.1,0.0
2025-12-14T07:00,22.6,46,1.2,117,1019.2,0.0
2025-12-14T08:00,23.6,42,0.6,72,1018.2,0.0
2025-12-14T09:00,24.0,40,1.2,63,1017.1,0.0
2025-12-14T10:00,24.0,39,1.5,45,1017.0,0.0
2025-12-14T11:00,23.3,42,3.7,43,1016.8,0.0
2025-12-14T12:00,21.2,54,1.3,34,1017.0,0.0
2025-12-14T13:00,19.9,59,2.7,360,1017.9,0.0
2025-12-14T14:00,19.0,65,3.0,17,1018.4,0.0
2025-12-14T15:00,18.0,73,2.6,25,1018.7,0.0
2025-12-14T16:00,17.3,76,1.0,31,1018.8,0.0
2025-12-14T17:00,16.7,79,0.7,14,1018.7,0.0
2025-12-14T18:00,16.0,83,0.6,18,1018.8,0.0
2025-12-14T19:00,14.9,85,1.0,315,1018.2,0.0
2025-12-14T20:00,14.5,86,2.1,290,1017.8,0.0
2025-12-14T21:00,13.3,92,4.3,287,1017.5,0.0
2025-12-14T22:00,12.8,96,5.0,289,1017.3,0.0
2025-12-14T23:00,12.2,98,4.6,291,1016.7,0.0
2025-12-15T00:00,12.0,95,4.5,277,1017.2,0.0
2025-12-15T01:00,11.5,95,4.5,272,1017.7,0.0
2025-12-15T02:00,11.4,96,5.4,276,1018.3,0.0
2025-12-15T03:00,12.3,94,6.5,268,1018.9,0.0
2025-12-15T04:00,14.1,85,4.2,263,1020.1,0.0
2025-12-15T05:00,17.1,71,4.1,257,1020.2,0.0
2025-12-15T06:00,20.0,60,5.1,264,1019.5,0.0
2025-12-15T07:00,22.2,48,5.9,270,1018.6,0.0
2025-12-15T08:00,23.4,42,6.4,278,1017.7,0.0
2025-12-15T09:00,23.9,41,7.0,280,1016.9,0.0
2025-12-15T10:00,23.8,42,6.9,279,1016.3,0.0
2025-12-15T11:00,23.1,43,6.7,286,1016.2,0.0
2025-12-15T12:00,20.6,52,4.5,299,1016.2,0.0
2025-12-15T13:00,19.6,56,4.0,280,1016.8,0.0
2025-12-15T14:00,19.0,58,4.5,275,1017.6,0.0
2025-12-15T15:00,18.2,61,5.2,268,1017.8,0.0
2025-12-15T16:00,17.7,63,6.1,272,1018.2,0.0
2025-12-15T17:00,17.0,64,7.6,284,1018.4,0.0
2025-12-15T18:00,16.2,67,8.5,294,1018.6,0.0
2025-12-15T19:00,14.9,71,7.7,298,1018.1,0.0
2025-12-15T20:00,14.1,75,7.7,298,1017.8,0.0
2025-12-15T21:00,13.4,79,7.8,304,1017.5,0.0
2025-12-15T22:00,12.9,83,8.2,306,1017.1,0.0
2025-12-15T23:00,12.5,86,8.5,302,1016.4,0.0
2025-12-16T00:00,12.2,88,8.6,301,1016.7,0.0
2025-12-16T01:00,11.9,89,8.5,294,1017.1,0.0
2025-12-16T02:00,11.9,89,9.4,287,1017.4,0.0
2025-12-16T03:00,13.3,81,10.2,284,1018.0,0.0
2025-12-16T04:00,15.4,71,8.2,285,1018.5,0.0
2025-12-16T05:00,17.9,60,9.1,292,1018.5,0.0
2025-12-16T06:00,20.2,53,9.7,292,1017.7,0.0
2025-12-16T07:00,22.3,45,10.7,292,1016.8,0.0
2025-12-16T08:00,23.6,40,10.9,292,1015.8,0.0
2025-12-16T09:00,23.9,40,10.7,292,1015.1,0.0
2025-12-16T10:00,23.6,42,10.9,286,1015.2,0.0
2025-12-16T11:00,22.7,48,11.0,288,1015.4,0.0
2025-12-16T12:00,21.4,53,8.5,288,1015.4,0.0
2025-12-16T13:00,20.5,58,8.2,285,1016.2,0.0
2025-12-16T14:00,19.5,64,8.3,281,1016.9,0.0
2025-12-16T15:00,18.7,67,8.6,278,1017.2,0.0
2025-12-16T16:00,17.9,70,8.6,281,1017.5,0.0
2025-12-16T17:00,17.1,72,8.5,287,1017.4,0.0
2025-12-16T18:00,16.2,76,7.8,292,1017.7,0.0
2025-12-16T19:00,15.2,80,7.8,293,1017.4,0.0
2025-12-16T20:00,14.5,82,7.7,294,1017.3,0.0
2025-12-16T21:00,13.9,84,8.4,293,1017.3,0.0
2025-12-16T22:00,13.5,85,8.7,287,1017.2,0.0
2025-12-16T23:00,13.1,85,8.6,282,1016.9,0.0
2025-12-17T00:00,12.2,87,8.5,283,1017.2,0.0
2025-12-17T01:00,11.8,88,8.3,283,1017.9,0.0
2025-12-17T02:00,11.8,88,8.4,281,1018.5,0.0
2025-12-17T03:00,13.1,81,9.7,272,1019.0,0.0
2025-12-17T04:00,15.4,70,7.2,273,1019.6,0.0
2025-12-17T05:00,18.0,60,7.4,273,1019.6,0.0
2025-12-17T06:00,20.1,56,7.8,285,1019.2,0.0
2025-12-17T07:00,21.8,52,7.9,294,1018.4,0.0
2025-12-17T08:00,23.1,47,8.0,306,1017.4,0.0
2025-12-17T09:00,23.8,45,8.2,306,1016.7,0.0
2025-12-17T10:00,23.7,46,7.8,304,1016.5,0.0
2025-12-17T11:00,22.9,49,6.9,295,1016.4,0.0
2025-12-17T12:00,21.5,53,6.7,278,1016.5,0.0
2025-12-17T13:00,20.4,59,6.3,273,1017.2,0.0
2025-12-17T14:00,19.5,63,6.3,273,1017.7,0.0
2025-12-17T15:00,18.5,67,5.8,275,1018.0,0.0
2025-12-17T16:00,17.6,69,5.5,283,1018.4,0.0
2025-12-17T17:00,16.6,72,4.8,290,1018.3,0.0
2025-12-17T18:00,15.6,77,4.5,286,1018.7,0.0
2025-12-17T19:00,14.7,81,4.6,312,1018.7,0.0
2025-12-17T20:00,13.8,85,4.1,315,1018.9,0.0
2025-12-17T21:00,13.1,88,4.0,306,1018.7,0.0
2025-12-17T22:00,12.8,88,4.4,300,1018.5,0.0
2025-12-17T23:00,12.6,88,4.7,298,1018.4,0.0
2025-12-18T00:00,12.3,91,5.1,287,1018.7,0.0
2025-12-18T01:00,12.0,93,4.5,293,1019.3,0.0
2025-12-18T02:00,11.8,94,4.2,295,1020.0,0.0
2025-12-18T03:00,13.1,88,4.7,277,1020.8,0.0
2025-12-18T04:00,15.2,78,3.5,298,1021.3,0.0
2025-12-18T05:00,17.7,67,4.1,311,1021.3,0.0
2025-12-18T06:00,19.2,59,4.8,326,1020.8,0.0
2025-12-18T07:00,20.9,52,4.8,323,1019.7,0.0
2025-12-18T08:00,22.1,47,5.2,319,1018.7,0.0
2025-12-18T09:00,22.7,46,6.4,320,1017.9,0.0
2025-12-18T10:00,22.5,46,7.7,323,1017.5,0.0
2025-12-18T11:00,21.6,51,7.6,322,1017.4,0.0
2025-12-18T12:00,19.7,61,5.4,330,1017.5,0.0
2025-12-18T13:00,18.3,69,4.2,324,1017.9,0.0
2025-12-18T14:00,17.5,75,3.9,332,1018.2,0.0
2025-12-18T15:00,16.8,80,4.3,338,1018.6,0.0
2025-12-18T16:00,16.0,85,4.0,339,1018.9,0.0
2025-12-18T17:00,15.1,90,3.7,337,1018.6,0.0
2025-12-18T18:00,14.6,93,3.7,325,1018.1,0.0
2025-12-18T19:00,14.0,94,4.7,317,1017.8,0.0
2025-12-18T20:00,13.7,95,4.9,309,1017.3,0.0
2025-12-18T21:00,13.3,96,5.7,307,1017.2,0.0
2025-12-18T22:00,12.9,98,6.1,302,1017.0,0.0
2025-12-18T23:00,12.4,99,6.7,294,1016.6,0.0
2025-12-19T00:00,12.0,98,7.2,292,1017.0,0.0
2025-12-19T01:00,11.4,98,6.3,297,1017.5,0.0
2025-12-19T02:00,11.3,100,6.2,300,1018.1,0.0
2025-12-19T03:00,12.0,98,5.9,301,1018.8,0.0
2025-12-19T04:00,13.9,91,4.3,292,1019.1,0.0
2025-12-19T05:00,16.8,76,3.1,273,1019.1,0.0
2025-12-19T06:00,18.4,65,4.8,281,1018.7,0.0
2025-12-19T07:00,20.2,53,6.0,287,1017.5,0.0
2025-12-19T08:00,21.5,46,6.6,296,1016.5,0.0
2025-12-19T09:00,22.2,41,6.4,299,1015.3,0.0
2025-12-19T10:00,22.2,40,6.1,294,1014.8,0.0
2025-12-19T11:00,21.3,44,6.4,295,1014.6,0.0
2025-12-19T12:00,18.9,60,4.4,291,1014.2,0.0
2025-12-19T13:00,17.9,66,4.3,275,1014.5,0.0
2025-12-19T14:00,17.1,71,4.4,282,1014.7,0.0
2025-12-19T15:00,16.3,75,4.3,294,1015.2,0.0
2025-12-19T16:00,15.4,80,4.4,297,1015.4,0.0
2025-12-19T17:00,14.5,84,4.0,291,1015.2,0.0
2025-12-19T18:00,14.2,84,4.7,286,1015.0,0.0
2025-12-19T19:00,13.0,87,4.6,288,1014.2,0.0
2025-12-19T20:00,12.4,88,4.6,288,1014.2,0.0
2025-12-19T21:00,11.7,91,4.2,290,1013.9,0.0
2025-12-19T22:00,11.3,92,4.2,282,1013.7,0.0
2025-12-19T23:00,10.9,93,4.6,281,1013.6,0.0
2025-12-20T00:00,10.2,98,4.1,268,1014.1,0.0
2025-12-20T01:00,9.8,99,3.1,273,1014.7,0.0
2025-12-20T02:00,9.6,100,2.1,255,1015.5,0.0
2025-12-20T03:00,10.6,95,1.5,210,1016.5,0.0
2025-12-20T04:00,12.9,87,0.3,45,1017.6,0.0
2025-12-20T05:00,16.0,72,1.9,73,1017.9,0.0
2025-12-20T06:00,17.9,63,3.6,110,1017.5,0.0
2025-12-20T07:00,19.6,56,3.1,114,1016.6,0.0
2025-12-20T08:00,20.6,52,2.4,117,1015.7,0.0
2025-12-20T09:00,21.2,49,1.3,124,1015.1,0.0
2025-12-20T10:00,21.3,48,1.9,112,1014.6,0.0
2025-12-20T11:00,20.7,51,3.3,99,1014.3,0.0
2025-12-20T12:00,18.5,61,4.7,97,1014.8,0.0
2025-12-20T13:00,17.0,71,6.0,100,1015.3,0.0
2025-12-20T14:00,15.8,80,5.9,101,1016.0,0.0
2025-12-20T15:00,14.7,86,6.2,105,1016.7,0.0
2025-12-20T16:00,13.8,90,6.0,111,1017.2,0.0
2025-12-20T17:00,13.0,93,6.4,122,1017.0,0.0
2025-12-20T18:00,12.2,95,6.2,120,1017.2,0.0
2025-12-20T19:00,11.8,96,4.6,126,1017.1,0.0
2025-12-20T20:00,11.5,97,4.4,122,1017.0,0.0
2025-12-20T21:00,11.2,97,4.5,113,1016.6,0.0
2025-12-20T22:00,10.8,98,4.4,117,1016.5,0.0
2025-12-20T23:00,10.5,98,4.5,119,1016.1,0.0
2025-12-21T00:00,10.6,99,4.3,123,1016.6,0.0
2025-12-21T01:00,10.6,100,5.0,128,1017.0,0.0
2025-12-21T02:00,10.6,100,5.3,135,1017.9,0.0
2025-12-21T03:00,11.0,98,5.0,145,1018.8,0.0
2025-12-21T04:00,12.6,90,5.4,138,1019.8,0.0
2025-12-21T05:00,14.8,79,5.0,125,1020.0,0.0
2025-12-21T06:00,16.2,72,3.5,125,1019.4,0.0
2025-12-21T07:00,18.2,63,2.8,117,1018.8,0.0
2025-12-21T08:00,19.6,57,2.8,105,1017.8,0.0
2025-12-21T09:00,20.2,55,3.1,93,1017.2,0.0
2025-12-21T10:00,20.3,55,3.1,97,1016.5,0.0
2025-12-21T11:00,19.8,58,3.0,104,1016.1,0.0
2025-12-21T12:00,17.2,68,2.4,132,1016.6,0.0
2025-12-21T13:00,16.5,73,2.8,135,1017.4,0.0
2025-12-21T14:00,15.7,79,2.6,124,1018.0,0.0
2025-12-21T15:00,15.1,83,2.9,112,1018.5,0.0
2025-12-21T16:00,14.4,87,2.7,113,1018.9,0.0
2025-12-21T17:00,14.0,90,3.5,118,1019.0,0.0
2025-12-21T18:00,13.4,92,5.0,134,1019.0,0.0
2025-12-21T19:00,12.8,95,4.6,144,1018.6,0.0
2025-12-21T20:00,12.5,95,4.0,159,1018.3,0.0
2025-12-21T21:00,12.1,97,3.3,158,1018.2,0.0
2025-12-21T22:00,11.5,99,2.9,137,1018.1,0.0
2025-12-21T23:00,11.3,100,2.7,118,1018.0,0.0
2025-12-22T00:00,11.6,99,4.5,130,1018.3,0.0
2025-12-22T01:00,11.5,99,3.9,124,1018.8,0.0
2025-12-22T02:00,11.4,99,3.5,129,1019.2,0.0
2025-12-22T03:00,11.6,98,3.6,153,1019.6,0.0
2025-12-22T04:00,12.5,96,4.3,165,1020.5,0.0
2025-12-22T05:00,14.4,85,3.2,164,1020.8,0.0
2025-12-22T06:00,15.5,79,0.7,180,1020.1,0.0
2025-12-22T07:00,18.0,68,1.3,360,1019.0,0.0
2025-12-22T08:00,19.7,60,2.5,356,1017.7,0.0
2025-12-22T09:00,20.7,56,3.1,357,1016.6,0.0
2025-12-22T10:00,21.0,56,2.7,360,1015.8,0.0
2025-12-22T11:00,20.5,59,3.1,3,1015.4,0.0
2025-12-22T12:00,19.2,69,0.4,63,1014.9,0.0
2025-12-22T13:00,18.2,72,0.6,72,1015.3,0.0
2025-12-22T14:00,17.3,76,0.7,360,1015.6,0.0
2025-12-22T15:00,16.2,81,1.6,354,1015.9,0.0
2025-12-22T16:00,15.4,86,1.6,360,1016.4,0.0
2025-12-22T17:00,14.7,89,1.4,337,1016.3,0.0
2025-12-22T18:00,14.2,92,2.9,300,1016.2,0.0
2025-12-22T19:00,13.2,95,2.9,266,1016.1,0.0
2025-12-22T20:00,12.8,97,3.8,251,1015.8,0.0
2025-12-22T21:00,12.8,98,4.3,265,1015.6,0.0
2025-12-22T22:00,12.8,98,6.1,270,1015.3,0.0
2025-12-22T23:00,12.4,100,6.8,273,1015.1,0.0
2025-12-23T00:00,12.1,99,8.0,275,1015.4,0.0
2025-12-23T01:00,11.8,100,8.3,281,1015.7,0.0
2025-12-23T02:00,12.0,100,9.1,285,1016.4,0.0
2025-12-23T03:00,12.6,99,8.7,291,1017.0,0.0
2025-12-23T04:00,14.3,91,6.2,292,1017.7,0.0
2025-12-23T05:00,17.3,74,5.9,290,1017.6,0.0
2025-12-23T06:00,19.6,64,6.6,287,1017.1,0.0
2025-12-23T07:00,21.7,55,6.8,288,1016.3,0.0
2025-12-23T08:00,23.1,50,8.0,295,1015.2,0.0
2025-12-23T09:00,23.7,48,9.3,302,1014.5,0.0
2025-12-23T10:00,23.4,50,9.9,303,1014.1,0.0
2025-12-23T11:00,22.5,56,9.2,305,1013.8,0.0
2025-12-23T12:00,21.3,59,8.6,299,1013.9,0.0
2025-12-23T13:00,20.2,65,8.5,295,1014.4,0.0
2025-12-23T14:00,19.2,69,9.3,292,1014.9,0.0
2025-12-23T15:00,18.2,72,9.6,293,1015.3,0.0
2025-12-23T16:00,17.2,76,9.5,291,1015.4,0.0
2025-12-23T17:00,16.4,80,9.6,293,1015.4,0.0
2025-12-23T18:00,15.7,83,9.8,294,1015.4,0.0
2025-12-23T19:00,14.8,86,10.0,298,1015.3,0.0
2025-12-23T20:00,14.3,88,9.6,296,1015.1,0.0
2025-12-23T21:00,14.0,89,9.8,293,1015.0,0.0
2025-12-23T22:00,13.6,90,9.2,290,1014.8,0.0
2025-12-23T23:00,13.2,90,8.9,288,1014.7,0.0
2025-12-24T00:00,12.8,91,9.2,281,1014.9,0.0
2025-12-24T01:00,12.3,90,9.2,277,1015.2,0.0
2025-12-24T02:00,11.9,90,9.4,274,1016.0,0.0
2025-12-24T03:00,12.9,83,8.6,270,1016.7,0.0
2025-12-24T04:00,14.8,73,7.9,267,1017.5,0.0
2025-12-24T05:00,17.1,63,7.9,271,1017.5,0.0
2025-12-24T06:00,19.5,54,9.5,281,1017.0,0.0
2025-12-24T07:00,21.0,41,11.2,292,1016.1,0.0
2025-12-24T08:00,21.6,37,10.8,294,1015.3,0.0
2025-12-24T09:00,21.6,36,10.6,296,1014.6,0.0
2025-12-24T10:00,21.2,38,10.6,296,1014.6,0.0
2025-12-24T11:00,20.3,41,10.4,296,1014.5,0.0
2025-12-24T12:00,19.3,46,8.0,298,1014.6,0.0
2025-12-24T13:00,18.5,49,6.0,297,1015.1,0.0
2025-12-24T14:00,17.3,55,4.4,289,1015.4,0.0
2025-12-24T15:00,16.6,58,4.7,277,1016.0,0.0
2025-12-24T16:00,15.8,62,5.1,274,1016.1,0.0
2025-12-24T17:00,15.0,65,5.0,268,1016.1,0.0
2025-12-24T18:00,14.2,69,4.8,255,1016.4,0.0
2025-12-24T19:00,13.3,71,4.7,272,1016.0,0.0
2025-12-24T20:00,12.9,71,5.8,270,1016.0,0.0
2025-12-24T21:00,12.3,73,6.3,273,1015.7,0.0
2025-12-24T22:00,11.7,74,6.0,273,1015.6,0.0
2025-12-24T23:00,11.2,75,6.5,267,1015.3,0.0
2025-12-25T00:00,10.7,80,7.4,263,1015.9,0.0
2025-12-25T01:00,10.3,80,7.0,267,1016.3,0.0
2025-12-25T02:00,10.0,79,7.0,269,1017.3,0.0
2025-12-25T03:00,11.2,72,7.4,273,1018.4,0.0
2025-12-25T04:00,13.5,61,4.0,275,1019.1,0.0
2025-12-25T05:00,16.3,49,3.5,291,1019.1,0.0
2025-12-25T06:00,18.8,42,4.2,306,1018.5,0.0
2025-12-25T07:00,20.4,37,4.4,297,1017.6,0.0
2025-12-25T08:00,21.3,33,4.8,292,1016.7,0.0
2025-12-25T09:00,21.8,31,5.2,301,1015.9,0.0
2025-12-25T10:00,21.6,32,5.4,300,1015.9,0.0
2025-12-25T11:00,20.8,34,5.6,301,1015.7,0.0
2025-12-25T12:00,18.7,49,3.0,303,1015.7,0.0
2025-12-25T13:00,17.4,52,3.2,289,1016.4,0.0
2025-12-25T14:00,16.7,57,2.6,286,1017.0,0.0
2025-12-25T15:00,16.3,59,1.8,281,1017.6,0.0
2025-12-25T16:00,15.8,62,1.1,288,1018.0,0.0
2025-12-25T17:00,15.2,66,0.6,304,1017.9,0.0
2025-12-25T18:00,14.2,70,1.1,261,1017.9,0.0
2025-12-25T19:00,13.3,74,0.4,360,1017.5,0.0
2025-12-25T20:00,12.4,78,0.7,14,1017.4,0.0
2025-12-25T21:00,11.8,82,1.2,333,1017.1,0.0
2025-12-25T22:00,11.1,86,1.5,300,1016.9,0.0
2025-12-25T23:00,10.4,89,3.0,284,1017.0,0.0
2025-12-26T00:00,10.9,89,3.4,273,1017.3,0.0
2025-12-26T01:00,10.4,90,2.6,286,1017.6,0.0
2025-12-26T02:00,10.2,90,1.2,309,1018.2,0.0
2025-12-26T03:00,11.0,87,0.8,333,1018.7,0.0
2025-12-26T04:00,13.2,74,0.8,333,1019.4,0.0
2025-12-26T05:00,15.8,61,1.5,300,1019.5,0.0
2025-12-26T06:00,18.1,54,4.4,297,1018.6,0.0
2025-12-26T07:00,19.8,44,6.1,293,1017.9,0.0
2025-12-26T08:00,20.9,38,6.5,300,1017.0,0.0
2025-12-26T09:00,21.2,37,7.3,312,1016.5,0.0
2025-12-26T10:00,21.0,38,7.8,320,1016.1,0.0
2025-12-26T11:00,20.0,44,7.5,325,1016.0,0.0
2025-12-26T12:00,18.9,50,5.6,318,1015.8,0.0
2025-12-26T13:00,17.9,58,3.1,320,1016.5,0.0
2025-12-26T14:00,16.9,64,3.5,345,1017.0,0.0
2025-12-26T15:00,16.3,68,4.1,345,1017.4,0.0
2025-12-26T16:00,15.3,73,4.2,348,1017.4,0.0
2025-12-26T17:00,14.4,79,4.0,339,1017.3,0.0
2025-12-26T18:00,13.9,82,4.3,336,1017.3,0.0
2025-12-26T19:00,12.5,89,4.0,328,1016.9,0.0
2025-12-26T20:00,11.9,91,4.0,324,1016.8,0.0
2025-12-26T21:00,12.0,91,4.8,331,1016.4,0.0
2025-12-26T22:00,11.6,93,5.0,322,1016.3,0.0
2025-12-26T23:00,11.0,94,4.8,312,1016.1,0.0
2025-12-27T00:00,10.6,97,4.2,290,1016.5,0.0
2025-12-27T01:00,10.3,98,4.8,281,1016.9,0.0
2025-12-27T02:00,10.3,98,5.2,286,1017.7,0.0
2025-12-27T03:00,11.1,94,5.2,270,1018.5,0.0
2025-12-27T04:00,13.0,83,3.3,279,1019.4,0.0
2025-12-27T05:00,15.4,71,3.8,295,1019.5,0.0
2025-12-27T06:00,17.4,63,4.5,307,1018.8,0.0
2025-12-27T07:00,19.3,54,5.0,291,1018.1,0.0
2025-12-27T08:00,20.3,50,5.2,297,1017.0,0.0
2025-12-27T09:00,20.8,48,5.3,303,1016.2,0.0
2025-12-27T10:00,20.8,47,6.1,302,1016.0,0.0
2025-12-27T11:00,20.1,51,6.4,315,1015.9,0.0
2025-12-27T12:00,18.7,61,3.5,321,1015.7,0.0
2025-12-27T13:00,17.9,65,3.2,313,1016.3,0.0
2025-12-27T14:00,17.3,69,2.2,318,1017.1,0.0
2025-12-27T15:00,16.9,72,1.5,330,1017.7,0.0
2025-12-27T16:00,15.5,78,1.7,347,1017.5,0.0
2025-12-27T17:00,14.8,82,1.3,278,1017.5,0.0
2025-12-27T18:00,14.4,84,1.8,270,1017.4,0.0
2025-12-27T19:00,13.3,88,2.6,282,1017.1,0.0
2025-12-27T20:00,12.3,92,3.5,298,1017.0,0.0
2025-12-27T21:00,11.6,95,4.1,293,1017.1,0.0
2025-12-27T22:00,11.4,95,4.7,302,1017.3,0.0
2025-12-27T23:00,10.8,96,4.3,303,1016.8,0.0
2025-12-28T00:00,10.2,99,4.0,288,1017.1,0.0
2025-12-28T01:00,10.0,100,3.8,281,1017.9,0.0
2025-12-28T02:00,9.8,100,4.4,291,1018.5,0.0
2025-12-28T03:00,10.3,98,3.9,283,1019.4,0.0
2025-12-28T04:00,11.7,92,3.3,279,1019.8,0.0
2025-12-28T05:00,15.2,74,2.9,270,1020.2,0.0
2025-12-28T06:00,17.6,64,4.9,266,1019.5,0.0
2025-12-28T07:00,19.5,52,5.6,277,1018.7,0.0
2025-12-28T08:00,20.6,47,5.7,288,1017.7,0.0
2025-12-28T09:00,21.0,45,5.4,300,1016.9,0.0
2025-12-28T10:00,20.9,46,4.8,312,1016.6,0.0
2025-12-28T11:00,20.2,50,5.5,319,1016.7,0.0
2025-12-28T12:00,18.4,62,3.8,315,1016.7,0.0
2025-12-28T13:00,17.1,71,3.0,335,1017.2,0.0
2025-12-28T14:00,16.4,77,2.7,360,1017.7,0.0
2025-12-28T15:00,15.2,84,3.1,36,1018.2,0.0
2025-12-28T16:00,14.2,89,2.8,45,1018.4,0.0
2025-12-28T17:00,13.5,91,1.4,50,1018.1,0.0
2025-12-28T18:00,12.8,95,0.7,14,1017.9,0.0
2025-12-28T19:00,12.2,97,0.4,333,1017.9,0.0
2025-12-28T20:00,11.8,98,0.4,360,1017.4,0.0
2025-12-28T21:00,11.2,99,0.4,243,1017.2,0.0
2025-12-28T22:00,10.8,100,1.9,248,1017.0,0.0
2025-12-28T23:00,10.6,100,2.9,248,1016.9,0.0
2025-12-29T00:00,10.8,99,3.8,259,1017.3,0.0
2025-12-29T01:00,10.7,99,3.6,270,1017.8,0.0
2025-12-29T02:00,10.8,99,2.9,277,1018.4,0.0
2025-12-29T03:00,10.8,99,2.9,259,1019.1,0.0
2025-12-29T04:00,11.8,96,3.2,243,1019.8,0.0
2025-12-29T05:00,13.2,89,3.2,251,1020.0,0.0
2025-12-29T06:00,15.3,77,3.6,279,1019.6,0.0
2025-12-29T07:00,17.7,63,4.7,286,1018.5,0.0
2025-12-29T08:00,19.1,51,5.7,288,1017.4,0.0
2025-12-29T09:00,20.0,45,5.1,297,1016.6,0.0
2025-12-29T10:00,20.1,44,4.8,299,1016.1,0.0
2025-12-29T11:00,19.4,48,4.8,301,1016.1,0.0
2025-12-29T12:00,17.1,63,3.3,311,1016.0,0.0
2025-12-29T13:00,16.2,68,1.7,302,1016.6,0.0
2025-12-29T14:00,15.5,72,1.5,291,1017.2,0.0
2025-12-29T15:00,14.9,75,2.3,270,1017.7,0.0
2025-12-29T16:00,14.4,78,2.3,266,1017.7,0.0
2025-12-29T17:00,13.9,80,1.1,279,1017.5,0.0
2025-12-29T18:00,12.9,88,2.6,282,1017.5,0.0
2025-12-29T19:00,11.8,94,1.6,276,1017.0,0.0
2025-12-29T20:00,11.0,98,1.8,315,1016.9,0.0
2025-12-29T21:00,10.5,99,2.3,299,1016.4,0.0
2025-12-29T22:00,10.4,100,3.4,286,1016.0,0.0
2025-12-29T23:00,10.1,99,4.5,293,1015.5,0.0
2025-12-30T00:00,9.9,100,4.0,300,1015.8,0.0
2025-12-30T01:00,9.8,99,3.8,287,1015.9,0.0
2025-12-30T02:00,9.8,100,4.0,280,1016.6,0.0
2025-12-30T03:00,10.3,98,4.2,280,1017.0,0.0
2025-12-30T04:00,11.3,97,5.1,264,1017.6,0.0
2025-12-30T05:00,14.1,79,3.3,264,1017.5,0.0
2025-12-30T06:00,16.7,65,4.3,265,1016.3,0.0
2025-12-30T07:00,18.9,51,5.4,270,1014.8,0.0
2025-12-30T08:00,20.3,43,5.6,274,1013.5,0.0
2025-12-30T09:00,21.0,40,6.5,265,1012.5,0.0
2025-12-30T10:00,21.0,39,7.1,261,1011.9,0.0
2025-12-30T11:00,20.3,43,7.2,266,1012.0,0.0
2025-12-30T12:00,18.7,50,5.1,287,1012.0,0.0
2025-12-30T13:00,17.2,60,4.0,288,1012.6,0.0
2025-12-30T14:00,16.3,67,3.7,299,1013.3,0.0
2025-12-30T15:00,15.7,71,2.9,317,1013.8,0.0
2025-12-30T16:00,14.9,75,2.4,333,1013.9,0.0
2025-12-30T17:00,14.0,80,2.3,342,1013.7,0.0
2025-12-30T18:00,13.1,85,2.1,345,1013.9,0.0
2025-12-30T19:00,11.6,89,0.6,56,1013.5,0.0
2025-12-30T20:00,10.5,94,1.2,117,1013.5,0.0
2025-12-30T21:00,9.7,97,2.5,111,1013.3,0.0
2025-12-30T22:00,8.9,100,2.7,143,1013.1,0.0
2025-12-30T23:00,8.7,100,3.8,135,1012.7,0.0
2025-12-31T00:00,8.6,100,4.5,106,1013.0,0.0
2025-12-31T01:00,8.3,99,5.0,116,1013.3,0.0
2025-12-31T02:00,8.4,100,5.3,135,1013.9,0.0
2025-12-31T03:00,9.2,98,6.6,139,1014.6,0.0
2025-12-31T04:00,10.7,93,6.9,141,1015.2,0.0
2025-12-31T05:00,13.3,79,6.3,129,1015.5,0.0
2025-12-31T06:00,15.4,70,7.0,119,1014.9,0.0
2025-12-31T07:00,17.3,67,7.6,128,1013.6,0.0
2025-12-31T08:00,18.6,64,7.0,132,1012.4,0.0
2025-12-31T09:00,18.9,62,6.8,117,1011.6,0.0
2025-12-31T10:00,18.6,64,8.3,108,1010.9,0.0
2025-12-31T11:00,17.6,68,8.1,96,1010.9,0.0
2025-12-31T12:00,14.2,81,8.9,104,1011.7,0.0
2025-12-31T13:00,13.2,85,9.1,108,1012.5,0.0
2025-12-31T14:00,12.5,88,9.0,110,1012.9,0.0
2025-12-31T15:00,12.1,90,8.4,113,1013.6,0.0
2025-12-31T16:00,11.8,92,8.9,117,1013.9,0.0
2025-12-31T17:00,11.5,93,8.1,122,1014.0,0.0
2025-12-31T18:00,11.4,96,8.5,134,1013.9,0.0
2025-12-31T19:00,11.1,97,6.9,120,1013.6,0.0
2025-12-31T20:00,10.8,98,7.6,121,1013.7,0.0
2025-12-31T21:00,10.5,98,6.2,128,1013.8,0.0
2025-12-31T22:00,10.3,99,6.0,111,1013.9,0.0
2025-12-31T23:00,10.1,99,5.1,122,1013.7,0.0
